ID,annotation_id,annotator,bot,created_at,entities,events,id,lead_time,n_created_facts,n_order_errors,notes,updated_at
b68377eaceb6dd0e,251,1,"The story is about a thirsty bird searching for water on a hot day. She was very tired and nearly fainting when she found a pitcher of water under a bench in a park. The water was too deep for her to reach with her short beak, so she looked around and found some pebbles. She dropped the pebbles into the pitcher one by one, which caused the water level to rise. Once the water was within reach, she drank it and flew away happily. The bird used the pebbles to raise the water level, showing cleverness and determination. The setting was a park, and the main challenge was accessing the water. The bird鈥檚 actions demonstrate problem-solving and resourcefulness.",2026-02-20T20:28:44.208281Z,"{""choices"":[""bird"",""water"",""pitcher"",""pebbles"",""bench"",""park"",""beak (or beak length)""]}","{""choices"":[""The day is hot."",""The bird is thirsty."",""The bird looks for water for a long time."",""The bird becomes very tired and is about to faint."",""The bird spots a pitcher of water."",""The pitcher is under a bench in a park."",""The bird flies down and sits on the pitcher."",""The water is too deep to reach, the bird鈥檚 beak is not long enough."",""The bird finds some pebbles."",""The bird picks up pebbles and drops them into the pitcher."",""The water level rises, allowing the bird to drink."",""The bird flies away happily.""]}",251,259.525,,,,2026-02-20T20:28:44.208301Z
b45c50cd638f3f88,252,1,"The story is about a little bird who was very thirsty on a hot day and searched for water for a long time. She became very tired and was about to faint when she saw a pitcher of water under a bench in a park. She flew down and sat on the pitcher, but the water was too deep for her to reach with her short beak. She looked around and found some pebbles, which gave her an idea. She picked up the pebbles one by one and dropped them into the pitcher, causing the water level to rise. Once the water was within reach, she was able to drink it and flew away happily. The bird鈥檚 cleverness in using the pebbles to raise the water level allowed her to quench her thirst.",2026-03-12T19:02:55.009538Z,"{""choices"":[""bird"",""water"",""pitcher"",""pebbles"",""bench"",""park"",""beak (or beak length)""]}","{""choices"":[""The day is hot."",""The bird is thirsty."",""The bird looks for water for a long time."",""The bird becomes very tired and is about to faint."",""The bird spots a pitcher of water."",""The pitcher is under a bench in a park."",""The bird flies down and sits on the pitcher."",""The water is too deep to reach, the bird鈥檚 beak is not long enough."",""The bird finds some pebbles."",""The bird picks up pebbles and drops them into the pitcher."",""The water level rises, allowing the bird to drink."",""The bird flies away happily.""]}",252,741.416,"[{""number"":1}]",,"All entities and events are accurately recalled. There is 1 created fact: the final sentence describing the bird's ""cleverness"" and ""quenching her thirst"" is a summary/interpretation that was not present in the original source text. No order errors were found.",2026-03-12T19:02:55.009560Z
a7748adde1db7e07,253,1,"The story is about a little bird who was very thirsty on a hot day and searched for water for a long time. She became tired and almost fainted but then saw a pitcher of water under a bench in a park. She sat on the pitcher but couldn鈥檛 reach the water because it was too deep for her short beak. She noticed some pebbles nearby and decided to use them. She dropped the pebbles one by one into the pitcher, which caused the water level to rise. Once the water was within reach, she drank it and flew away happily. The bird鈥檚 cleverness in using the pebbles to raise the water level allowed her to quench her thirst.",2026-03-12T19:05:15.836240Z,"{""choices"":[""bird"",""water"",""pitcher"",""pebbles"",""bench"",""park"",""beak (or beak length)""]}","{""choices"":[""The day is hot."",""The bird is thirsty."",""The bird looks for water for a long time."",""The bird becomes very tired and is about to faint."",""The bird spots a pitcher of water."",""The pitcher is under a bench in a park."",""The bird flies down and sits on the pitcher."",""The water is too deep to reach, the bird鈥檚 beak is not long enough."",""The bird finds some pebbles."",""The bird picks up pebbles and drops them into the pitcher."",""The water level rises, allowing the bird to drink."",""The bird flies away happily.""]}",253,140.62,"[{""number"":1}]","[{""number"":0}]","All defined entities and events are present in the recall text. There is 1 created fact: the final sentence describing the bird's ""cleverness"" and ""quenching her thirst"" is a summary/inference that does not exist in the original source text. The sequence of events follows the original story perfectly.",2026-03-12T19:05:15.836262Z
4a61492dd69bf489,254,1,"The story is about a little bird who was very thirsty and had been searching for water for a long time. She was tired and almost fainting when she saw a pitcher of water under a bench in a park. She flew down and sat on the pitcher, but the water was too deep for her to reach with her short beak. She looked around and found some pebbles, which gave her an idea. She dropped the pebbles one by one into the pitcher, and the water level rose. This allowed her to drink the water. She then flew away happily. I don鈥檛 know the exact time of day or the type of bird, but I remember the setting was a park, and the bird used pebbles to raise the water level.",2026-03-12T19:07:29.864684Z,"{""choices"":[""bird"",""water"",""pitcher"",""pebbles"",""bench"",""park"",""beak (or beak length)""]}","{""choices"":[""The bird is thirsty."",""The bird looks for water for a long time."",""The bird becomes very tired and is about to faint."",""The bird spots a pitcher of water."",""The pitcher is under a bench in a park."",""The bird flies down and sits on the pitcher."",""The water is too deep to reach, the bird鈥檚 beak is not long enough."",""The bird finds some pebbles."",""The bird picks up pebbles and drops them into the pitcher."",""The water level rises, allowing the bird to drink."",""The bird flies away happily.""]}",254,100.783,"[{""number"":1}]",,"Most entities and events are correctly recalled, but Event [8] (The day is hot) is missing; the text explicitly states the recaller does not know the time of day. There is 1 created fact: the meta-commentary at the end (""I don't know the exact time... but I remember..."") consists of personal observations not present in the original story. The logical flow of the narrative remains correct.",2026-03-12T19:07:29.864703Z
206a1264a38e8fb8,255,1,"The story is about a little bird who was very thirsty on a hot day and searched for water for a long time. She became very tired and was about to faint when she noticed a pitcher of water under a bench in a park. She flew down and sat on the pitcher but couldn鈥檛 drink from it because the water was too deep for her beak. She looked around and found some pebbles, which gave her an idea. She picked up the pebbles one by one and dropped them into the pitcher, causing the water level to rise. Once the water was within reach, she was able to drink it and flew away happily. The bird鈥檚 problem was the depth of the water, and she solved it by using pebbles to raise the level.",2026-03-12T19:08:39.605746Z,"{""choices"":[""bird"",""water"",""pitcher"",""pebbles"",""bench"",""park"",""beak (or beak length)""]}","{""choices"":[""The day is hot."",""The bird is thirsty."",""The bird looks for water for a long time."",""The bird becomes very tired and is about to faint."",""The bird spots a pitcher of water."",""The pitcher is under a bench in a park."",""The bird flies down and sits on the pitcher."",""The water is too deep to reach, the bird鈥檚 beak is not long enough."",""The bird finds some pebbles."",""The bird picks up pebbles and drops them into the pitcher."",""The water level rises, allowing the bird to drink."",""The bird flies away happily.""]}",255,69.553,"[{""number"":1}]",,"All entities and events are accurately represented in the recall text. There is 1 created fact: the final sentence (""The bird鈥檚 problem was the depth of the water, and she solved it..."") is a summary and logical analysis of the plot that does not exist in the original source text. The chronological order of the events is perfectly maintained.",2026-03-12T19:08:39.605770Z
a8426571676d8535,256,1,"The story is about a little bird who was very thirsty and searching for water on a hot day. She was tired and almost fainting when she saw a pitcher of water under a bench in a park. She flew down and sat on the pitcher but couldn鈥檛 reach the water because it was too deep for her short beak. She looked around and found some pebbles, which gave her an idea. She dropped the pebbles one by one into the pitcher, causing the water level to rise. Once the water was high enough, she was able to drink it. The bird then flew away happily. I don鈥檛 know the exact time of day or the type of bird, but I remember the setting was a park, and the bird used pebbles to raise the water level so she could drink.",2026-03-12T19:10:28.404565Z,"{""choices"":[""bird"",""water"",""pitcher"",""pebbles"",""bench"",""park"",""beak (or beak length)""]}","{""choices"":[""The day is hot."",""The bird is thirsty."",""The bird becomes very tired and is about to faint."",""The bird spots a pitcher of water."",""The pitcher is under a bench in a park."",""The bird flies down and sits on the pitcher."",""The water is too deep to reach, the bird鈥檚 beak is not long enough."",""The bird finds some pebbles."",""The bird picks up pebbles and drops them into the pitcher."",""The water level rises, allowing the bird to drink."",""The bird flies away happily.""]}",256,108.606,"[{""number"":1}]",,"Almost all entities and events are present. Event [0] is missing as the text does not mention that the bird searched for a ""long time."" There is 1 created fact: the concluding meta-commentary where the recaller mentions not knowing the exact time or type of bird. This is a subjective reflection not found in the original source text.",2026-03-12T19:10:28.404586Z
3ac22ffe1f4df9a2,257,1,"The story is about a little bird who was very thirsty and searching for water on a hot day. She was tired and almost fainting when she saw a pitcher of water under a bench in a park. She flew down and sat on the pitcher, but the water was too deep for her to reach with her short beak. She looked around and found some pebbles, which gave her an idea. She started dropping the pebbles into the pitcher one by one, and as the water level rose, she was finally able to drink from it. After quenching her thirst, she flew away happily. The bird used the pebbles to raise the water level, showing cleverness and determination. The setting was a park, and the main elements were the pitcher, the pebbles, and the bird鈥檚 effort to get water.",2026-03-12T19:12:23.270934Z,"{""choices"":[""bird"",""water"",""pitcher"",""pebbles"",""bench"",""park"",""beak (or beak length)""]}","{""choices"":[""The day is hot."",""The bird is thirsty."",""The bird looks for water for a long time."",""The bird becomes very tired and is about to faint."",""The bird spots a pitcher of water."",""The pitcher is under a bench in a park."",""The bird flies down and sits on the pitcher."",""The water is too deep to reach, the bird鈥檚 beak is not long enough."",""The bird finds some pebbles."",""The bird picks up pebbles and drops them into the pitcher."",""The water level rises, allowing the bird to drink."",""The bird flies away happily.""]}",257,114.66,"[{""number"":1}]",,"All entities and most events are present, though Event [0] (searching for a long time) is omitted. There is 1 created fact: the final two sentences provide a thematic summary (""showing cleverness and determination,"" ""the main elements were..."") and meta-commentary about the setting that are not part of the original narrative.",2026-03-12T19:12:23.270956Z
aacec48a3ba6aefe,258,1,"The story is about a little bird who was very thirsty and tired on a hot day. She searched for water for a long time but couldn鈥檛 find anything to drink. She finally saw a pitcher of water under a bench in a park. The water was too deep for her to reach with her short beak. She looked around and found some pebbles. Using the pebbles, she dropped them one by one into the pitcher, which caused the water level to rise. Once the water was high enough, she was able to drink from it. After quenching her thirst, the bird flew away happily. The bird used problem-solving and resourcefulness to overcome the challenge of drinking the water.",2026-03-12T19:13:25.873392Z,"{""choices"":[""bird"",""water"",""pitcher"",""pebbles"",""bench"",""park"",""beak (or beak length)""]}","{""choices"":[""The day is hot."",""The bird is thirsty."",""The bird looks for water for a long time."",""The bird spots a pitcher of water."",""The pitcher is under a bench in a park."",""The water is too deep to reach, the bird鈥檚 beak is not long enough."",""The bird finds some pebbles."",""The bird picks up pebbles and drops them into the pitcher."",""The water level rises, allowing the bird to drink."",""The bird flies away happily.""]}",258,62.406,"[{""number"":1}]",,"Most entities and events are correctly recalled, with the exception of Event [q] (about to faint) and Event [t] (flew down and sat on the pitcher), which were omitted. There is 1 created fact: the final sentence regarding ""problem-solving and resourcefulness"" is an evaluative summary not present in the original text. The chronological sequence remains accurate.",2026-03-12T19:13:25.873413Z
8fb1aa6e509c08f9,259,1,"The story is about a thirsty bird searching for water on a hot day. She was very tired and close to fainting when she noticed a pitcher of water under a bench in a park. The water was too deep for her to reach with her short beak, so she looked around and found some pebbles. She dropped the pebbles into the pitcher one by one, which raised the water level. Once the water was within reach, she drank it and flew away happily. The bird used the pebbles to make the water level higher so she could access it. The setting was a park, and the main challenge was the depth of the water. The bird's solution was clever and effective.",2026-03-12T19:15:27.501709Z,"{""choices"":[""bird"",""water"",""pitcher"",""pebbles"",""bench"",""park"",""beak (or beak length)""]}","{""choices"":[""The day is hot."",""The bird is thirsty."",""The bird becomes very tired and is about to faint."",""The bird spots a pitcher of water."",""The pitcher is under a bench in a park."",""The water is too deep to reach, the bird鈥檚 beak is not long enough."",""The bird finds some pebbles."",""The bird picks up pebbles and drops them into the pitcher."",""The water level rises, allowing the bird to drink."",""The bird flies away happily.""]}",259,121.435,"[{""number"":1}]",,"Most elements are present, but Event [0] (searching for a long time) and Event [t] (flew down and sat on the pitcher) are missing. There is 1 created fact: the final three sentences include a summary and evaluative commentary (""The bird used the pebbles..."", ""The setting was a park..."", ""The bird's solution was clever..."") which are not part of the original source narrative.",2026-03-12T19:15:27.501731Z
fbe8651cdffbb86d,260,1,"The story is about a little bird who was very thirsty and searching for water on a hot day. She flew for a long time and became very tired, almost fainting. While looking for water, she saw a pitcher under a bench in a park. The pitcher had some water inside, but it was too deep for her to reach with her short beak. She looked around and found some pebbles. Using the pebbles, she dropped them one by one into the pitcher, which caused the water level to rise. Once the water was high enough, she was able to drink it. After quenching her thirst, the bird flew away happily. I don鈥檛 know the exact time of day or the type of bird, but I remember the bird was small, the pitcher was under a bench, and the pebbles were used to raise the water level.",2026-03-12T19:17:39.164508Z,"{""choices"":[""bird"",""water"",""pitcher"",""pebbles"",""bench"",""park"",""beak (or beak length)""]}","{""choices"":[""The day is hot."",""The bird is thirsty."",""The bird looks for water for a long time."",""The bird becomes very tired and is about to faint."",""The bird spots a pitcher of water."",""The pitcher is under a bench in a park."",""The water is too deep to reach, the bird鈥檚 beak is not long enough."",""The bird finds some pebbles."",""The bird picks up pebbles and drops them into the pitcher."",""The water level rises, allowing the bird to drink."",""The bird flies away happily.""]}",260,131.472,"[{""number"":1}]",,"Almost all entities and events are present, except for Event [t] (flew down and sat on the pitcher), which was omitted. There is 1 created fact: the final sentence containing meta-commentary (""I don't know the exact time... but I remember..."") is a subjective reflection that does not exist in the original source text. The logical sequence of the story is correctly maintained.",2026-03-12T19:17:39.164529Z
b6e897ee8cf608de,261,1,"It was a very hot day, and a little bird was searching for water and became very tired. She was about to faint when she saw a pitcher of water under a bench in a park. She flew down and sat on the pitcher, but the water was too deep for her to reach with her short beak. She looked around and found some pebbles. She started dropping them one by one into the pitcher, which caused the water level to rise. Once the water was high enough, she was able to drink it. After quenching her thirst, she flew away happily. The bird used the pebbles to make the water accessible, showing cleverness and determination.",2026-03-12T19:18:39.222354Z,"{""choices"":[""bird"",""water"",""pitcher"",""pebbles"",""bench"",""park"",""beak (or beak length)""]}","{""choices"":[""The day is hot."",""The bird is thirsty."",""The bird becomes very tired and is about to faint."",""The bird spots a pitcher of water."",""The pitcher is under a bench in a park."",""The bird flies down and sits on the pitcher."",""The water is too deep to reach, the bird鈥檚 beak is not long enough."",""The bird finds some pebbles."",""The bird picks up pebbles and drops them into the pitcher."",""The water level rises, allowing the bird to drink."",""The bird flies away happily.""]}",261,59.861,"[{""number"":1}]",,"Most entities and events are present, though Event [0] (searching for a long time) is omitted. There is 1 created fact: the final sentence summarizing the bird's ""cleverness and determination"" is an interpretive addition not found in the original source text. The chronological order of events is correct.",2026-03-12T19:18:39.222376Z
f38343524138e4d3,262,1,"The story is about a thirsty bird searching for water on a hot day. She was very tired and almost fainting when she found a pitcher of water under a bench in a park. The water was too deep for her to reach with her short beak, so she looked around and found some pebbles. She dropped the pebbles into the pitcher one by one, which caused the water level to rise. Once the water was within reach, she drank it and flew away happily. The bird used the pebbles to raise the water level, showing cleverness and determination. The setting was a park, and the main challenge was accessing the water. The bird鈥檚 actions demonstrated problem-solving and perseverance.",2026-03-12T19:19:30.539776Z,"{""choices"":[""bird"",""water"",""pitcher"",""pebbles"",""bench"",""park"",""beak (or beak length)""]}","{""choices"":[""The day is hot."",""The bird is thirsty."",""The bird becomes very tired and is about to faint."",""The bird spots a pitcher of water."",""The pitcher is under a bench in a park."",""The water is too deep to reach, the bird鈥檚 beak is not long enough."",""The bird finds some pebbles."",""The bird picks up pebbles and drops them into the pitcher."",""The water level rises, allowing the bird to drink."",""The bird flies away happily.""]}",262,51.123,"[{""number"":1}]",,"Most entities and events are present, though Event [0] (searching for a long time) and Event [t] (flew down and sat on the pitcher) were omitted. There is 1 created fact: the final three sentences consist of a thematic summary and evaluative commentary (""showing cleverness and determination,"" ""the main challenge was..."", etc.) that are not present in the original source text.",2026-03-12T19:19:30.539791Z
195fbbe46d95ca46,263,1,"The story was about a thirsty bird searching for water on a hot day. She flew for a long time and became very tired, almost fainting. She then saw a pitcher of water under a bench in a park. The water was too deep for her to reach with her short beak. She found some pebbles and started dropping them into the pitcher, which raised the water level. Once the water was within reach, she drank it and flew away happily. The bird used the pebbles to make the water level higher so she could access it. The setting was a park, and the main challenge was the depth of the water. The bird鈥檚 solution was clever and resourceful.",2026-03-12T19:20:36.176473Z,"{""choices"":[""bird"",""water"",""pitcher"",""pebbles"",""bench"",""park"",""beak (or beak length)""]}","{""choices"":[""The day is hot."",""The bird is thirsty."",""The bird looks for water for a long time."",""The bird becomes very tired and is about to faint."",""The bird spots a pitcher of water."",""The pitcher is under a bench in a park."",""The water is too deep to reach, the bird鈥檚 beak is not long enough."",""The bird finds some pebbles."",""The bird picks up pebbles and drops them into the pitcher."",""The water level rises, allowing the bird to drink."",""The bird flies away happily.""]}",263,65.445,"[{""number"":1}]",,"Almost all entities and events are accurately recalled, though Event [t] (flew down and sat on the pitcher) is missing. There is 1 created fact: the final three sentences include a summary and evaluative commentary (""The bird used the pebbles..."", ""The setting was a park..."", ""The bird's solution was clever..."") that are not present in the original source text.",2026-03-12T19:20:36.176494Z
cbe030967d3611a9,264,1,"The story is about a little bird who was very thirsty and had been searching for water for a long time. She became very tired and was about to faint when she noticed a pitcher of water under a bench in a park. She flew down and sat on the pitcher, but the water was too deep for her to reach with her short beak. She looked around and found some pebbles, which gave her an idea. She picked up the pebbles one by one and dropped them into the pitcher, causing the water level to rise. Once the water was within reach, she drank it and flew away happily. The bird used the pebbles to raise the water level so she could drink.",2026-03-12T19:21:55.703555Z,"{""choices"":[""bird"",""water"",""pitcher"",""pebbles"",""bench"",""park"",""beak (or beak length)""]}","{""choices"":[""The bird is thirsty."",""The bird looks for water for a long time."",""The bird becomes very tired and is about to faint."",""The bird spots a pitcher of water."",""The pitcher is under a bench in a park."",""The bird flies down and sits on the pitcher."",""The water is too deep to reach, the bird鈥檚 beak is not long enough."",""The bird finds some pebbles."",""The bird picks up pebbles and drops them into the pitcher."",""The water level rises, allowing the bird to drink."",""The bird flies away happily.""]}",264,79.324,"[{""number"":1}]",,"All entities and most events are accurately recalled, with the exception of Event [8] (The day is hot), which is not mentioned in the text. There is 1 created fact: the final sentence (""The bird used the pebbles to raise the water level so she could drink"") acts as a summary and repetition of the previously stated facts, which was not part of the original source narrative. No order errors were observed.",2026-03-12T19:21:55.703578Z
a0deca3df713b500,265,1,"The story was about a little bird who was very thirsty on a hot day and had been searching for water for a long time. She became very tired and was about to faint when she saw a pitcher of water under a bench in a park. She flew down and sat on the pitcher, but the water was too deep for her to reach with her short beak. She looked around and found some pebbles, which gave her an idea. She picked up the pebbles one by one and dropped them into the pitcher, causing the water level to rise. Once the water was high enough, she was able to drink it and then flew away happily.",2026-03-13T18:36:58.755913Z,"{""choices"":[""bird"",""water"",""pitcher"",""pebbles"",""bench"",""park"",""beak (or beak length)""]}","{""choices"":[""The day is hot."",""The bird is thirsty."",""The bird looks for water for a long time."",""The bird becomes very tired and is about to faint."",""The bird spots a pitcher of water."",""The pitcher is under a bench in a park."",""The bird flies down and sits on the pitcher."",""The water is too deep to reach, the bird鈥檚 beak is not long enough."",""The bird finds some pebbles."",""The bird picks up pebbles and drops them into the pitcher."",""The water level rises, allowing the bird to drink."",""The bird flies away happily.""]}",265,113.311,,,,2026-03-13T18:36:58.755935Z
88931135d35b172b,266,1,"The story is about a little bird who was very thirsty on a hot day and searched for water for a long time. She became very tired and was about to faint when she noticed a pitcher of water under a bench in a park. She flew down and sat on the pitcher, but the water was too deep for her to reach with her short beak. She looked around and found some pebbles, which gave her an idea. She dropped the pebbles one by one into the pitcher, and the water level rose. She was then able to drink the water and flew away happily. The bird used her intelligence and resourcefulness to solve the problem of reaching the water.",2026-03-13T18:38:22.411751Z,"{""choices"":[""bird"",""water"",""pitcher"",""pebbles"",""bench"",""park"",""beak (or beak length)""]}","{""choices"":[""The day is hot."",""The bird is thirsty."",""The bird looks for water for a long time."",""The bird becomes very tired and is about to faint."",""The bird spots a pitcher of water."",""The pitcher is under a bench in a park."",""The bird flies down and sits on the pitcher."",""The water is too deep to reach, the bird鈥檚 beak is not long enough."",""The bird finds some pebbles."",""The bird picks up pebbles and drops them into the pitcher."",""The water level rises, allowing the bird to drink."",""The bird flies away happily.""]}",266,83.447,"[{""number"":1}]",,"All entities and events are accurately recalled in the text. There is 1 created fact: the final sentence describing the bird using ""intelligence and resourcefulness to solve the problem"" is an evaluative summary that does not exist in the original source narrative. The chronological order of events perfectly matches the source.",2026-03-13T18:38:22.411774Z
e1fa67adc5ec7811,267,1,"The story is about a little bird who was very thirsty and had been searching for water for a long time. She was exhausted and almost fainting when she saw a pitcher of water under a bench in a park. She sat on the pitcher but couldn鈥檛 reach the water because it was too deep for her short beak. She looked around and found some pebbles, which made her think of a solution. She dropped the pebbles one by one into the pitcher, causing the water level to rise. Once the water was within reach, she drank it and flew away happily. The bird used the pebbles to raise the water level, showing cleverness and problem-solving skills. The setting was a park on a hot day, and the bird鈥檚 determination and ingenuity helped her find a way to quench her thirst.",2026-03-13T18:39:35.954944Z,"{""choices"":[""bird"",""water"",""pitcher"",""pebbles"",""bench"",""park"",""beak (or beak length)""]}","{""choices"":[""The day is hot."",""The bird is thirsty."",""The bird looks for water for a long time."",""The bird becomes very tired and is about to faint."",""The bird spots a pitcher of water."",""The pitcher is under a bench in a park."",""The bird flies down and sits on the pitcher."",""The water is too deep to reach, the bird鈥檚 beak is not long enough."",""The bird finds some pebbles."",""The bird picks up pebbles and drops them into the pitcher."",""The water level rises, allowing the bird to drink."",""The bird flies away happily.""]}",267,73.349,"[{""number"":1}]",,"Every entity and event defined in the labeling criteria is accurately represented in this recall text. There is 1 created fact: the final section provides an interpretive summary regarding the bird's ""cleverness,"" ""problem-solving,"" ""determination,"" and ""ingenuity,"" which are evaluative additions not found in the original source narrative. The chronological sequence of the story is maintained perfectly.",2026-03-13T18:39:35.954965Z
090efd7069fe4985,268,1,"It was a hot day, and a thirsty bird was searching for water for a long time. She became very tired and was about to faint. While looking around, she noticed a pitcher of water under a bench in a park. She flew down and sat on the pitcher, but the water was too deep for her to reach with her short beak. She looked around and found some pebbles, which gave her an idea. She picked up the pebbles one by one and dropped them into the pitcher. As she did, the water level rose, allowing her to finally drink. After quenching her thirst, she flew away happily.",2026-03-13T18:40:19.856348Z,"{""choices"":[""bird"",""water"",""pitcher"",""pebbles"",""bench"",""park"",""beak (or beak length)""]}","{""choices"":[""The day is hot."",""The bird is thirsty."",""The bird looks for water for a long time."",""The bird becomes very tired and is about to faint."",""The bird spots a pitcher of water."",""The pitcher is under a bench in a park."",""The bird flies down and sits on the pitcher."",""The water is too deep to reach, the bird鈥檚 beak is not long enough."",""The bird finds some pebbles."",""The bird picks up pebbles and drops them into the pitcher."",""The water level rises, allowing the bird to drink."",""The bird flies away happily.""]}",268,43.693,,,,2026-03-13T18:40:19.856371Z
9a9ad1382b5ebaee,269,1,"The story is about a little bird who was very thirsty on a hot day and searched for water for a long time. She became very tired and was about to faint when she noticed a pitcher of water under a bench in a park. She flew down and sat on the pitcher but couldn鈥檛 reach the water because it was too deep for her short beak. She looked around and found some pebbles, which gave her an idea. She began dropping the pebbles one by one into the pitcher, and as the water level rose, she was finally able to drink from it. The bird then flew away happily, having solved her problem through clever thinking and persistence.",2026-03-13T18:43:10.455786Z,"{""choices"":[""bird"",""water"",""pitcher"",""pebbles"",""bench"",""park"",""beak (or beak length)""]}","{""choices"":[""The day is hot."",""The bird is thirsty."",""The bird looks for water for a long time."",""The bird becomes very tired and is about to faint."",""The bird spots a pitcher of water."",""The pitcher is under a bench in a park."",""The bird flies down and sits on the pitcher."",""The water is too deep to reach, the bird鈥檚 beak is not long enough."",""The bird finds some pebbles."",""The bird picks up pebbles and drops them into the pitcher."",""The water level rises, allowing the bird to drink."",""The bird flies away happily.""]}",269,170.396,"[{""number"":1}]",,"This recall text is exceptionally comprehensive, including every defined entity and event. All specific narrative details, such as the duration of the search and the bird's physical state, are accurately captured. There is 1 created fact: the final phrase (""having solved her problem through clever thinking and persistence"") is an evaluative summary and characterization that is not present in the original source narrative. The chronological sequence is perfect.",2026-03-13T18:43:10.455808Z
ac01e50aa00f838b,270,1,"The story is about a little bird who was very thirsty and had been searching for water for a long time. She was tired and almost fainting when she saw a pitcher of water under a bench in a park. She flew down and sat on the pitcher but couldn鈥檛 reach the water because it was too deep for her. Her beak wasn鈥檛 long enough, so she looked around and found some pebbles. She then dropped the pebbles one by one into the pitcher, which raised the water level. Once the water was high enough, she was able to drink it. After quenching her thirst, she flew away happily. The bird used her intelligence and resourcefulness to solve the problem of accessing the water.",2026-03-13T18:44:07.470372Z,"{""choices"":[""bird"",""water"",""pitcher"",""pebbles"",""bench"",""park"",""beak (or beak length)""]}","{""choices"":[""The day is hot."",""The bird is thirsty."",""The bird looks for water for a long time."",""The bird becomes very tired and is about to faint."",""The bird spots a pitcher of water."",""The pitcher is under a bench in a park."",""The bird flies down and sits on the pitcher."",""The water is too deep to reach, the bird鈥檚 beak is not long enough."",""The bird finds some pebbles."",""The bird picks up pebbles and drops them into the pitcher."",""The water level rises, allowing the bird to drink."",""The bird flies away happily.""]}",270,56.813,"[{""number"":1}]",,"The text is a comprehensive recall that covers all required entities and events, specifically noting details like the bird being ""about to faint"" and the pitcher being ""under a bench in a park"". There is 1 created fact: the concluding sentence describing the bird using ""intelligence and resourcefulness"" is an interpretive addition that evaluates the bird's character and actions, which is not part of the source story's factual narrative. The chronological order of events is perfectly maintained.",2026-03-13T18:44:07.470394Z
3019b1fe98a6ebda,271,1,"The story is about a little bird who was very thirsty and searching for water on a hot day. She was tired and almost fainting when she found a pitcher of water under a bench in a park. The water was too deep for her to reach with her short beak. She looked around and saw some pebbles, which gave her an idea. She dropped the pebbles one by one into the pitcher, which caused the water level to rise. Once the water was within reach, she drank it and flew away happily. The bird used the pebbles to raise the water level, showing cleverness and determination. The setting was a park, and the main challenge was accessing the water. The bird's actions demonstrate problem-solving and resourcefulness.",2026-03-13T18:47:54.802206Z,"{""choices"":[""bird"",""water"",""pitcher"",""pebbles"",""bench"",""park"",""beak (or beak length)""]}","{""choices"":[""The day is hot."",""The bird is thirsty."",""The bird becomes very tired and is about to faint."",""The bird spots a pitcher of water."",""The pitcher is under a bench in a park."",""The bird picks up pebbles and drops them into the pitcher."",""The water level rises, allowing the bird to drink."",""The bird flies away happily.""]}",271,227.126,"[{""number"":1}]",,"Under strict explicit review, several events are missing. Specifically, [0] is missing because the duration ""long time"" is not mentioned. [t] is entirely absent as the text never explicitly describes the bird ""flying down"" or ""sitting"" on the pitcher. [a] and [s] are considered missing because they lack the explicit action of attempting to reach the water and the direct causal link to the beak's length. There is 1 created fact due to the interpretive meta-commentary at the end.",2026-03-13T18:47:54.802225Z
0789d8cec7990c9a,272,1,"The story is about a little bird who was very thirsty and tired on a hot day. She searched for water for a long time and was about to faint when she saw a pitcher of water under a bench in a park. The water was too deep for her to reach with her short beak, so she looked around and found some pebbles. She dropped the pebbles one by one into the pitcher, which caused the water level to rise. Once the water was high enough, she was able to drink it and then flew away happily. The bird used the pebbles to make the water accessible, showing cleverness and determination.",2026-03-13T18:51:34.151237Z,"{""choices"":[""bird"",""water"",""pitcher"",""pebbles"",""bench"",""park"",""beak (or beak length)""]}","{""choices"":[""The day is hot."",""The bird is thirsty."",""The bird looks for water for a long time."",""The bird becomes very tired and is about to faint."",""The bird spots a pitcher of water."",""The pitcher is under a bench in a park."",""The water is too deep to reach, the bird鈥檚 beak is not long enough."",""The bird finds some pebbles."",""The bird picks up pebbles and drops them into the pitcher."",""The water level rises, allowing the bird to drink."",""The bird flies away happily.""]}",272,219.14,"[{""number"":1}]",,"All entities are present. Based on explicit criteria, Event [a] is included as the text states the water was ""too deep to reach,"" and Event [s] is included as it mentions ""found some pebbles."" However, Event [t] is missing because the text does not explicitly describe the bird ""flying down"" or ""sitting"" on the pitcher. There is 1 created fact: the final interpretive summary regarding ""cleverness and determination"" is not part of the source narrative.",2026-03-13T18:51:34.151263Z
7680a3e16d9bcc61,273,1,"The story is about a little bird who was very thirsty on a hot day and searched for water for a long time. She became very tired and was about to faint when she saw a pitcher of water under a bench in a park. She flew down and sat on the pitcher, but the water was too deep for her to reach with her short beak. She looked around and found some pebbles, which gave her an idea. She dropped the pebbles one by one into the pitcher, and as a result, the water level rose. She was then able to drink the water and flew away happily. The bird used the pebbles to make the water level higher so she could access it. The story shows the bird鈥檚 cleverness and determination in solving her problem.",2026-03-13T18:53:02.942594Z,"{""choices"":[""bird"",""water"",""pitcher"",""pebbles"",""bench"",""park"",""beak (or beak length)""]}","{""choices"":[""The day is hot."",""The bird is thirsty."",""The bird looks for water for a long time."",""The bird becomes very tired and is about to faint."",""The bird spots a pitcher of water."",""The pitcher is under a bench in a park."",""The bird flies down and sits on the pitcher."",""The water is too deep to reach, the bird鈥檚 beak is not long enough."",""The bird finds some pebbles."",""The bird picks up pebbles and drops them into the pitcher."",""The water level rises, allowing the bird to drink."",""The bird flies away happily.""]}",273,88.587,"[{""number"":1}]",,"The recall text is comprehensive and accurately reflects all components of the original story. There is 1 created fact: the final section regarding the bird's ""cleverness and determination in solving her problem"" is an evaluative summary that was not present in the source narrative. The chronological progression of events is correct.",2026-03-13T18:53:02.942615Z
de8166a2cd6683a0,274,1,"The story was about a little bird who was very thirsty on a hot day and searched for water for a long time. She became tired and almost fainted but then noticed a pitcher of water under a bench in a park. The water was too deep for her to reach with her short beak, so she looked around and found some pebbles. She dropped the pebbles one by one into the pitcher, which caused the water level to rise. Once the water was high enough, she was able to drink from it and then flew away happily. The bird used the pebbles to raise the water level, showing cleverness and determination.",2026-03-13T18:53:48.772100Z,"{""choices"":[""bird"",""water"",""pitcher"",""pebbles"",""bench"",""park"",""beak (or beak length)""]}","{""choices"":[""The day is hot."",""The bird is thirsty."",""The bird looks for water for a long time."",""The bird becomes very tired and is about to faint."",""The bird spots a pitcher of water."",""The pitcher is under a bench in a park."",""The water is too deep to reach, the bird鈥檚 beak is not long enough."",""The bird finds some pebbles."",""The bird picks up pebbles and drops them into the pitcher."",""The water level rises, allowing the bird to drink."",""The bird flies away happily.""]}",274,45.63,"[{""number"":1}]",,"There is 1 created fact: the final phrase regarding the bird's ""cleverness and determination"" is an evaluative summary not present in the source narrative.",2026-03-13T18:53:48.772122Z
35ba37a804c12271,275,1,"The story is about a little bird who was very thirsty and had been searching for water for a long time. She was tired and almost fainting when she saw a pitcher of water under a bench in a park. She tried to drink from it but couldn't because the water was too deep for her short beak. She looked around and found some pebbles, which gave her an idea. She dropped the pebbles one by one into the pitcher, causing the water level to rise. Once the water was high enough, she was able to drink it and then flew away happily. The bird used her intelligence and resourcefulness to solve the problem of reaching the water.",2026-03-13T18:54:44.241725Z,"{""choices"":[""bird"",""water"",""pitcher"",""pebbles"",""bench"",""park"",""beak (or beak length)""]}","{""choices"":[""The day is hot."",""The bird is thirsty."",""The bird looks for water for a long time."",""The bird becomes very tired and is about to faint."",""The bird spots a pitcher of water."",""The pitcher is under a bench in a park."",""The water is too deep to reach, the bird鈥檚 beak is not long enough."",""The bird finds some pebbles."",""The bird picks up pebbles and drops them into the pitcher."",""The water level rises, allowing the bird to drink."",""The bird flies away happily.""]}",275,55.269,"[{""number"":1}]",,"There is 1 created fact: the final sentence provides an evaluative summary of the bird's character traits, which is not present in the source narrative.",2026-03-13T18:54:44.241745Z
f3a42df4e0d2b630,276,1,"The story is about a thirsty bird searching for water on a hot day. She became very tired and was about to faint when she noticed a pitcher of water under a bench in a park. The water was too deep for her to reach with her short beak, so she looked around and found some pebbles. She dropped the pebbles into the pitcher one by one, which caused the water level to rise. Eventually, she was able to drink the water and flew away happily. The bird used the pebbles to make the water level higher so she could access it. The setting was a park, and the main challenge was the depth of the water in the pitcher. The bird鈥檚 solution involved using small objects to raise the water level.",2026-03-13T18:55:32.421167Z,"{""choices"":[""bird"",""water"",""pitcher"",""pebbles"",""bench"",""park"",""beak (or beak length)""]}","{""choices"":[""The day is hot."",""The bird is thirsty."",""The bird becomes very tired and is about to faint."",""The bird spots a pitcher of water."",""The pitcher is under a bench in a park."",""The water is too deep to reach, the bird鈥檚 beak is not long enough."",""The bird finds some pebbles."",""The bird picks up pebbles and drops them into the pitcher."",""The water level rises, allowing the bird to drink."",""The bird flies away happily.""]}",276,47.976,"[{""number"":1}]",,"The text includes all entities and most event markers. Under strict explicit criteria, Event [0] is missing as the duration ""for a long time"" is not stated. Event [t] is also missing because the actions of ""flying down"" or ""sitting"" on the pitcher are not explicitly narrated. There is 1 created fact: the final three sentences consist of meta-commentary and a situational analysis of the challenge and solution, which are not part of the source story's factual narrative.",2026-03-13T18:55:32.421189Z
8582e932a77dec79,277,1,"The story is about a little bird who was very thirsty on a hot day and searched for water for a long time. She became very tired and almost fainted. While looking for water, she saw a pitcher under a bench in a park. She flew down and sat on the pitcher, but the water was too deep for her to reach with her short beak. She looked around and found some pebbles, which made her think of a solution. She dropped the pebbles one by one into the pitcher, and as the water level rose, she was finally able to drink from it. After quenching her thirst, she flew away happily. I don鈥檛 know the exact time of day or the type of bird, but I remember the main events and the bird鈥檚 clever solution to the problem.",2026-03-13T18:56:21.573440Z,"{""choices"":[""bird"",""water"",""pitcher"",""pebbles"",""bench"",""park"",""beak (or beak length)""]}","{""choices"":[""The day is hot."",""The bird is thirsty."",""The bird looks for water for a long time."",""The bird becomes very tired and is about to faint."",""The bird spots a pitcher of water."",""The pitcher is under a bench in a park."",""The bird flies down and sits on the pitcher."",""The water is too deep to reach, the bird鈥檚 beak is not long enough."",""The bird finds some pebbles."",""The bird picks up pebbles and drops them into the pitcher."",""The water level rises, allowing the bird to drink."",""The bird flies away happily.""]}",277,48.954,"[{""number"":1}]",,,2026-03-13T18:56:21.573466Z
b0f9b61b58cb15f8,278,1,"The story is about a little bird who was very thirsty on a hot day and searched for water for a long time. She became very tired and almost fainted. While looking for water, she saw a pitcher under a bench in a park. The pitcher had some water inside, but it was too deep for her to reach with her short beak. She looked around and found some pebbles, which gave her an idea. She dropped the pebbles one by one into the pitcher, and the water level rose. Eventually, she was able to drink the water and flew away happily.",2026-03-13T18:57:01.505314Z,"{""choices"":[""bird"",""water"",""pitcher"",""pebbles"",""bench"",""park"",""beak (or beak length)""]}","{""choices"":[""The day is hot."",""The bird is thirsty."",""The bird looks for water for a long time."",""The bird becomes very tired and is about to faint."",""The bird spots a pitcher of water."",""The pitcher is under a bench in a park."",""The water is too deep to reach, the bird鈥檚 beak is not long enough."",""The bird finds some pebbles."",""The bird picks up pebbles and drops them into the pitcher."",""The water level rises, allowing the bird to drink."",""The bird flies away happily.""]}",278,39.736,"[{""number"":0}]",,,2026-03-13T18:57:01.505337Z
5742684ce989c5fc,279,1,"The story was about a little bird who was very thirsty on a hot day and had been searching for water for a long time. She became very tired and was about to faint when she saw a pitcher of water under a bench in a park. She flew down and sat on the pitcher, but the water was too deep for her to reach with her short beak. She looked around and found some pebbles, which gave her an idea. She picked up the pebbles one by one and dropped them into the pitcher, which caused the water level to rise. Once the water was within reach, she was able to drink it and flew away happily.",2026-03-13T18:57:35.425378Z,"{""choices"":[""bird"",""water"",""pitcher"",""pebbles"",""bench"",""park"",""beak (or beak length)""]}","{""choices"":[""The day is hot."",""The bird is thirsty."",""The bird looks for water for a long time."",""The bird becomes very tired and is about to faint."",""The bird spots a pitcher of water."",""The pitcher is under a bench in a park."",""The bird flies down and sits on the pitcher."",""The water is too deep to reach, the bird鈥檚 beak is not long enough."",""The bird finds some pebbles."",""The bird picks up pebbles and drops them into the pitcher."",""The water level rises, allowing the bird to drink."",""The bird flies away happily.""]}",279,28.799,,,,2026-03-13T18:57:35.425401Z
46dfb194bd69c579,280,1,"The story was about a little bird who was very thirsty on a hot day and had been searching for water for a long time. She became very tired and was about to faint when she saw a pitcher of water under a bench in a park. She flew down and sat on the pitcher, but the water was too deep for her to reach with her short beak. She looked around and found some pebbles, which gave her an idea. She picked up the pebbles one by one and dropped them into the pitcher, which caused the water level to rise. Once the water was within reach, she was able to drink it and flew away happily. The bird鈥檚 cleverness in using the pebbles to raise the water level helped her solve the problem.",2026-03-13T18:58:10.262448Z,"{""choices"":[""bird"",""water"",""pitcher"",""pebbles"",""bench"",""park"",""beak (or beak length)""]}","{""choices"":[""The day is hot."",""The bird is thirsty."",""The bird looks for water for a long time."",""The bird becomes very tired and is about to faint."",""The bird spots a pitcher of water."",""The pitcher is under a bench in a park."",""The bird flies down and sits on the pitcher."",""The water is too deep to reach, the bird鈥檚 beak is not long enough."",""The bird finds some pebbles."",""The bird picks up pebbles and drops them into the pitcher."",""The water level rises, allowing the bird to drink."",""The bird flies away happily.""]}",280,34.636,"[{""number"":1}]",,"There is 1 created fact: the final sentence provides an evaluative summary of the bird's ""cleverness"" and a meta-analysis of the problem-solving process, which is not present in the original factual narrative.",2026-03-13T18:58:10.262472Z
6211320a780be800,281,1,"It was a very hot day, and a small bird was searching for water for a long time. She became very tired and was about to faint. While she was resting, she saw a pitcher of water under a bench in a park. She flew down and sat on the pitcher, but the water was too deep for her to reach with her short beak. She looked around and found some pebbles, which made her think. She picked up the pebbles one by one and dropped them into the pitcher. As she did this, the water level rose, allowing her to finally drink. After quenching her thirst, she flew away happily.",2026-03-13T18:58:34.747624Z,"{""choices"":[""bird"",""water"",""pitcher"",""pebbles"",""bench"",""park"",""beak (or beak length)""]}","{""choices"":[""The day is hot."",""The bird is thirsty."",""The bird looks for water for a long time."",""The bird becomes very tired and is about to faint."",""The bird spots a pitcher of water."",""The pitcher is under a bench in a park."",""The bird flies down and sits on the pitcher."",""The water is too deep to reach, the bird鈥檚 beak is not long enough."",""The bird finds some pebbles."",""The bird picks up pebbles and drops them into the pitcher."",""The water level rises, allowing the bird to drink."",""The bird flies away happily.""]}",281,24.283,,,,2026-03-13T18:58:34.747645Z
c9bdbb0778bf3f79,282,1,"It was a very hot day, and a little bird was looking for water for a long time. She was very tired and almost fainting when she saw a pitcher of water under a bench in a park. She flew down and sat on the pitcher but couldn鈥檛 reach the water because it was too deep for her. Her beak wasn鈥檛 long enough, so she looked around and found some pebbles. She dropped them one by one into the pitcher, and the water level rose. She was able to drink the water and then flew away happily.",2026-03-13T18:58:56.887739Z,"{""choices"":[""bird"",""water"",""pitcher"",""pebbles"",""bench"",""park"",""beak (or beak length)""]}","{""choices"":[""The day is hot."",""The bird is thirsty."",""The bird looks for water for a long time."",""The bird becomes very tired and is about to faint."",""The bird spots a pitcher of water."",""The pitcher is under a bench in a park."",""The bird flies down and sits on the pitcher."",""The water is too deep to reach, the bird鈥檚 beak is not long enough."",""The bird finds some pebbles."",""The bird picks up pebbles and drops them into the pitcher."",""The water level rises, allowing the bird to drink."",""The bird flies away happily.""]}",282,21.944,,,,2026-03-13T18:58:56.887764Z
14bdbf8dd374813c,283,1,"The story is about a little bird who was very thirsty on a hot day and searched for water for a long time. She became very tired and almost fainted. While looking for water, she saw a pitcher under a bench in a park. She flew down and sat on the pitcher, but the water was too deep for her to reach with her short beak. She looked around and found some pebbles, which gave her an idea. She dropped the pebbles one by one into the pitcher, and the water level rose. Eventually, she was able to drink the water and flew away happily.",2026-03-13T18:59:21.551940Z,"{""choices"":[""bird"",""water"",""pitcher"",""pebbles"",""bench"",""park"",""beak (or beak length)""]}","{""choices"":[""The day is hot."",""The bird is thirsty."",""The bird looks for water for a long time."",""The bird becomes very tired and is about to faint."",""The bird spots a pitcher of water."",""The pitcher is under a bench in a park."",""The bird flies down and sits on the pitcher."",""The water is too deep to reach, the bird鈥檚 beak is not long enough."",""The bird finds some pebbles."",""The bird picks up pebbles and drops them into the pitcher."",""The water level rises, allowing the bird to drink."",""The bird flies away happily.""]}",283,24.457,,,,2026-03-13T18:59:21.551964Z
74e502424e3640ef,284,1,"The story is about a thirsty bird searching for water on a hot day. She was very tired and close to fainting when she discovered a pitcher of water under a park bench. The water was too deep for her to reach with her short beak. She found some pebbles and dropped them into the pitcher, which raised the water level. This allowed her to drink the water and then fly away happily. The bird used the pebbles to make the water accessible. The setting was a park, and the main challenge was the depth of the water. The bird's solution was clever and effective. She worked patiently to solve the problem. The story shows determination and ingenuity.",2026-03-13T18:59:58.369364Z,"{""choices"":[""bird"",""water"",""pitcher"",""pebbles"",""bench"",""park"",""beak (or beak length)""]}","{""choices"":[""The day is hot."",""The bird is thirsty."",""The bird becomes very tired and is about to faint."",""The bird spots a pitcher of water."",""The pitcher is under a bench in a park."",""The water is too deep to reach, the bird鈥檚 beak is not long enough."",""The bird finds some pebbles."",""The bird picks up pebbles and drops them into the pitcher."",""The water level rises, allowing the bird to drink."",""The bird flies away happily.""]}",284,36.627,"[{""number"":1}]",,"There is 1 created fact: the extensive concluding sentences provide evaluative commentary on the bird's traits (""patience,"" ""ingenuity,"" ""determination"") and an analysis of the ""main challenge,"" none of which are part of the original factual narrative.",2026-03-13T18:59:58.369387Z
298f4b165998bdff,285,1,"The story is about a little bird who was very thirsty and had been searching for water for a long time. She was exhausted and nearly fainting when she saw a pitcher of water under a bench in a park. She flew down and sat on the pitcher, but the water was too deep for her to reach with her short beak. She looked around and found some pebbles, which made her think of a solution. She dropped the pebbles one by one into the pitcher, and as they sank, the water level rose. Eventually, the water became shallow enough for her to drink. She drank her fill and then flew away happily. The bird used her intelligence and resourcefulness to solve the problem of accessing the water.",2026-03-13T19:00:34.022202Z,"{""choices"":[""bird"",""water"",""pitcher"",""pebbles"",""bench"",""park"",""beak (or beak length)""]}","{""choices"":[""The day is hot."",""The bird is thirsty."",""The bird looks for water for a long time."",""The bird becomes very tired and is about to faint."",""The bird spots a pitcher of water."",""The pitcher is under a bench in a park."",""The bird flies down and sits on the pitcher."",""The water is too deep to reach, the bird鈥檚 beak is not long enough."",""The bird finds some pebbles."",""The bird picks up pebbles and drops them into the pitcher."",""The water level rises, allowing the bird to drink."",""The bird flies away happily.""]}",285,30.127,"[{""number"":1}]",,"There is 1 created fact: the final sentence provides an interpretive summary regarding the bird's ""intelligence and resourcefulness,"" which is an evaluative addition not found in the source narrative.",2026-03-13T19:00:34.022223Z
e3b29d009d743d78,286,1,"The story was about a little bird who was very thirsty and had been searching for water for a long time. She was tired and almost fainting when she saw a pitcher of water under a bench in a park. She flew down and sat on the pitcher but couldn鈥檛 reach the water because it was too deep for her beak. She looked around and found some pebbles, which made her think of a solution. She dropped the pebbles one by one into the pitcher, and as they sank, the water level rose. Eventually, she was able to drink the water and flew away happily. The bird used the pebbles to raise the water level so she could access it. She was very clever and resourceful in finding a way to get the water she needed.",2026-03-13T19:01:06.000673Z,"{""choices"":[""bird"",""water"",""pitcher"",""pebbles"",""bench"",""park"",""beak (or beak length)""]}","{""choices"":[""The day is hot."",""The bird is thirsty."",""The bird looks for water for a long time."",""The bird becomes very tired and is about to faint."",""The bird spots a pitcher of water."",""The pitcher is under a bench in a park."",""The bird flies down and sits on the pitcher."",""The water is too deep to reach, the bird鈥檚 beak is not long enough."",""The bird finds some pebbles."",""The bird picks up pebbles and drops them into the pitcher."",""The water level rises, allowing the bird to drink."",""The bird flies away happily.""]}",286,31.778,"[{""number"":1}]",,"There is 1 created fact: the final sentence offers an evaluative summary of the bird's character (""clever and resourceful""), which is not part of the source story's factual narrative.",2026-03-13T19:01:06.000698Z
d6d0f0bbeeef090a,287,1,"The story is about a thirsty bird searching for water on a hot day. She became very tired and almost fainted but then noticed a pitcher of water under a bench in a park. The water was too deep for her to reach with her short beak. She found some pebbles and dropped them into the pitcher, which raised the water level. She was then able to drink the water and flew away happily. She used the pebbles to make the water level higher so she could access it. The pitcher was placed under a bench, and the bird was determined to find a way to drink. The story shows her cleverness and perseverance.",2026-03-13T19:01:53.210685Z,"{""choices"":[""bird"",""water"",""pitcher"",""pebbles"",""bench"",""park"",""beak (or beak length)""]}","{""choices"":[""The day is hot."",""The bird is thirsty."",""The bird becomes very tired and is about to faint."",""The bird spots a pitcher of water."",""The pitcher is under a bench in a park."",""The water is too deep to reach, the bird鈥檚 beak is not long enough."",""The bird finds some pebbles."",""The bird picks up pebbles and drops them into the pitcher."",""The water level rises, allowing the bird to drink."",""The bird flies away happily.""]}",287,47.012,"[{""number"":1}]",,"The text identifies all entities and most event markers. Under strict explicit criteria, Event [0] is missing as the specific duration ""for a long time"" is not mentioned. Event [t] is also missing because the physical actions of ""flying down"" or ""sitting"" on the pitcher are not explicitly narrated. There is 1 created fact: the concluding sentences provide evaluative commentary on the bird's ""cleverness,"" ""perseverance,"" and ""determination,"" which are interpretive additions not present in the original factual narrative.",2026-03-13T19:01:53.210706Z
55ecd445df6d85fe,288,1,"It was a hot day, and a thirsty bird was searching for water for a long time. She was very tired and almost fainting when she saw a pitcher of water under a bench in a park. She flew down and sat on the pitcher, but the water was too deep for her to reach with her short beak. She looked around and found some pebbles, which made her think. She picked up each pebble and dropped it into the pitcher, causing the water level to rise. Eventually, she could drink the water and flew away happily.",2026-03-13T19:02:25.044203Z,"{""choices"":[""bird"",""water"",""pitcher"",""pebbles"",""bench"",""park"",""beak (or beak length)""]}","{""choices"":[""The day is hot."",""The bird is thirsty."",""The bird looks for water for a long time."",""The bird becomes very tired and is about to faint."",""The bird spots a pitcher of water."",""The pitcher is under a bench in a park."",""The bird flies down and sits on the pitcher."",""The water is too deep to reach, the bird鈥檚 beak is not long enough."",""The bird finds some pebbles."",""The bird picks up pebbles and drops them into the pitcher."",""The water level rises, allowing the bird to drink."",""The bird flies away happily.""]}",288,31.629,,,,2026-03-13T19:02:25.044229Z
1df8afb375db6660,289,1,"It was a very hot day, and a little bird was very thirsty and tired, searching for water for a long time. She was about to faint when she saw a pitcher of water under a bench in a park. She flew down and sat on the pitcher, but the water was too deep for her to reach with her short beak. She looked around and found some pebbles, which gave her an idea. She picked up the pebbles one by one and dropped them into the pitcher, which caused the water level to rise. Once the water was high enough, she was able to drink it. After drinking, she flew away happily. I don鈥檛 know the exact time of day or the color of the bird, but I remember the bird was thirsty, tired, and used pebbles to raise the water level so she could drink.",2026-03-13T19:03:24.180473Z,"{""choices"":[""bird"",""water"",""pitcher"",""pebbles"",""bench"",""park"",""beak (or beak length)""]}","{""choices"":[""The day is hot."",""The bird is thirsty."",""The bird looks for water for a long time."",""The bird becomes very tired and is about to faint."",""The bird spots a pitcher of water."",""The pitcher is under a bench in a park."",""The bird flies down and sits on the pitcher."",""The water is too deep to reach, the bird鈥檚 beak is not long enough."",""The bird finds some pebbles."",""The bird picks up pebbles and drops them into the pitcher."",""The water level rises, allowing the bird to drink."",""The bird flies away happily.""]}",289,58.945,"[{""number"":1}]",,"There is 1 created fact: the final sentence contains meta-commentary regarding the narrator's lack of specific memory (time/color) and a summary of the bird's state, which are not part of the original source narrative.",2026-03-13T19:03:24.180487Z
a4f1f1b06844e2c4,290,1,"I remember a little bird who was very thirsty and searching for water on a hot day. She was tired and almost fainted but then saw a pitcher of water under a bench in a park. The water was too deep for her to reach because her beak wasn鈥檛 long enough. She looked around and found some pebbles, which made her think of a solution. She dropped the pebbles one by one into the pitcher, and the water level rose. Eventually, she was able to drink the water and flew away happy. The story shows her determination and cleverness in finding a way to get the water she needed.",2026-03-13T19:27:37.155364Z,"{""choices"":[""bird"",""water"",""pitcher"",""pebbles"",""bench"",""park"",""beak (or beak length)""]}","{""choices"":[""The day is hot."",""The bird is thirsty."",""The bird becomes very tired and is about to faint."",""The bird spots a pitcher of water."",""The pitcher is under a bench in a park."",""The water is too deep to reach, the bird鈥檚 beak is not long enough."",""The bird finds some pebbles."",""The bird picks up pebbles and drops them into the pitcher."",""The water level rises, allowing the bird to drink."",""The bird flies away happily.""]}",290,1452.763,"[{""number"":1}]",,"The recall text identifies all seven entities and most event markers. Based on the explicit criteria, Event [0] is missing because the duration ""for a long time"" is not stated. Event [t] is also missing as there is no explicit mention of the bird ""flying down"" or ""sitting"" on the pitcher. There is 1 created fact: the final sentence provides an evaluative summary of the bird's ""determination and cleverness,"" which is an interpretive addition not present in the source narrative.",2026-03-13T19:27:37.155379Z
00810b15446476f2,291,1,"It was a hot day, and a thirsty bird was searching for water for a long time. She became very tired and was about to faint. While looking around, she noticed a pitcher of water under a bench in a park. She flew down and sat on the pitcher, but the water was too deep for her to reach with her short beak. She looked around and found some pebbles. Using them, she dropped each one into the pitcher, which caused the water level to rise. Eventually, she was able to drink the water and flew away happily.",2026-03-13T19:27:59.449391Z,"{""choices"":[""bird"",""water"",""pitcher"",""pebbles"",""bench"",""park"",""beak (or beak length)""]}","{""choices"":[""The day is hot."",""The bird is thirsty."",""The bird looks for water for a long time."",""The bird becomes very tired and is about to faint."",""The bird spots a pitcher of water."",""The pitcher is under a bench in a park."",""The bird flies down and sits on the pitcher."",""The water is too deep to reach, the bird鈥檚 beak is not long enough."",""The bird finds some pebbles."",""The bird picks up pebbles and drops them into the pitcher."",""The water level rises, allowing the bird to drink."",""The bird flies away happily.""]}",291,22.085,,,,2026-03-13T19:27:59.449408Z
0c40571ff093f733,292,1,"It was a very hot day, and a little bird was very thirsty and tired, searching for water for a long time. She was so exhausted she was about to faint. Then she saw a pitcher of water under a bench in a park. She flew down and sat on the pitcher, but the water was too deep for her to reach with her short beak. She looked around and found some pebbles, which made her think. She started dropping the pebbles one by one into the pitcher, and as she did, the water level rose. Eventually, the water was at a level she could reach, so she drank it and flew away happily.",2026-03-13T19:28:28.704861Z,"{""choices"":[""bird"",""water"",""pitcher"",""pebbles"",""bench"",""park"",""beak (or beak length)""]}","{""choices"":[""The day is hot."",""The bird is thirsty."",""The bird looks for water for a long time."",""The bird becomes very tired and is about to faint."",""The bird spots a pitcher of water."",""The pitcher is under a bench in a park."",""The bird flies down and sits on the pitcher."",""The water is too deep to reach, the bird鈥檚 beak is not long enough."",""The bird finds some pebbles."",""The bird picks up pebbles and drops them into the pitcher."",""The water level rises, allowing the bird to drink."",""The bird flies away happily.""]}",292,29.061,,,,2026-03-13T19:28:28.704882Z
004983f2ebf3d342,293,1,"The story was about a little bird who was very thirsty on a hot day. She searched for water for a long time and became tired, almost fainting. She then saw a pitcher of water under a bench in a park. The water was too deep for her to reach with her short beak. She found some pebbles and dropped them into the pitcher, which raised the water level. She was able to drink the water and flew away happily. I don鈥檛 know the exact location of the park or the bird's species, but I remember she used pebbles to make the water accessible.",2026-03-13T19:29:24.342373Z,"{""choices"":[""bird"",""water"",""pitcher"",""pebbles"",""bench"",""park"",""beak (or beak length)""]}","{""choices"":[""The day is hot."",""The bird is thirsty."",""The bird looks for water for a long time."",""The bird becomes very tired and is about to faint."",""The bird spots a pitcher of water."",""The pitcher is under a bench in a park."",""The water is too deep to reach, the bird鈥檚 beak is not long enough."",""The bird finds some pebbles."",""The bird picks up pebbles and drops them into the pitcher."",""The water level rises, allowing the bird to drink."",""The bird flies away happily.""]}",293,55.432,"[{""number"":1}]",,"Event [t] is missing because the actions of ""flying down"" or ""sitting"" on the pitcher are not explicitly mentioned. There is 1 created fact: the final sentence contains meta-commentary about the narrator's uncertainty regarding the park's location and the bird's species, which is not part of the source story's factual narrative.",2026-03-13T19:29:24.342401Z
08ab51c4bcf6d716,294,1,"The story was about a little bird who was very thirsty on a hot day and had been searching for water for a long time. She became very tired and almost fainted but then saw a pitcher of water under a bench in a park. She flew down and sat on the pitcher, but the water was too deep for her to reach with her short beak. She looked around and found some pebbles, which gave her an idea. She dropped the pebbles one by one into the pitcher, and as they settled, the water level rose. This allowed her to drink the water, and she flew away happily. The bird used the pebbles to raise the water level so she could access it.",2026-03-13T19:29:50.611538Z,"{""choices"":[""bird"",""water"",""pitcher"",""pebbles"",""bench"",""park"",""beak (or beak length)""]}","{""choices"":[""The day is hot."",""The bird is thirsty."",""The bird looks for water for a long time."",""The bird becomes very tired and is about to faint."",""The bird spots a pitcher of water."",""The pitcher is under a bench in a park."",""The bird flies down and sits on the pitcher."",""The water is too deep to reach, the bird鈥檚 beak is not long enough."",""The bird finds some pebbles."",""The bird picks up pebbles and drops them into the pitcher."",""The water level rises, allowing the bird to drink."",""The bird flies away happily.""]}",294,26.086,"[{""number"":0}]",,,2026-03-13T19:29:50.611554Z
fbcc214774f05979,295,1,"The story was about a thirsty bird searching for water on a hot day. She was very tired and almost fainting when she found a pitcher of water under a bench in a park. The water was too deep for her to reach with her short beak. She looked around and found some pebbles, which made her think of a solution. She dropped the pebbles into the pitcher one by one, causing the water level to rise. Once the water was within reach, she drank it and flew away happily. The bird used the pebbles to raise the water level, showing clever problem-solving. I don鈥檛 know the exact location of the park or the type of bird, but the main details are clear. I don鈥檛 know if there were other birds around or how long she had been searching for water.",2026-03-13T19:30:33.348145Z,"{""choices"":[""bird"",""water"",""pitcher"",""pebbles"",""bench"",""park"",""beak (or beak length)""]}","{""choices"":[""The day is hot."",""The bird is thirsty."",""The bird becomes very tired and is about to faint."",""The bird spots a pitcher of water."",""The pitcher is under a bench in a park."",""The water is too deep to reach, the bird鈥檚 beak is not long enough."",""The bird finds some pebbles."",""The bird picks up pebbles and drops them into the pitcher."",""The water level rises, allowing the bird to drink."",""The bird flies away happily.""]}",295,42.542,"[{""number"":1}]",,"The text identifies all seven entities and many event markers. Following strict explicit criteria, Event [0] is missing as the duration ""for a long time"" is not only omitted but explicitly disclaimed by the narrator. Event [t] is also missing because the physical actions of ""flying down"" or ""sitting"" on the pitcher are not narrated. There is 1 created fact: the text includes evaluative commentary on the bird's ""clever problem-solving"" and multiple sentences of meta-commentary regarding what the narrator does not know, neither of which are part of the original factual narrative.",2026-03-13T19:30:33.348167Z
fe0daf76a6c0a82a,296,1,"The story was about a thirsty bird who was looking for water on a hot day. She was very tired and almost fainting when she saw a pitcher of water under a bench in a park. She sat on the pitcher but couldn鈥檛 reach the water because it was too deep for her beak. She found some pebbles and dropped them into the pitcher one by one, which raised the water level. She was then able to drink the water and flew away happily. The bird used the pebbles to make the water level higher so she could access it. The pitcher was under a bench, and the water was inside it. The bird was thirsty, tired, and eventually successful in getting the water she needed.",2026-03-13T19:31:31.222521Z,"{""choices"":[""bird"",""water"",""pitcher"",""pebbles"",""bench"",""park"",""beak (or beak length)""]}","{""choices"":[""The day is hot."",""The bird is thirsty."",""The bird becomes very tired and is about to faint."",""The bird spots a pitcher of water."",""The pitcher is under a bench in a park."",""The bird flies down and sits on the pitcher."",""The water is too deep to reach, the bird鈥檚 beak is not long enough."",""The bird finds some pebbles."",""The bird picks up pebbles and drops them into the pitcher."",""The water level rises, allowing the bird to drink."",""The bird flies away happily.""]}",296,57.676,"[{""number"":1}]",,"Event [0] is missing because the duration ""for a long time"" is omitted. There is 1 created fact: the final sentence provides a summary of the bird's state and her ""success,"" which functions as an evaluative conclusion rather than a continuation of the factual narrative.",2026-03-13T19:31:31.222534Z
7c81aadd82c606c1,297,1,"It was a very hot day, and a little bird was looking for water but couldn't find any. She was tired and almost fainting when she saw a pitcher of water under a bench in a park. She flew down and sat on the pitcher, but the water was too deep for her to reach with her short beak. She looked around and found some pebbles. She dropped them one by one into the pitcher, which made the water level rise. Eventually, she could reach the water and drank it. She then flew away happily. I don鈥檛 know the exact location of the park or the bird鈥檚 name, but I remember the bird was thirsty, tired, and used pebbles to raise the water level so she could drink.",2026-03-13T19:32:10.594093Z,"{""choices"":[""bird"",""water"",""pitcher"",""pebbles"",""bench"",""park"",""beak (or beak length)""]}","{""choices"":[""The day is hot."",""The bird is thirsty."",""The bird becomes very tired and is about to faint."",""The bird spots a pitcher of water."",""The pitcher is under a bench in a park."",""The bird flies down and sits on the pitcher."",""The water is too deep to reach, the bird鈥檚 beak is not long enough."",""The bird finds some pebbles."",""The bird picks up pebbles and drops them into the pitcher."",""The water level rises, allowing the bird to drink."",""The bird flies away happily.""]}",297,39.168,"[{""number"":1}]",,"Event [0] is missing as the duration ""for a long time"" is not mentioned. There is 1 created fact: the final sentence contains meta-commentary regarding the narrator's lack of specific knowledge (location/name) and a repetitive summary of the bird's actions, which are not part of the source story's factual narrative.",2026-03-13T19:32:10.594110Z
60ff6fbaa1c380a5,298,1,"The story is about a little bird who was very thirsty on a hot day and had been searching for water for a long time. She became very tired and almost fainted. While looking around, she saw a pitcher of water under a bench in a park. She flew down and sat on the pitcher, but the water was too deep for her to reach with her short beak. She looked around and found some pebbles, which made her think of a solution. She dropped the pebbles one by one into the pitcher, and as the water level rose, she was finally able to drink from it. After quenching her thirst, she flew away happily.",2026-03-13T19:32:33.849419Z,"{""choices"":[""bird"",""water"",""pitcher"",""pebbles"",""bench"",""park"",""beak (or beak length)""]}","{""choices"":[""The day is hot."",""The bird is thirsty."",""The bird looks for water for a long time."",""The bird becomes very tired and is about to faint."",""The bird spots a pitcher of water."",""The pitcher is under a bench in a park."",""The bird flies down and sits on the pitcher."",""The water is too deep to reach, the bird鈥檚 beak is not long enough."",""The bird finds some pebbles."",""The bird picks up pebbles and drops them into the pitcher."",""The water level rises, allowing the bird to drink."",""The bird flies away happily.""]}",298,23.052,,,,2026-03-13T19:32:33.849443Z
88affc35a4046761,299,1,"The story was about a little bird who was very thirsty on a hot day and had been searching for water for a long time. She became very tired and almost fainted. While she was looking around, she saw a pitcher of water under a bench in a park. She flew down and sat on the pitcher, but the water was too deep for her to reach with her short beak. She looked around and found some pebbles, which made her think of a solution. She dropped the pebbles one by one into the pitcher, and the water level rose. Eventually, she was able to drink the water and flew away happily.",2026-03-13T19:32:53.558561Z,"{""choices"":[""bird"",""water"",""pitcher"",""pebbles"",""bench"",""park"",""beak (or beak length)""]}","{""choices"":[""The day is hot."",""The bird is thirsty."",""The bird looks for water for a long time."",""The bird becomes very tired and is about to faint."",""The bird spots a pitcher of water."",""The pitcher is under a bench in a park."",""The bird flies down and sits on the pitcher."",""The water is too deep to reach, the bird鈥檚 beak is not long enough."",""The bird finds some pebbles."",""The bird picks up pebbles and drops them into the pitcher."",""The water level rises, allowing the bird to drink."",""The bird flies away happily.""]}",299,19.503,,,,2026-03-13T19:32:53.558585Z
d4ca3e13bac51d26,300,1,"The story was about a little bird who was very thirsty and had been searching for water for a long time. It was a hot day, and she was so tired she was about to faint. She found a pitcher of water under a bench in a park but couldn't reach it because the water was too deep for her short beak. She looked around and found some pebbles, which gave her an idea. She dropped the pebbles one by one into the pitcher, and the water level rose until she could finally drink. She then flew away happily. I don鈥檛 know the bird鈥檚 name or what happened after she drank, but I remember she used pebbles to raise the water level.",2026-03-13T19:33:27.236438Z,"{""choices"":[""bird"",""water"",""pitcher"",""pebbles"",""bench"",""park"",""beak (or beak length)""]}","{""choices"":[""The day is hot."",""The bird is thirsty."",""The bird looks for water for a long time."",""The bird becomes very tired and is about to faint."",""The bird spots a pitcher of water."",""The pitcher is under a bench in a park."",""The water is too deep to reach, the bird鈥檚 beak is not long enough."",""The bird finds some pebbles."",""The bird picks up pebbles and drops them into the pitcher."",""The water level rises, allowing the bird to drink."",""The bird flies away happily.""]}",300,33.482,"[{""number"":1}]",,"Event [t] is missing because the physical actions of ""flying down"" or ""sitting"" on the pitcher are not explicitly narrated. There is 1 created fact: the final sentence contains meta-commentary regarding the narrator's lack of knowledge about the bird's name or future events, which is an external addition to the source narrative.",2026-03-13T19:33:27.236460Z
9edc6bad4bcf8e05,301,1,"The story is about a little bird who was very thirsty and tired on a hot day. She searched for water for a long time but couldn't find any. She saw a pitcher of water under a bench in a park, but the water was too deep for her to reach with her short beak. She looked around and found some pebbles. She used the pebbles to raise the water level by dropping them one by one into the pitcher. Once the water level rose enough, she was able to drink from the pitcher. She then flew away happily, satisfied and refreshed.",2026-03-13T19:34:24.208458Z,"{""choices"":[""bird"",""water"",""pitcher"",""pebbles"",""bench"",""park"",""beak (or beak length)""]}","{""choices"":[""The day is hot."",""The bird is thirsty."",""The bird looks for water for a long time."",""The bird becomes very tired and is about to faint."",""The bird spots a pitcher of water."",""The pitcher is under a bench in a park."",""The water is too deep to reach, the bird鈥檚 beak is not long enough."",""The bird finds some pebbles."",""The bird picks up pebbles and drops them into the pitcher."",""The water level rises, allowing the bird to drink."",""The bird flies away happily.""]}",301,56.766,"[{""number"":0}]",,,2026-03-13T19:34:24.208477Z
f55275897ac0066c,302,1,"The story is about a little bird who was very thirsty and tired on a hot day. She was searching for water for a long time and was about to faint. She eventually spotted a pitcher of water under a bench in a park. She flew down and sat on the pitcher, but the water was too deep for her to reach with her beak. She looked around and saw some pebbles, which gave her an idea. She picked up the pebbles one by one and dropped them into the pitcher. As she continued doing this, the water level rose, allowing her to reach the water and drink from it. She then flew away happily, having solved her problem with some clever thinking and a little help from the pebbles.",2026-03-13T19:34:56.389484Z,"{""choices"":[""bird"",""water"",""pitcher"",""pebbles"",""bench"",""park"",""beak (or beak length)""]}","{""choices"":[""The day is hot."",""The bird is thirsty."",""The bird looks for water for a long time."",""The bird becomes very tired and is about to faint."",""The bird spots a pitcher of water."",""The pitcher is under a bench in a park."",""The bird flies down and sits on the pitcher."",""The water is too deep to reach, the bird鈥檚 beak is not long enough."",""The bird finds some pebbles."",""The bird picks up pebbles and drops them into the pitcher."",""The water level rises, allowing the bird to drink."",""The bird flies away happily.""]}",302,31.989,"[{""number"":1}]",,"There is 1 created fact: the concluding sentence adds an evaluative summary describing the bird鈥檚 actions as ""clever thinking,"" which is an interpretive addition not found in the original factual narrative.",2026-03-13T19:34:56.389506Z
68d5de4fa4137a37,303,1,"The story is about a thirsty bird searching for water on a hot day. She was very tired and almost fainting from dehydration. While exploring a park, she noticed a pitcher of water under a bench. Although the water was visible, it was too deep for her to reach with her beak. She looked around and saw some pebbles. Using the pebbles, she dropped them one by one into the pitcher, which caused the water level to rise. Once the water was at a suitable height, she was able to drink from the pitcher. After quenching her thirst, the bird flew away happily, satisfied and refreshed.",2026-03-13T19:35:33.114270Z,"{""choices"":[""bird"",""water"",""pitcher"",""pebbles"",""bench"",""park"",""beak (or beak length)""]}","{""choices"":[""The day is hot."",""The bird is thirsty."",""The bird becomes very tired and is about to faint."",""The bird spots a pitcher of water."",""The pitcher is under a bench in a park."",""The water is too deep to reach, the bird鈥檚 beak is not long enough."",""The bird finds some pebbles."",""The bird picks up pebbles and drops them into the pitcher."",""The water level rises, allowing the bird to drink."",""The bird flies away happily.""]}",303,36.526,"[{""number"":1}]",,"Event [0] is missing as the specific duration ""for a long time"" is not mentioned. Event [t] is also missing because the physical actions of ""flying down"" or ""sitting"" on the pitcher are not explicitly narrated. There is 1 created fact: the final description of the bird being ""satisfied and refreshed"" adds emotional and physical depth not present in the original factual narrative.",2026-03-13T19:35:33.114301Z
1a7a5b41e8d02365,304,1,"The story is about a little bird who was very thirsty and tired on a hot day. She was searching for water for a long time and was about to faint when she spotted a pitcher of water under a bench in a park. She flew down and sat on the pitcher, but the water was too deep for her to reach with her beak. She looked around and saw some pebbles, which gave her an idea. She picked up the pebbles one by one and dropped them into the pitcher. As she added more pebbles, the water level rose, allowing her to finally drink from the pitcher. After quenching her thirst, the bird flew away happily, satisfied with her solution to the problem.",2026-03-13T19:36:17.115298Z,"{""choices"":[""bird"",""water"",""pitcher"",""pebbles"",""bench"",""park"",""beak (or beak length)""]}","{""choices"":[""The day is hot."",""The bird is thirsty."",""The bird looks for water for a long time."",""The bird becomes very tired and is about to faint."",""The bird spots a pitcher of water."",""The pitcher is under a bench in a park."",""The bird flies down and sits on the pitcher."",""The water is too deep to reach, the bird鈥檚 beak is not long enough."",""The bird finds some pebbles."",""The bird picks up pebbles and drops them into the pitcher."",""The water level rises, allowing the bird to drink."",""The bird flies away happily.""]}",304,43.804,"[{""number"":1}]",,"There is 1 created fact: the final phrase ""satisfied with her solution to the problem"" adds an interpretive layer regarding the bird's emotional state and cognitive appraisal of the situation, which is not present in the original factual narrative.",2026-03-13T19:36:17.115321Z
c33c14ca66f10317,305,1,"The story is about a little bird who was very thirsty and tired on a hot day. She searched for water for a long time but couldn't find any. While looking around, she spotted a pitcher of water under a bench in a park. She flew down and sat on the pitcher, but the water was too deep for her to reach with her beak. She looked around and noticed some pebbles nearby. She picked up the pebbles one by one and dropped them into the pitcher. As she added more pebbles, the water level rose, allowing her to finally drink from the pitcher. After quenching her thirst, she flew away happily, satisfied with her solution to the problem.",2026-03-13T19:36:44.757111Z,"{""choices"":[""bird"",""water"",""pitcher"",""pebbles"",""bench"",""park"",""beak (or beak length)""]}","{""choices"":[""The day is hot."",""The bird is thirsty."",""The bird looks for water for a long time."",""The bird becomes very tired and is about to faint."",""The bird spots a pitcher of water."",""The pitcher is under a bench in a park."",""The bird flies down and sits on the pitcher."",""The water is too deep to reach, the bird鈥檚 beak is not long enough."",""The bird finds some pebbles."",""The bird picks up pebbles and drops them into the pitcher."",""The water level rises, allowing the bird to drink."",""The bird flies away happily.""]}",305,27.436,"[{""number"":1}]",,"There is 1 created fact: the final phrase ""satisfied with her solution to the problem"" adds an interpretive layer regarding the bird's emotional state and cognitive appraisal, which is not part of the original factual narrative.",2026-03-13T19:36:44.757131Z
bfd6970592669574,306,1,"The story is about a little bird who was very thirsty and tired on a hot day. She searched for water for a long time but couldn鈥檛 find any. While she was about to faint, she noticed a pitcher of water under a bench in a park. She flew down and sat on the pitcher, but the water was too deep for her to reach with her short beak. She looked around and saw some pebbles. She picked up the pebbles one by one and dropped them into the pitcher. As the pebbles sank, the water level rose, allowing her to finally drink from the pitcher. After quenching her thirst, the bird flew away happily, satisfied and refreshed.",2026-03-13T19:38:28.782587Z,"{""choices"":[""bird"",""water"",""pitcher"",""pebbles"",""bench"",""park"",""beak (or beak length)""]}","{""choices"":[""The day is hot."",""The bird is thirsty."",""The bird looks for water for a long time."",""The bird becomes very tired and is about to faint."",""The bird spots a pitcher of water."",""The pitcher is under a bench in a park."",""The bird flies down and sits on the pitcher."",""The water is too deep to reach, the bird鈥檚 beak is not long enough."",""The bird finds some pebbles."",""The bird picks up pebbles and drops them into the pitcher."",""The water level rises, allowing the bird to drink."",""The bird flies away happily.""]}",306,103.82,"[{""number"":0}]",,,2026-03-13T19:38:28.782604Z
971a9d160a56ebdd,307,1,"It was a very hot day, and a little bird was very thirsty, searching for water for a long time. She became tired and was about to faint. While looking around, she suddenly noticed a pitcher of water under a bench in a park. She flew down and perched on the pitcher. Although she could see some water inside, it was too deep for her to reach with her beak. She looked around and saw some pebbles. She picked up the pebbles one by one and dropped them into the pitcher. As she added more pebbles, the water level rose, allowing her to finally reach the water with her beak. She drank happily and then flew away.",2026-03-13T19:38:54.779368Z,"{""choices"":[""bird"",""water"",""pitcher"",""pebbles"",""bench"",""park"",""beak (or beak length)""]}","{""choices"":[""The day is hot."",""The bird is thirsty."",""The bird looks for water for a long time."",""The bird becomes very tired and is about to faint."",""The bird spots a pitcher of water."",""The pitcher is under a bench in a park."",""The bird flies down and sits on the pitcher."",""The water is too deep to reach, the bird鈥檚 beak is not long enough."",""The bird finds some pebbles."",""The bird picks up pebbles and drops them into the pitcher."",""The water level rises, allowing the bird to drink."",""The bird flies away happily.""]}",307,25.796,,,,2026-03-13T19:38:54.779390Z
f5282d9bf7c7a789,308,1,"The story is about a thirsty bird searching for water on a hot day. She became very tired and was about to faint but then noticed a pitcher of water under a bench in a park. She flew down, sat on the pitcher, and saw some water inside, though it was too deep for her to reach with her beak. She looked around and found pebbles, which gave her an idea. She picked up the pebbles one by one and dropped them into the pitcher, causing the water level to rise. Once the water was within reach, she drank it and flew away happily. The story highlights the bird's determination and problem-solving skills as she used the pebbles to raise the water level.",2026-03-13T19:40:07.048760Z,"{""choices"":[""bird"",""water"",""pitcher"",""pebbles"",""bench"",""park"",""beak (or beak length)""]}","{""choices"":[""The day is hot."",""The bird is thirsty."",""The bird becomes very tired and is about to faint."",""The bird spots a pitcher of water."",""The pitcher is under a bench in a park."",""The bird flies down and sits on the pitcher."",""The water is too deep to reach, the bird鈥檚 beak is not long enough."",""The bird finds some pebbles."",""The bird picks up pebbles and drops them into the pitcher."",""The water level rises, allowing the bird to drink."",""The bird flies away happily.""]}",308,72.075,"[{""number"":1}]",,"Event [0] is missing as the specific duration ""for a long time"" is omitted. There is 1 created fact: the final sentence provides an evaluative summary regarding ""determination"" and ""problem-solving skills,"" which are interpretive additions rather than direct narrative facts from the source story.",2026-03-13T19:40:07.048773Z
7137fa6c40025199,309,1,"The story is about a little bird who was very thirsty and tired on a hot day. She searched for water for a long time but couldn鈥檛 find any. She eventually saw a pitcher of water under a bench in a park. She flew down and sat on the pitcher, but the water was too deep for her to reach with her short beak. She looked around and noticed some pebbles. She picked up the pebbles one by one and dropped them into the pitcher. As the pebbles settled, the water level rose, allowing the bird to drink. After quenching her thirst, she flew away happily.",2026-03-13T19:40:58.053047Z,"{""choices"":[""bird"",""water"",""pitcher"",""pebbles"",""bench"",""park"",""beak (or beak length)""]}","{""choices"":[""The day is hot."",""The bird is thirsty."",""The bird looks for water for a long time."",""The bird becomes very tired and is about to faint."",""The bird spots a pitcher of water."",""The pitcher is under a bench in a park."",""The bird flies down and sits on the pitcher."",""The water is too deep to reach, the bird鈥檚 beak is not long enough."",""The bird finds some pebbles."",""The bird picks up pebbles and drops them into the pitcher."",""The water level rises, allowing the bird to drink."",""The bird flies away happily.""]}",309,50.798,,,,2026-03-13T19:40:58.053071Z
3f5cee714124527e,310,1,"The story is about a little bird who was very thirsty and exhausted on a hot day. She searched for water for a long time but couldn鈥檛 find any. Finally, she saw a pitcher of water under a bench in a park. She flew down and sat on the pitcher, but the water was too deep for her to reach with her short beak. She looked around and saw some pebbles. She picked up the pebbles one by one and dropped them into the pitcher. As she added more pebbles, the water level rose, allowing her to drink from the pitcher. Once she had quenished her thirst, she flew away happily. The story shows the bird鈥檚 determination and cleverness in finding a way to access the water.",2026-03-13T19:41:46.381651Z,"{""choices"":[""bird"",""water"",""pitcher"",""pebbles"",""bench"",""park"",""beak (or beak length)""]}","{""choices"":[""The day is hot."",""The bird is thirsty."",""The bird looks for water for a long time."",""The bird becomes very tired and is about to faint."",""The bird spots a pitcher of water."",""The pitcher is under a bench in a park."",""The bird flies down and sits on the pitcher."",""The water is too deep to reach, the bird鈥檚 beak is not long enough."",""The bird finds some pebbles."",""The bird picks up pebbles and drops them into the pitcher."",""The water level rises, allowing the bird to drink."",""The bird flies away happily.""]}",310,48.13,"[{""number"":1}]",,"There is 1 created fact: the final sentence provides an evaluative summary regarding the bird's ""determination and cleverness,"" which are interpretive characterizations rather than direct factual events from the source narrative.",2026-03-13T19:41:46.381676Z
5a5493eb792b3be6,311,1,"I remember a little bird who was very thirsty and tired on a hot day. She was searching for water for a long time and was about to faint. She saw a pitcher of water under a bench in a park. She flew down and sat on the pitcher, but the water was too deep for her to reach with her beak. She looked around and found some pebbles. She picked up the pebbles one by one and dropped them into the pitcher. As she added more pebbles, the water level rose, allowing her to finally drink from the pitcher. She flew away happily after quenching her thirst. I don鈥檛 know the exact time of day or the color of the bird鈥檚 feathers, but I remember the pitcher was under a bench in a park.",2026-03-13T19:43:32.678883Z,"{""choices"":[""bird"",""water"",""pitcher"",""pebbles"",""bench"",""park"",""beak (or beak length)""]}","{""choices"":[""The day is hot."",""The bird is thirsty."",""The bird looks for water for a long time."",""The bird becomes very tired and is about to faint."",""The bird spots a pitcher of water."",""The pitcher is under a bench in a park."",""The bird flies down and sits on the pitcher."",""The water is too deep to reach, the bird鈥檚 beak is not long enough."",""The bird finds some pebbles."",""The bird picks up pebbles and drops them into the pitcher."",""The water level rises, allowing the bird to drink."",""The bird flies away happily.""]}",311,106.099,"[{""number"":1}]",,"There is 1 created fact: the final sentence contains meta-commentary regarding what the narrator does not know (time of day, feather color).",2026-03-13T19:43:32.678910Z
c72e46ecc063aee7,312,1,"The story is about a little bird who was very thirsty and tired on a hot day. She was searching for water for a long time and was about to faint. While looking around, she noticed a pitcher of water under a bench in a park. She flew down and sat on the pitcher, but the water was too deep for her to reach with her beak. She looked around and saw some pebbles, which gave her an idea. She picked up the pebbles one by one and dropped them into the pitcher. As she added more pebbles, the water level rose, allowing her to finally drink from the pitcher. After quenching her thirst, she flew away happily.",2026-03-13T19:44:10.078095Z,"{""choices"":[""bird"",""water"",""pitcher"",""pebbles"",""bench"",""park"",""beak (or beak length)""]}","{""choices"":[""The day is hot."",""The bird is thirsty."",""The bird looks for water for a long time."",""The bird becomes very tired and is about to faint."",""The bird spots a pitcher of water."",""The pitcher is under a bench in a park."",""The bird flies down and sits on the pitcher."",""The water is too deep to reach, the bird鈥檚 beak is not long enough."",""The bird finds some pebbles."",""The bird picks up pebbles and drops them into the pitcher."",""The water level rises, allowing the bird to drink."",""The bird flies away happily.""]}",312,37.194,,,,2026-03-13T19:44:10.078116Z
20a0eb5bfebfb66e,313,1,"The story is about a little bird who was very thirsty and tired on a hot day. She was searching for water for a long time and was about to faint. While looking around, she noticed a pitcher of water under a bench in a park. She flew down and sat on the pitcher, but the water was too deep for her to reach with her short beak. She looked around and saw some pebbles, which gave her an idea. She picked up the pebbles one by one and dropped them into the pitcher. As she continued doing this, the water level rose, allowing her to finally drink from the pitcher. After quenching her thirst, she flew away happily, satisfied and refreshed.",2026-03-13T20:20:01.224901Z,"{""choices"":[""bird"",""water"",""pitcher"",""pebbles"",""bench"",""park"",""beak (or beak length)""]}","{""choices"":[""The day is hot."",""The bird is thirsty."",""The bird looks for water for a long time."",""The bird becomes very tired and is about to faint."",""The bird spots a pitcher of water."",""The pitcher is under a bench in a park."",""The bird flies down and sits on the pitcher."",""The water is too deep to reach, the bird鈥檚 beak is not long enough."",""The bird finds some pebbles."",""The bird picks up pebbles and drops them into the pitcher."",""The water level rises, allowing the bird to drink."",""The bird flies away happily.""]}",313,2150.943,"[{""number"":0}]",,,2026-03-13T20:20:01.224924Z
08655487b5c3f2b9,314,1,"The story is about a little bird who was very thirsty and tired on a hot day. She was searching for water for a long time but couldn鈥檛 find any. She finally spotted a pitcher of water under a bench in a park. She flew down and sat on the pitcher, but the water was too deep for her to reach with her short beak. She looked around and saw some pebbles, which gave her an idea. She picked up the pebbles one by one and dropped them into the pitcher. As she added more pebbles, the water level rose, allowing her to drink from the pitcher. Once she had quenched her thirst, she flew away happily.",2026-03-13T20:20:24.195789Z,"{""choices"":[""bird"",""water"",""pitcher"",""pebbles"",""bench"",""park"",""beak (or beak length)""]}","{""choices"":[""The day is hot."",""The bird is thirsty."",""The bird looks for water for a long time."",""The bird becomes very tired and is about to faint."",""The bird spots a pitcher of water."",""The pitcher is under a bench in a park."",""The bird flies down and sits on the pitcher."",""The water is too deep to reach, the bird鈥檚 beak is not long enough."",""The bird finds some pebbles."",""The bird picks up pebbles and drops them into the pitcher."",""The water level rises, allowing the bird to drink."",""The bird flies away happily.""]}",314,22.73,,,,2026-03-13T20:20:24.195813Z
e8c7779dd0d6b1a0,315,1,"The story is about a little bird who was very thirsty and tired on a hot day. She was searching for water for a long time but couldn鈥檛 find any. Eventually, she saw a pitcher of water under a bench in a park. She flew down and sat on the pitcher, but the water was too deep for her to reach with her beak. She looked around and found some pebbles, which gave her an idea. She picked up the pebbles one by one and dropped them into the pitcher. As she added more pebbles, the water level rose, allowing her to drink from the pitcher. Once she had quenched her thirst, she flew away happily. I don鈥檛 know the exact time of day or the color of the bird, but I remember the setting was a park. I don鈥檛 know how many pebbles she used, but it was enough to raise the water level.",2026-03-13T20:21:01.999474Z,"{""choices"":[""bird"",""water"",""pitcher"",""pebbles"",""bench"",""park"",""beak (or beak length)""]}","{""choices"":[""The day is hot."",""The bird is thirsty."",""The bird looks for water for a long time."",""The bird becomes very tired and is about to faint."",""The bird spots a pitcher of water."",""The pitcher is under a bench in a park."",""The bird flies down and sits on the pitcher."",""The water is too deep to reach, the bird鈥檚 beak is not long enough."",""The bird finds some pebbles."",""The bird picks up pebbles and drops them into the pitcher."",""The water level rises, allowing the bird to drink."",""The bird flies away happily.""]}",315,33.487,"[{""number"":1}]",,"There is 1 created fact: the concluding sentences consist of meta-commentary regarding the narrator's lack of knowledge about specific details (time, color, pebble count). These self-reflective statements about memory are external to the source story's factual narrative.",2026-03-13T20:21:01.999499Z
9f7ae44b4b31fd65,316,1,"It was a very hot day, and a thirsty bird was searching for water for a long time. She became very tired and was about to faint. While she was looking around, she suddenly noticed a pitcher of water under a bench in a park. She flew down and perched on the pitcher. Although she could see some water inside, it was too deep for her to reach with her beak. She looked around and saw some pebbles nearby. She picked up the pebbles one by one and dropped them into the pitcher. As she continued doing this, the water level rose, allowing her to finally reach the water with her beak. She drank deeply and then flew away happily, satisfied and refreshed.",2026-03-13T20:21:24.556029Z,"{""choices"":[""bird"",""water"",""pitcher"",""pebbles"",""bench"",""park"",""beak (or beak length)""]}","{""choices"":[""The day is hot."",""The bird is thirsty."",""The bird looks for water for a long time."",""The bird becomes very tired and is about to faint."",""The bird spots a pitcher of water."",""The pitcher is under a bench in a park."",""The bird flies down and sits on the pitcher."",""The water is too deep to reach, the bird鈥檚 beak is not long enough."",""The bird finds some pebbles."",""The bird picks up pebbles and drops them into the pitcher."",""The water level rises, allowing the bird to drink."",""The bird flies away happily.""]}",316,22.359,,,,2026-03-13T20:21:24.556051Z
9a8a77a8e6221492,317,1,"The story is about a little bird who was very thirsty on a hot day and had been searching for water for a long time. She became so tired she was about to faint. While searching, she noticed a pitcher of water under a bench in a park. She flew down and sat on the pitcher, but the water was too deep for her to reach with her beak. She looked around and saw some pebbles, which gave her an idea. She picked up the pebbles one by one and dropped them into the pitcher. As she did this, the water level rose, allowing her to finally drink from the pitcher. After quenching her thirst, she flew away happily.",2026-03-13T20:21:46.499530Z,"{""choices"":[""bird"",""water"",""pitcher"",""pebbles"",""bench"",""park"",""beak (or beak length)""]}","{""choices"":[""The day is hot."",""The bird is thirsty."",""The bird looks for water for a long time."",""The bird becomes very tired and is about to faint."",""The bird spots a pitcher of water."",""The pitcher is under a bench in a park."",""The bird flies down and sits on the pitcher."",""The water is too deep to reach, the bird鈥檚 beak is not long enough."",""The bird finds some pebbles."",""The bird picks up pebbles and drops them into the pitcher."",""The water level rises, allowing the bird to drink."",""The bird flies away happily.""]}",317,21.738,,,,2026-03-13T20:21:46.499554Z
fd0b7df51029544c,318,1,"The story is about a little bird who was very thirsty on a hot day and had been searching for water for a long time. She became so tired she was about to faint. While looking around, she noticed a pitcher of water under a bench in a park. She flew down and sat on the pitcher, but the water was too deep for her to reach with her beak. She looked around and saw some pebbles, which gave her an idea. She picked up the pebbles one by one and dropped them into the pitcher. As she added more pebbles, the water level rose, allowing her to finally drink from the pitcher. After quenching her thirst, the bird flew away happily, satisfied with her success.",2026-03-13T20:22:23.327317Z,"{""choices"":[""bird"",""water"",""pitcher"",""pebbles"",""bench"",""park"",""beak (or beak length)""]}","{""choices"":[""The day is hot."",""The bird is thirsty."",""The bird looks for water for a long time."",""The bird becomes very tired and is about to faint."",""The bird spots a pitcher of water."",""The pitcher is under a bench in a park."",""The bird flies down and sits on the pitcher."",""The water is too deep to reach, the bird鈥檚 beak is not long enough."",""The bird finds some pebbles."",""The bird picks up pebbles and drops them into the pitcher."",""The water level rises, allowing the bird to drink."",""The bird flies away happily.""]}",318,36.63,,,,2026-03-13T20:22:23.327339Z
8eac65fb3663bc94,319,1,"The story is about a little bird who was very thirsty and tired on a hot day. She was searching for water for a long time and was about to faint when she spotted a pitcher of water under a bench in a park. She flew down and sat on the pitcher, but the water was too deep for her to reach with her beak. She looked around and found some pebbles, which gave her an idea. She picked up the pebbles one by one and dropped them into the pitcher. As she added more pebbles, the water level rose, allowing her to drink from the pitcher. Once she had quenched her thirst, she flew away happily.",2026-03-13T20:22:42.654811Z,"{""choices"":[""bird"",""water"",""pitcher"",""pebbles"",""bench"",""park"",""beak (or beak length)""]}","{""choices"":[""The day is hot."",""The bird is thirsty."",""The bird looks for water for a long time."",""The bird becomes very tired and is about to faint."",""The bird spots a pitcher of water."",""The pitcher is under a bench in a park."",""The bird flies down and sits on the pitcher."",""The water is too deep to reach, the bird鈥檚 beak is not long enough."",""The bird finds some pebbles."",""The bird picks up pebbles and drops them into the pitcher."",""The water level rises, allowing the bird to drink."",""The bird flies away happily.""]}",319,19.123,,,,2026-03-13T20:22:42.654836Z
a485f9521d6a9fcc,320,1,"The story is about a little bird who was very thirsty and tired on a hot day. She searched for water for a long time but couldn't find any. She spotted a pitcher of water under a bench in a park. She flew down and sat on the pitcher, but the water was too deep for her to reach with her beak. She looked around and found some pebbles. She picked up the pebbles one by one and dropped them into the pitcher. As she added more pebbles, the water level rose, allowing her to drink from the pitcher. After quenching her thirst, she flew away happily. I don鈥檛 know the exact color of the bird or the time of day beyond it being hot. I don鈥檛 know if there were other birds nearby or if the park was busy. I don鈥檛 know.",2026-03-13T20:23:22.814636Z,"{""choices"":[""bird"",""water"",""pitcher"",""pebbles"",""bench"",""park"",""beak (or beak length)""]}","{""choices"":[""The day is hot."",""The bird is thirsty."",""The bird looks for water for a long time."",""The bird becomes very tired and is about to faint."",""The bird spots a pitcher of water."",""The pitcher is under a bench in a park."",""The bird flies down and sits on the pitcher."",""The water is too deep to reach, the bird鈥檚 beak is not long enough."",""The bird finds some pebbles."",""The bird picks up pebbles and drops them into the pitcher."",""The water level rises, allowing the bird to drink."",""The bird flies away happily.""]}",320,39.961,"[{""number"":1}]",,"There is 1 created fact: the concluding section consists of extensive meta-commentary regarding details the narrator does not know (bird color, presence of other birds, park activity). These self-reflective statements about the limits of the narrator's memory are external to the source story's factual narrative.",2026-03-13T20:23:22.814660Z
845cc6bd73cc1785,321,1,"The story is about a little bird who was very thirsty and tired on a hot day. She was searching for water for a long time and was about to faint. She finally saw a pitcher of water under a bench in a park. She flew down and sat on the pitcher, but the water was too deep for her to reach with her beak. She looked around and found some pebbles. She picked up the pebbles one by one and dropped them into the pitcher. As she added more pebbles, the water level rose, allowing her to drink from the pitcher. She then flew away happily after quenching her thirst.",2026-03-13T20:23:41.848239Z,"{""choices"":[""bird"",""water"",""pitcher"",""pebbles"",""bench"",""park"",""beak (or beak length)""]}","{""choices"":[""The day is hot."",""The bird is thirsty."",""The bird looks for water for a long time."",""The bird becomes very tired and is about to faint."",""The bird spots a pitcher of water."",""The pitcher is under a bench in a park."",""The bird flies down and sits on the pitcher."",""The water is too deep to reach, the bird鈥檚 beak is not long enough."",""The bird finds some pebbles."",""The bird picks up pebbles and drops them into the pitcher."",""The water level rises, allowing the bird to drink."",""The bird flies away happily.""]}",321,18.836,,,,2026-03-13T20:23:41.848261Z
e1878e6390ccd241,322,1,"The story is about a little bird who was very thirsty and tired on a hot day. She was searching for water for a long time and was about to faint when she saw a pitcher of water under a bench in a park. She flew down, sat on the pitcher, and noticed some water inside, but it was too deep for her to reach with her short beak. She looked around and found some pebbles, which gave her an idea. She picked up the pebbles one by one and dropped them into the pitcher, causing the water level to rise. Once the water was at a suitable height, she was able to drink from it. After quenching her thirst, she flew away happily. I don鈥檛 know the exact location of the park or the color of the pitcher, but I remember the bird鈥檚 actions and the problem she faced.",2026-03-13T20:24:21.772289Z,"{""choices"":[""bird"",""water"",""pitcher"",""pebbles"",""bench"",""park"",""beak (or beak length)""]}","{""choices"":[""The day is hot."",""The bird is thirsty."",""The bird looks for water for a long time."",""The bird becomes very tired and is about to faint."",""The bird spots a pitcher of water."",""The pitcher is under a bench in a park."",""The bird flies down and sits on the pitcher."",""The water is too deep to reach, the bird鈥檚 beak is not long enough."",""The bird finds some pebbles."",""The bird picks up pebbles and drops them into the pitcher."",""The water level rises, allowing the bird to drink."",""The bird flies away happily.""]}",322,39.731,"[{""number"":1}]",,"There is 1 created fact: the final sentence contains meta-commentary regarding the narrator's lack of knowledge about specific details (park location, pitcher color). These self-reflective statements about the narrator's memory are external to the source story's factual narrative.",2026-03-13T20:24:21.772312Z
c42ffb52722449f8,323,1,"The story is about a little bird who was very thirsty and tired on a hot day. She searched for water for a long time but couldn鈥檛 find any. While looking around, she noticed a pitcher of water under a bench in a park. She flew down and sat on the pitcher, but the water was too deep for her to reach with her beak. She looked around and saw some pebbles. She picked up the pebbles one by one and dropped them into the pitcher. As she added more pebbles, the water level rose, allowing her to drink from the pitcher. After quenching her thirst, she flew away happily. I don鈥檛 know the exact color of the bird or the specific location of the park, but I remember the key details about her struggle, the pitcher, the pebbles, and how she solved the problem.",2026-03-13T20:24:47.263764Z,"{""choices"":[""bird"",""water"",""pitcher"",""pebbles"",""bench"",""park"",""beak (or beak length)""]}","{""choices"":[""The day is hot."",""The bird is thirsty."",""The bird looks for water for a long time."",""The bird becomes very tired and is about to faint."",""The bird spots a pitcher of water."",""The pitcher is under a bench in a park."",""The bird flies down and sits on the pitcher."",""The water is too deep to reach, the bird鈥檚 beak is not long enough."",""The bird finds some pebbles."",""The bird picks up pebbles and drops them into the pitcher."",""The water level rises, allowing the bird to drink."",""The bird flies away happily.""]}",323,25.291,"[{""number"":1}]",,There is 1 created fact: the final sentence consists of meta-commentary regarding the narrator's memory limitations (lack of knowledge about the bird's color or park location) and a summary of remembered elements. These self-reflective statements are external to the source story's factual narrative.,2026-03-13T20:24:47.263786Z
c99637b7b940af06,324,1,"I remember a little bird who was very thirsty on a hot day and was struggling to find water for a long time. She was so tired she was about to faint when she suddenly saw a pitcher of water under a bench in a park. She flew down and sat on the pitcher, but the water was too deep for her to reach with her short beak. She looked around and found some pebbles, which gave her an idea. She picked up the pebbles one by one and dropped them into the pitcher. As she did, the water level rose, allowing her to finally drink from the pitcher. She flew away happily after quenching her thirst. I don鈥檛 know the exact location of the park or the type of bird, but I remember the pitcher, the pebbles, and the process of raising the water level.",2026-03-13T20:25:22.559050Z,"{""choices"":[""bird"",""water"",""pitcher"",""pebbles"",""bench"",""park"",""beak (or beak length)""]}","{""choices"":[""The day is hot."",""The bird is thirsty."",""The bird looks for water for a long time."",""The bird becomes very tired and is about to faint."",""The bird spots a pitcher of water."",""The pitcher is under a bench in a park."",""The bird flies down and sits on the pitcher."",""The water is too deep to reach, the bird鈥檚 beak is not long enough."",""The bird finds some pebbles."",""The bird picks up pebbles and drops them into the pitcher."",""The water level rises, allowing the bird to drink."",""The bird flies away happily.""]}",324,35.096,"[{""number"":1}]","[{""number"":0}]","There is 1 created fact: the concluding sentence contains meta-commentary regarding the narrator's lack of knowledge about specific details (exact location, bird type) and a summary of what they do remember. These self-reflective statements about memory are external to the source story's factual narrative.",2026-03-13T20:25:22.559074Z
0a6290a3f09a3845,325,1,"It was a very hot day, and a thirsty bird was searching for water for a long time. She became very tired and was about to faint. While looking around, she suddenly noticed a pitcher of water under a bench in a park. She flew down and perched on the pitcher. Although she could see some water inside, it was too deep for her to reach with her beak. She looked around and saw some pebbles nearby. She picked up the pebbles one by one and dropped them into the pitcher. As she continued, the water level rose, allowing her to reach the water with her beak. Once she had drank her fill, she flew away happily, satisfied and refreshed.",2026-03-13T20:25:47.349724Z,"{""choices"":[""bird"",""water"",""pitcher"",""pebbles"",""bench"",""park"",""beak (or beak length)""]}","{""choices"":[""The day is hot."",""The bird is thirsty."",""The bird looks for water for a long time."",""The bird becomes very tired and is about to faint."",""The bird spots a pitcher of water."",""The pitcher is under a bench in a park."",""The bird flies down and sits on the pitcher."",""The water is too deep to reach, the bird鈥檚 beak is not long enough."",""The bird finds some pebbles."",""The bird picks up pebbles and drops them into the pitcher."",""The water level rises, allowing the bird to drink."",""The bird flies away happily.""]}",325,24.584,,,,2026-03-13T20:25:47.349755Z
23e183a8a3b764ee,326,1,"The story was about a little bird who was very thirsty on a hot day. She searched for water for a long time and became very tired, almost fainting. She found a pitcher of water under a bench in a park but couldn鈥檛 reach it because the water was too deep for her beak. She looked around and found some pebbles, which made her think. She dropped the pebbles one by one into the pitcher, and the water level rose. Eventually, she was able to drink the water and flew away happily. The bird used the pebbles to raise the water level so she could access it. She was thirsty, tired, and happy after finding the water.",2026-03-13T20:28:24.138636Z,"{""choices"":[""bird"",""water"",""pitcher"",""pebbles"",""bench"",""park"",""beak (or beak length)""]}","{""choices"":[""The day is hot."",""The bird is thirsty."",""The bird looks for water for a long time."",""The bird becomes very tired and is about to faint."",""The bird spots a pitcher of water."",""The pitcher is under a bench in a park."",""The water is too deep to reach, the bird鈥檚 beak is not long enough."",""The bird finds some pebbles."",""The bird picks up pebbles and drops them into the pitcher."",""The water level rises, allowing the bird to drink."",""The bird flies away happily.""]}",326,156.593,,,,2026-03-13T20:28:24.138656Z
860119a954365359,327,1,"The story was about a little bird who was very thirsty on a hot day. She looked for water for a long time and was almost fainting from tiredness. She found a pitcher of water under a bench in a park but couldn鈥檛 reach it because the water was too deep for her beak. She looked around and found some pebbles, which made her think of a solution. She dropped the pebbles one by one into the pitcher, which raised the water level. This allowed her to drink the water. She then flew away happily. I don鈥檛 know if there were other birds or if the pitcher was full or empty to begin with. I don鈥檛 know.",2026-03-13T20:29:36.584700Z,"{""choices"":[""bird"",""water"",""pitcher"",""pebbles"",""bench"",""park"",""beak (or beak length)""]}","{""choices"":[""The day is hot."",""The bird is thirsty."",""The bird looks for water for a long time."",""The bird becomes very tired and is about to faint."",""The bird spots a pitcher of water."",""The pitcher is under a bench in a park."",""The water is too deep to reach, the bird鈥檚 beak is not long enough."",""The bird finds some pebbles."",""The bird picks up pebbles and drops them into the pitcher."",""The water level rises, allowing the bird to drink."",""The bird flies away happily.""]}",327,72.242,"[{""number"":1}]",,"There is 1 created fact: the concluding sentences consist of meta-commentary regarding the narrator's uncertainty about unmentioned details (other birds, initial water volume). These self-reflective statements about the limits of memory are external to the source story's factual narrative.",2026-03-13T20:29:36.584733Z
4b3202b712286e4a,328,1,"The story was about a little bird who was very thirsty on a hot day and had been searching for water for a long time. She became very tired and almost fainted. While resting, she saw a pitcher of water under a bench in a park. Although she could see the water, it was too deep for her to reach with her short beak. She looked around and found some pebbles, which made her think of a solution. She dropped the pebbles one by one into the pitcher, and as they sank, the water level rose. This allowed her to drink the water. After satisfying her thirst, she flew away happily. I don鈥檛 know.",2026-03-13T20:30:43.899006Z,"{""choices"":[""bird"",""water"",""pitcher"",""pebbles"",""bench"",""park"",""beak (or beak length)""]}","{""choices"":[""The day is hot."",""The bird is thirsty."",""The bird looks for water for a long time."",""The bird becomes very tired and is about to faint."",""The bird spots a pitcher of water."",""The pitcher is under a bench in a park."",""The water is too deep to reach, the bird鈥檚 beak is not long enough."",""The bird finds some pebbles."",""The bird picks up pebbles and drops them into the pitcher."",""The water level rises, allowing the bird to drink."",""The bird flies away happily.""]}",328,67.106,"[{""number"":1}]",,"The recall text identifies all seven entities but misses event [t], as it fails to explicitly state that the bird flew down and sat on the pitcher. There is 1 created fact: the final ""I don't know"" is a meta-commentary on the narrator's own memory, which is external to the factual narrative of the source story.",2026-03-13T20:30:43.899035Z
2cfe066e7f0a42bf,329,1,"The story was about a little bird who was very thirsty on a hot day. She searched for water for a long time and became very tired, almost fainting. She found a pitcher of water under a bench in a park but couldn't reach it because the water was too deep for her beak. She looked around and found some pebbles, which made her think of a solution. She dropped the pebbles one by one into the pitcher, and as they sank, the water level rose. This allowed her to drink the water. She then flew away happily. I don鈥檛 know.",2026-03-13T20:32:39.335724Z,"{""choices"":[""bird"",""water"",""pitcher"",""pebbles"",""bench"",""park"",""beak (or beak length)""]}","{""choices"":[""The day is hot."",""The bird is thirsty."",""The bird looks for water for a long time."",""The bird becomes very tired and is about to faint."",""The bird spots a pitcher of water."",""The pitcher is under a bench in a park."",""The water is too deep to reach, the bird鈥檚 beak is not long enough."",""The bird finds some pebbles."",""The bird picks up pebbles and drops them into the pitcher."",""The water level rises, allowing the bird to drink."",""The bird flies away happily.""]}",329,115.243,"[{""number"":1}]",,"The recall text identifies all seven entities but misses event [t], as it omits the explicit physical action of the bird flying down and landing or sitting on the pitcher. There is 1 created fact: the final ""I don't know"" serves as meta-commentary on the narrator's memory, which is an external addition to the source story's factual narrative.",2026-03-13T20:32:39.335740Z
5784abc2212311e6,330,1,"It was a hot day, and a thirsty bird was searching for water for a long time. She became very tired and was about to faint when she saw a pitcher of water under a bench in a park. She flew down and sat on the pitcher, but the water was too deep for her to reach with her short beak. She looked around and found some pebbles, which made her think. She picked up the pebbles one by one and dropped them into the pitcher, which raised the water level. This allowed her to drink the water, and she flew away happily.",2026-03-13T20:33:01.099473Z,"{""choices"":[""bird"",""water"",""pitcher"",""pebbles"",""bench"",""park"",""beak (or beak length)""]}","{""choices"":[""The day is hot."",""The bird is thirsty."",""The bird looks for water for a long time."",""The bird becomes very tired and is about to faint."",""The bird spots a pitcher of water."",""The pitcher is under a bench in a park."",""The bird flies down and sits on the pitcher."",""The water is too deep to reach, the bird鈥檚 beak is not long enough."",""The bird finds some pebbles."",""The bird picks up pebbles and drops them into the pitcher."",""The water level rises, allowing the bird to drink."",""The bird flies away happily.""]}",330,21.56,,,,2026-03-13T20:33:01.099495Z
0d3a8f039b3d7773,331,1,"The story was about a little bird who was very thirsty on a hot day. She searched for water for a long time and became very tired, almost fainting. She found a pitcher of water under a bench in a park but couldn鈥檛 reach it because the water was too deep for her beak. She looked around and found some pebbles, which made her think. She dropped the pebbles one by one into the pitcher, and the water level rose until she could finally drink. She then flew away happily. I don鈥檛 know.",2026-03-13T20:33:38.099234Z,"{""choices"":[""bird"",""water"",""pitcher"",""pebbles"",""bench"",""park"",""beak (or beak length)""]}","{""choices"":[""The day is hot."",""The bird is thirsty."",""The bird looks for water for a long time."",""The bird becomes very tired and is about to faint."",""The bird spots a pitcher of water."",""The pitcher is under a bench in a park."",""The water is too deep to reach, the bird鈥檚 beak is not long enough."",""The bird finds some pebbles."",""The bird picks up pebbles and drops them into the pitcher."",""The water level rises, allowing the bird to drink."",""The bird flies away happily.""]}",331,36.806,"[{""number"":1}]",,"The recall text identifies all seven entities but misses event [t], as it fails to explicitly state that the bird flew down and sat on the pitcher. There is 1 created fact: the final ""I don't know"" serves as meta-commentary on the narrator's memory, which is an external addition to the source story's factual narrative.",2026-03-13T20:33:38.099256Z
896e45dc31afce47,332,1,"The story was about a little bird who was very thirsty and had been searching for water for a long time. It was a hot day, and she was so tired she was about to faint. She found a pitcher of water under a bench in a park, but the water was too deep for her to reach with her short beak. She looked around and found some pebbles, which made her think. She dropped the pebbles one by one into the pitcher, and the water level rose until she could finally drink. She then flew away happily. I don鈥檛 know exactly how many pebbles she used, but she kept dropping them until the water was at a level she could reach.",2026-03-13T20:34:24.766578Z,"{""choices"":[""bird"",""water"",""pitcher"",""pebbles"",""bench"",""park"",""beak (or beak length)""]}","{""choices"":[""The day is hot."",""The bird is thirsty."",""The bird looks for water for a long time."",""The bird becomes very tired and is about to faint."",""The bird spots a pitcher of water."",""The pitcher is under a bench in a park."",""The water is too deep to reach, the bird鈥檚 beak is not long enough."",""The bird finds some pebbles."",""The bird picks up pebbles and drops them into the pitcher."",""The water level rises, allowing the bird to drink."",""The bird flies away happily.""]}",332,46.467,"[{""number"":1}]",,"The recall text identifies all seven entities but misses event [t], as it fails to explicitly state that the bird flew down and sat on the pitcher. There is 1 created fact: the concluding sentence includes meta-commentary regarding the narrator's uncertainty about the number of pebbles used. These self-reflective statements about memory are external to the source story's factual narrative.",2026-03-13T20:34:24.766604Z
7be539a818787310,333,1,"It was a hot day, and a thirsty bird was searching for water for a long time. She was very tired and almost fainting when she saw a pitcher of water under a bench in a park. She flew down and sat on the pitcher but couldn鈥檛 reach the water because it was too deep for her beak. She looked around and found some pebbles, which made her think. She picked up the pebbles one by one and dropped them into the pitcher. The water level rose, allowing her to drink. She then flew away happily.",2026-03-13T20:34:50.825205Z,"{""choices"":[""bird"",""water"",""pitcher"",""pebbles"",""bench"",""park"",""beak (or beak length)""]}","{""choices"":[""The day is hot."",""The bird is thirsty."",""The bird looks for water for a long time."",""The bird becomes very tired and is about to faint."",""The bird spots a pitcher of water."",""The pitcher is under a bench in a park."",""The bird flies down and sits on the pitcher."",""The water is too deep to reach, the bird鈥檚 beak is not long enough."",""The bird finds some pebbles."",""The bird picks up pebbles and drops them into the pitcher."",""The water level rises, allowing the bird to drink."",""The bird flies away happily.""]}",333,25.856,,,,2026-03-13T20:34:50.825228Z
2e2bca8caef1f0cd,334,1,"The story was about a thirsty bird who was searching for water on a hot day. She became very tired and almost fainted but then saw a pitcher of water under a bench in a park. The water was too deep for her to reach with her short beak, so she looked around and found some pebbles. She dropped the pebbles into the pitcher one by one, which caused the water level to rise. Eventually, she was able to drink the water and flew away happily. The bird used the pebbles to make the water accessible. I don鈥檛 know the exact time of day, but it was described as a hot day. The setting was a park with a bench, and the bird was the only character mentioned. I don鈥檛 know the bird鈥檚 name or species.",2026-03-13T20:35:53.038802Z,"{""choices"":[""bird"",""water"",""pitcher"",""pebbles"",""bench"",""park"",""beak (or beak length)""]}","{""choices"":[""The day is hot."",""The bird is thirsty."",""The bird looks for water for a long time."",""The bird becomes very tired and is about to faint."",""The bird spots a pitcher of water."",""The pitcher is under a bench in a park."",""The water is too deep to reach, the bird鈥檚 beak is not long enough."",""The bird finds some pebbles."",""The bird picks up pebbles and drops them into the pitcher."",""The water level rises, allowing the bird to drink."",""The bird flies away happily.""]}",334,62.011,"[{""number"":2}]",,"The recall text identifies all seven entities but misses event [t], as it fails to explicitly state that the bird flew down and sat on the pitcher. There are 2 created facts: first, a redundant summary sentence explaining the bird's logic; and second, extensive meta-commentary at the end regarding the narrator's lack of knowledge about specific details (bird's name, species, exact time). These additions are external to the source story's factual narrative.",2026-03-13T20:35:53.038825Z
bfca85dcb6c28b06,335,1,"The story was about a thirsty bird looking for water on a hot day. She was very tired and almost fainted but then saw a pitcher of water under a bench in a park. The water was too deep for her to reach because her beak wasn鈥檛 long enough. She found some pebbles and dropped them into the pitcher one by one, which raised the water level until she could drink. She then flew away happily. The bird used the pebbles to make the water level higher so she could access it. The pitcher was in a park, and she sat on it while trying to drink. The pebbles were the key to solving her problem. I don鈥檛 know if there were other birds or if the pitcher was full or empty. I don鈥檛 know.",2026-03-13T20:36:38.641779Z,"{""choices"":[""bird"",""water"",""pitcher"",""pebbles"",""bench"",""park"",""beak (or beak length)""]}","{""choices"":[""The day is hot."",""The bird is thirsty."",""The bird looks for water for a long time."",""The bird becomes very tired and is about to faint."",""The bird spots a pitcher of water."",""The pitcher is under a bench in a park."",""The bird flies down and sits on the pitcher."",""The water is too deep to reach, the bird鈥檚 beak is not long enough."",""The bird finds some pebbles."",""The bird picks up pebbles and drops them into the pitcher."",""The water level rises, allowing the bird to drink."",""The bird flies away happily.""]}",335,45.405,"[{""number"":2}]",,"There are 2 created facts: first, several sentences of redundant summary and logical appraisal (""The pebbles were the key...""); and second, meta-commentary at the end expressing uncertainty about details not present in the original text (other birds, initial water volume).",2026-03-13T20:36:38.641801Z
0c148d6c7cde351f,336,1,"The story was about a little bird who was very thirsty on a hot day. She looked for water for a long time and got very tired, almost fainting. Then she saw a pitcher of water under a bench in a park. She flew down and sat on it, but the water was too deep for her to reach with her short beak. She looked around and found some pebbles. She dropped them one by one into the pitcher, and the water level rose. Soon she could drink the water. She flew away happily. The bird used pebbles to raise the water level so she could drink. The pitcher was under a bench in a park. The bird was thirsty and tired before she found the water. She had to think of a way to get the water out.",2026-03-13T20:37:37.869800Z,"{""choices"":[""bird"",""water"",""pitcher"",""pebbles"",""bench"",""park"",""beak (or beak length)""]}","{""choices"":[""The day is hot."",""The bird is thirsty."",""The bird becomes very tired and is about to faint."",""The bird spots a pitcher of water."",""The pitcher is under a bench in a park."",""The bird flies down and sits on the pitcher."",""The water is too deep to reach, the bird鈥檚 beak is not long enough."",""The bird finds some pebbles."",""The bird picks up pebbles and drops them into the pitcher."",""The water level rises, allowing the bird to drink."",""The bird flies away happily.""]}",336,59.028,"[{""number"":1}]",,"It omits the specific detail of the search duration ([0]) in its initial narrative flow. There is 1 created fact: the final paragraph consists entirely of a redundant summary that re-explains the bird's logic, the setting, and her internal state. These interpretive summaries are external to the source story's factual narrative progression.",2026-03-13T20:37:37.869821Z
16d73b0e69e7c8f8,337,1,"The story was about a thirsty bird who was looking for water on a hot day. She was very tired and almost fainted but then saw a pitcher of water under a bench in a park. She flew down and sat on the pitcher, but the water was too deep for her to reach with her short beak. She looked around and found some pebbles, which made her think. She dropped the pebbles into the pitcher one by one, and the water level rose until she could finally drink. She then flew away happily. I don鈥檛 know if there were other birds or if the pitcher was full or empty to start with.",2026-03-13T20:38:15.305780Z,"{""choices"":[""bird"",""water"",""pitcher"",""pebbles"",""bench"",""park"",""beak (or beak length)""]}","{""choices"":[""The day is hot."",""The bird is thirsty."",""The bird becomes very tired and is about to faint."",""The bird spots a pitcher of water."",""The pitcher is under a bench in a park."",""The bird flies down and sits on the pitcher."",""The water is too deep to reach, the bird鈥檚 beak is not long enough."",""The bird finds some pebbles."",""The bird picks up pebbles and drops them into the pitcher."",""The water level rises, allowing the bird to drink."",""The bird flies away happily.""]}",337,37.237,"[{""number"":1}]",,"it fails to mention the specific duration of the search. There is 1 created fact: the final sentence provides meta-commentary regarding the narrator's uncertainty about external details (other birds, initial water level) not present in the source story.",2026-03-13T20:38:15.305802Z
7e3e708779cce5f0,338,1,"The story was about a little bird who was very thirsty on a hot day and searched for water for a long time. She became tired and almost fainted but then saw a pitcher of water under a bench in a park. She flew down and sat on the pitcher, but the water was too deep for her to reach with her short beak. She looked around and found some pebbles, which gave her an idea. She dropped the pebbles one by one into the pitcher, and the water level rose until she could finally drink it. She then flew away happily. I don鈥檛 know if there were other birds around or how long she took to find the pebbles.",2026-03-13T20:38:53.147999Z,"{""choices"":[""bird"",""water"",""pitcher"",""pebbles"",""bench"",""park"",""beak (or beak length)""]}","{""choices"":[""The day is hot."",""The bird is thirsty."",""The bird looks for water for a long time."",""The bird becomes very tired and is about to faint."",""The bird spots a pitcher of water."",""The pitcher is under a bench in a park."",""The bird flies down and sits on the pitcher."",""The water is too deep to reach, the bird鈥檚 beak is not long enough."",""The bird finds some pebbles."",""The bird picks up pebbles and drops them into the pitcher."",""The water level rises, allowing the bird to drink."",""The bird flies away happily.""]}",338,37.646,"[{""number"":1}]",,"There is 1 created fact: the final sentence contains meta-commentary regarding the narrator's uncertainty about external details (other birds, time spent finding pebbles) that were not part of the source story's factual narrative.",2026-03-13T20:38:53.148022Z
77b66a13657d4138,339,1,"The story was about a little bird who was very thirsty on a hot day and had been searching for water for a long time. She was tired and almost fainting when she found a pitcher of water under a bench in a park. The water was too deep for her to reach with her short beak, so she looked around and found some pebbles. She dropped the pebbles one by one into the pitcher, which caused the water level to rise. Eventually, she was able to drink the water and flew away happily. The bird used the pebbles to raise the water level so she could access it. She was very clever and persistent in finding a way to get the water she needed.",2026-03-13T20:39:32.947567Z,"{""choices"":[""bird"",""water"",""pitcher"",""pebbles"",""bench"",""park"",""beak (or beak length)""]}","{""choices"":[""The day is hot."",""The bird is thirsty."",""The bird looks for water for a long time."",""The bird becomes very tired and is about to faint."",""The bird spots a pitcher of water."",""The pitcher is under a bench in a park."",""The water is too deep to reach, the bird鈥檚 beak is not long enough."",""The bird finds some pebbles."",""The bird picks up pebbles and drops them into the pitcher."",""The water level rises, allowing the bird to drink."",""The bird flies away happily.""]}",339,39.599,"[{""number"":2}]",,"The recall text identifies all seven entities but misses event [t], as it fails to explicitly state that the bird flew down and sat on the pitcher. There are 2 created facts: first, a redundant summary sentence explaining the bird's problem-solving logic; and second, interpretive character evaluations describing the bird as ""clever and persistent."" These additions are external to the source story's factual narrative.",2026-03-13T20:39:32.947589Z
0756f8f887591188,340,1,"It was a very hot day, and a little bird was looking for water but couldn't find any. She got really tired and almost fainted. Then she saw a pitcher of water under a bench in a park. She flew down and sat on it, but the water was too deep for her to reach with her short beak. She looked around and found some pebbles. She started dropping them into the pitcher one by one, and the water level rose until she could finally drink. She flew away happy after getting the water she needed.",2026-03-13T20:40:46.337699Z,"{""choices"":[""bird"",""water"",""pitcher"",""pebbles"",""bench"",""park"",""beak (or beak length)""]}","{""choices"":[""The day is hot."",""The bird is thirsty."",""The bird becomes very tired and is about to faint."",""The bird spots a pitcher of water."",""The pitcher is under a bench in a park."",""The bird flies down and sits on the pitcher."",""The water is too deep to reach, the bird鈥檚 beak is not long enough."",""The bird finds some pebbles."",""The bird picks up pebbles and drops them into the pitcher."",""The water level rises, allowing the bird to drink."",""The bird flies away happily.""]}",340,73.188,,,"it fails to mention the duration of the search ([0]), only stating that the bird was looking for water.",2026-03-13T20:40:46.337723Z
dd29f0af30c2b17c,341,1,"The story was about a little bird who was very thirsty on a hot day and had been searching for water for a long time. She became very tired and almost fainted. While looking around, she saw a pitcher of water under a bench in a park. She flew down and sat on the pitcher, but the water was too deep for her to reach with her short beak. She looked around and found some pebbles, which gave her an idea. She dropped the pebbles one by one into the pitcher, and the water level rose until she could finally drink it. After quenching her thirst, she flew away happily. I don鈥檛 know if there were other birds around or if the pitcher was full or empty to begin with. I don鈥檛 know the exact time of day or how long it took her to drop all the pebbles.",2026-03-13T20:41:13.152589Z,"{""choices"":[""bird"",""water"",""pitcher"",""pebbles"",""bench"",""park"",""beak (or beak length)""]}","{""choices"":[""The day is hot."",""The bird is thirsty."",""The bird looks for water for a long time."",""The bird becomes very tired and is about to faint."",""The bird spots a pitcher of water."",""The pitcher is under a bench in a park."",""The bird flies down and sits on the pitcher."",""The water is too deep to reach, the bird鈥檚 beak is not long enough."",""The bird finds some pebbles."",""The bird picks up pebbles and drops them into the pitcher."",""The water level rises, allowing the bird to drink."",""The bird flies away happily.""]}",341,26.612,"[{""number"":1}]",,"There is 1 created fact: the concluding sentences provide extensive meta-commentary regarding the narrator's uncertainty about unmentioned details (other birds, initial water volume, duration of the task), which are external to the source story's factual narrative.",2026-03-13T20:41:13.152611Z
2c3ae213716f612a,342,1,"It was a very hot day, and a little bird was very thirsty and tired after searching for water. She nearly fainted but then saw a pitcher of water under a bench in a park. The water was inside, but it was too deep for her to reach with her short beak. She looked around and found some pebbles, which made her think. She dropped the pebbles one by one into the pitcher, and the water level rose until she could finally drink. She flew away happy after getting the water she needed.",2026-03-13T20:42:08.938024Z,"{""choices"":[""bird"",""water"",""pitcher"",""pebbles"",""bench"",""park"",""beak (or beak length)""]}","{""choices"":[""The day is hot."",""The bird is thirsty."",""The bird becomes very tired and is about to faint."",""The bird spots a pitcher of water."",""The pitcher is under a bench in a park."",""The water is too deep to reach, the bird鈥檚 beak is not long enough."",""The bird finds some pebbles."",""The bird picks up pebbles and drops them into the pitcher."",""The water level rises, allowing the bird to drink."",""The bird flies away happily.""]}",342,55.589,,,"The recall text identifies all seven entities but misses two event markers. It omits the duration of the search ([0]), only mentioning that the bird was searching for water. Crucially, it also misses event [t], as it fails to explicitly state that the bird flew down and sat on the pitcher.",2026-03-13T20:42:08.938040Z
50efcf9bc52b713c,343,1,"The story was about a little bird who was very thirsty on a hot day. She looked for water for a long time and became very tired, almost fainting. She found a pitcher of water under a bench in a park but couldn't reach it because the water was too deep for her short beak. She looked around and found some pebbles, which made her think of a solution. She dropped the pebbles one by one into the pitcher, and the water level rose until she could finally drink from it. After quenching her thirst, she flew away happily. The bird used the pebbles to raise the water level so she could access it.",2026-03-13T20:42:54.885982Z,"{""choices"":[""bird"",""water"",""pitcher"",""pebbles"",""bench"",""park"",""beak (or beak length)""]}","{""choices"":[""The day is hot."",""The bird is thirsty."",""The bird looks for water for a long time."",""The bird becomes very tired and is about to faint."",""The bird spots a pitcher of water."",""The pitcher is under a bench in a park."",""The water is too deep to reach, the bird鈥檚 beak is not long enough."",""The bird finds some pebbles."",""The bird picks up pebbles and drops them into the pitcher."",""The water level rises, allowing the bird to drink."",""The bird flies away happily.""]}",343,45.735,"[{""number"":1}]",,"The recall text identifies all seven entities but misses event [t], as it fails to explicitly state that the bird flew down and sat on the pitcher. There is 1 created fact: the final sentence provides a redundant logical summary of the bird's actions, which is an interpretive addition external to the source story's factual narrative flow.",2026-03-13T20:42:54.886010Z
2161942e52a23578,344,1,"It was a very hot day, and a little bird was very thirsty and tired, searching for water for a long time. She was so exhausted she was about to faint. Then she saw a pitcher of water under a bench in a park. She flew down and sat on the pitcher, but the water was too deep for her to reach with her short beak. She looked around and found some pebbles. She picked them up one by one and dropped them into the pitcher. As she added more pebbles, the water level rose, and soon she could reach the water with her beak. She drank happily and then flew away.",2026-03-13T20:43:14.803143Z,"{""choices"":[""bird"",""water"",""pitcher"",""pebbles"",""bench"",""park"",""beak (or beak length)""]}","{""choices"":[""The day is hot."",""The bird is thirsty."",""The bird looks for water for a long time."",""The bird becomes very tired and is about to faint."",""The bird spots a pitcher of water."",""The pitcher is under a bench in a park."",""The bird flies down and sits on the pitcher."",""The water is too deep to reach, the bird鈥檚 beak is not long enough."",""The bird finds some pebbles."",""The bird picks up pebbles and drops them into the pitcher."",""The water level rises, allowing the bird to drink."",""The bird flies away happily.""]}",344,19.717,,,,2026-03-13T20:43:14.803166Z
1f39e9e369bf45dd,345,1,"The story was about a little bird who was very thirsty on a hot day and searched for water for a long time. She became tired and almost fainted but then saw a pitcher of water under a bench in a park. She sat on the pitcher but couldn鈥檛 reach the water because it was too deep for her beak. She looked around and found some pebbles, which made her think of a solution. She dropped the pebbles one by one into the pitcher, and the water level rose until she could finally drink it. She then flew away happily. I don鈥檛 know.",2026-03-13T20:44:05.252021Z,"{""choices"":[""bird"",""water"",""pitcher"",""pebbles"",""bench"",""park"",""beak (or beak length)""]}","{""choices"":[""The day is hot."",""The bird is thirsty."",""The bird looks for water for a long time."",""The bird becomes very tired and is about to faint."",""The bird spots a pitcher of water."",""The pitcher is under a bench in a park."",""The water is too deep to reach, the bird鈥檚 beak is not long enough."",""The bird finds some pebbles."",""The bird picks up pebbles and drops them into the pitcher."",""The water level rises, allowing the bird to drink."",""The bird flies away happily.""]}",345,50.244,"[{""number"":1}]",,"While it mentions the bird ""sat on the pitcher,"" it fails to fully capture event [t] because it omits the explicit action of the bird ""flying down."" There is 1 created fact: the final ""I don't know"" is a meta-commentary on the narrator's memory, which is external to the factual narrative of the source story.",2026-03-13T20:44:05.252042Z
962a612238eccf99,346,1,"The story was about a little bird who was very thirsty on a hot day and had been searching for water for a long time. She became very tired and almost fainted. While looking around, she saw a pitcher of water under a bench in a park. She flew down and sat on the pitcher, but the water was too deep for her to reach with her short beak. She looked around and found some pebbles, which gave her an idea. She dropped the pebbles one by one into the pitcher, and the water level rose until she could finally drink from it. After quenching her thirst, she flew away happily. I don鈥檛 know if there were other birds around or if the pitcher was full or empty to begin with.",2026-03-13T20:44:51.305612Z,"{""choices"":[""bird"",""water"",""pitcher"",""pebbles"",""bench"",""park"",""beak (or beak length)""]}","{""choices"":[""The day is hot."",""The bird is thirsty."",""The bird looks for water for a long time."",""The bird becomes very tired and is about to faint."",""The bird spots a pitcher of water."",""The pitcher is under a bench in a park."",""The bird flies down and sits on the pitcher."",""The water is too deep to reach, the bird鈥檚 beak is not long enough."",""The bird finds some pebbles."",""The bird picks up pebbles and drops them into the pitcher."",""The water level rises, allowing the bird to drink."",""The bird flies away happily.""]}",346,45.854,"[{""number"":1}]",,"There is 1 created fact: the concluding sentence provides meta-commentary regarding the narrator's uncertainty about specific details (other birds, initial water volume) that were not present in the original source story.",2026-03-13T20:44:51.305632Z
9efd1afa572715be,347,1,"The story was about a little bird who was very thirsty on a hot day and had been searching for water for a long time. She became very tired and almost fainted. While resting, she saw a pitcher of water under a bench in a park. The water was inside, but it was too deep for her to reach with her short beak. She looked around and found some pebbles, which made her think of a solution. She dropped the pebbles one by one into the pitcher, and as they sank, the water level rose. This allowed her to drink the water. After satisfying her thirst, she flew away happily. The bird used her intelligence and resourcefulness to solve the problem. I don鈥檛 know if there were other animals around or how long it took her to find the pebbles.",2026-03-13T20:45:36.205090Z,"{""choices"":[""bird"",""water"",""pitcher"",""pebbles"",""bench"",""park"",""beak (or beak length)""]}","{""choices"":[""The day is hot."",""The bird is thirsty."",""The bird looks for water for a long time."",""The bird becomes very tired and is about to faint."",""The bird spots a pitcher of water."",""The pitcher is under a bench in a park."",""The water is too deep to reach, the bird鈥檚 beak is not long enough."",""The bird finds some pebbles."",""The bird picks up pebbles and drops them into the pitcher."",""The water level rises, allowing the bird to drink."",""The bird flies away happily.""]}",347,44.7,"[{""number"":2}]",,"The recall text identifies all seven entities but misses event [t], as it fails to explicitly state that the bird flew down and sat on the pitcher. There are 2 created facts: first, an interpretive evaluation describing the bird as ""intelligent and resourceful""; and second, meta-commentary at the end regarding the narrator's uncertainty about details not provided in the source (other animals, duration of finding pebbles).",2026-03-13T20:45:36.205112Z
0cd8c1bc060716fe,348,1,"It was a hot day, and a thirsty bird was searching for water for a long time. She became very tired and was about to faint. While looking around, she noticed a pitcher of water under a bench in a park. She flew down and sat on the pitcher, but the water was too deep for her to reach with her short beak. She looked around and found some pebbles, which made her think. She began dropping the pebbles one by one into the pitcher, and as the water level rose, she was finally able to drink. After quenching her thirst, she flew away happily.",2026-03-13T20:45:52.395688Z,"{""choices"":[""bird"",""water"",""pitcher"",""pebbles"",""bench"",""park"",""beak (or beak length)""]}","{""choices"":[""The day is hot."",""The bird is thirsty."",""The bird looks for water for a long time."",""The bird becomes very tired and is about to faint."",""The bird spots a pitcher of water."",""The pitcher is under a bench in a park."",""The bird flies down and sits on the pitcher."",""The water is too deep to reach, the bird鈥檚 beak is not long enough."",""The bird finds some pebbles."",""The bird picks up pebbles and drops them into the pitcher."",""The water level rises, allowing the bird to drink."",""The bird flies away happily.""]}",348,15.987,,,,2026-03-13T20:45:52.395710Z
9b706a401405cc89,349,1,"The story was about a little bird who was very thirsty on a hot day. She looked for water for a long time and got really tired, almost fainting. Then she saw a pitcher of water under a bench in a park. She flew down and sat on it, but the water was too deep for her to reach with her short beak. She looked around and found some pebbles, which made her think. She dropped the pebbles one by one into the pitcher, and the water level rose. Soon, she could reach the water and drank it. She flew away happy. I don鈥檛 know if there were any other details, but that鈥檚 what I remember.",2026-03-13T20:46:20.604912Z,"{""choices"":[""bird"",""water"",""pitcher"",""pebbles"",""bench"",""park"",""beak (or beak length)""]}","{""choices"":[""The day is hot."",""The bird is thirsty."",""The bird looks for water for a long time."",""The bird becomes very tired and is about to faint."",""The bird spots a pitcher of water."",""The pitcher is under a bench in a park."",""The bird flies down and sits on the pitcher."",""The water is too deep to reach, the bird鈥檚 beak is not long enough."",""The bird finds some pebbles."",""The bird picks up pebbles and drops them into the pitcher."",""The water level rises, allowing the bird to drink."",""The bird flies away happily.""]}",349,28.012,"[{""number"":1}]",,"There is 1 created fact: the final sentence provides meta-commentary regarding the narrator's memory limitations, which is an addition external to the source story's factual narrative.",2026-03-13T20:46:20.604928Z
008a0295237bc03c,350,1,"The story was about a little bird who was very thirsty and had been searching for water for a long time. It was a hot day, and she was so tired she was about to faint. She found a pitcher of water under a bench in a park but couldn鈥檛 reach it because the water was too deep for her short beak. She looked around and found some pebbles, then dropped them one by one into the pitcher. As the pebbles sank, the water level rose, and she was finally able to drink. She flew away happily after getting the water she needed. I don鈥檛 know.",2026-03-13T20:46:52.977394Z,"{""choices"":[""bird"",""water"",""pitcher"",""pebbles"",""bench"",""park"",""beak (or beak length)""]}","{""choices"":[""The day is hot."",""The bird is thirsty."",""The bird looks for water for a long time."",""The bird becomes very tired and is about to faint."",""The bird spots a pitcher of water."",""The pitcher is under a bench in a park."",""The water is too deep to reach, the bird鈥檚 beak is not long enough."",""The bird finds some pebbles."",""The bird picks up pebbles and drops them into the pitcher."",""The water level rises, allowing the bird to drink."",""The bird flies away happily.""]}",350,32.172,"[{""number"":1}]",,"The recall text identifies all seven entities but misses event [t], as it fails to explicitly state that the bird flew down and sat on the pitcher. There is 1 created fact: the concluding ""I don't know"" serves as meta-commentary on the narrator's memory, which is an addition external to the source story's factual narrative.",2026-03-13T20:46:52.977421Z
cbd00532eb87dba7,351,1,"The story was about a little bird who was very thirsty on a hot day and had been searching for water for a long time. She became very tired and almost fainted. While looking around, she saw a pitcher of water under a bench in a park. She flew down and sat on the pitcher, but the water was too deep for her to reach with her short beak. She looked around and found some pebbles, which made her think of a solution. She dropped the pebbles one by one into the pitcher, and as the water level rose, she was finally able to drink from it. After quenching her thirst, she flew away happily.",2026-03-13T20:47:12.495515Z,"{""choices"":[""bird"",""water"",""pitcher"",""pebbles"",""bench"",""park"",""beak (or beak length)""]}","{""choices"":[""The day is hot."",""The bird is thirsty."",""The bird looks for water for a long time."",""The bird becomes very tired and is about to faint."",""The bird spots a pitcher of water."",""The pitcher is under a bench in a park."",""The bird flies down and sits on the pitcher."",""The water is too deep to reach, the bird鈥檚 beak is not long enough."",""The bird finds some pebbles."",""The bird picks up pebbles and drops them into the pitcher."",""The water level rises, allowing the bird to drink."",""The bird flies away happily.""]}",351,19.318,,,,2026-03-13T20:47:12.495539Z
ffcb2076b2a0402d,352,1,"The story was about a little bird who was very thirsty on a hot day and had been searching for water for a long time. She became very tired and almost fainted. While resting, she saw a pitcher of water under a bench in a park. The water was inside, but it was too deep for her to reach with her short beak. She looked around and found some pebbles, which gave her an idea. She dropped the pebbles one by one into the pitcher, causing the water level to rise. Eventually, she was able to drink the water and flew away happily. The bird used the pebbles to make the water level higher so she could access it. She was thirsty, tired, and happy after finding the water.",2026-03-13T20:47:46.712962Z,"{""choices"":[""bird"",""water"",""pitcher"",""pebbles"",""bench"",""park"",""beak (or beak length)""]}","{""choices"":[""The day is hot."",""The bird is thirsty."",""The bird looks for water for a long time."",""The bird becomes very tired and is about to faint."",""The bird spots a pitcher of water."",""The pitcher is under a bench in a park."",""The water is too deep to reach, the bird鈥檚 beak is not long enough."",""The bird finds some pebbles."",""The bird picks up pebbles and drops them into the pitcher."",""The water level rises, allowing the bird to drink."",""The bird flies away happily.""]}",352,34.015,"[{""number"":1}]",,"The recall text identifies all seven entities but misses event [t], as it fails to explicitly state that the bird flew down and sat on the pitcher. There is 1 created fact: the final paragraph acts as a redundant summary, re-stating the physical logic of the water rising and the bird's emotional states, which provides no new narrative information and functions as an interpretive addition.",2026-03-13T20:47:46.712983Z
ae6a211d4f7a3e0a,353,1,"It was a hot day, and a thirsty bird was searching for water for a long time. She became very tired and was about to faint. While she was resting, she noticed a pitcher of water under a bench in a park. She flew down and sat on the pitcher, but the water was too deep for her to reach with her short beak. She looked around and found some pebbles, which gave her an idea. She picked up the pebbles one by one and dropped them into the pitcher. As she added more pebbles, the water level rose, allowing her to drink. After quenching her thirst, she flew away happily.",2026-03-13T20:48:05.033320Z,"{""choices"":[""bird"",""water"",""pitcher"",""pebbles"",""bench"",""park"",""beak (or beak length)""]}","{""choices"":[""The day is hot."",""The bird is thirsty."",""The bird looks for water for a long time."",""The bird becomes very tired and is about to faint."",""The bird spots a pitcher of water."",""The pitcher is under a bench in a park."",""The bird flies down and sits on the pitcher."",""The water is too deep to reach, the bird鈥檚 beak is not long enough."",""The bird finds some pebbles."",""The bird picks up pebbles and drops them into the pitcher."",""The water level rises, allowing the bird to drink."",""The bird flies away happily.""]}",353,18.123,,,,2026-03-13T20:48:05.033343Z
cee5fb5d412bb213,354,1,"It was a very hot day, and a little bird was searching for water but couldn鈥檛 find any. She became very tired and almost fainted from the heat. While she was resting, she noticed a pitcher of water under a bench in a park. She flew down and sat on the pitcher, but the water was too deep for her to reach with her short beak. She looked around and found some pebbles. She then began dropping the pebbles one by one into the pitcher, which caused the water level to rise. Eventually, the water was high enough for her to drink. After quenching her thirst, she flew away happily, satisfied with her clever solution to the problem.",2026-03-13T20:48:40.135021Z,"{""choices"":[""bird"",""water"",""pitcher"",""pebbles"",""bench"",""park"",""beak (or beak length)""]}","{""choices"":[""The day is hot."",""The bird is thirsty."",""The bird becomes very tired and is about to faint."",""The bird spots a pitcher of water."",""The pitcher is under a bench in a park."",""The bird flies down and sits on the pitcher."",""The water is too deep to reach, the bird鈥檚 beak is not long enough."",""The bird finds some pebbles."",""The bird picks up pebbles and drops them into the pitcher."",""The water level rises, allowing the bird to drink."",""The bird flies away happily.""]}",354,34.899,"[{""number"":1}]",,"it omits the specific duration of the search ([0]), only stating that the bird was searching for water. There is 1 created fact: the final clause provides an interpretive characterization of the bird's feelings (""satisfied"") and an evaluation of her actions (""clever solution""), which are external to the source story's factual narrative.",2026-03-13T20:48:40.135044Z
5f6d782b10aeeffe,355,1,"It was a hot day, and a thirsty bird was searching for water for a long time. She was very tired and almost fainted. Then she saw a pitcher of water under a bench in a park. She flew down and sat on the pitcher, but the water was too deep for her to reach with her short beak. She looked around and found some pebbles. She picked them up one by one and dropped them into the pitcher. The water level rose, allowing her to drink. She flew away happily after quenching her thirst.",2026-03-13T20:51:53.001980Z,"{""choices"":[""bird"",""water"",""pitcher"",""pebbles"",""bench"",""park"",""beak (or beak length)""]}","{""choices"":[""The day is hot."",""The bird is thirsty."",""The bird looks for water for a long time."",""The bird becomes very tired and is about to faint."",""The bird spots a pitcher of water."",""The pitcher is under a bench in a park."",""The bird flies down and sits on the pitcher."",""The water is too deep to reach, the bird鈥檚 beak is not long enough."",""The bird finds some pebbles."",""The bird picks up pebbles and drops them into the pitcher."",""The water level rises, allowing the bird to drink."",""The bird flies away happily.""]}",355,192.665,,,,2026-03-13T20:51:53.002003Z
6c11c546ebbe389b,356,1,"It was a very hot day, and a small bird was searching for water, but she couldn't find any. She was very tired and almost fainted from the heat. While she was resting, she saw a pitcher of water under a bench in a park. She flew down and sat on the pitcher, but the water was too deep for her to reach with her short beak. She looked around and found some pebbles. She decided to use them, and one by one, she dropped the pebbles into the pitcher. As the pebbles settled, the water level rose, and she was finally able to drink. After quenching her thirst, she flew away happily.",2026-03-13T20:52:52.412008Z,"{""choices"":[""bird"",""water"",""pitcher"",""pebbles"",""bench"",""park"",""beak (or beak length)""]}","{""choices"":[""The day is hot."",""The bird is thirsty."",""The bird becomes very tired and is about to faint."",""The bird spots a pitcher of water."",""The pitcher is under a bench in a park."",""The bird flies down and sits on the pitcher."",""The water is too deep to reach, the bird鈥檚 beak is not long enough."",""The bird finds some pebbles."",""The bird picks up pebbles and drops them into the pitcher."",""The water level rises, allowing the bird to drink."",""The bird flies away happily.""]}",356,59.201,"[{""number"":0}]",,"it misses the specific duration of the search ([0]), only stating that the bird was searching for water without mentioning it was for a long time.",2026-03-13T20:52:52.412030Z
12f77e67b04c3d67,357,1,"It was a very hot day, and a little bird was very thirsty and tired, searching for water for a long time. She was so exhausted she was about to faint. Then she saw a pitcher of water under a bench in a park. She flew down and sat on the pitcher, but the water was too deep for her to reach with her short beak. She looked around and found some pebbles. She picked them up one by one and dropped them into the pitcher. The water level rose, and she was able to drink from it. She flew away happy after getting the water she needed.",2026-03-13T21:27:25.824213Z,"{""choices"":[""bird"",""water"",""pitcher"",""pebbles"",""bench"",""park"",""beak (or beak length)""]}","{""choices"":[""The day is hot."",""The bird is thirsty."",""The bird looks for water for a long time."",""The bird becomes very tired and is about to faint."",""The bird spots a pitcher of water."",""The pitcher is under a bench in a park."",""The bird flies down and sits on the pitcher."",""The water is too deep to reach, the bird鈥檚 beak is not long enough."",""The bird finds some pebbles."",""The bird picks up pebbles and drops them into the pitcher."",""The water level rises, allowing the bird to drink."",""The bird flies away happily.""]}",357,2073.207,,,,2026-03-13T21:27:25.824236Z
e5807248bb187728,358,1,"The story was about a little bird who was very thirsty on a hot day. She searched for water for a long time and became very tired, almost fainting. She found a pitcher of water under a bench in a park but couldn鈥檛 reach it because the water was too deep for her beak. She looked around and found some pebbles, which gave her an idea. She dropped the pebbles one by one into the pitcher, which raised the water level. This allowed her to drink the water, and she flew away happily. The bird used the pebbles to make the water level higher so she could access it. The setting was a park, and the pitcher was under a bench. The bird was small and couldn鈥檛 reach the water directly.",2026-03-13T21:28:51.367912Z,"{""choices"":[""bird"",""water"",""pitcher"",""pebbles"",""bench"",""park"",""beak (or beak length)""]}","{""choices"":[""The day is hot."",""The bird is thirsty."",""The bird looks for water for a long time."",""The bird becomes very tired and is about to faint."",""The bird spots a pitcher of water."",""The pitcher is under a bench in a park."",""The water is too deep to reach, the bird鈥檚 beak is not long enough."",""The bird finds some pebbles."",""The bird picks up pebbles and drops them into the pitcher."",""The water level rises, allowing the bird to drink."",""The bird flies away happily.""]}",358,85.327,"[{""number"":1}]",,"it misses event [t], as it fails to explicitly state that the bird flew down and sat on the pitcher. ",2026-03-13T21:28:51.367939Z
fecca9fe280b3d0e,359,1,"The story is about a little bird who was very thirsty on a hot day and searched for water for a long time. She became very tired and was about to faint. While looking for water, she saw a pitcher under a bench in a park. She flew down and sat on the pitcher, but the water was too deep for her to reach with her short beak. She looked around and found some pebbles. She then dropped the pebbles one by one into the pitcher, which caused the water level to rise. Once the water was within reach, she drank it and flew away happily. The bird used the pebbles to make the water level higher so she could drink.",2026-03-13T21:31:45.168950Z,"{""choices"":[""bird"",""water"",""pitcher"",""pebbles"",""bench"",""park"",""beak (or beak length)""]}","{""choices"":[""The day is hot."",""The bird is thirsty."",""The bird looks for water for a long time."",""The bird becomes very tired and is about to faint."",""The bird spots a pitcher of water."",""The pitcher is under a bench in a park."",""The bird flies down and sits on the pitcher."",""The water is too deep to reach, the bird鈥檚 beak is not long enough."",""The bird finds some pebbles."",""The bird picks up pebbles and drops them into the pitcher."",""The water level rises, allowing the bird to drink."",""The bird flies away happily.""]}",359,173.602,"[{""number"":1}]",,"There is 1 created fact: the final sentence serves as a redundant summary, re-explaining the mechanism of the water rising which was already covered in the narrative.",2026-03-13T21:31:45.168973Z
66af74e04cd420e3,360,1,"The story is about a thirsty bird who was looking for water on a hot day and became very tired. She eventually found a pitcher of water under a bench in a park but couldn't drink from it because the water was too deep for her beak. She noticed some pebbles nearby and decided to use them. She dropped the pebbles into the pitcher one by one, which caused the water level to rise. Once the water was within reach, she was able to drink it and flew away happily. The bird used the pebbles to raise the water level so she could access the water. The pitcher was under a bench in a park, and the bird was thirsty and tired before finding the water.",2026-03-13T21:45:08.419503Z,"{""choices"":[""bird"",""water"",""pitcher"",""pebbles"",""bench"",""park"",""beak (or beak length)""]}","{""choices"":[""The day is hot."",""The bird is thirsty."",""The bird spots a pitcher of water."",""The pitcher is under a bench in a park."",""The water is too deep to reach, the bird鈥檚 beak is not long enough."",""The bird finds some pebbles."",""The bird picks up pebbles and drops them into the pitcher."",""The water level rises, allowing the bird to drink."",""The bird flies away happily.""]}",360,803.042,,,,2026-03-13T21:45:08.419525Z
da01fcab124f6d4c,361,1,"The story was about a little bird who was very thirsty on a hot day. She searched for water for a long time and became very tired, almost fainting. Then she saw a pitcher of water under a bench in a park. She flew down and sat on the pitcher, but the water was too deep for her to reach with her short beak. She looked around and found some pebbles, which gave her an idea. She dropped the pebbles one by one into the pitcher, and the water level rose. This allowed her to drink the water. After drinking, she flew away happily. I don鈥檛 know the exact location of the park or the type of bird, but I remember the main events clearly.",2026-03-13T21:50:22.718351Z,"{""choices"":[""bird"",""water"",""pitcher"",""pebbles"",""bench"",""park"",""beak (or beak length)""]}","{""choices"":[""The day is hot."",""The bird is thirsty."",""The bird looks for water for a long time."",""The bird becomes very tired and is about to faint."",""The bird spots a pitcher of water."",""The pitcher is under a bench in a park."",""The bird flies down and sits on the pitcher."",""The water is too deep to reach, the bird鈥檚 beak is not long enough."",""The bird finds some pebbles."",""The bird picks up pebbles and drops them into the pitcher."",""The water level rises, allowing the bird to drink."",""The bird flies away happily.""]}",361,314.085,"[{""number"":1}]",,"There is 1 created fact: the final sentence provides meta-commentary regarding the narrator's uncertainty about specific details (park location, bird species) not present in the original source, which is an addition external to the factual narrative.",2026-03-13T21:50:22.718372Z
33517136da0a38ec,362,1,"The story was about a thirsty bird searching for water on a hot day. She became very tired and almost fainted but then saw a pitcher of water under a bench in a park. The water was too deep for her to reach because her beak wasn鈥檛 long enough. She found some pebbles and dropped them one by one into the pitcher, which caused the water level to rise. This allowed her to drink the water and then she flew away happily. The bird used the pebbles to raise the water level so she could access it. The setting was a park, and the pitcher was under a bench. The bird was determined and resourceful in finding a way to get the water she needed.",2026-03-15T08:51:45.020583Z,"{""choices"":[""bird"",""water"",""pitcher"",""pebbles"",""bench"",""park"",""beak (or beak length)""]}","{""choices"":[""The day is hot."",""The bird is thirsty."",""The bird becomes very tired and is about to faint."",""The bird spots a pitcher of water."",""The pitcher is under a bench in a park."",""The water is too deep to reach, the bird鈥檚 beak is not long enough."",""The bird finds some pebbles."",""The bird picks up pebbles and drops them into the pitcher."",""The water level rises, allowing the bird to drink."",""The bird flies away happily.""]}",362,87.979,"[{""number"":2}]",,"The recall text identifies all seven entities but misses two event markers. It omits the search duration ([0]) and the explicit physical action of landing on the pitcher ([t]). There are 2 created facts: first, a redundant summary of the story's logic and setting; and second, an interpretive evaluation of the bird's character traits (""determined and resourceful""), which are not part of the source story's factual narrative.",2026-03-15T08:51:45.020601Z
6b61cff8ae1c1623,363,1,"The story was about a little bird who was very thirsty on a hot day and looked for water for a long time. She was tired and almost fainted but then saw a pitcher of water under a bench in a park. She flew down and sat on the pitcher, but the water was too deep for her to reach because her beak wasn't long enough. She looked around and found some pebbles, which gave her an idea. She picked up the pebbles one by one and dropped them into the pitcher, which raised the water level. This allowed her to drink the water. She flew away happily after satisfying her thirst.",2026-03-15T08:52:04.578549Z,"{""choices"":[""bird"",""water"",""pitcher"",""pebbles"",""bench"",""park"",""beak (or beak length)""]}","{""choices"":[""The day is hot."",""The bird is thirsty."",""The bird looks for water for a long time."",""The bird becomes very tired and is about to faint."",""The bird spots a pitcher of water."",""The pitcher is under a bench in a park."",""The bird flies down and sits on the pitcher."",""The water is too deep to reach, the bird鈥檚 beak is not long enough."",""The bird finds some pebbles."",""The bird picks up pebbles and drops them into the pitcher."",""The water level rises, allowing the bird to drink."",""The bird flies away happily.""]}",363,19.166,,,,2026-03-15T08:52:04.578562Z
49f1bc3262db7cb2,364,1,"The story was about a little bird who was very thirsty on a hot day and had been searching for water for a long time. She became very tired and was about to faint when she saw a pitcher of water under a bench in a park. She flew down and sat on the pitcher, but the water was too deep for her to reach with her short beak. She looked around and found some pebbles, which gave her an idea. She dropped the pebbles one by one into the pitcher, and as they sank, the water level rose. This allowed her to drink the water. After quenching her thirst, she flew away happily. I don鈥檛 know the exact color of the bird or the time of day, but I remember the pitcher, the pebbles, and how the water level went up.",2026-03-15T08:52:29.873510Z,"{""choices"":[""bird"",""water"",""pitcher"",""pebbles"",""bench"",""park"",""beak (or beak length)""]}","{""choices"":[""The day is hot."",""The bird is thirsty."",""The bird looks for water for a long time."",""The bird becomes very tired and is about to faint."",""The bird spots a pitcher of water."",""The pitcher is under a bench in a park."",""The bird flies down and sits on the pitcher."",""The water is too deep to reach, the bird鈥檚 beak is not long enough."",""The bird finds some pebbles."",""The bird picks up pebbles and drops them into the pitcher."",""The water level rises, allowing the bird to drink."",""The bird flies away happily.""]}",364,25.105,"[{""number"":1}]",,"There is 1 created fact: the final sentence provides meta-commentary regarding the narrator's uncertainty about specific details (bird color, time of day) not mentioned in the source, which is an addition external to the factual narrative.",2026-03-15T08:52:29.873531Z
0bb21389412211c9,365,1,"The story was about a little bird who was very thirsty on a hot day. She searched for water for a long time and became very tired, almost fainting. Then she saw a pitcher of water under a bench in a park. She flew down and sat on the pitcher, but the water was too deep for her to reach with her short beak. She looked around and found some pebbles, which made her think of a solution. She dropped the pebbles one by one into the pitcher, and the water level rose. This allowed her to drink the water. After satisfying her thirst, she flew away happily. I don鈥檛 know the exact time of day or the type of bird, but the main events were clear.",2026-03-15T08:52:54.117050Z,"{""choices"":[""bird"",""water"",""pitcher"",""pebbles"",""bench"",""park"",""beak (or beak length)""]}","{""choices"":[""The day is hot."",""The bird is thirsty."",""The bird looks for water for a long time."",""The bird becomes very tired and is about to faint."",""The bird spots a pitcher of water."",""The pitcher is under a bench in a park."",""The bird flies down and sits on the pitcher."",""The water is too deep to reach, the bird鈥檚 beak is not long enough."",""The bird finds some pebbles."",""The bird picks up pebbles and drops them into the pitcher."",""The water level rises, allowing the bird to drink.""]}",365,24.051,"[{""number"":1}]",,"There is 1 created fact: the final sentence provides meta-commentary regarding the narrator's uncertainty about specific details (bird species, time of day) and their own assessment of their memory, which is an addition external to the factual narrative.",2026-03-15T08:52:54.117073Z
c0ec6cf07923d1a4,366,1,"The story was about a little bird who was very thirsty on a hot day. She searched for water for a long time and became very tired, almost fainting. She found a pitcher of water under a bench in a park but couldn鈥檛 reach it because the water was too deep for her beak. She looked around and found some pebbles, which made her think of a solution. She dropped the pebbles one by one into the pitcher, and the water level rose until she could drink from it. She then flew away happily, having solved her problem with some clever thinking and patience.",2026-03-15T08:53:40.979400Z,"{""choices"":[""bird"",""water"",""pitcher"",""pebbles"",""bench"",""park"",""beak (or beak length)""]}","{""choices"":[""The day is hot."",""The bird is thirsty."",""The bird looks for water for a long time."",""The bird becomes very tired and is about to faint."",""The bird spots a pitcher of water."",""The pitcher is under a bench in a park."",""The water is too deep to reach, the bird鈥檚 beak is not long enough."",""The bird finds some pebbles."",""The bird picks up pebbles and drops them into the pitcher."",""The water level rises, allowing the bird to drink."",""The bird flies away happily.""]}",366,46.671,"[{""number"":1}]",,"it misses event [t], as it fails to explicitly state that the bird flew down or sat on the pitcher. There is 1 created fact: the final clause provides an interpretive characterization of the bird's traits (""clever thinking and patience""), which are subjective evaluations not present in the original factual narrative.",2026-03-15T08:53:40.979423Z
a441bf6e4aac2320,367,1,"The story was about a little bird who was very thirsty and had been searching for water for a long time. She became very tired and almost fainted. While she was resting, she saw a pitcher of water under a bench in a park. She flew down and sat on the pitcher, but the water was too deep for her to reach with her short beak. She looked around and found some pebbles, which gave her an idea. She dropped the pebbles one by one into the pitcher, and as they sank, the water level rose. This allowed her to drink the water. After satisfying her thirst, she flew away happily. I don鈥檛 know if there were any other details, but that鈥檚 what I remember.",2026-03-15T08:54:11.238600Z,"{""choices"":[""bird"",""water"",""pitcher"",""pebbles"",""bench"",""park"",""beak (or beak length)""]}","{""choices"":[""The day is hot."",""The bird is thirsty."",""The bird looks for water for a long time."",""The bird becomes very tired and is about to faint."",""The bird spots a pitcher of water."",""The pitcher is under a bench in a park."",""The bird flies down and sits on the pitcher."",""The water is too deep to reach, the bird鈥檚 beak is not long enough."",""The bird finds some pebbles."",""The bird picks up pebbles and drops them into the pitcher."",""The water level rises, allowing the bird to drink."",""The bird flies away happily.""]}",367,30.067,"[{""number"":1}]",,"There is 1 created fact: the final sentence provides meta-commentary regarding the narrator's own memory and potential omission of details, which is an addition external to the factual narrative of the story itself.",2026-03-15T08:54:11.238620Z
3c3c590f82700da4,368,1,"The story was about a little bird who was very thirsty on a hot day and had been searching for water for a long time. She became very tired and was about to faint. While resting, she noticed a pitcher of water under a bench in a park. The water was inside, but it was too deep for her to reach with her short beak. She looked around and found some pebbles, which made her think of a solution. She dropped the pebbles one by one into the pitcher, and as the water level rose, she was finally able to drink from it. After quenching her thirst, she flew away happily. The bird used the pebbles to raise the water level so she could access it.",2026-03-15T08:54:40.678131Z,"{""choices"":[""bird"",""water"",""pitcher"",""pebbles"",""bench"",""park"",""beak (or beak length)""]}","{""choices"":[""The day is hot."",""The bird is thirsty."",""The bird looks for water for a long time."",""The bird becomes very tired and is about to faint."",""The bird spots a pitcher of water."",""The pitcher is under a bench in a park."",""The water is too deep to reach, the bird鈥檚 beak is not long enough."",""The bird finds some pebbles."",""The bird picks up pebbles and drops them into the pitcher."",""The water level rises, allowing the bird to drink."",""The bird flies away happily.""]}",368,29.247,"[{""number"":1}]",,"it misses event [t], as it fails to explicitly state that the bird flew down or sat on the pitcher before attempting to drink. There is 1 created fact: the final sentence functions as a redundant summary, repeating the mechanical logic of the story (using pebbles to raise the water) which had already been fully described in the narrative.",2026-03-15T08:54:40.678152Z
a533a03c3bd4f1d8,369,1,"The story was about a thirsty bird on a hot day who searched for water for a long time and became very tired. She almost fainted but then saw a pitcher of water under a bench in a park. She sat on the pitcher but couldn鈥檛 reach the water because it was too deep for her beak. She found some pebbles and dropped them into the pitcher one by one, which raised the water level. This allowed her to drink the water and then she flew away happily. The bird used the pebbles to make the water level higher so she could access it. The pitcher was under a bench, and the bird was very thirsty and tired before finding the water.",2026-03-15T08:55:09.375778Z,"{""choices"":[""bird"",""water"",""pitcher"",""pebbles"",""bench"",""park"",""beak (or beak length)""]}","{""choices"":[""The day is hot."",""The bird is thirsty."",""The bird looks for water for a long time."",""The bird becomes very tired and is about to faint."",""The bird spots a pitcher of water."",""The pitcher is under a bench in a park."",""The water is too deep to reach, the bird鈥檚 beak is not long enough."",""The bird finds some pebbles."",""The bird picks up pebbles and drops them into the pitcher."",""The water level rises, allowing the bird to drink."",""The bird flies away happily.""]}",369,28.503,"[{""number"":1}]",,"it misses event [t] because, while it mentions the bird ""sat on the pitcher,"" it fails to explicitly state the preceding action of ""flying down."" There is 1 created fact: the final two sentences function as a redundant summary, re-stating the physical mechanism of the story and the initial setting/conditions without adding new narrative information.",2026-03-15T08:55:09.375800Z
79bbc29022d940f6,370,1,"The story was about a little bird who was very thirsty on a hot day. She searched for water for a long time and became very tired, almost fainting. She found a pitcher of water under a bench in a park but couldn't reach it because the water was too deep for her beak. She looked around and found some pebbles, which gave her an idea. She dropped the pebbles one by one into the pitcher, and the water level rose until she could finally drink. She then flew away happily. The bird used the pebbles to raise the water level so she could access the water. The setting was a park, and the pitcher was under a bench. The bird was determined and clever in finding a way to get the water.",2026-03-15T08:55:45.841420Z,"{""choices"":[""bird"",""water"",""pitcher"",""pebbles"",""bench"",""park"",""beak (or beak length)""]}","{""choices"":[""The day is hot."",""The bird is thirsty."",""The bird looks for water for a long time."",""The bird becomes very tired and is about to faint."",""The bird spots a pitcher of water."",""The pitcher is under a bench in a park."",""The water is too deep to reach, the bird鈥檚 beak is not long enough."",""The bird finds some pebbles."",""The bird picks up pebbles and drops them into the pitcher."",""The water level rises, allowing the bird to drink."",""The bird flies away happily.""]}",370,36.269,"[{""number"":2}]",,"it misses event [t], as it fails to explicitly state that the bird flew down or sat on the pitcher. There are 2 created facts: first, a redundant summary re-stating the physical mechanism and setting; and second, an interpretive characterization of the bird (""determined and clever""), which is not part of the factual narrative.",2026-03-15T08:55:45.841443Z
81d20cfba9a33e39,371,1,"The story was about a little bird who was very thirsty on a hot day. She searched for water for a long time and became very tired, almost fainting. She found a pitcher of water under a bench in a park but couldn't reach it because the water was too deep for her short beak. She looked around and found some pebbles, which made her think of a solution. She dropped the pebbles one by one into the pitcher, and as they sank, the water level rose. This allowed her to drink the water. After satisfying her thirst, she flew away happily. The bird used the pebbles to raise the water level so she could access it.",2026-03-15T08:56:15.221120Z,"{""choices"":[""bird"",""water"",""pitcher"",""pebbles"",""bench"",""park"",""beak (or beak length)""]}","{""choices"":[""The day is hot."",""The bird is thirsty."",""The bird looks for water for a long time."",""The bird becomes very tired and is about to faint."",""The bird spots a pitcher of water."",""The pitcher is under a bench in a park."",""The water is too deep to reach, the bird鈥檚 beak is not long enough."",""The bird finds some pebbles."",""The bird picks up pebbles and drops them into the pitcher."",""The water level rises, allowing the bird to drink."",""The bird flies away happily.""]}",371,29.182,"[{""number"":1}]",,"it misses event [t], as it fails to explicitly state that the bird flew down or sat on the pitcher. There is 1 created fact: the final sentence functions as a redundant summary, re-stating the mechanical logic of using pebbles to raise the water level which had already been fully described in the narrative.",2026-03-15T08:56:15.221145Z
63681a7355cbc27c,372,1,"It was a very hot day, and a little bird was searching for water for a long time. She was very tired and almost fainted from the heat. While she was looking around, she saw a pitcher of water under a bench in a park. She flew down and sat on the pitcher, but the water was too deep for her to reach with her short beak. She looked around and found some pebbles, which made her think of a solution. She picked up the pebbles one by one and dropped them into the pitcher. As she added more pebbles, the water level rose, and soon she was able to drink from it. After quenching her thirst, she flew away happily, satisfied with her clever solution.",2026-03-15T08:56:38.325474Z,"{""choices"":[""bird"",""water"",""pitcher"",""pebbles"",""bench"",""park"",""beak (or beak length)""]}","{""choices"":[""The day is hot."",""The bird is thirsty."",""The bird looks for water for a long time."",""The bird becomes very tired and is about to faint."",""The bird spots a pitcher of water."",""The pitcher is under a bench in a park."",""The bird flies down and sits on the pitcher."",""The water is too deep to reach, the bird鈥檚 beak is not long enough."",""The bird finds some pebbles."",""The bird picks up pebbles and drops them into the pitcher."",""The water level rises, allowing the bird to drink."",""The bird flies away happily.""]}",372,22.907,"[{""number"":1}]",,"There is 1 created fact: the final clause adds an interpretive evaluation of the bird's state of mind and the quality of its actions (""satisfied with her clever solution""), which is a subjective addition not present in the original factual narrative.",2026-03-15T08:56:38.325488Z
7264fcf8b370e3a7,373,1,"The story was about a little bird who was very thirsty on a hot day and had been searching for water for a long time. She was tired and almost fainting when she saw a pitcher of water under a bench in a park. She flew down and sat on the pitcher but couldn't reach the water because it was too deep for her beak. She looked around and found some pebbles, which gave her an idea. She dropped the pebbles one by one into the pitcher, and the water level rose until she could finally drink. She then flew away happily.",2026-03-15T08:56:54.343310Z,"{""choices"":[""bird"",""water"",""pitcher"",""pebbles"",""bench"",""park"",""beak (or beak length)""]}","{""choices"":[""The day is hot."",""The bird is thirsty."",""The bird looks for water for a long time."",""The bird becomes very tired and is about to faint."",""The bird spots a pitcher of water."",""The pitcher is under a bench in a park."",""The bird flies down and sits on the pitcher."",""The water is too deep to reach, the bird鈥檚 beak is not long enough."",""The bird finds some pebbles."",""The bird picks up pebbles and drops them into the pitcher."",""The water level rises, allowing the bird to drink."",""The bird flies away happily.""]}",373,15.82,,,,2026-03-15T08:56:54.343329Z
dbf9fa58106587a7,374,1,"The story was about a little bird who was very thirsty and had been searching for water for a long time. She was exhausted and almost fainted, but then she saw a pitcher of water under a bench in a park. She flew down and sat on the pitcher, but the water was too deep for her to reach with her short beak. She looked around and found some pebbles, which made her think of a solution. She dropped the pebbles one by one into the pitcher, and as they sank, the water level rose. Eventually, she was able to drink the water and flew away happily. The bird used the pebbles to raise the water level so she could access it. I don鈥檛 know the exact time of day, but it was described as a hot day. I don鈥檛 know the bird鈥檚 name or color, but she was small and had a short beak.",2026-03-15T08:57:28.052783Z,"{""choices"":[""bird"",""water"",""pitcher"",""pebbles"",""bench"",""park"",""beak (or beak length)""]}","{""choices"":[""The day is hot."",""The bird is thirsty."",""The bird looks for water for a long time."",""The bird becomes very tired and is about to faint."",""The bird spots a pitcher of water."",""The pitcher is under a bench in a park."",""The bird flies down and sits on the pitcher."",""The water is too deep to reach, the bird鈥檚 beak is not long enough."",""The bird finds some pebbles."",""The bird picks up pebbles and drops them into the pitcher."",""The water level rises, allowing the bird to drink."",""The bird flies away happily.""]}",374,29.901,"[{""number"":2}]",,"There are 2 created facts: the first is a redundant summary of the story's mechanical logic, and the second is a series of meta-commentaries regarding the narrator's uncertainty about non-existent details (name, color, exact time).",2026-03-15T08:57:28.052806Z
19b1d7d0d27ea129,375,1,"The story was about a little bird who was very thirsty on a hot day and had been searching for water for a long time. She was tired and almost fainted but then saw a pitcher of water under a bench in a park. She flew down and sat on the pitcher, but the water was too deep for her to reach with her short beak. She looked around and found some pebbles, which gave her an idea. She dropped the pebbles one by one into the pitcher, and the water level rose until she could finally drink. She then flew away happily. I don鈥檛 know the exact color of the bird or the type of park, but it was a sunny day, and the bird used pebbles to raise the water level.",2026-03-15T08:59:11.475540Z,"{""choices"":[""bird"",""water"",""pitcher"",""pebbles"",""bench"",""park"",""beak (or beak length)""]}","{""choices"":[""The day is hot."",""The bird is thirsty."",""The bird looks for water for a long time."",""The bird becomes very tired and is about to faint."",""The bird spots a pitcher of water."",""The pitcher is under a bench in a park."",""The bird flies down and sits on the pitcher."",""The water is too deep to reach, the bird鈥檚 beak is not long enough."",""The bird finds some pebbles."",""The bird picks up pebbles and drops them into the pitcher."",""The water level rises, allowing the bird to drink."",""The bird flies away happily.""]}",375,103.235,"[{""number"":1}]",,"There is 1 created fact: the final sentence combines meta-commentary regarding the narrator's uncertainty about specific details (bird color, park type) with a redundant summary of the story's mechanical logic, both of which are external to the factual narrative.",2026-03-15T08:59:11.475562Z
7163f2b084889926,376,1,"The story was about a little bird who was very thirsty on a hot day and had been searching for water for a long time. She became very tired and almost fainted. While resting, she saw a pitcher of water under a bench in a park. The water was inside, but it was too deep for her to reach with her short beak. She looked around and found some pebbles, which made her think of a solution. She dropped the pebbles one by one into the pitcher, and as they settled, the water level rose. This allowed her to drink the water. After satisfying her thirst, she flew away happily. The bird used her problem-solving skills to get the water she needed.",2026-03-15T08:59:43.538707Z,"{""choices"":[""bird"",""water"",""pitcher"",""pebbles"",""bench"",""park"",""beak (or beak length)""]}","{""choices"":[""The day is hot."",""The bird is thirsty."",""The bird looks for water for a long time."",""The bird becomes very tired and is about to faint."",""The bird spots a pitcher of water."",""The pitcher is under a bench in a park."",""The water is too deep to reach, the bird鈥檚 beak is not long enough."",""The bird finds some pebbles."",""The bird picks up pebbles and drops them into the pitcher."",""The water level rises, allowing the bird to drink."",""The bird flies away happily.""]}",376,31.868,"[{""number"":1}]",,"it misses event [t], as it fails to explicitly state that the bird flew down or sat on the pitcher. There is 1 created fact: the final sentence provides an interpretive evaluation of the bird's ""problem-solving skills,"" which is a subjective characterization not present in the original factual narrative.",2026-03-15T08:59:43.538723Z
4b06165225acd9bb,377,1,"The story was about a thirsty bird who was looking for water on a hot day. She was very tired and almost fainting when she found a pitcher of water under a bench in a park. The water was too deep for her to reach because her beak wasn't long enough. She found some pebbles and dropped them into the pitcher, which raised the water level so she could drink. She then flew away happily. The bird used the pebbles to make the water level higher so she could access it. The pitcher was under a bench in a park, and the bird was thirsty and tired. She had to think of a way to get the water, and the pebbles helped her do that.",2026-03-15T09:00:36.380886Z,"{""choices"":[""bird"",""water"",""pitcher"",""pebbles"",""bench"",""park"",""beak (or beak length)""]}","{""choices"":[""The day is hot."",""The bird is thirsty."",""The bird becomes very tired and is about to faint."",""The bird spots a pitcher of water."",""The pitcher is under a bench in a park."",""The water is too deep to reach, the bird鈥檚 beak is not long enough."",""The bird finds some pebbles."",""The bird picks up pebbles and drops them into the pitcher."",""The water level rises, allowing the bird to drink."",""The bird flies away happily.""]}",377,52.649,"[{""number"":1}]",,"It omits the search duration ([0]) and the explicit physical action of landing on the pitcher ([t]). There is 1 created fact: the final three sentences function as a redundant summary, re-stating the mechanical logic, setting, and initial conditions of the story without adding any new narrative progression.",2026-03-15T09:00:36.380908Z
ec363af8842ac3ec,378,1,"The story was about a thirsty bird who was looking for water on a hot day and became very tired. She found a pitcher of water under a bench in a park but couldn鈥檛 reach it because the water was too deep for her beak. She looked around and found some pebbles, which made her think of a solution. She dropped the pebbles into the pitcher one by one, and as they settled, the water level rose. This allowed her to drink the water, and she left happily. The bird鈥檚 determination and cleverness helped her overcome the challenge of accessing the water. She used the pebbles to raise the water level so she could drink. The story shows how problem-solving and persistence can lead to success.",2026-03-15T09:01:38.784482Z,"{""choices"":[""bird"",""water"",""pitcher"",""pebbles"",""bench"",""park"",""beak (or beak length)""]}","{""choices"":[""The day is hot."",""The bird is thirsty."",""The bird spots a pitcher of water."",""The pitcher is under a bench in a park."",""The water is too deep to reach, the bird鈥檚 beak is not long enough."",""The bird finds some pebbles."",""The bird picks up pebbles and drops them into the pitcher."",""The water level rises, allowing the bird to drink."",""The bird flies away happily.""]}",378,62.208,"[{""number"":2}]",,"The recall text identifies all seven entities but misses three event markers. It omits the search duration ([0]), the extreme state of near-fainting ([q]), and the explicit action of landing on the pitcher ([t]). There are 2 created facts: first, a series of interpretive and moralizing statements regarding the bird's ""determination"" and the story's ""lesson""; and second, a redundant summary re-explaining the mechanical logic of raising the water level that was already part of the narrative.",2026-03-15T09:01:38.784506Z
3ab90a4a5b3b459b,379,1,"The story was about a thirsty bird on a hot day who searched for water for a long time until she found a pitcher under a bench in a park. The water was too deep for her to reach with her short beak, so she found some pebbles and dropped them into the pitcher one by one. This caused the water level to rise, allowing her to drink. She then flew away happily. The bird was very tired and close to fainting before finding the pitcher. She used pebbles to raise the water level. The pitcher was under a bench in a park. The bird was thirsty and had been looking for water for a long time.",2026-03-15T09:02:22.949072Z,"{""choices"":[""bird"",""water"",""pitcher"",""pebbles"",""bench"",""park"",""beak (or beak length)""]}","{""choices"":[""The day is hot."",""The bird is thirsty."",""The bird looks for water for a long time."",""The bird becomes very tired and is about to faint."",""The bird spots a pitcher of water."",""The pitcher is under a bench in a park."",""The water is too deep to reach, the bird鈥檚 beak is not long enough."",""The bird finds some pebbles."",""The bird picks up pebbles and drops them into the pitcher."",""The water level rises, allowing the bird to drink."",""The bird flies away happily.""]}",379,43.969,"[{""number"":1}]",,"it misses event [t], as it fails to explicitly state that the bird flew down or sat on the pitcher before attempting to drink. There is 1 created fact: the final three sentences function as a redundant summary, repeating the mechanical logic, setting, and initial conditions already established in the narrative.",2026-03-15T09:02:22.949088Z
ee41baa46ab7f5be,380,1,"The story was about a little bird who was very thirsty on a hot day. She searched for water for a long time and became very tired, even close to fainting. She found a pitcher of water under a bench in a park but couldn鈥檛 reach it because the water was too deep for her beak. She looked around and found some pebbles, which made her think of a solution. She dropped the pebbles into the pitcher one by one, and the water level rose until she could finally drink. She then flew away happily. I don鈥檛 know if there were other birds or what happened after she drank, but that鈥檚 what I remember.",2026-03-15T09:03:04.475371Z,"{""choices"":[""bird"",""water"",""pitcher"",""pebbles"",""bench"",""park"",""beak (or beak length)""]}","{""choices"":[""The day is hot."",""The bird is thirsty."",""The bird looks for water for a long time."",""The bird becomes very tired and is about to faint."",""The bird spots a pitcher of water."",""The pitcher is under a bench in a park."",""The water is too deep to reach, the bird鈥檚 beak is not long enough."",""The bird finds some pebbles."",""The bird picks up pebbles and drops them into the pitcher."",""The water level rises, allowing the bird to drink."",""The bird flies away happily.""]}",380,41.333,"[{""number"":1}]",,"it misses event [t], as it fails to explicitly state that the bird flew down or sat on the pitcher. There is 1 created fact: the final sentence provides meta-commentary regarding the narrator's uncertainty about potential extra details (other birds, subsequent events), which is an addition external to the factual narrative.",2026-03-15T09:03:04.475394Z
98596ace45ba1644,381,1,"The story was about a thirsty bird who was searching for water on a hot day. She had been looking for a long time and was very tired, even close to fainting. Then she saw a pitcher of water under a bench in a park. She flew down and sat on it, but the water was too deep for her to reach with her short beak. She looked around and found some pebbles, which made her think of a solution. She dropped the pebbles one by one into the pitcher, and as they sank, the water level rose. Eventually, she could drink the water and flew away happily.",2026-03-15T09:03:25.592318Z,"{""choices"":[""bird"",""water"",""pitcher"",""pebbles"",""bench"",""park"",""beak (or beak length)""]}","{""choices"":[""The day is hot."",""The bird is thirsty."",""The bird looks for water for a long time."",""The bird becomes very tired and is about to faint."",""The bird spots a pitcher of water."",""The pitcher is under a bench in a park."",""The bird flies down and sits on the pitcher."",""The water is too deep to reach, the bird鈥檚 beak is not long enough."",""The bird finds some pebbles."",""The bird picks up pebbles and drops them into the pitcher."",""The water level rises, allowing the bird to drink."",""The bird flies away happily.""]}",381,20.925,,,,2026-03-15T09:03:25.592344Z
df328a5e5c041cc5,382,1,"The story was about a little bird who was very thirsty on a hot day. She looked for water for a long time and got very tired. She saw a pitcher of water under a bench in a park but couldn't drink from it because the water was too deep for her beak. She found some pebbles and dropped them into the pitcher, which made the water level rise. Then she could drink the water and flew away happily. She was smart to use the pebbles to get the water she needed. I don鈥檛 know if there were other birds or what happened after she drank.",2026-03-15T09:08:56.590244Z,"{""choices"":[""bird"",""water"",""pitcher"",""pebbles"",""bench"",""park"",""beak (or beak length)""]}","{""choices"":[""The day is hot."",""The bird is thirsty."",""The bird looks for water for a long time."",""The bird spots a pitcher of water."",""The pitcher is under a bench in a park."",""The water is too deep to reach, the bird鈥檚 beak is not long enough."",""The bird finds some pebbles."",""The bird picks up pebbles and drops them into the pitcher."",""The water level rises, allowing the bird to drink."",""The bird flies away happily.""]}",382,330.797,"[{""number"":2}]",,"The recall text identifies all seven entities but misses two event markers. It fails to capture the bird's extreme state of near-fainting ([q]) and omits the explicit physical action of flying down or landing on the pitcher ([t]). There are 2 created facts: first, an evaluative statement labeling the bird as ""smart,"" and second, a meta-commentary regarding the narrator's uncertainty about non-existent details (other birds, subsequent events), both of which are external to the factual narrative.",2026-03-15T09:08:56.590264Z
187baf5ccb217050,383,1,"The story was about a thirsty bird who was looking for water on a hot day. She was very tired and almost fainting when she found a pitcher of water under a bench in a park. The water was too deep for her to reach with her short beak, so she looked around and found some pebbles. She dropped the pebbles into the pitcher, which raised the water level until she could drink. She then flew away happily. I don鈥檛 know the exact time of day or the type of bird, but the main details are there. I don鈥檛 know if there were other animals around or if the pitcher was made of glass or clay. I don鈥檛 know.",2026-03-15T09:09:37.630250Z,"{""choices"":[""bird"",""water"",""pitcher"",""pebbles"",""bench"",""park"",""beak (or beak length)""]}","{""choices"":[""The day is hot."",""The bird is thirsty."",""The bird becomes very tired and is about to faint."",""The bird spots a pitcher of water."",""The pitcher is under a bench in a park."",""The water is too deep to reach, the bird鈥檚 beak is not long enough."",""The bird finds some pebbles."",""The bird picks up pebbles and drops them into the pitcher."",""The water level rises, allowing the bird to drink."",""The bird flies away happily.""]}",383,40.84,"[{""number"":1}]",,"It omits the search duration ([0]) and fails to explicitly state the physical movement of the bird flying down or landing on the pitcher ([t]). There is 1 created fact: the final section consists of extensive meta-commentary where the narrator reflects on their uncertainty regarding non-essential details (bird type, pitcher material, other animals), which is external to the factual narrative.",2026-03-15T09:09:37.630271Z
635315c809b0f27a,384,1,"It was a very hot day, and a thirsty bird had been searching for water for a long time. She was exhausted and close to fainting when she found a pitcher of water under a bench in a park. The water was inside, but it was too deep for her to reach with her short beak. She looked around and found some pebbles, which made her think of a solution. She dropped the pebbles one by one into the pitcher, and as they sank, the water level rose. Eventually, she was able to drink the water and flew away happily.",2026-03-15T09:10:21.108284Z,"{""choices"":[""bird"",""water"",""pitcher"",""pebbles"",""bench"",""park"",""beak (or beak length)""]}","{""choices"":[""The day is hot."",""The bird is thirsty."",""The bird looks for water for a long time."",""The bird becomes very tired and is about to faint."",""The bird spots a pitcher of water."",""The pitcher is under a bench in a park."",""The water is too deep to reach, the bird鈥檚 beak is not long enough."",""The bird finds some pebbles."",""The bird picks up pebbles and drops them into the pitcher."",""The water level rises, allowing the bird to drink."",""The bird flies away happily.""]}",384,43.278,,,"it misses event [t], as it fails to explicitly state that the bird flew down or sat on the pitcher before attempting to drink.",2026-03-15T09:10:21.108299Z
bd2be24455cc817c,385,1,"The story was about a little bird who was very thirsty on a hot day. She searched for water for a long time and became very tired, almost fainting. She found a pitcher of water under a bench in a park but couldn't drink from it because the water was too deep for her to reach with her short beak. She looked around and found some pebbles, which made her think. She dropped the pebbles one by one into the pitcher, and the water level rose until she could finally drink. She then flew away happily. I don鈥檛 know.",2026-03-15T09:11:22.508991Z,"{""choices"":[""bird"",""water"",""pitcher"",""pebbles"",""bench"",""park"",""beak (or beak length)""]}","{""choices"":[""The day is hot."",""The bird is thirsty."",""The bird looks for water for a long time."",""The bird becomes very tired and is about to faint."",""The bird spots a pitcher of water."",""The pitcher is under a bench in a park."",""The water is too deep to reach, the bird鈥檚 beak is not long enough."",""The bird finds some pebbles."",""The bird picks up pebbles and drops them into the pitcher."",""The water level rises, allowing the bird to drink."",""The bird flies away happily.""]}",385,61.198,"[{""number"":1}]",,"it misses event [t], as it fails to explicitly state that the bird flew down or sat on the pitcher. There is 1 created fact: the final phrase ""I don鈥檛 know"" functions as meta-commentary regarding the narrator's state of mind, which is external to the factual narrative of the story.",2026-03-15T09:11:22.509015Z
24f4e3beea47029f,386,1,"The story was about a little bird who was very thirsty on a hot day. She searched for water for a long time and became very tired, almost fainting. Then she saw a pitcher of water under a bench in a park. She flew down and sat on it, but the water was too deep for her to reach with her short beak. She looked around and found some pebbles, which made her think. She dropped the pebbles one by one into the pitcher, and the water level rose until she could finally drink. She then flew away happily. I don鈥檛 know the exact time of day or the color of the bird, but I remember she was small and thirsty. I don鈥檛 know the name of the park or if there were other animals around.",2026-03-15T09:11:55.124946Z,"{""choices"":[""bird"",""water"",""pitcher"",""pebbles"",""bench"",""park"",""beak (or beak length)""]}","{""choices"":[""The day is hot."",""The bird is thirsty."",""The bird looks for water for a long time."",""The bird becomes very tired and is about to faint."",""The bird spots a pitcher of water."",""The pitcher is under a bench in a park."",""The bird flies down and sits on the pitcher."",""The water is too deep to reach, the bird鈥檚 beak is not long enough."",""The bird finds some pebbles."",""The bird picks up pebbles and drops them into the pitcher."",""The water level rises, allowing the bird to drink."",""The bird flies away happily.""]}",386,32.423,"[{""number"":1}]",,"There is 1 created fact: the final section consists of meta-commentary where the narrator reflects on their uncertainty regarding non-essential details (exact time, bird color, park name, other animals), which is external to the factual narrative of the story.",2026-03-15T09:11:55.124960Z
33ed672f9d40ec98,387,1,"The story was about a thirsty bird who was searching for water on a hot day and became very tired. She found a pitcher of water under a bench but couldn鈥檛 reach it because the water was too deep for her beak. She looked around and found some pebbles, which made her think of a solution. She dropped the pebbles into the pitcher one by one, and the water level rose until she could finally drink. She then flew away happily. The bird used the pebbles to raise the water level so she could access it. I don鈥檛 know.",2026-03-15T09:12:33.929324Z,"{""choices"":[""bird"",""water"",""pitcher"",""pebbles"",""bench"",""park"",""beak (or beak length)""]}","{""choices"":[""The day is hot."",""The bird is thirsty."",""The bird spots a pitcher of water."",""The pitcher is under a bench in a park."",""The water is too deep to reach, the bird鈥檚 beak is not long enough."",""The bird finds some pebbles."",""The bird picks up pebbles and drops them into the pitcher."",""The water level rises, allowing the bird to drink."",""The bird flies away happily.""]}",387,38.612,"[{""number"":2}]",,"The recall text identifies all seven entities but misses three event markers. It omits the search duration ([0]), the extreme state of exhaustion/near-fainting ([q]), and the explicit physical action of landing on the pitcher ([t]). There are 2 created facts: first, a redundant summary re-stating the story's mechanical logic after the narrative concluded; and second, a brief meta-commentary (""I don鈥檛 know"") regarding the narrator's state of memory, both of which are external to the factual narrative.",2026-03-15T09:12:33.929349Z
fdcfe3b16152f1a1,388,1,"The story was about a little bird who was very thirsty on a hot day and looked for water for a long time. She got tired and almost fainted but then saw a pitcher of water under a bench in a park. She flew down and sat on the pitcher, but the water was too deep for her to reach with her short beak. She looked around and found some pebbles, which made her think of a solution. She dropped the pebbles into the pitcher one by one, and the water level rose until she could finally drink it. She then flew away happily. I don鈥檛 know if there were other birds or if the pitcher was full or empty at first.",2026-03-15T09:13:09.929339Z,"{""choices"":[""bird"",""water"",""pitcher"",""pebbles"",""bench"",""park"",""beak (or beak length)""]}","{""choices"":[""The day is hot."",""The bird is thirsty."",""The bird looks for water for a long time."",""The bird becomes very tired and is about to faint."",""The bird spots a pitcher of water."",""The pitcher is under a bench in a park."",""The bird flies down and sits on the pitcher."",""The water is too deep to reach, the bird鈥檚 beak is not long enough."",""The bird finds some pebbles."",""The bird picks up pebbles and drops them into the pitcher."",""The water level rises, allowing the bird to drink."",""The bird flies away happily.""]}",388,35.805,"[{""number"":1}]",,"There is 1 created fact: the final sentence provides meta-commentary regarding the narrator's uncertainty about non-essential details (other birds, initial water level), which is external to the factual narrative.",2026-03-15T09:13:09.929362Z
d74734acf9f88e1f,389,1,"It was a hot day, and a thirsty bird was searching for water for a long time. She became very tired and almost fainted. While she was resting, she noticed a pitcher of water under a bench in a park. She flew down and sat on the pitcher, but the water was too deep for her to reach with her short beak. She looked around and found some pebbles, which made her think of a solution. She dropped the pebbles one by one into the pitcher, and as they sank, the water level rose. Eventually, she was able to drink the water. After satisfying her thirst, she flew away happily.",2026-03-15T09:13:31.456490Z,"{""choices"":[""bird"",""water"",""pitcher"",""pebbles"",""bench"",""park"",""beak (or beak length)""]}","{""choices"":[""The day is hot."",""The bird is thirsty."",""The bird looks for water for a long time."",""The bird becomes very tired and is about to faint."",""The bird spots a pitcher of water."",""The pitcher is under a bench in a park."",""The bird flies down and sits on the pitcher."",""The water is too deep to reach, the bird鈥檚 beak is not long enough."",""The bird finds some pebbles."",""The bird picks up pebbles and drops them into the pitcher."",""The water level rises, allowing the bird to drink."",""The bird flies away happily.""]}",389,21.322,,,,2026-03-15T09:13:31.456510Z
ba35286c22ef0e7e,390,1,"The story was about a little bird who was very thirsty on a hot day. She looked for water for a long time and got very tired. She saw a pitcher of water under a bench in a park but couldn't reach it because the water was too deep. She tried to drink from it but her beak wasn't long enough. Then she found some pebbles and decided to drop them into the pitcher. The water level rose, and she was able to drink. She flew away happy. I don鈥檛 know the bird鈥檚 name or if there were other animals around. I don鈥檛 know if the pitcher was big or small, or how long it took her to drop all the pebbles. I don鈥檛 know if she shared the water with anyone else.",2026-03-15T09:14:23.266908Z,"{""choices"":[""bird"",""water"",""pitcher"",""pebbles"",""bench"",""park"",""beak (or beak length)""]}","{""choices"":[""The day is hot."",""The bird is thirsty."",""The bird looks for water for a long time."",""The bird spots a pitcher of water."",""The pitcher is under a bench in a park."",""The water is too deep to reach, the bird鈥檚 beak is not long enough."",""The bird finds some pebbles."",""The bird picks up pebbles and drops them into the pitcher."",""The water level rises, allowing the bird to drink."",""The bird flies away happily.""]}",390,51.611,"[{""number"":1}]",,"The recall text identifies all seven entities but misses two event markers. It fails to capture the bird's extreme state of near-fainting ([q]) and omits the explicit physical action of landing on the pitcher ([t]). There is 1 created fact: the extensive final section functions as meta-commentary where the narrator reflects on their uncertainty regarding non-existent or non-essential details (bird's name, pitcher size, duration of the task), which is external to the factual narrative.",2026-03-15T09:14:23.266930Z
73151ea643d99032,391,1,"The story was about a thirsty bird on a hot day who searched for water for a long time until she found a pitcher under a bench in a park. She couldn鈥檛 drink from it because the water was too deep for her beak. She found some pebbles and dropped them into the pitcher, which raised the water level so she could drink. She then flew away happily. The bird was tired and almost fainted before finding the pitcher. She used the pebbles to make the water level higher. The pitcher was under a bench in a park. The bird was thirsty and looked for water for a long time. She used pebbles to raise the water level so she could drink.",2026-03-15T09:14:50.273407Z,"{""choices"":[""bird"",""water"",""pitcher"",""pebbles"",""bench"",""park"",""beak (or beak length)""]}","{""choices"":[""The day is hot."",""The bird is thirsty."",""The bird looks for water for a long time."",""The bird becomes very tired and is about to faint."",""The bird spots a pitcher of water."",""The pitcher is under a bench in a park."",""The water is too deep to reach, the bird鈥檚 beak is not long enough."",""The bird finds some pebbles."",""The bird picks up pebbles and drops them into the pitcher."",""The water level rises, allowing the bird to drink."",""The bird flies away happily.""]}",391,26.805,"[{""number"":1}]",,"it misses event [t], as it fails to explicitly state that the bird flew down or sat on the pitcher. There is 1 created fact: the final three sentences function as a redundant summary, repeating the mechanical logic, setting, and initial conditions already established in the earlier part of the response.",2026-03-15T09:14:50.273429Z
03a66d2d2ccee309,392,1,"The story was about a thirsty bird who was looking for water on a hot day. She was very tired and almost fainted. She found a pitcher of water under a bench in a park but couldn't reach it because the water was too deep for her beak. She looked around and found some pebbles, which made her think of a solution. She dropped the pebbles into the pitcher one by one, and the water level rose until she could finally drink. She then flew away happily.",2026-03-15T09:15:22.220254Z,"{""choices"":[""bird"",""water"",""pitcher"",""pebbles"",""bench"",""park"",""beak (or beak length)""]}","{""choices"":[""The day is hot."",""The bird is thirsty."",""The bird becomes very tired and is about to faint."",""The bird spots a pitcher of water."",""The pitcher is under a bench in a park."",""The water is too deep to reach, the bird鈥檚 beak is not long enough."",""The bird finds some pebbles."",""The bird picks up pebbles and drops them into the pitcher."",""The water level rises, allowing the bird to drink."",""The bird flies away happily.""]}",392,31.757,,,it misses the search duration ([0]) and fails to explicitly state the physical movement of the bird flying down or landing on the pitcher ([t]).,2026-03-15T09:15:22.220276Z
5ed2b42d02952cd7,393,1,"The story was about a thirsty bird who was looking for water on a hot day. She was very tired and almost fainted but then saw a pitcher of water under a bench in a park. She couldn't reach the water because it was too deep for her beak. She found some pebbles and dropped them into the pitcher, which raised the water level so she could drink. She then flew away happily. I don鈥檛 know the bird's name or what happened after she drank the water, but I remember she used pebbles to make the water level higher so she could drink.",2026-03-15T09:16:08.250484Z,"{""choices"":[""bird"",""water"",""pitcher"",""pebbles"",""bench"",""park"",""beak (or beak length)""]}","{""choices"":[""The day is hot."",""The bird is thirsty."",""The bird becomes very tired and is about to faint."",""The bird spots a pitcher of water."",""The pitcher is under a bench in a park."",""The water is too deep to reach, the bird鈥檚 beak is not long enough."",""The bird finds some pebbles."",""The bird picks up pebbles and drops them into the pitcher."",""The water level rises, allowing the bird to drink."",""The bird flies away happily.""]}",393,45.829,"[{""number"":2}]",,"The recall text identifies all seven entities but misses two event markers. It omits the search duration ([0]) and fails to explicitly state the physical movement of the bird flying down or landing on the pitcher ([t]). There are 2 created facts: first, a meta-commentary regarding the narrator's uncertainty about non-essential details (bird's name, post-story events); and second, a redundant summary at the very end that re-explains the mechanical solution already established in the narrative.",2026-03-15T09:16:08.250514Z
dbdd1a4867ca9932,394,1,"The story was about a thirsty bird who was looking for water on a hot day. She was very tired and almost faint from the heat. She found a pitcher of water under a bench in a park but couldn鈥檛 reach the water because it was too deep for her small beak. She looked around and found some pebbles, which made her think of a solution. She dropped the pebbles one by one into the pitcher, and the water level rose until she could finally drink. She then flew away happily. The bird used the pebbles to raise the water level so she could access it. She was very thirsty and had been searching for water for a long time. The pitcher was under a bench in a park.",2026-03-15T09:17:23.758159Z,"{""choices"":[""bird"",""water"",""pitcher"",""pebbles"",""bench"",""park"",""beak (or beak length)""]}","{""choices"":[""The day is hot."",""The bird is thirsty."",""The bird looks for water for a long time."",""The bird becomes very tired and is about to faint."",""The bird spots a pitcher of water."",""The pitcher is under a bench in a park."",""The water is too deep to reach, the bird鈥檚 beak is not long enough."",""The bird finds some pebbles."",""The bird picks up pebbles and drops them into the pitcher."",""The water level rises, allowing the bird to drink."",""The bird flies away happily.""]}",394,75.318,"[{""number"":1}]",,"it misses event [t], as it fails to explicitly state that the bird flew down or sat on the pitcher before attempting to drink. There is 1 created fact: the final three sentences function as a redundant summary, repeating the mechanical solution, the initial thirst/duration, and the setting already established in the earlier narrative.",2026-03-15T09:17:23.758181Z
c69f8c83fd7f4cc6,395,1,"The story was about a little bird who was very thirsty on a hot day. She searched for water for a long time and became very tired. She found a pitcher of water under a bench in a park, but the water was too deep for her to reach with her short beak. She looked around and found some pebbles, which made her think of a solution. She dropped the pebbles into the pitcher one by one, and as they sank, the water level rose. This allowed her to drink the water. She then flew away happily. I don鈥檛 know the exact time of day or the type of bird, and I don鈥檛 remember if there were other animals around. I don鈥檛 know.",2026-03-15T09:18:57.325301Z,"{""choices"":[""bird"",""water"",""pitcher"",""pebbles"",""bench"",""park"",""beak (or beak length)""]}","{""choices"":[""The day is hot."",""The bird is thirsty."",""The bird looks for water for a long time."",""The bird spots a pitcher of water."",""The pitcher is under a bench in a park."",""The water is too deep to reach, the bird鈥檚 beak is not long enough."",""The bird finds some pebbles."",""The bird picks up pebbles and drops them into the pitcher."",""The water level rises, allowing the bird to drink."",""The bird flies away happily.""]}",395,93.364,"[{""number"":1}]",,"It fails to describe the bird's extreme state of near-fainting ([q]) and omits the explicit physical action of landing on the pitcher ([t]). There is 1 created fact: the final section consists of meta-commentary regarding the narrator's uncertainty about non-essential details (time of day, bird type, other animals), which is external to the factual narrative.",2026-03-15T09:18:57.325326Z
af43910df5ffab34,396,1,"The story was about a little bird who was very thirsty and looked for water on a hot day. She flew for a long time and got very tired, almost fainting. Then she saw a pitcher of water under a bench in a park. She sat on the pitcher but couldn't drink because the water was too deep for her to reach with her short beak. She found some pebbles and decided to drop them into the pitcher. As she added more pebbles, the water level rose until she could finally drink. After that, she flew away happily.",2026-03-15T09:19:21.719852Z,"{""choices"":[""bird"",""water"",""pitcher"",""pebbles"",""bench"",""park"",""beak (or beak length)""]}","{""choices"":[""The day is hot."",""The bird is thirsty."",""The bird looks for water for a long time."",""The bird becomes very tired and is about to faint."",""The bird spots a pitcher of water."",""The pitcher is under a bench in a park."",""The bird flies down and sits on the pitcher."",""The water is too deep to reach, the bird鈥檚 beak is not long enough."",""The bird finds some pebbles."",""The bird picks up pebbles and drops them into the pitcher."",""The water level rises, allowing the bird to drink."",""The bird flies away happily.""]}",396,24.199,,,,2026-03-15T09:19:21.719874Z
d114cad7bfe72b23,397,1,"The story was about a little bird who was very thirsty on a hot day. She looked for water for a long time and became very tired, almost fainting. Then she saw a pitcher of water under a bench in a park. She flew down and sat on it, but the water was too deep for her to reach with her short beak. She looked around and found some pebbles, which made her think of a plan. She dropped the pebbles one by one into the pitcher, and the water level rose until she could finally drink. She then flew away happily. I don鈥檛 know if there were other birds or if the pitcher was full or empty at first. I don鈥檛 know.",2026-03-15T09:19:47.246365Z,"{""choices"":[""bird"",""water"",""pitcher"",""pebbles"",""bench"",""park"",""beak (or beak length)""]}","{""choices"":[""The day is hot."",""The bird is thirsty."",""The bird looks for water for a long time."",""The bird becomes very tired and is about to faint."",""The bird spots a pitcher of water."",""The pitcher is under a bench in a park."",""The bird flies down and sits on the pitcher."",""The water is too deep to reach, the bird鈥檚 beak is not long enough."",""The bird finds some pebbles."",""The bird picks up pebbles and drops them into the pitcher."",""The water level rises, allowing the bird to drink."",""The bird flies away happily.""]}",397,25.331,"[{""number"":1}]",,"There is 1 created fact: the final section provides meta-commentary regarding the narrator's uncertainty about non-essential details (other birds, initial water level), which is external to the factual narrative of the story.",2026-03-15T09:19:47.246389Z
844ecbf955462354,398,1,"The story was about a little bird who was very thirsty on a hot day. She searched for water for a long time and became very tired. Eventually, she found a pitcher of water under a bench in a park. The water was too deep for her to reach with her short beak. She looked around and found some pebbles, which made her think of a solution. She dropped the pebbles into the pitcher one by one, and the water level rose until she could finally drink. She then flew away happily. The bird used her intelligence to solve the problem and get the water she needed.",2026-03-15T09:20:31.337651Z,"{""choices"":[""bird"",""water"",""pitcher"",""pebbles"",""bench"",""park""]}","{""choices"":[""The day is hot."",""The bird is thirsty."",""The bird looks for water for a long time."",""The bird spots a pitcher of water."",""The pitcher is under a bench in a park."",""The water is too deep to reach, the bird鈥檚 beak is not long enough."",""The bird finds some pebbles."",""The bird picks up pebbles and drops them into the pitcher."",""The water level rises, allowing the bird to drink."",""The bird flies away happily.""]}",398,43.897,"[{""number"":1}]",,"It fails to describe the bird's extreme state of exhaustion/near-fainting ([q]) and omits the explicit physical action of landing on the pitcher ([t]). There is 1 created fact: the final sentence functions as an interpretive summary or inference about the bird's intelligence, which is an evaluative statement external to the factual narrative.",2026-03-15T09:20:31.337673Z
8de760d3fc4e4ee2,399,1,"The story was about a little bird who was very thirsty on a hot day. She looked for water for a long time and became very tired. She saw a pitcher of water under a bench in a park but couldn鈥檛 reach it because the water was too deep for her short beak. She found some pebbles and decided to drop them into the pitcher one by one. This made the water level rise until she could finally drink from it. She then flew away happily. I don鈥檛 know the exact location of the park or the bird鈥檚 name, but I remember she was small and needed help to get the water. I don鈥檛 know how long she took to drop the pebbles or how much water was in the pitcher at first.",2026-03-15T09:21:26.526262Z,"{""choices"":[""bird"",""water"",""pitcher"",""pebbles"",""bench"",""park"",""beak (or beak length)""]}","{""choices"":[""The day is hot."",""The bird is thirsty."",""The bird looks for water for a long time."",""The bird spots a pitcher of water."",""The pitcher is under a bench in a park."",""The water is too deep to reach, the bird鈥檚 beak is not long enough."",""The bird finds some pebbles."",""The bird picks up pebbles and drops them into the pitcher."",""The water level rises, allowing the bird to drink."",""The bird flies away happily.""]}",399,54.993,"[{""number"":1}]",,"It fails to describe the bird's extreme state of exhaustion/near-fainting ([q]) and omits the explicit physical movement of landing on the pitcher ([t]). There is 1 created fact: the final section consists of meta-commentary where the narrator reflects on their uncertainty regarding non-essential details (location, bird's name, duration, initial water level), which is external to the factual narrative.",2026-03-15T09:21:26.526283Z
1a50c0d46366469c,400,1,"The story was about a little bird who was very thirsty on a hot day. She looked for water for a long time and got really tired. She saw a pitcher of water under a bench in a park but couldn鈥檛 drink from it because the water was too deep for her beak. She found some pebbles and dropped them into the pitcher, which made the water level rise. Then she could drink the water and flew away happily. The bird used the pebbles to make the water level higher so she could reach it. She was tired at first but then she was happy after she found a way to get the water. I don鈥檛 know exactly how many pebbles she used or how long it took, but she was able to drink the water and left the park.",2026-03-15T09:21:59.137515Z,"{""choices"":[""bird"",""water"",""pitcher"",""pebbles"",""bench"",""park"",""beak (or beak length)""]}","{""choices"":[""The day is hot."",""The bird is thirsty."",""The bird looks for water for a long time."",""The bird spots a pitcher of water."",""The pitcher is under a bench in a park."",""The water is too deep to reach, the bird鈥檚 beak is not long enough."",""The bird finds some pebbles."",""The bird picks up pebbles and drops them into the pitcher."",""The water level rises, allowing the bird to drink."",""The bird flies away happily.""]}",400,32.416,"[{""number"":2}]",,"It fails to describe the bird's extreme state of exhaustion/near-fainting ([q]) and omits the explicit physical action of landing on the pitcher ([t]). There are 2 created facts: first, a redundant summary re-stating the mechanical solution and the bird's emotional shift after the narrative concluded; and second, a meta-commentary at the end reflecting on unknown details (number of pebbles, duration), which is external to the factual narrative.",2026-03-15T09:21:59.137538Z
252b57ebaed7b109,401,1,"Okay, let me try to remember. The story was about a little bird who was very thirsty on a hot day. She looked for water for a long time and got really tired, almost fainting. Then she saw a pitcher of water under a bench in a park. She flew down and sat on it, but the water was too deep for her to reach with her beak. She looked around and found some pebbles, which made her think. She started dropping the pebbles into the pitcher, and the water level went up. Eventually, she could drink the water and flew away happily. I think that's it. I don鈥檛 know if there were any other details, but that's all I remember.",2026-03-15T09:22:30.497781Z,"{""choices"":[""bird"",""water"",""pitcher"",""pebbles"",""bench"",""park"",""beak (or beak length)""]}","{""choices"":[""The day is hot."",""The bird is thirsty."",""The bird looks for water for a long time."",""The bird becomes very tired and is about to faint."",""The bird spots a pitcher of water."",""The pitcher is under a bench in a park."",""The bird flies down and sits on the pitcher."",""The water is too deep to reach, the bird鈥檚 beak is not long enough."",""The bird finds some pebbles."",""The bird picks up pebbles and drops them into the pitcher."",""The water level rises, allowing the bird to drink."",""The bird flies away happily.""]}",401,31.164,"[{""number"":1}]",,"There is 1 created fact: the introductory and concluding remarks function as meta-commentary regarding the narrator's attempt to recall the story, which is external to the factual narrative.",2026-03-15T09:22:30.497802Z
abca566961b17630,402,1,"It was a hot day, and a thirsty bird was looking for water for a long time. She was very tired and almost faint. She found a pitcher of water under a bench in a park, but the water was too deep for her to reach with her short beak. She looked around and found some pebbles, then dropped them one by one into the pitcher. The water level rose, and she was able to drink it. She flew away happily. I don鈥檛 know if there were other animals around or how long it took her to find the pebbles. I don鈥檛 know.",2026-03-15T09:22:58.185330Z,"{""choices"":[""bird"",""water"",""pitcher"",""pebbles"",""bench"",""park"",""beak (or beak length)""]}","{""choices"":[""The day is hot."",""The bird is thirsty."",""The bird looks for water for a long time."",""The bird becomes very tired and is about to faint."",""The bird spots a pitcher of water."",""The pitcher is under a bench in a park."",""The water is too deep to reach, the bird鈥檚 beak is not long enough."",""The bird finds some pebbles."",""The bird picks up pebbles and drops them into the pitcher."",""The water level rises, allowing the bird to drink."",""The bird flies away happily.""]}",402,27.494,"[{""number"":1}]",,"it misses event [t], as it fails to explicitly state that the bird flew down or sat on the pitcher before attempting to drink. There is 1 created fact: the final section consists of meta-commentary regarding the narrator's uncertainty about non-essential details, which is external to the factual narrative.",2026-03-15T09:22:58.185353Z
4d7499739ad68267,403,1,"The story was about a little bird who was very thirsty on a hot day. She looked for water for a long time and was almost too tired to continue. She found a pitcher of water under a bench in a park, but the water was too deep for her to reach with her short beak. She saw some pebbles nearby and decided to use them. She dropped the pebbles one by one into the pitcher, which made the water level rise. Eventually, she was able to drink the water. The bird then flew away happily. I don鈥檛 know.",2026-03-15T09:24:26.271755Z,"{""choices"":[""bird"",""water"",""pitcher"",""pebbles"",""bench"",""park"",""beak (or beak length)""]}","{""choices"":[""The day is hot."",""The bird is thirsty."",""The bird looks for water for a long time."",""The bird spots a pitcher of water."",""The pitcher is under a bench in a park."",""The water is too deep to reach, the bird鈥檚 beak is not long enough."",""The bird finds some pebbles."",""The bird picks up pebbles and drops them into the pitcher."",""The water level rises, allowing the bird to drink."",""The bird flies away happily.""]}",403,87.89,"[{""number"":1}]",,"It fails to describe the bird's extreme state of exhaustion/near-fainting ([q]) and omits the explicit physical action of landing on the pitcher ([t]). There is 1 created fact: the final ""I don't know"" functions as meta-commentary regarding the narrator's state of mind, which is external to the factual narrative.",2026-03-15T09:24:26.271778Z
db09fbd1984461ef,404,1,"It was a hot day, and a thirsty bird was looking for water for a long time. She was very tired and almost fainted. She saw a pitcher of water under a bench in a park. She flew down and sat on it, but the water was too deep for her to reach with her short beak. She looked around and found some pebbles, then she dropped them one by one into the pitcher. The water level rose, and she was able to drink it. She flew away happily.",2026-03-15T09:24:48.686192Z,"{""choices"":[""bird"",""water"",""pitcher"",""pebbles"",""bench"",""park"",""beak (or beak length)""]}","{""choices"":[""The day is hot."",""The bird is thirsty."",""The bird looks for water for a long time."",""The bird becomes very tired and is about to faint."",""The bird spots a pitcher of water."",""The pitcher is under a bench in a park."",""The bird flies down and sits on the pitcher."",""The water is too deep to reach, the bird鈥檚 beak is not long enough."",""The bird finds some pebbles."",""The bird picks up pebbles and drops them into the pitcher."",""The water level rises, allowing the bird to drink."",""The bird flies away happily.""]}",404,22.211,,,,2026-03-15T09:24:48.686209Z
86909dcc208525cf,405,1,"It was a hot day, and a thirsty bird was looking for water for a long time. She was very tired and almost faint. Then she saw a pitcher of water under a bench in a park. She flew down and sat on it, but the water was too deep for her to reach with her beak. She looked around and found some pebbles. She picked them up one by one and dropped them into the pitcher. The water level rose, and she was able to drink it. She flew away happily. I don鈥檛 know the name of the bird or how long she was looking for water. I don鈥檛 know if there were other animals around or if the pitcher was full or empty before she started. I don鈥檛 know.",2026-03-15T09:25:16.951979Z,"{""choices"":[""bird"",""water"",""pitcher"",""pebbles"",""bench"",""park"",""beak (or beak length)""]}","{""choices"":[""The day is hot."",""The bird is thirsty."",""The bird looks for water for a long time."",""The bird becomes very tired and is about to faint."",""The bird spots a pitcher of water."",""The pitcher is under a bench in a park."",""The bird flies down and sits on the pitcher."",""The water is too deep to reach, the bird鈥檚 beak is not long enough."",""The bird finds some pebbles."",""The bird picks up pebbles and drops them into the pitcher."",""The water level rises, allowing the bird to drink."",""The bird flies away happily.""]}",405,28.065,"[{""number"":1}]",,"There is 1 created fact: the final section consists of extensive meta-commentary regarding the narrator's uncertainty about non-essential or non-existent details (bird's name, precise duration, other animals, initial water level), which is external to the factual narrative.",2026-03-15T09:25:16.952002Z
3e150e344fe66ce3,406,1,"It was a hot day, and a thirsty bird was looking for water for a long time. She was very tired and almost fainted. She found a pitcher of water under a bench in a park but couldn't reach it because the water was too deep. Her beak wasn't long enough, so she looked around and found some pebbles. She dropped them one by one into the pitcher, which raised the water level. Eventually, she was able to drink the water and flew away happily. I don鈥檛 know.",2026-03-15T09:26:16.298987Z,"{""choices"":[""bird"",""water"",""pitcher"",""pebbles"",""bench"",""park"",""beak (or beak length)""]}","{""choices"":[""The day is hot."",""The bird is thirsty."",""The bird looks for water for a long time."",""The bird becomes very tired and is about to faint."",""The bird spots a pitcher of water."",""The pitcher is under a bench in a park."",""The water is too deep to reach, the bird鈥檚 beak is not long enough."",""The bird finds some pebbles."",""The bird picks up pebbles and drops them into the pitcher."",""The water level rises, allowing the bird to drink."",""The bird flies away happily.""]}",406,59.153,"[{""number"":1}]",,"it misses event [t], as it fails to explicitly state that the bird flew down or sat on the pitcher. There is 1 created fact: the final ""I don't know"" functions as meta-commentary regarding the narrator's recall state, which is external to the factual narrative.",2026-03-15T09:26:16.299003Z
b41710571d28bc74,407,1,"The story was about a little bird who was very thirsty and tired on a hot day. She looked for water for a long time and finally saw a pitcher of water under a bench in a park. She flew down and sat on it, but the water was too deep for her to reach with her short beak. She looked around and found some pebbles, which made her think. She dropped the pebbles into the pitcher one by one, and soon the water level rose. This allowed her to drink the water, and then she flew away happily. I think that's all I remember.",2026-03-15T09:26:54.922160Z,"{""choices"":[""bird"",""water"",""pitcher"",""pebbles"",""bench"",""park"",""beak (or beak length)""]}","{""choices"":[""The day is hot."",""The bird is thirsty."",""The bird looks for water for a long time."",""The bird spots a pitcher of water."",""The pitcher is under a bench in a park."",""The bird flies down and sits on the pitcher."",""The water is too deep to reach, the bird鈥檚 beak is not long enough."",""The bird finds some pebbles."",""The bird picks up pebbles and drops them into the pitcher."",""The water level rises, allowing the bird to drink."",""The bird flies away happily.""]}",407,38.422,"[{""number"":1}]",,"it misses event [q] as it only mentions the bird was ""tired"" without the explicit ""almost fainted"" degree of exhaustion. There is 1 created fact: the concluding remark functions as meta-commentary regarding the narrator's recall state, which is external to the factual narrative.",2026-03-15T09:26:54.922182Z
f36ac02295a3a66a,408,1,"It was a hot day, and a thirsty bird was looking for water for a long time. She was very tired and almost faint. She saw a pitcher of water under a bench in a park. She flew down and sat on it. The water was inside, but it was too deep for her to reach. Her beak wasn鈥檛 long enough. She looked around and found some pebbles. She picked them up one by one and dropped them into the pitcher. The water level rose, and she could now reach it. She drank and flew away happily. I don鈥檛 know.",2026-03-15T09:28:16.257811Z,"{""choices"":[""bird"",""water"",""pitcher"",""pebbles"",""bench"",""park"",""beak (or beak length)""]}","{""choices"":[""The day is hot."",""The bird is thirsty."",""The bird looks for water for a long time."",""The bird becomes very tired and is about to faint."",""The bird spots a pitcher of water."",""The pitcher is under a bench in a park."",""The bird flies down and sits on the pitcher."",""The water is too deep to reach, the bird鈥檚 beak is not long enough."",""The bird finds some pebbles."",""The bird picks up pebbles and drops them into the pitcher."",""The water level rises, allowing the bird to drink."",""The bird flies away happily.""]}",408,81.137,"[{""number"":1}]",,"There is 1 created fact: the final ""I don鈥檛 know"" functions as meta-commentary regarding the narrator's state of recall, which is external to the factual narrative of the story.",2026-03-15T09:28:16.257837Z
c54d421f70ba5ca5,409,1,"It was a very hot day, and a little bird was very thirsty and tired, searching for water for a long time. She was about to faint when she saw a pitcher of water under a bench in a park. She flew down and sat on the pitcher, but the water was too deep for her to reach with her short beak. She looked around and found some pebbles, which made her think. She picked up each pebble and dropped it into the pitcher, causing the water level to rise. Eventually, the water was shallow enough for her to drink. She drank the water and then flew away happily. I don鈥檛 know.",2026-03-15T09:28:39.944242Z,"{""choices"":[""bird"",""water"",""pitcher"",""pebbles"",""bench"",""park"",""beak (or beak length)""]}","{""choices"":[""The day is hot."",""The bird is thirsty."",""The bird looks for water for a long time."",""The bird becomes very tired and is about to faint."",""The bird spots a pitcher of water."",""The pitcher is under a bench in a park."",""The bird flies down and sits on the pitcher."",""The water is too deep to reach, the bird鈥檚 beak is not long enough."",""The bird finds some pebbles."",""The bird picks up pebbles and drops them into the pitcher."",""The water level rises, allowing the bird to drink."",""The bird flies away happily.""]}",409,23.484,"[{""number"":1}]",,"There is 1 created fact: the final ""I don鈥檛 know"" functions as meta-commentary regarding the narrator's state of recall, which is external to the factual narrative of the story.",2026-03-15T09:28:39.944260Z
f2725243a6af06bc,410,1,"The story was about a thirsty bird who was looking for water on a hot day. She was very tired and almost faint from the heat. She found a pitcher of water under a bench in a park, but the water was too deep for her to reach with her beak. She looked around and found some pebbles, which made her think. She dropped the pebbles into the pitcher one by one, and the water level rose. Eventually, she was able to drink the water. She then flew away happily. I don鈥檛 know.",2026-03-15T09:29:41.117958Z,"{""choices"":[""bird"",""water"",""pitcher"",""pebbles"",""bench"",""park"",""beak (or beak length)""]}","{""choices"":[""The day is hot."",""The bird is thirsty."",""The bird looks for water for a long time."",""The bird becomes very tired and is about to faint."",""The bird spots a pitcher of water."",""The pitcher is under a bench in a park."",""The water is too deep to reach, the bird鈥檚 beak is not long enough."",""The bird finds some pebbles."",""The bird picks up pebbles and drops them into the pitcher."",""The water level rises, allowing the bird to drink."",""The bird flies away happily.""]}",410,60.977,"[{""number"":1}]",,"it misses event [t], as it fails to explicitly state that the bird flew down or sat on the pitcher. There is 1 created fact: the final ""I don鈥檛 know"" functions as meta-commentary regarding the narrator's state of recall, which is external to the factual narrative of the story.",2026-03-15T09:29:41.117980Z
1546ae3424c8d381,411,1,"Okay, let me think. So there was a little bird who was really thirsty on a hot day. She was looking for water for a long time and got really tired, almost fainting. Then she saw a pitcher of water under a bench in a park. She flew down and sat on it, but the water was too deep for her to reach with her beak. She looked around and found some pebbles. She had an idea and started dropping them one by one into the pitcher. The water level rose, and soon she could drink it. She flew away happy. I don鈥檛 know if there were other birds or if the pitcher was big or small. I think that鈥檚 all.",2026-03-15T09:32:54.498709Z,"{""choices"":[""bird"",""water"",""pitcher"",""pebbles"",""bench"",""park"",""beak (or beak length)""]}","{""choices"":[""The day is hot."",""The bird is thirsty."",""The bird looks for water for a long time."",""The bird becomes very tired and is about to faint."",""The bird spots a pitcher of water."",""The pitcher is under a bench in a park."",""The bird flies down and sits on the pitcher."",""The water is too deep to reach, the bird鈥檚 beak is not long enough."",""The bird finds some pebbles."",""The bird picks up pebbles and drops them into the pitcher."",""The water level rises, allowing the bird to drink."",""The bird flies away happily.""]}",411,193.179,"[{""number"":1}]",,"There is 1 created fact: the introductory phrasing and the concluding remarks regarding uncertain details (other birds, pitcher size) function as meta-commentary, which is external to the factual narrative.",2026-03-15T09:32:54.498732Z
0ecbe41a18307025,412,1,"It was a hot day, and a thirsty bird was looking for water for a long time. She was very tired and almost faint. She found a pitcher of water under a bench in a park but couldn't reach it because the water was too deep. She looked around and found some pebbles, then dropped them one by one into the pitcher. The water level rose, and she was able to drink it. She flew away happily. I don鈥檛 know.",2026-03-15T09:46:05.704990Z,"{""choices"":[""bird"",""water"",""pitcher"",""pebbles"",""bench"",""park"",""beak (or beak length)""]}","{""choices"":[""The day is hot."",""The bird is thirsty."",""The bird looks for water for a long time."",""The bird becomes very tired and is about to faint."",""The bird spots a pitcher of water."",""The pitcher is under a bench in a park."",""The water is too deep to reach, the bird鈥檚 beak is not long enough."",""The bird finds some pebbles."",""The bird picks up pebbles and drops them into the pitcher."",""The water level rises, allowing the bird to drink."",""The bird flies away happily.""]}",412,73.334,"[{""number"":1}]",,"it misses event [t], as it fails to explicitly state that the bird flew down or sat on the pitcher before attempting to drink. There is 1 created fact: the final ""I don鈥檛 know"" functions as meta-commentary regarding the narrator's state of recall, which is external to the factual narrative of the story.",2026-03-15T09:46:05.705012Z
b526db8602d047e0,413,1,"It was a hot day, and a thirsty bird was looking for water for a long time. She was very tired and almost faint. She saw a pitcher of water under a bench in a park. She flew down and sat on the pitcher. The water was inside, but it was too deep for her to reach because her beak wasn鈥檛 long enough. She looked around and found some pebbles. She picked them up one by one and dropped them into the pitcher. The water level rose, and she was able to drink it. She flew away happily. I don鈥檛 know.",2026-03-15T09:47:59.291842Z,"{""choices"":[""bird"",""water"",""pitcher"",""pebbles"",""bench"",""park"",""beak (or beak length)""]}","{""choices"":[""The day is hot."",""The bird is thirsty."",""The bird looks for water for a long time."",""The bird becomes very tired and is about to faint."",""The bird spots a pitcher of water."",""The pitcher is under a bench in a park."",""The bird flies down and sits on the pitcher."",""The water is too deep to reach, the bird鈥檚 beak is not long enough."",""The bird finds some pebbles."",""The bird picks up pebbles and drops them into the pitcher."",""The water level rises, allowing the bird to drink."",""The bird flies away happily.""]}",413,113.384,"[{""number"":1}]",,"There is 1 created fact: the final ""I don鈥檛 know"" functions as meta-commentary regarding the narrator's state of recall, which is external to the factual narrative.",2026-03-15T09:47:59.291864Z
fe8b444021990a84,414,1,"It was a hot day, and a thirsty bird was looking for water for a long time. She was very tired and almost faint. She saw a pitcher of water under a bench in a park. She flew down and sat on it, but the water was too deep for her to reach with her beak. She looked around and found some pebbles. She picked them up one by one and dropped them into the pitcher. The water level rose, and she was able to drink it. She flew away happily. I don鈥檛 know.",2026-03-15T09:48:36.624970Z,"{""choices"":[""bird"",""water"",""pitcher"",""pebbles"",""bench"",""park"",""beak (or beak length)""]}","{""choices"":[""The day is hot."",""The bird is thirsty."",""The bird looks for water for a long time."",""The bird becomes very tired and is about to faint."",""The bird spots a pitcher of water."",""The pitcher is under a bench in a park."",""The bird flies down and sits on the pitcher."",""The water is too deep to reach, the bird鈥檚 beak is not long enough."",""The bird finds some pebbles."",""The bird picks up pebbles and drops them into the pitcher."",""The water level rises, allowing the bird to drink."",""The bird flies away happily.""]}",414,37.134,"[{""number"":1}]",,"There is 1 created fact: the final ""I don鈥檛 know"" functions as meta-commentary regarding the narrator's state of recall, which is external to the factual narrative.",2026-03-15T09:48:36.624993Z
0835eb078a2fa15e,415,1,"Okay, let me think. So there was this little bird, right? It was a hot day, and she was really thirsty. She was looking for water for a long time and got really tired. She was about to faint when she saw a pitcher of water under a bench in a park. She flew down and sat on it. The water was inside, but it was too deep for her to reach with her beak. She looked around and found some pebbles. Then she had an idea. She picked up the pebbles one by one and dropped them into the pitcher. The water level went up, and soon she could drink it. She flew away happy. I don鈥檛 know if there were any other details, but that鈥檚 all I remember.",2026-03-15T09:49:05.135868Z,"{""choices"":[""bird"",""water"",""pitcher"",""pebbles"",""bench"",""park"",""beak (or beak length)""]}","{""choices"":[""The day is hot."",""The bird is thirsty."",""The bird looks for water for a long time."",""The bird becomes very tired and is about to faint."",""The bird spots a pitcher of water."",""The pitcher is under a bench in a park."",""The bird flies down and sits on the pitcher."",""The water is too deep to reach, the bird鈥檚 beak is not long enough."",""The bird finds some pebbles."",""The bird picks up pebbles and drops them into the pitcher."",""The water level rises, allowing the bird to drink."",""The bird flies away happily.""]}",415,28.312,"[{""number"":1}]",,"There is 1 created fact: the informal opening and the concluding remarks regarding the narrator's memory limitations function as meta-commentary, which is external to the factual narrative.",2026-03-15T09:49:05.135890Z
4895af4c0bf521f3,416,1,"The story was about a thirsty bird who was looking for water on a hot day. She was very tired and almost fainted. She found a pitcher of water under a bench in a park, but the water was too deep for her to reach with her beak. She found some pebbles and dropped them into the pitcher, which raised the water level so she could drink. She flew away happily after getting her water. I don鈥檛 know.",2026-03-15T09:49:53.423445Z,"{""choices"":[""bird"",""water"",""pitcher"",""pebbles"",""bench"",""park"",""beak (or beak length)""]}","{""choices"":[""The day is hot."",""The bird is thirsty."",""The bird looks for water for a long time."",""The bird becomes very tired and is about to faint."",""The bird spots a pitcher of water."",""The pitcher is under a bench in a park."",""The water is too deep to reach, the bird鈥檚 beak is not long enough."",""The bird finds some pebbles."",""The bird picks up pebbles and drops them into the pitcher."",""The water level rises, allowing the bird to drink."",""The bird flies away happily.""]}",416,48.092,"[{""number"":1}]",,"it misses event [t], as it fails to explicitly state that the bird flew down or sat on the pitcher before attempting to drink. There is 1 created fact: the final ""I don't know"" functions as meta-commentary regarding the narrator's state of recall, which is external to the factual narrative of the story.",2026-03-15T09:49:53.423467Z
2cf1ee89fb0f8648,417,1,"It was a hot day, and a thirsty bird was looking for water for a long time. She was very tired and almost fainted. She found a pitcher of water under a bench in a park but couldn't reach it because the water was too deep. She looked around and found some pebbles, which made her think. She dropped the pebbles one by one into the pitcher, and the water level rose until she could drink it. She then flew away happily. I don鈥檛 know.",2026-03-15T09:51:27.938357Z,"{""choices"":[""bird"",""water"",""pitcher"",""pebbles"",""bench"",""park"",""beak (or beak length)""]}","{""choices"":[""The day is hot."",""The bird is thirsty."",""The bird looks for water for a long time."",""The bird becomes very tired and is about to faint."",""The bird spots a pitcher of water."",""The pitcher is under a bench in a park."",""The water is too deep to reach, the bird鈥檚 beak is not long enough."",""The bird finds some pebbles."",""The bird picks up pebbles and drops them into the pitcher."",""The water level rises, allowing the bird to drink."",""The bird flies away happily.""]}",417,94.308,"[{""number"":1}]",,"it misses event [t], as it fails to explicitly state that the bird flew down or sat on the pitcher. There is 1 created fact: the final ""I don鈥檛 know"" functions as meta-commentary regarding the narrator's state of recall, which is external to the factual narrative.",2026-03-15T09:51:27.938380Z
9b0e7c4a3bc187b0,418,1,"It was a hot day, and a thirsty bird was looking for water for a long time. She was very tired and almost fainted. She found a pitcher of water under a bench in a park but couldn't reach it because the water was too deep. She looked around and found some pebbles, which made her think. She dropped the pebbles into the pitcher one by one, and the water level rose until she could drink it. She flew away happily after getting her water.",2026-03-15T09:51:50.532735Z,"{""choices"":[""bird"",""water"",""pitcher"",""pebbles"",""bench"",""park"",""beak (or beak length)""]}","{""choices"":[""The day is hot."",""The bird is thirsty."",""The bird looks for water for a long time."",""The bird becomes very tired and is about to faint."",""The bird spots a pitcher of water."",""The pitcher is under a bench in a park."",""The water is too deep to reach, the bird鈥檚 beak is not long enough."",""The bird finds some pebbles."",""The bird picks up pebbles and drops them into the pitcher."",""The water level rises, allowing the bird to drink."",""The bird flies away happily.""]}",418,22.395,,,it misses event [t] because it fails to explicitly describe the bird flying down or sitting on the pitcher.,2026-03-15T09:51:50.532756Z
06d3243ea49f003d,419,1,"I remember the story about a little bird who was very thirsty on a hot day. She was tired and almost fainted, but then she saw a pitcher of water under a bench in a park. The water was inside, but it was too deep for her to reach because her beak wasn鈥檛 long enough. She looked around and found some pebbles, which made her think. She dropped the pebbles one by one into the pitcher, and the water level rose. Soon, she could drink the water. She was happy and flew away. The story showed how the bird used her intelligence to solve the problem. She didn鈥檛 give up and found a clever way to get the water she needed. It was a simple but effective solution. I think that鈥檚 all I remember.",2026-03-15T09:52:23.327332Z,"{""choices"":[""bird"",""water"",""pitcher"",""pebbles"",""bench"",""park"",""beak (or beak length)""]}","{""choices"":[""The day is hot."",""The bird is thirsty."",""The bird looks for water for a long time."",""The bird becomes very tired and is about to faint."",""The bird spots a pitcher of water."",""The pitcher is under a bench in a park."",""The water is too deep to reach, the bird鈥檚 beak is not long enough."",""The bird finds some pebbles."",""The bird picks up pebbles and drops them into the pitcher."",""The water level rises, allowing the bird to drink."",""The bird flies away happily.""]}",419,32.601,"[{""number"":2}]",,"it misses event [t], as it fails to explicitly state that the bird flew down or sat on the pitcher. There are 2 created facts: the extensive interpretive summary regarding the bird's intelligence and perseverance (which adds external moral analysis), and the final meta-commentary regarding the narrator's memory state.",2026-03-15T09:52:23.327353Z
6874bddcd286e933,420,1,"I remember the story about a little bird who was very thirsty and tired on a hot day. She was looking for water for a long time and was about to faint. Then she saw a pitcher of water under a bench in a park. She flew down and sat on it, but the water was too deep for her to reach with her beak. She looked around and found some pebbles, which made her think. She dropped the pebbles one by one into the pitcher, and the water level rose until she could finally drink it. She flew away happily after that. I don鈥檛 know if there were any other details, but that鈥檚 all I remember.",2026-03-15T09:52:48.617832Z,"{""choices"":[""bird"",""water"",""pitcher"",""pebbles"",""bench"",""park"",""beak (or beak length)""]}","{""choices"":[""The day is hot."",""The bird is thirsty."",""The bird looks for water for a long time."",""The bird becomes very tired and is about to faint."",""The bird spots a pitcher of water."",""The pitcher is under a bench in a park."",""The bird flies down and sits on the pitcher."",""The water is too deep to reach, the bird鈥檚 beak is not long enough."",""The bird finds some pebbles."",""The bird picks up pebbles and drops them into the pitcher."",""The water level rises, allowing the bird to drink."",""The bird flies away happily.""]}",420,25.092,"[{""number"":1}]",,"There is 1 created fact: the concluding remark regarding the narrator's memory limitations functions as meta-commentary, which is external to the factual narrative of the story.",2026-03-15T09:52:48.617855Z
e923a74326b19c11,421,1,"It was a hot day, and a thirsty bird was looking for water for a long time. She was very tired and almost fainted. She saw a pitcher of water under a bench in a park. She flew down and sat on it, but the water was too deep for her to reach with her beak. She looked around and found some pebbles. She picked them up one by one and dropped them into the pitcher. The water level rose, and she was able to drink it. She flew away happily. I don鈥檛 know if there were any other animals around or how long it took her to find the pebbles. I don鈥檛 know.",2026-03-15T09:54:10.650594Z,"{""choices"":[""bird"",""water"",""pitcher"",""pebbles"",""bench"",""park"",""beak (or beak length)""]}","{""choices"":[""The day is hot."",""The bird is thirsty."",""The bird looks for water for a long time."",""The bird becomes very tired and is about to faint."",""The bird spots a pitcher of water."",""The pitcher is under a bench in a park."",""The bird flies down and sits on the pitcher."",""The water is too deep to reach, the bird鈥檚 beak is not long enough."",""The bird finds some pebbles."",""The bird picks up pebbles and drops them into the pitcher."",""The water level rises, allowing the bird to drink."",""The bird flies away happily.""]}",421,81.833,"[{""number"":1}]",,"There is 1 created fact: the final section consists of meta-commentary regarding the narrator's uncertainty about non-essential details (other animals, specific duration for finding pebbles), which is external to the factual narrative of the story.",2026-03-15T09:54:10.650617Z
defd4cd3b12a58df,422,1,"The story was about a little bird who was very thirsty on a hot day. She looked for water for a long time and got really tired. She saw a pitcher of water under a bench in a park, but it was too deep for her to reach with her short beak. She found some pebbles and dropped them into the pitcher, which raised the water level so she could drink. She was happy after she got the water. I don鈥檛 know the exact details about the park or how long she was looking, but I remember she used pebbles to make the water level higher.",2026-03-15T09:55:07.181317Z,"{""choices"":[""bird"",""water"",""pitcher"",""pebbles"",""bench"",""park"",""beak (or beak length)""]}","{""choices"":[""The day is hot."",""The bird is thirsty."",""The bird looks for water for a long time."",""The bird spots a pitcher of water."",""The pitcher is under a bench in a park."",""The water is too deep to reach, the bird鈥檚 beak is not long enough."",""The bird finds some pebbles."",""The bird picks up pebbles and drops them into the pitcher."",""The water level rises, allowing the bird to drink."",""The bird flies away happily.""]}",422,56.332,"[{""number"":1}]",,"It fails to describe the bird's extreme state of exhaustion or near-fainting ([q]) and omits the explicit physical action of landing on the pitcher ([t]). There is 1 created fact: the final sentence functions as meta-commentary regarding the narrator's state of recall and provides a redundant summary of the logic, which is external to the factual narrative.",2026-03-15T09:55:07.181339Z
7ce41d53535f173f,423,1,"The story was about a little bird who was very thirsty on a hot day. She looked for water for a long time and was almost fainting from tiredness. She found a pitcher of water under a bench in a park, but the water was too deep for her to reach with her short beak. She looked around and found some pebbles, which made her think. She dropped the pebbles into the pitcher one by one, and the water level rose until she could finally drink. She then flew away happily. I don鈥檛 know the exact details about the bird鈥檚 color or the park鈥檚 name, but I remember it was a hot day and she used pebbles to raise the water level. I don鈥檛 know.",2026-03-15T09:55:53.120681Z,"{""choices"":[""bird"",""water"",""pitcher"",""pebbles"",""bench"",""park"",""beak (or beak length)""]}","{""choices"":[""The day is hot."",""The bird is thirsty."",""The bird looks for water for a long time."",""The bird becomes very tired and is about to faint."",""The bird spots a pitcher of water."",""The pitcher is under a bench in a park."",""The water is too deep to reach, the bird鈥檚 beak is not long enough."",""The bird finds some pebbles."",""The bird picks up pebbles and drops them into the pitcher."",""The water level rises, allowing the bird to drink."",""The bird flies away happily.""]}",423,45.746,"[{""number"":1}]",,"it misses event [t], as it fails to explicitly describe the bird flying down or sitting on the pitcher. There is 1 created fact: the concluding section functions as meta-commentary regarding the narrator's memory of non-essential details and provides a summary of the core logic, which is external to the factual narrative of the story.",2026-03-15T09:55:53.120704Z
8294dbafc136dedf,424,1,"Okay, so there was this little bird that was really thirsty on a hot day. She was looking for water for a long time and was getting really tired, almost fainting. Then she saw a pitcher of water under a bench in a park. She flew down and sat on it, but the water was too deep for her to reach with her beak. She looked around and found some pebbles, which made her think. She started dropping the pebbles into the pitcher, and soon the water level went up. That let her drink the water. She was happy and flew away. I don鈥檛 know if there were any other details, but that鈥檚 all I remember. I don鈥檛 know.",2026-03-15T09:56:27.410440Z,"{""choices"":[""bird"",""water"",""pitcher"",""pebbles"",""bench"",""park"",""beak (or beak length)""]}","{""choices"":[""The day is hot."",""The bird is thirsty."",""The bird looks for water for a long time."",""The bird becomes very tired and is about to faint."",""The bird spots a pitcher of water."",""The pitcher is under a bench in a park."",""The bird flies down and sits on the pitcher."",""The water is too deep to reach, the bird鈥檚 beak is not long enough."",""The bird finds some pebbles."",""The bird picks up pebbles and drops them into the pitcher."",""The water level rises, allowing the bird to drink."",""The bird flies away happily.""]}",424,34.093,"[{""number"":1}]",,"There is 1 created fact: the informal opening and the concluding remarks regarding the narrator's memory limitations function as meta-commentary, which is external to the factual narrative.",2026-03-15T09:56:27.410462Z
90d80625018427ae,425,1,"Okay, let me think. So there was this little bird that was really thirsty on a hot day. She was looking for water for a long time and got really tired. Then she saw a pitcher of water under a bench in a park. She flew down and sat on it, but the water was too deep for her to reach with her beak. She looked around and found some pebbles. She started dropping them into the pitcher one by one, and the water level went up. Eventually, she could drink the water and flew away happy. I don鈥檛 know if there were any other details, but that鈥檚 what I remember.",2026-03-15T09:56:56.049368Z,"{""choices"":[""bird"",""water"",""pitcher"",""pebbles"",""bench"",""park"",""beak (or beak length)""]}","{""choices"":[""The day is hot."",""The bird is thirsty."",""The bird looks for water for a long time."",""The bird spots a pitcher of water."",""The pitcher is under a bench in a park."",""The bird flies down and sits on the pitcher."",""The water is too deep to reach, the bird鈥檚 beak is not long enough."",""The bird finds some pebbles."",""The bird picks up pebbles and drops them into the pitcher."",""The water level rises, allowing the bird to drink."",""The bird flies away happily.""]}",425,28.444,"[{""number"":1}]",,"it misses event [q] because it only mentions being ""really tired"" without describing the more extreme state of ""almost fainting."" There is 1 created fact: the introductory and concluding remarks function as meta-commentary regarding the narrator's recall process, which is external to the narrative.",2026-03-15T09:56:56.049391Z
da685f226197909a,426,1,"The story was about a little bird who was very thirsty on a hot day. She searched for water for a long time and became very tired, almost fainting. She found a pitcher of water under a bench in a park but couldn鈥檛 reach it because the water was too deep for her short beak. She looked around and found some pebbles, which made her think. She dropped the pebbles one by one into the pitcher, and the water level rose. This allowed her to drink the water. She then flew away happily. The bird used the pebbles to raise the water level so she could access it. The pitcher was under a bench in a park, and the day was very hot.",2026-03-15T09:58:47.767320Z,"{""choices"":[""bird"",""water"",""pitcher"",""pebbles"",""bench"",""park"",""beak (or beak length)""]}","{""choices"":[""The day is hot."",""The bird is thirsty."",""The bird looks for water for a long time."",""The bird becomes very tired and is about to faint."",""The bird spots a pitcher of water."",""The pitcher is under a bench in a park."",""The water is too deep to reach, the bird鈥檚 beak is not long enough."",""The bird finds some pebbles."",""The bird picks up pebbles and drops them into the pitcher."",""The water level rises, allowing the bird to drink."",""The bird flies away happily.""]}",426,111.514,"[{""number"":1}]",,"it misses event [t] as it fails to explicitly state that the bird flew down or sat on the pitcher. There is 1 created fact: the final section provides an interpretive summary and a repetitive recap of the setting, which functions as external commentary rather than part of the narrative progression.",2026-03-15T09:58:47.767341Z
20cc49e6f2d73b19,427,1,"The story was about a little bird who was very thirsty on a hot day and had been searching for water for a long time. She became very tired and almost fainted. While she was looking for water, she saw a pitcher under a bench in a park. She flew down and sat on the pitcher, but the water was too deep for her to reach with her short beak. She looked around and found some pebbles, which gave her an idea. She dropped the pebbles one by one into the pitcher, and as the water level rose, she was finally able to drink. After quenching her thirst, she flew away happily. The bird used the pebbles to raise the water level so she could drink. I don鈥檛 know if there were other birds or if the pitcher was full or empty at first.",2026-03-15T10:07:13.377805Z,"{""choices"":[""bird"",""water"",""pitcher"",""pebbles"",""bench"",""park"",""beak (or beak length)""]}","{""choices"":[""The day is hot."",""The bird is thirsty."",""The bird looks for water for a long time."",""The bird becomes very tired and is about to faint."",""The bird spots a pitcher of water."",""The pitcher is under a bench in a park."",""The bird flies down and sits on the pitcher."",""The water is too deep to reach, the bird鈥檚 beak is not long enough."",""The bird finds some pebbles."",""The bird picks up pebbles and drops them into the pitcher."",""The water level rises, allowing the bird to drink."",""The bird flies away happily.""]}",427,90.09,"[{""number"":2}]",,There are 2 created facts: a redundant summary statement regarding the bird's strategy and a concluding meta-commentary regarding the narrator's uncertainty about non-essential details.,2026-03-15T10:07:13.377820Z
56063fb764c75ae0,428,1,"The story was about a little bird who was very thirsty on a hot day. She searched for water for a long time and became very tired, almost fainting. She found a pitcher of water under a bench in a park but couldn鈥檛 reach it because the water was too deep for her short beak. She looked around and found some pebbles, which made her think of a solution. She dropped the pebbles one by one into the pitcher, and the water level rose until she could finally drink. She then flew away happily. I don鈥檛 know.",2026-03-15T10:25:51.226221Z,"{""choices"":[""bird"",""water"",""pitcher"",""pebbles"",""bench"",""park"",""beak (or beak length)""]}","{""choices"":[""The day is hot."",""The bird is thirsty."",""The bird looks for water for a long time."",""The bird becomes very tired and is about to faint."",""The bird spots a pitcher of water."",""The pitcher is under a bench in a park."",""The water is too deep to reach, the bird鈥檚 beak is not long enough."",""The bird finds some pebbles."",""The bird picks up pebbles and drops them into the pitcher."",""The water level rises, allowing the bird to drink."",""The bird flies away happily.""]}",428,82.149,"[{""number"":1}]",,"it misses event [t] because it fails to explicitly describe the bird flying down or sitting on the pitcher. There is 1 created fact: the final ""I don鈥檛 know"" functions as meta-commentary regarding the narrator's state of recall, which is external to the factual narrative.",2026-03-15T10:25:51.226242Z
822e7bc22251b9a2,429,1,"The story was about a little bird who was very thirsty on a hot day and searched for water for a long time. She became very tired and almost fainted. While looking for water, she found a pitcher under a bench in a park. The pitcher had some water, but it was too deep for her to reach with her short beak. She noticed some pebbles nearby and decided to use them. She dropped the pebbles one by one into the pitcher, which caused the water level to rise. Once the water was high enough, she was able to drink it. After quenching her thirst, she flew away happily. I don鈥檛 know the exact time of day or the color of the pitcher, but the main events were clear.",2026-03-15T10:26:20.751072Z,"{""choices"":[""bird"",""water"",""pitcher"",""pebbles"",""bench"",""park"",""beak (or beak length)""]}","{""choices"":[""The day is hot."",""The bird is thirsty."",""The bird looks for water for a long time."",""The bird becomes very tired and is about to faint."",""The bird spots a pitcher of water."",""The pitcher is under a bench in a park."",""The water is too deep to reach, the bird鈥檚 beak is not long enough."",""The bird finds some pebbles."",""The bird picks up pebbles and drops them into the pitcher."",""The water level rises, allowing the bird to drink."",""The bird flies away happily.""]}",429,25.96,"[{""number"":1}]",,"it misses event [t], as it fails to explicitly state that the bird flew down or sat on the pitcher before attempting to drink. There is 1 created fact: the final sentence functions as meta-commentary regarding the narrator's uncertainty about non-essential details and their overall confidence in the recall, which is external to the narrative.",2026-03-15T10:26:20.751086Z
f7b75d241b4a0253,430,1,"The story was about a little bird who was very thirsty on a hot day. She searched for water for a long time and became very tired, almost fainting. She found a pitcher of water under a bench in a park but couldn't reach it because the water was too deep for her beak. She noticed some pebbles nearby and decided to use them. She dropped the pebbles one by one into the pitcher, which caused the water level to rise. This allowed her to drink the water. She then flew away happily. I don鈥檛 know.",2026-03-15T10:27:35.059636Z,"{""choices"":[""bird"",""water"",""pitcher"",""pebbles"",""bench"",""park"",""beak (or beak length)""]}","{""choices"":[""The day is hot."",""The bird is thirsty."",""The bird looks for water for a long time."",""The bird becomes very tired and is about to faint."",""The bird spots a pitcher of water."",""The pitcher is under a bench in a park."",""The water is too deep to reach, the bird鈥檚 beak is not long enough."",""The bird finds some pebbles."",""The bird picks up pebbles and drops them into the pitcher."",""The water level rises, allowing the bird to drink."",""The bird flies away happily.""]}",430,73.261,"[{""number"":1}]",,"it misses event [t], as it fails to explicitly state that the bird flew down or sat on the pitcher before attempting to drink. There is 1 created fact: the final ""I don鈥檛 know"" functions as meta-commentary regarding the narrator's state of recall, which is external to the factual narrative.",2026-03-15T10:27:35.059657Z
73a1a166f868eeec,431,1,"The story was about a little bird who was very thirsty on a hot day and searched for water for a long time. She became very tired and almost fainted. While looking around, she found a pitcher of water under a bench in a park. The water was inside, but it was too deep for her to reach with her short beak. She noticed some pebbles nearby and decided to use them. She picked up the pebbles one by one and dropped them into the pitcher. This caused the water level to rise, making it possible for her to drink. After quenching her thirst, she flew away happily. I don鈥檛 know.",2026-03-15T10:28:02.268753Z,"{""choices"":[""bird"",""water"",""pitcher"",""pebbles"",""bench"",""park"",""beak (or beak length)""]}","{""choices"":[""The day is hot."",""The bird is thirsty."",""The bird looks for water for a long time."",""The bird becomes very tired and is about to faint."",""The bird spots a pitcher of water."",""The pitcher is under a bench in a park."",""The water is too deep to reach, the bird鈥檚 beak is not long enough."",""The bird finds some pebbles."",""The bird picks up pebbles and drops them into the pitcher."",""The water level rises, allowing the bird to drink."",""The bird flies away happily.""]}",431,23.821,"[{""number"":1}]",,"it misses event [t], as it fails to explicitly state that the bird flew down or sat on the pitcher before attempting to drink. There is 1 created fact: the final ""I don鈥檛 know"" functions as meta-commentary regarding the narrator's state of recall, which is external to the factual narrative.",2026-03-15T10:28:02.268775Z
6ab6bdc80101c38e,432,1,"It was a very hot day, and a little bird was looking for water but couldn't find any. She was very tired and almost fainted from the heat. Then she saw a pitcher of water under a bench in a park. She flew down and sat on the pitcher, but the water was too deep for her to reach with her short beak. She looked around and found some pebbles. She started dropping them into the pitcher one by one, and the water level rose. Soon, she could reach the water and drank it. She flew away happily after getting the water she needed.",2026-03-15T10:28:26.172996Z,"{""choices"":[""bird"",""water"",""pitcher"",""pebbles"",""bench"",""park"",""beak (or beak length)""]}","{""choices"":[""The day is hot."",""The bird is thirsty."",""The bird looks for water for a long time."",""The bird becomes very tired and is about to faint."",""The bird spots a pitcher of water."",""The pitcher is under a bench in a park."",""The bird flies down and sits on the pitcher."",""The water is too deep to reach, the bird鈥檚 beak is not long enough."",""The bird finds some pebbles."",""The bird picks up pebbles and drops them into the pitcher."",""The water level rises, allowing the bird to drink."",""The bird flies away happily.""]}",432,21.299,"[{""number"":0}]",,,2026-03-15T10:28:26.173019Z
34f8ee44074f85af,433,1,"The story was about a little bird who was very thirsty on a hot day. She searched for water for a long time and became very tired, almost fainting. She found a pitcher of water under a bench in a park but couldn鈥檛 reach it because the water was too deep for her beak. She looked around and found some pebbles. She dropped them one by one into the pitcher, which raised the water level. This allowed her to drink the water. She then flew away happily. I don鈥檛 know.",2026-03-15T10:28:48.711022Z,"{""choices"":[""bird"",""water"",""pitcher"",""pebbles"",""bench"",""park"",""beak (or beak length)""]}","{""choices"":[""The day is hot."",""The bird is thirsty."",""The bird looks for water for a long time."",""The bird becomes very tired and is about to faint."",""The bird spots a pitcher of water."",""The pitcher is under a bench in a park."",""The water is too deep to reach, the bird鈥檚 beak is not long enough."",""The bird finds some pebbles."",""The bird picks up pebbles and drops them into the pitcher."",""The water level rises, allowing the bird to drink."",""The bird flies away happily.""]}",433,20.28,"[{""number"":1}]",,"it misses event [t], as it fails to explicitly state that the bird flew down or sat on the pitcher before attempting to drink. There is 1 created fact: the final ""I don鈥檛 know"" functions as meta-commentary regarding the narrator's state of recall, which is external to the factual narrative.",2026-03-15T10:28:48.711043Z
68e36f1138ec058c,434,1,"The story was about a little bird who was very thirsty on a hot day and had been searching for water for a long time. She became very tired and almost fainted. While looking for water, she saw a pitcher under a bench in a park. The pitcher had some water inside, but it was too deep for her to reach with her short beak. She found some pebbles and decided to drop them into the pitcher one by one. As she added more pebbles, the water level rose, allowing her to finally drink the water. After quenching her thirst, she flew away happily.",2026-03-15T10:30:05.054821Z,"{""choices"":[""bird"",""water"",""pitcher"",""pebbles"",""bench"",""park"",""beak (or beak length)""]}","{""choices"":[""The day is hot."",""The bird is thirsty."",""The bird looks for water for a long time."",""The bird becomes very tired and is about to faint."",""The bird spots a pitcher of water."",""The pitcher is under a bench in a park."",""The water is too deep to reach, the bird鈥檚 beak is not long enough."",""The bird finds some pebbles."",""The bird picks up pebbles and drops them into the pitcher."",""The water level rises, allowing the bird to drink."",""The bird flies away happily.""]}",434,74.644,,,it misses event [t] because it fails to explicitly describe the bird flying down or sitting on the pitcher.,2026-03-15T10:30:05.054844Z
6d5136127f367973,435,1,"The story was about a little bird who was very thirsty on a hot day. She searched for water for a long time and became very tired, almost fainting. While looking around, she saw a pitcher of water under a bench in a park. She flew down and sat on the pitcher, but the water was too deep for her to reach with her short beak. She noticed some pebbles nearby and decided to use them. She dropped the pebbles one by one into the pitcher, which caused the water level to rise. This allowed her to drink the water. After quenching her thirst, she flew away happily. I don鈥檛 know.",2026-03-15T10:30:25.711086Z,"{""choices"":[""bird"",""water"",""pitcher"",""pebbles"",""bench"",""park"",""beak (or beak length)""]}","{""choices"":[""The day is hot."",""The bird is thirsty."",""The bird looks for water for a long time."",""The bird becomes very tired and is about to faint."",""The bird spots a pitcher of water."",""The pitcher is under a bench in a park."",""The bird flies down and sits on the pitcher."",""The water is too deep to reach, the bird鈥檚 beak is not long enough."",""The bird finds some pebbles."",""The bird picks up pebbles and drops them into the pitcher."",""The water level rises, allowing the bird to drink."",""The bird flies away happily.""]}",435,18.846,"[{""number"":1}]",,"There is 1 created fact: the final ""I don鈥檛 know"" functions as meta-commentary regarding the narrator's state of recall, which is external to the factual narrative.",2026-03-15T10:30:25.711108Z
62ede2259219000f,436,1,"The story was about a little bird who was very thirsty on a hot day. She looked for water for a long time and got very tired, almost fainting. Then she saw a pitcher of water under a bench in a park. She flew down and sat on the pitcher, but the water was too deep for her to reach with her short beak. She looked around and found some pebbles. She dropped them one by one into the pitcher, and the water level rose. This allowed her to drink the water. She then flew away happily. I don鈥檛 know the exact color of the bird or the pitcher, but I remember it was a hot day and she used pebbles to raise the water level.",2026-03-15T10:30:48.609545Z,"{""choices"":[""bird"",""water"",""pitcher"",""pebbles"",""bench"",""park"",""beak (or beak length)""]}","{""choices"":[""The day is hot."",""The bird is thirsty."",""The bird looks for water for a long time."",""The bird becomes very tired and is about to faint."",""The bird spots a pitcher of water."",""The pitcher is under a bench in a park."",""The bird flies down and sits on the pitcher."",""The water is too deep to reach, the bird鈥檚 beak is not long enough."",""The bird finds some pebbles."",""The bird picks up pebbles and drops them into the pitcher."",""The water level rises, allowing the bird to drink."",""The bird flies away happily.""]}",436,21.237,"[{""number"":1}]",,"There is 1 created fact: the final sentence functions as meta-commentary regarding the narrator's uncertainty about non-essential details (colors) and provides a summary of the core logic, which is external to the factual narrative.",2026-03-15T10:30:48.609566Z
4c1989454ed28c01,437,1,"The story was about a little bird who was very thirsty on a hot day. She searched for water for a long time and became very tired, almost fainting. She found a pitcher of water under a bench in a park but couldn't reach it because the water was too deep for her short beak. She looked around and found some pebbles, which gave her an idea. She dropped the pebbles into the pitcher one by one, and the water level rose until she could finally drink. She then flew away happily. I don鈥檛 know.",2026-03-15T10:31:15.367879Z,"{""choices"":[""bird"",""water"",""pitcher"",""pebbles"",""bench"",""park"",""beak (or beak length)""]}","{""choices"":[""The day is hot."",""The bird is thirsty."",""The bird looks for water for a long time."",""The bird becomes very tired and is about to faint."",""The bird spots a pitcher of water."",""The pitcher is under a bench in a park."",""The water is too deep to reach, the bird鈥檚 beak is not long enough."",""The bird finds some pebbles."",""The bird picks up pebbles and drops them into the pitcher."",""The water level rises, allowing the bird to drink."",""The bird flies away happily.""]}",437,25.199,"[{""number"":1}]",,"it misses event [t], as it fails to explicitly state that the bird flew down or sat on the pitcher before attempting to drink. There is 1 created fact: the final ""I don鈥檛 know"" functions as meta-commentary regarding the narrator's state of recall, which is external to the factual narrative.",2026-03-15T10:31:15.367893Z
a4dd9cb08d2bb183,438,1,"It was a hot day, and a thirsty bird was searching for water for a long time. She was very tired and almost fainting when she saw a pitcher of water under a bench in a park. She flew down and sat on the pitcher, but the water was too deep for her to reach with her short beak. She looked around and found some pebbles, which made her think. She picked up the pebbles one by one and dropped them into the pitcher. This caused the water level to rise, allowing her to drink. After quenching her thirst, she flew away happily.",2026-03-15T10:31:35.218917Z,"{""choices"":[""bird"",""water"",""pitcher"",""pebbles"",""bench"",""park"",""beak (or beak length)""]}","{""choices"":[""The day is hot."",""The bird is thirsty."",""The bird looks for water for a long time."",""The bird becomes very tired and is about to faint."",""The bird spots a pitcher of water."",""The pitcher is under a bench in a park."",""The bird flies down and sits on the pitcher."",""The water is too deep to reach, the bird鈥檚 beak is not long enough."",""The bird finds some pebbles."",""The bird picks up pebbles and drops them into the pitcher."",""The water level rises, allowing the bird to drink."",""The bird flies away happily.""]}",438,17.881,"[{""number"":0}]",,,2026-03-15T10:31:35.218940Z
238d407b63554ec7,439,1,"The story was about a little bird who was very thirsty on a hot day. She searched for water for a long time and became very tired, almost fainting. She found a pitcher of water under a bench in a park but couldn鈥檛 reach it because the water was too deep for her beak. She looked around and found some pebbles, which gave her an idea. She dropped the pebbles one by one into the pitcher, and the water level rose until she could drink from it. She then flew away happily. I don鈥檛 know.",2026-03-15T10:32:05.113427Z,"{""choices"":[""bird"",""water"",""pitcher"",""pebbles"",""bench"",""park"",""beak (or beak length)""]}","{""choices"":[""The day is hot."",""The bird is thirsty."",""The bird looks for water for a long time."",""The bird becomes very tired and is about to faint."",""The bird spots a pitcher of water."",""The pitcher is under a bench in a park."",""The water is too deep to reach, the bird鈥檚 beak is not long enough."",""The bird finds some pebbles."",""The bird picks up pebbles and drops them into the pitcher."",""The water level rises, allowing the bird to drink."",""The bird flies away happily.""]}",439,27.418,"[{""number"":1}]",,"it misses event [t], as it fails to explicitly state that the bird flew down or sat on the pitcher before attempting to drink. There is 1 created fact: the final ""I don鈥檛 know"" functions as meta-commentary regarding the narrator's state of recall, which is external to the factual narrative.",2026-03-15T10:32:05.113446Z
a39f725d34e2d0b5,440,1,"The story was about a little bird who was very thirsty on a hot day. She looked for water for a long time and got really tired, almost fainting. Then she saw a pitcher of water under a bench in a park. She flew down and sat on it, but the water was too deep for her to reach with her short beak. She looked around and found some pebbles. She started dropping them into the pitcher one by one, and the water level rose until she could finally drink. She flew away happy after getting the water she needed.",2026-03-15T10:32:26.608829Z,"{""choices"":[""bird"",""water"",""pitcher"",""pebbles"",""bench"",""park"",""beak (or beak length)""]}","{""choices"":[""The day is hot."",""The bird is thirsty."",""The bird looks for water for a long time."",""The bird becomes very tired and is about to faint."",""The bird spots a pitcher of water."",""The pitcher is under a bench in a park."",""The bird flies down and sits on the pitcher."",""The water is too deep to reach, the bird鈥檚 beak is not long enough."",""The bird finds some pebbles."",""The bird picks up pebbles and drops them into the pitcher."",""The water level rises, allowing the bird to drink."",""The bird flies away happily.""]}",440,19.793,"[{""number"":0}]",,,2026-03-15T10:32:26.608850Z
ca843b09d9b9dae5,441,1,"The story was about a little bird who was very thirsty on a hot day. She searched for water for a long time and became very tired, almost fainting. She found a pitcher of water under a bench in a park but couldn鈥檛 reach it because the water was too deep for her beak. She noticed some pebbles nearby and decided to use them. She dropped the pebbles one by one into the pitcher, which caused the water level to rise. Once the water was high enough, she was able to drink it. She then flew away happily. I don鈥檛 know the exact location of the park or the bird鈥檚 name, but I remember she was small and used pebbles to raise the water level.",2026-03-15T10:33:01.338044Z,"{""choices"":[""bird"",""water"",""pitcher"",""pebbles"",""bench"",""park"",""beak (or beak length)""]}","{""choices"":[""The day is hot."",""The bird is thirsty."",""The bird looks for water for a long time."",""The bird becomes very tired and is about to faint."",""The bird spots a pitcher of water."",""The pitcher is under a bench in a park."",""The water is too deep to reach, the bird鈥檚 beak is not long enough."",""The bird finds some pebbles."",""The bird picks up pebbles and drops them into the pitcher."",""The water level rises, allowing the bird to drink."",""The bird flies away happily.""]}",441,33.764,"[{""number"":1}]",,"it misses event [t], as it fails to explicitly state that the bird flew down or sat on the pitcher before attempting to drink. There is 1 created fact: the final sentence functions as meta-commentary regarding the narrator's uncertainty about non-essential details and provides a summary of the bird's strategy, which is external to the factual narrative.",2026-03-15T10:33:01.338065Z
131c2dd1844bdfe7,442,1,"The story was about a little bird who was very thirsty on a hot day and had been searching for water for a long time. She became very tired and almost fainted. While she was resting, she saw a pitcher of water under a bench in a park. The water was too deep for her to reach with her short beak. She looked around and found some pebbles, which made her think of a solution. She dropped the pebbles one by one into the pitcher, causing the water level to rise. This allowed her to drink the water, and she flew away happily.",2026-03-15T10:33:20.303811Z,"{""choices"":[""bird"",""water"",""pitcher"",""pebbles"",""bench"",""park"",""beak (or beak length)""]}","{""choices"":[""The day is hot."",""The bird is thirsty."",""The bird looks for water for a long time."",""The bird becomes very tired and is about to faint."",""The bird spots a pitcher of water."",""The pitcher is under a bench in a park."",""The water is too deep to reach, the bird鈥檚 beak is not long enough."",""The bird finds some pebbles."",""The bird picks up pebbles and drops them into the pitcher."",""The water level rises, allowing the bird to drink."",""The bird flies away happily.""]}",442,17.562,"[{""number"":0}]",,,2026-03-15T10:33:20.303833Z
cf366409126fb0fb,443,1,"The story was about a little bird who was very thirsty on a hot day. She searched for water for a long time and became very tired. She saw a pitcher of water under a bench in a park but couldn't drink from it because the water was too deep for her to reach. She noticed some pebbles nearby and decided to use them. She dropped the pebbles one by one into the pitcher, which caused the water level to rise. This allowed her to drink the water. She then flew away happily. The bird used her intelligence to solve the problem by thinking creatively about how to access the water. The pitcher was under a bench, and the water was deep, but the pebbles helped her reach the water. She was tired and thirsty at the beginning, and she was happy at the end after getting the water she needed.",2026-03-15T10:33:45.217172Z,"{""choices"":[""bird"",""water"",""pitcher"",""pebbles"",""bench"",""park"",""beak (or beak length)""]}","{""choices"":[""The day is hot."",""The bird is thirsty."",""The bird looks for water for a long time."",""The bird spots a pitcher of water."",""The pitcher is under a bench in a park."",""The water is too deep to reach, the bird鈥檚 beak is not long enough."",""The bird finds some pebbles."",""The bird picks up pebbles and drops them into the pitcher."",""The water level rises, allowing the bird to drink."",""The bird flies away happily.""]}",443,23.437,"[{""number"":1}]",,"it misses event [q] by omitting the ""almost fainting"" detail, and event [t] by failing to describe the bird landing on the pitcher. There is 1 created fact: the final three sentences function as an interpretive summary and character analysis (""used her intelligence,"" ""thinking creatively""), which is meta-commentary external to the narrative sequence.",2026-03-15T10:33:45.217193Z
f77e6444b60f2cba,444,1,"The story was about a little bird who was very thirsty on a hot day and searched for water for a long time. She became very tired and almost fainted. While looking for water, she saw a pitcher under a bench in a park. The pitcher had some water, but it was too deep for her to reach with her short beak. She looked around and found some pebbles. She then dropped the pebbles into the pitcher one by one, which caused the water level to rise. This allowed her to drink the water. After satisfying her thirst, she flew away happily. The bird used the pebbles to raise the water level so she could access it.",2026-03-15T10:34:17.094881Z,"{""choices"":[""bird"",""water"",""pitcher"",""pebbles"",""bench"",""park"",""beak (or beak length)""]}","{""choices"":[""The day is hot."",""The bird is thirsty."",""The bird looks for water for a long time."",""The bird becomes very tired and is about to faint."",""The bird spots a pitcher of water."",""The pitcher is under a bench in a park."",""The water is too deep to reach, the bird鈥檚 beak is not long enough."",""The bird finds some pebbles."",""The bird picks up pebbles and drops them into the pitcher."",""The water level rises, allowing the bird to drink."",""The bird flies away happily.""]}",444,30.385,"[{""number"":1}]",,"it misses event [t], as it fails to explicitly state that the bird flew down or sat on the pitcher before attempting to drink. There is 1 created fact: the final sentence functions as an interpretive summary and logical repetition, which is external to the narrative's chronological sequence.",2026-03-15T10:34:17.094901Z
fa09d281263b793d,445,1,"The story was about a little bird who was very thirsty on a hot day. She searched for water for a long time and became very tired, almost fainting. She found a pitcher of water under a bench in a park but couldn鈥檛 reach it because the water was too deep for her short beak. She noticed some pebbles nearby and decided to use them. She dropped the pebbles one by one into the pitcher, which caused the water level to rise. This allowed her to drink the water. She then flew away happily. I don鈥檛 know the bird鈥檚 name or the exact location of the park, but the main events were clear. The bird used problem-solving skills to get the water she needed.",2026-03-15T10:34:40.797069Z,"{""choices"":[""bird"",""water"",""pitcher"",""pebbles"",""bench"",""park"",""beak (or beak length)""]}","{""choices"":[""The day is hot."",""The bird is thirsty."",""The bird looks for water for a long time."",""The bird becomes very tired and is about to faint."",""The bird spots a pitcher of water."",""The pitcher is under a bench in a park."",""The water is too deep to reach, the bird鈥檚 beak is not long enough."",""The bird finds some pebbles."",""The bird picks up pebbles and drops them into the pitcher."",""The water level rises, allowing the bird to drink."",""The bird flies away happily.""]}",445,22.269,"[{""number"":1}]",,"it misses event [t], as it fails to explicitly state that the bird flew down or sat on the pitcher before attempting to drink. There is 1 created fact: the final two sentences function as meta-commentary regarding missing details and an interpretive summary of the bird's skills, which are external to the factual narrative.",2026-03-15T10:34:40.797091Z
d75cab9b6b5bbfc1,446,1,"The story was about a little bird who was very thirsty on a hot day. She searched for water for a long time and became very tired, almost fainting. She found a pitcher of water under a bench in a park but couldn鈥檛 reach it because the water was too deep for her beak. She looked around and found some pebbles. She dropped them one by one into the pitcher, which raised the water level. This allowed her to drink the water. She then flew away happily. I don鈥檛 remember if there were other birds or any specific details about the park or the pitcher.",2026-03-15T10:35:02.368777Z,"{""choices"":[""bird"",""water"",""pitcher"",""pebbles"",""bench"",""park"",""beak (or beak length)""]}","{""choices"":[""The day is hot."",""The bird is thirsty."",""The bird looks for water for a long time."",""The bird becomes very tired and is about to faint."",""The bird spots a pitcher of water."",""The pitcher is under a bench in a park."",""The water is too deep to reach, the bird鈥檚 beak is not long enough."",""The bird finds some pebbles."",""The bird picks up pebbles and drops them into the pitcher."",""The water level rises, allowing the bird to drink."",""The bird flies away happily.""]}",446,20.534,"[{""number"":1}]",,"it misses event [t], as it fails to explicitly state that the bird flew down or sat on the pitcher before attempting to drink. There is 1 created fact: the final sentence functions as meta-commentary regarding the narrator's state of recall and uncertainty about non-essential details, which is external to the narrative.",2026-03-15T10:35:02.368799Z
22e2a194062351da,447,1,"The story was about a little bird who was very thirsty on a hot day. She searched for water for a long time and became very tired, almost fainting. Then she saw a pitcher of water under a bench in a park. She flew down and sat on the pitcher, but the water was too deep for her to reach with her short beak. She looked around and found some pebbles. She dropped them one by one into the pitcher, which raised the water level. This allowed her to drink the water. After drinking, she flew away happily. She used the pebbles to make the water level higher so she could access it. The pitcher was under a bench in a park, and the bird was very tired before she found the water.",2026-03-15T10:35:27.427007Z,"{""choices"":[""bird"",""water"",""pitcher"",""pebbles"",""bench"",""park"",""beak (or beak length)""]}","{""choices"":[""The day is hot."",""The bird is thirsty."",""The bird looks for water for a long time."",""The bird becomes very tired and is about to faint."",""The bird spots a pitcher of water."",""The pitcher is under a bench in a park."",""The bird flies down and sits on the pitcher."",""The water is too deep to reach, the bird鈥檚 beak is not long enough."",""The bird finds some pebbles."",""The bird picks up pebbles and drops them into the pitcher."",""The water level rises, allowing the bird to drink."",""The bird flies away happily.""]}",447,23.609,"[{""number"":1}]",,"There is 1 created fact: the final two sentences function as an interpretive summary and logical repetition of the story's main points, which is external to the narrative's primary chronological sequence.",2026-03-15T10:35:27.427021Z
80f360bb80e9024e,448,1,"The story was about a little bird who was very thirsty on a hot day. She looked for water for a long time and became very tired, almost fainting. She found a pitcher of water under a bench in a park but couldn鈥檛 reach it because the water was too deep for her beak. She found some pebbles and dropped them into the pitcher one by one, which raised the water level until she could drink. She then flew away happily. I don鈥檛 know.",2026-03-15T10:36:26.012252Z,"{""choices"":[""bird"",""water"",""pitcher"",""pebbles"",""bench"",""park"",""beak (or beak length)""]}","{""choices"":[""The day is hot."",""The bird is thirsty."",""The bird looks for water for a long time."",""The bird becomes very tired and is about to faint."",""The bird spots a pitcher of water."",""The pitcher is under a bench in a park."",""The water is too deep to reach, the bird鈥檚 beak is not long enough."",""The bird finds some pebbles."",""The bird picks up pebbles and drops them into the pitcher."",""The water level rises, allowing the bird to drink."",""The bird flies away happily.""]}",448,57.211,"[{""number"":1}]",,"it misses event [t], as it fails to explicitly state that the bird flew down or sat on the pitcher before attempting to drink. There is 1 created fact: the final ""I don鈥檛 know"" functions as meta-commentary regarding the narrator's state of recall, which is external to the factual narrative.",2026-03-15T10:36:26.012273Z
f8ececc0ad90e2d3,449,1,"The story was about a little bird who was very thirsty on a hot day. She searched for water for a long time and got really tired, almost fainting. Then she saw a pitcher of water under a bench in a park. She flew down and sat on it, but the water was too deep for her to reach with her short beak. She looked around and found some pebbles. She dropped them one by one into the pitcher, which made the water level rise. Now she could drink the water. She flew away happy because she found a way to get the water she needed.",2026-03-15T10:36:48.280247Z,"{""choices"":[""bird"",""water"",""pitcher"",""pebbles"",""bench"",""park"",""beak (or beak length)""]}","{""choices"":[""The day is hot."",""The bird is thirsty."",""The bird looks for water for a long time."",""The bird becomes very tired and is about to faint."",""The bird spots a pitcher of water."",""The pitcher is under a bench in a park."",""The bird flies down and sits on the pitcher."",""The water is too deep to reach, the bird鈥檚 beak is not long enough."",""The bird finds some pebbles."",""The bird picks up pebbles and drops them into the pitcher."",""The water level rises, allowing the bird to drink."",""The bird flies away happily.""]}",449,20.778,,,,2026-03-15T10:36:48.280268Z
a6b9f2cf0185314d,450,1,"The story was about a little bird who was very thirsty on a hot day. She looked for water for a long time and got really tired, almost fainting. Then she saw a pitcher of water under a bench in a park. She flew down and sat on it, but the water was too deep for her to reach with her short beak. She looked around and found some pebbles. She dropped them one by one into the pitcher, and the water level rose. Soon, she could reach the water and drank it. She flew away happy. I don鈥檛 know.",2026-03-15T10:37:13.391100Z,"{""choices"":[""bird"",""water"",""pitcher"",""pebbles"",""bench"",""park"",""beak (or beak length)""]}","{""choices"":[""The day is hot."",""The bird is thirsty."",""The bird looks for water for a long time."",""The bird becomes very tired and is about to faint."",""The bird spots a pitcher of water."",""The pitcher is under a bench in a park."",""The bird flies down and sits on the pitcher."",""The water is too deep to reach, the bird鈥檚 beak is not long enough."",""The bird finds some pebbles."",""The bird picks up pebbles and drops them into the pitcher."",""The water level rises, allowing the bird to drink."",""The bird flies away happily.""]}",450,23.641,"[{""number"":1}]",,"There is 1 created fact: the final ""I don鈥檛 know"" functions as meta-commentary regarding the narrator's state of recall, which is external to the factual narrative.",2026-03-15T10:37:13.391113Z
19ada4f0cc34597c,451,1,"I remember the story about the little bird who was thirsty and looked for water. She was very tired and even thought she might pass out. Then she found a pitcher of water under a bench in a park, but the water was too deep for her to drink. She didn鈥檛 have a long beak, so she couldn鈥檛 reach the water. She found some pebbles and dropped them into the pitcher, which made the water level rise. That way, she could drink it. She was happy after that. I think that鈥檚 all.",2026-03-15T10:37:37.648461Z,"{""choices"":[""bird"",""water"",""pitcher"",""pebbles"",""bench"",""park"",""beak (or beak length)""]}","{""choices"":[""The day is hot."",""The bird is thirsty."",""The bird becomes very tired and is about to faint."",""The bird spots a pitcher of water."",""The pitcher is under a bench in a park."",""The water is too deep to reach, the bird鈥檚 beak is not long enough."",""The bird finds some pebbles."",""The bird picks up pebbles and drops them into the pitcher."",""The water level rises, allowing the bird to drink."",""The bird flies away happily.""]}",451,22.668,"[{""number"":1}]",,"it misses event [0] by omitting the duration of the search and event [t] by failing to explicitly describe the bird landing on the pitcher. There is 1 created fact: the final ""I think that鈥檚 all"" functions as meta-commentary regarding the narrator's state of recall, which is external to the factual narrative.",2026-03-15T10:37:37.648482Z
475796b2015340ad,452,1,"Okay, let's see. The story was about a little bird who was thirsty and looked for water. She found a pitcher under a bench, but the water was too deep for her to drink. So she used pebbles to lower the water level so she could drink. She was happy after that. Let me think, was it a hot day? Yes, that's right. She was very tired and almost fainted. She had to find a way to get the water. Oh, and the pitcher had water inside, but she couldn't reach it. Then she found pebbles and dropped them in, which raised the water level. That's how she drank. I think that's all. I don't think I missed much. I hope that's right.",2026-03-15T10:38:05.938585Z,"{""choices"":[""bird"",""water"",""pitcher"",""pebbles"",""bench"",""park"",""beak (or beak length)""]}","{""choices"":[""The day is hot."",""The bird is thirsty."",""The bird becomes very tired and is about to faint."",""The bird spots a pitcher of water."",""The pitcher is under a bench in a park."",""The water is too deep to reach, the bird鈥檚 beak is not long enough."",""The bird finds some pebbles."",""The bird picks up pebbles and drops them into the pitcher."",""The water level rises, allowing the bird to drink."",""The bird flies away happily.""]}",452,27.371,"[{""number"":1}]",,"it misses event [0] by omitting the duration of the search and event [t] by failing to explicitly state that the bird landed on the pitcher. There is 1 created fact: the text is heavily interspersed with meta-commentary regarding the narrator's internal thought process and self-assessment of their memory, which are external to the narrative itself.",2026-03-15T10:38:05.938605Z
ddd7278c88b2ae74,453,1,"I remember the story about the thirsty bird who searched for water on a hot day until she found a pitcher under a bench. The water was too deep for her to drink, so she found pebbles and dropped them into the pitcher, which raised the water level so she could drink. She was very tired and even close to fainting before this. The pitcher had water inside, but she couldn鈥檛 reach it with her short beak. The pebbles helped her get the water she needed. She was happy after that. I don鈥檛 think I remembered everything, but that鈥檚 the story.",2026-03-15T10:38:44.692087Z,"{""choices"":[""bird"",""water"",""pitcher"",""pebbles"",""bench"",""park"",""beak (or beak length)""]}","{""choices"":[""The day is hot."",""The bird is thirsty."",""The bird becomes very tired and is about to faint."",""The bird spots a pitcher of water."",""The pitcher is under a bench in a park."",""The water is too deep to reach, the bird鈥檚 beak is not long enough."",""The bird finds some pebbles."",""The bird picks up pebbles and drops them into the pitcher."",""The water level rises, allowing the bird to drink."",""The bird flies away happily.""]}",453,37.082,"[{""number"":1}]",,"it misses event [0] by omitting the duration of the search and event [t] by failing to explicitly describe the bird landing on the pitcher. There is 1 created fact: the final sentence functions as meta-commentary regarding the narrator's self-assessment of their memory, which is external to the narrative.",2026-03-15T10:38:44.692108Z
5c3ed3c2976d643a,454,1,"I remember that it was a hot day and a thirsty bird was looking for water for a long time. She was very tired and even thought she might faint. Then she saw a pitcher of water under a bench in a park. She wanted to drink, but the water was too deep for her to reach. She didn鈥檛 have a long enough beak. So she found some pebbles and dropped them into the pitcher. This made the water level rise, and then she could drink. She was happy and flew away. I think that's all.",2026-03-15T10:39:21.806680Z,"{""choices"":[""bird"",""water"",""pitcher"",""pebbles"",""bench"",""park"",""beak (or beak length)""]}","{""choices"":[""The day is hot."",""The bird is thirsty."",""The bird looks for water for a long time."",""The bird becomes very tired and is about to faint."",""The bird spots a pitcher of water."",""The pitcher is under a bench in a park."",""The water is too deep to reach, the bird鈥檚 beak is not long enough."",""The bird finds some pebbles."",""The bird picks up pebbles and drops them into the pitcher."",""The water level rises, allowing the bird to drink."",""The bird flies away happily.""]}",454,35.565,"[{""number"":1}]",,"it misses event [t], as it fails to explicitly state that the bird landed on the pitcher. There is 1 created fact: the final sentence functions as meta-commentary regarding the narrator's state of recall, which is external to the narrative.",2026-03-15T10:39:21.806704Z
8b63b3987b5c1b34,455,1,"I remember that it was a hot day and a bird was looking for water. She had been looking for a long time and was very tired and close to fainting. Then she saw a pitcher of water under a bench in a park. She flew down and sat on it, but the water was too deep for her to reach. Her beak wasn't long enough, so she looked around and found some pebbles. She dropped the pebbles into the pitcher, and the water level rose. She could now drink it and flew away happily. I think that鈥檚 all. I don鈥檛 know if I got everything right, but that鈥檚 what I remember.",2026-03-15T10:39:54.202278Z,"{""choices"":[""bird"",""water"",""pitcher"",""pebbles"",""bench"",""park"",""beak (or beak length)""]}","{""choices"":[""The day is hot."",""The bird is thirsty."",""The bird looks for water for a long time."",""The bird becomes very tired and is about to faint."",""The bird spots a pitcher of water."",""The pitcher is under a bench in a park."",""The bird flies down and sits on the pitcher."",""The water is too deep to reach, the bird鈥檚 beak is not long enough."",""The bird finds some pebbles."",""The bird picks up pebbles and drops them into the pitcher."",""The water level rises, allowing the bird to drink."",""The bird flies away happily.""]}",455,30.855,"[{""number"":1}]",,"There is 1 created fact: the final two sentences function as meta-commentary regarding the narrator's state of recall and self-doubt, which is external to the factual narrative.",2026-03-15T10:39:54.202301Z
399db244224ad774,456,1,"I remember the story about the thirsty bird who looked for water on a hot day. She was very tired and almost fainted. Then she found a pitcher with water under a bench, but the water was too deep for her to reach. She tried pebbles and dropped them into the pitcher, which raised the water level so she could drink. She was happy after that. The bird was thirsty and needed water. She found a pitcher with water but couldn鈥檛 reach it. She used pebbles to lower the water level so she could drink. She was very smart to think of that idea. She was tired and almost fainted. She was happy when she could drink the water. The pitcher had water, but it was too deep. She dropped pebbles into it to raise the water level. She was very clever.",2026-03-15T10:40:27.373008Z,"{""choices"":[""bird"",""water"",""pitcher"",""pebbles"",""bench"",""park"",""beak (or beak length)""]}","{""choices"":[""The day is hot."",""The bird is thirsty."",""The bird becomes very tired and is about to faint."",""The bird spots a pitcher of water."",""The pitcher is under a bench in a park."",""The water is too deep to reach, the bird鈥檚 beak is not long enough."",""The bird finds some pebbles."",""The bird picks up pebbles and drops them into the pitcher."",""The water level rises, allowing the bird to drink."",""The bird flies away happily.""]}",456,31.75,"[{""number"":1}]",,"it misses event [0] regarding the search duration and event [t] regarding the bird landing on the pitcher. There is 1 created fact: the second half of the text consists of repetitive summaries and interpretive character praise (""very smart,"" ""clever""), which are meta-commentary and logical redundancies external to the primary narrative sequence.",2026-03-15T10:40:27.373028Z
b997855405d06ece,457,1,"Okay, let's see. So there's this little bird, right? And it was a hot day, and she was thirsty. She looked for water for a long time and was really tired, almost fainted. Then she found this pitcher under a bench in the park. There was water inside, but it was too deep for her to drink. She couldn't reach it with her beak. Then she found some pebbles and had an idea. She dropped the pebbles into the pitcher, and the water level rose so she could drink. She was happy and flew away. I think that's it. I don't think I missed much. I mean, the pitcher, the pebbles, the hot day, the thirst, the tiredness... Yeah, that's the story.",2026-03-15T10:40:53.001571Z,"{""choices"":[""bird"",""water"",""pitcher"",""pebbles"",""bench"",""park"",""beak (or beak length)""]}","{""choices"":[""The day is hot."",""The bird is thirsty."",""The bird looks for water for a long time."",""The bird becomes very tired and is about to faint."",""The bird spots a pitcher of water."",""The pitcher is under a bench in a park."",""The water is too deep to reach, the bird鈥檚 beak is not long enough."",""The bird finds some pebbles."",""The bird picks up pebbles and drops them into the pitcher."",""The water level rises, allowing the bird to drink."",""The bird flies away happily.""]}",457,24.003,"[{""number"":1}]",,"it misses event [t], as it fails to explicitly state that the bird flew down or sat on the pitcher before attempting to drink. There is 1 created fact: the concluding sentences function as meta-commentary, where the narrator reflects on their own recall process and summarizes key story elements, which is external to the factual narrative.",2026-03-15T10:40:53.001593Z
42b4e850b95810a9,458,1,"I remember it was a hot day and a bird was looking for water. She was very tired and almost faint. She found a pitcher of water under a bench in a park, but the water was too deep for her to reach. She tried pebbles and dropped them into the pitcher, which raised the water level so she could drink. She was happy after that. I think that's all. I don't know.",2026-03-15T10:41:22.289794Z,"{""choices"":[""bird"",""water"",""pitcher"",""pebbles"",""bench"",""park"",""beak (or beak length)""]}","{""choices"":[""The day is hot."",""The bird is thirsty."",""The bird becomes very tired and is about to faint."",""The bird spots a pitcher of water."",""The pitcher is under a bench in a park."",""The water is too deep to reach, the bird鈥檚 beak is not long enough."",""The bird finds some pebbles."",""The bird picks up pebbles and drops them into the pitcher."",""The water level rises, allowing the bird to drink."",""The bird flies away happily.""]}",458,27.842,"[{""number"":1}]",,"it misses event [0] regarding the search duration and event [t], as it fails to explicitly state that the bird landed on the pitcher before attempting to drink. There is 1 created fact: the final two sentences function as meta-commentary regarding the narrator's state of recall, which is external to the factual narrative.",2026-03-15T10:41:22.289816Z
9b735ed5e180d261,459,1,"Okay, let's see. The story was about a little bird who was very thirsty and looked for water. She found a pitcher with water but couldn't reach it. She tried putting pebbles into the pitcher to make the water level rise so she could drink. I think that's it. I remember she was looking for water because she was thirsty and it was a hot day. She found a pitcher under a bench in a park. She couldn't drink the water because it was too deep. She used pebbles to lower the water level so she could drink. I don't think I missed much. I don't think I need to add anything else. I think that's all.",2026-03-15T10:42:23.117127Z,"{""choices"":[""bird"",""water"",""pitcher"",""pebbles"",""bench"",""park"",""beak (or beak length)""]}","{""choices"":[""The day is hot."",""The bird is thirsty."",""The bird spots a pitcher of water."",""The pitcher is under a bench in a park."",""The water is too deep to reach, the bird鈥檚 beak is not long enough."",""The bird finds some pebbles."",""The bird picks up pebbles and drops them into the pitcher."",""The water level rises, allowing the bird to drink."",""The bird flies away happily.""]}",459,59.822,"[{""number"":1}]",,"The recall text identifies all seven entities but only eight of the twelve defined event markers. It misses event [0] regarding the search duration, event [q] by omitting the ""almost fainting"" detail, and event [t] by failing to describe the bird landing on the pitcher. There is 1 created fact: the text features repetitive self-corrections (e.g., initially misstating ""lower the water level"") and extensive meta-commentary regarding the narrator's confidence in their own memory, which are external to the narrative facts.",2026-03-15T10:42:23.117147Z
05c996e40516008a,460,1,"I remember that it was a hot day and a thirsty bird was looking for water for a long time. She was very tired and almost faint. Then she found a pitcher of water under a bench in a park. The water was too deep for her to reach, so she looked around and found some pebbles. She dropped the pebbles into the pitcher, and the water level rose. She could now drink the water and flew away happily. I don鈥檛 know the exact location of the park or the bird鈥檚 name, but that鈥檚 what I remember. I don鈥檛 know if the pitcher was made of glass or ceramic, and I don鈥檛 remember if there were other animals around. I think that鈥檚 it.",2026-03-15T10:42:51.512420Z,"{""choices"":[""bird"",""water"",""pitcher"",""pebbles"",""bench"",""park"",""beak (or beak length)""]}","{""choices"":[""The day is hot."",""The bird is thirsty."",""The bird looks for water for a long time."",""The bird becomes very tired and is about to faint."",""The bird spots a pitcher of water."",""The pitcher is under a bench in a park."",""The water is too deep to reach, the bird鈥檚 beak is not long enough."",""The bird finds some pebbles."",""The bird picks up pebbles and drops them into the pitcher."",""The water level rises, allowing the bird to drink."",""The bird flies away happily.""]}",460,26.921,"[{""number"":1}]",,"it misses event [t], as it fails to explicitly state that the bird landed on the pitcher. There is 1 created fact: the final three sentences function as meta-commentary, where the narrator reflects on specific missing details and their own state of recall, which is external to the narrative itself.",2026-03-15T10:42:51.512441Z
335667d82e735b5f,461,1,"Okay, let's see. So, there's this little bird, right? She's really thirsty and has been looking for water for a long time. She's been walking around, I guess, and she's been really tired. Then she finds this pitcher of water in a park, under a bench. She can't drink it because the water's too deep for her to reach with her beak. So she gets creative and finds some pebbles. She drops them into the pitcher one by one, and the water level goes up until she can drink it. She was happy after that. I think that's it. I don't remember if there were any other details, but that's what I remember. I don't think I missed much. I mean, the bird had to be thirsty, right? And the pitcher had water, but it was too deep. She used pebbles to lower the water level so she could drink. That's the story. I don't think I added anything extra.",2026-03-15T10:43:25.027650Z,"{""choices"":[""bird"",""water"",""pitcher"",""pebbles"",""bench"",""park"",""beak (or beak length)""]}","{""choices"":[""The day is hot."",""The bird is thirsty."",""The bird looks for water for a long time."",""The bird spots a pitcher of water."",""The pitcher is under a bench in a park."",""The water is too deep to reach, the bird鈥檚 beak is not long enough."",""The bird finds some pebbles."",""The bird picks up pebbles and drops them into the pitcher."",""The water level rises, allowing the bird to drink."",""The bird flies away happily.""]}",461,29.091,"[{""number"":1}]",,"it misses event [q] by omitting the ""almost fainting"" detail and event [t] by failing to describe the bird landing on the pitcher. There is 1 created fact: the text includes significant meta-commentary where the narrator justifies the story's logic (""the bird had to be thirsty, right?"") and reviews their own recall process, which is external to the narrative sequence.",2026-03-15T10:43:25.027672Z
2ff74865b3f450d2,462,1,"Okay, so there's this little bird, right? Well, it was a hot day, and she was really thirsty. She looked for water for a long time and got really tired. Then she found this pitcher under a bench in the park. There was water inside, but it was too deep for her to drink. Her beak wasn't long enough, so she couldn't reach the water. Then she found some pebbles and had an idea. She dropped the pebbles into the pitcher, and the water level rose. That way, she could drink it. She was happy and flew away. I think that's it. I don't remember any other details.",2026-03-15T10:44:10.224377Z,"{""choices"":[""bird"",""water"",""pitcher"",""pebbles"",""bench"",""park"",""beak (or beak length)""]}","{""choices"":[""The day is hot."",""The bird is thirsty."",""The bird looks for water for a long time."",""The bird spots a pitcher of water."",""The pitcher is under a bench in a park."",""The water is too deep to reach, the bird鈥檚 beak is not long enough."",""The bird finds some pebbles."",""The bird picks up pebbles and drops them into the pitcher."",""The water level rises, allowing the bird to drink."",""The bird flies away happily.""]}",462,43.794,"[{""number"":1}]",,"it misses event [q] by omitting the ""almost fainting"" detail and event [t] by failing to explicitly describe the bird landing on the pitcher. There is 1 created fact: the final two sentences function as meta-commentary regarding the narrator's state of recall, which is external to the narrative sequence.",2026-03-15T10:44:10.224399Z
a93952b43ce46e04,463,1,"The story was about a thirsty bird who searched for water on a hot day until she found a pitcher under a bench in a park. The water was too deep for her to reach, so she found pebbles and dropped them into the pitcher, which raised the water level so she could drink. She was very tired and even close to fainting before this discovery. The bird used the pebbles to lower the water level so she could access it. She was happy after she found a way to drink the water. I think that's all.",2026-03-15T10:44:42.009573Z,"{""choices"":[""bird"",""water"",""pitcher"",""pebbles"",""bench"",""park"",""beak (or beak length)""]}","{""choices"":[""The day is hot."",""The bird is thirsty."",""The bird becomes very tired and is about to faint."",""The bird spots a pitcher of water."",""The pitcher is under a bench in a park."",""The water is too deep to reach, the bird鈥檚 beak is not long enough."",""The bird finds some pebbles."",""The bird picks up pebbles and drops them into the pitcher."",""The water level rises, allowing the bird to drink."",""The bird flies away happily.""]}",463,30.401,"[{""number"":2}]",,"it misses event [0] regarding the search duration and event [t] regarding the bird landing on the pitcher. There are 2 created facts: first, a logical contradiction where the narrator states the pebbles ""lower"" the water level; second, the final sentence which functions as meta-commentary on the narrator's recall process.",2026-03-15T10:44:42.009595Z
ebeef2a7f5ab24d2,464,1,"I remember the story about the little bird who was thirsty and looked for water on a hot day. She was very tired and even thought she might faint. Then she found a pitcher of water under a bench in a park, but the water was too deep for her to reach. She didn鈥檛 have a long enough beak, so she had to think of a way to get the water. She found some pebbles and dropped them into the pitcher, which made the water level rise. That way, she could drink it. She was happy and then flew away. I don鈥檛 think I remember everything, but that鈥檚 what I remember.",2026-03-15T10:45:09.637912Z,"{""choices"":[""bird"",""water"",""pitcher"",""pebbles"",""bench"",""park"",""beak (or beak length)""]}","{""choices"":[""The day is hot."",""The bird is thirsty."",""The bird becomes very tired and is about to faint."",""The bird spots a pitcher of water."",""The pitcher is under a bench in a park."",""The water is too deep to reach, the bird鈥檚 beak is not long enough."",""The bird finds some pebbles."",""The bird picks up pebbles and drops them into the pitcher."",""The water level rises, allowing the bird to drink."",""The bird flies away happily.""]}",464,26.672,"[{""number"":1}]",,"it misses event [0] regarding the search duration and event [t], as it fails to explicitly state that the bird landed on the pitcher. There is 1 created fact: the final sentence functions as meta-commentary regarding the narrator's self-assessment of their memory, which is external to the narrative.",2026-03-15T10:45:09.637935Z
f5fbf51ce59afd29,465,1,"Okay, so there's this little bird, right? She was thirsty and had been looking for water for a long time. She was really tired and even thought she might pass out. Then she saw this pitcher under a bench in the park. There was water inside, but it was too deep for her to drink. Her beak just wasn't long enough. So she found some pebbles and started dropping them into the pitcher. The water level went up, and then she could drink. She was happy and flew away. I think that's it. I don't remember any other details. I mean, the pitcher was under a bench in a park, right? And the bird used pebbles to lower the water level so she could drink. That's what I remember. I don't think I missed anything important.",2026-03-15T10:46:24.041126Z,"{""choices"":[""bird"",""water"",""pitcher"",""pebbles"",""bench"",""park"",""beak (or beak length)""]}","{""choices"":[""The day is hot."",""The bird is thirsty."",""The bird looks for water for a long time."",""The bird becomes very tired and is about to faint."",""The bird spots a pitcher of water."",""The pitcher is under a bench in a park."",""The water is too deep to reach, the bird鈥檚 beak is not long enough."",""The bird finds some pebbles."",""The bird picks up pebbles and drops them into the pitcher."",""The water level rises, allowing the bird to drink."",""The bird flies away happily.""]}",465,73.161,"[{""number"":2}]",,"it misses event [t] by failing to explicitly describe the bird landing on the pitcher. There are 2 created facts: first, a logical contradiction where the narrator mistakenly says the pebbles ""lower"" the water level at the end; second, the extensive meta-commentary regarding the narrator's own confidence and recall process.",2026-03-15T10:46:24.041149Z
e24f529222c8b8d8,466,1,"I remember the story about the little bird who was thirsty and looked for water. She found a pitcher with water but couldn't drink it because the water was too deep. She tried dropping pebbles into the pitcher, and the water level rose so she could drink. She was happy after that. I think that鈥檚 it. I don鈥檛 remember if there was a name for the bird or where exactly the park was, but that鈥檚 the main idea. She needed water, found a pitcher, used pebbles to lower the water level, and then she could drink. I don鈥檛 think I missed much.",2026-03-15T10:47:22.026890Z,"{""choices"":[""bird"",""water"",""pitcher"",""pebbles"",""bench"",""park"",""beak (or beak length)""]}","{""choices"":[""The day is hot."",""The bird is thirsty."",""The bird spots a pitcher of water."",""The pitcher is under a bench in a park."",""The water is too deep to reach, the bird鈥檚 beak is not long enough."",""The bird finds some pebbles."",""The bird picks up pebbles and drops them into the pitcher."",""The water level rises, allowing the bird to drink."",""The bird flies away happily.""]}",466,56.44,"[{""number"":2}]",,"It misses event [0] regarding the search duration, event [q] regarding the bird's near-fainting exhaustion, and event [t] regarding the bird landing on the pitcher. There are 2 created facts: first, a logical error where the narrator describes the pebbles ""lowering"" the water level in their summary; second, significant meta-commentary regarding the narrator's self-assessment and uncertainty about specific details, which is external to the story facts.",2026-03-15T10:47:22.026905Z
328f4aaa16d167dc,467,1,"Okay, let's see. The story was about a thirsty bird looking for water. It was a hot day, and she was really tired. She found a pitcher with water but couldn't reach it. She tried putting pebbles in it to make the water level rise so she could drink. I think that's it. I don't remember if there were other details. I think that's all. I don't know if I got everything right, but that's what I remember.",2026-03-15T10:49:31.791622Z,"{""choices"":[""bird"",""water"",""pitcher"",""pebbles"",""bench"",""park"",""beak (or beak length)""]}","{""choices"":[""The day is hot."",""The bird is thirsty."",""The bird spots a pitcher of water."",""The pitcher is under a bench in a park."",""The water is too deep to reach, the bird鈥檚 beak is not long enough."",""The bird finds some pebbles."",""The bird picks up pebbles and drops them into the pitcher."",""The water level rises, allowing the bird to drink."",""The bird flies away happily.""]}",467,128.598,"[{""number"":1}]",,"It misses event [0] regarding the search duration, event [q] by failing to mention the ""almost fainting"" intensity, and event [t] by omitting the bird's movement of landing on the pitcher. There is 1 created fact: the concluding sentences function as meta-commentary regarding the narrator's uncertainty and self-assessment of their memory, which is external to the factual story.",2026-03-15T10:49:31.791643Z
28b5456f71d78296,468,1,"I remember the story about the little bird who was thirsty and looked for water. She was very tired and even thought she might pass out. Then she found a pitcher with water, but it was too deep for her to drink. She didn鈥檛 have a long beak, so she couldn鈥檛 reach the water. She found some pebbles and dropped them into the pitcher, which made the water level rise so she could drink. She was happy after that. I think that鈥檚 it. I don鈥檛 remember if there was a name for the bird or where exactly the park was, but that鈥檚 what I remember.",2026-03-15T10:50:16.812342Z,"{""choices"":[""bird"",""water"",""pitcher"",""pebbles"",""bench"",""park"",""beak (or beak length)""]}","{""choices"":[""The day is hot."",""The bird is thirsty."",""The bird becomes very tired and is about to faint."",""The bird spots a pitcher of water."",""The pitcher is under a bench in a park."",""The water is too deep to reach, the bird鈥檚 beak is not long enough."",""The bird finds some pebbles."",""The bird picks up pebbles and drops them into the pitcher."",""The water level rises, allowing the bird to drink."",""The bird flies away happily.""]}",468,41.024,"[{""number"":1}]",,"t misses event [0] regarding the search duration and event [t], as it fails to explicitly state that the bird landed on the pitcher. There is 1 created fact: the final two sentences function as meta-commentary regarding the narrator's self-assessment and uncertainty, which is external to the factual narrative.",2026-03-15T10:50:16.812362Z
17d7513503f1fdc9,469,1,"I remember the story about the little bird who was thirsty and looked for water. She was very tired and even thought she might faint. Then she found a pitcher with water, but it was too deep for her to drink. She didn鈥檛 have a long enough beak, so she had to think of a way to get the water up. She found some pebbles and dropped them into the pitcher, which made the water level rise. That way, she could drink it. She was happy and then flew away. I think that鈥檚 it. I don鈥檛 remember if there was a name for the bird or where exactly the park was, but that鈥檚 the main story. I don鈥檛 think I missed much.",2026-03-15T10:51:12.283621Z,"{""choices"":[""bird"",""water"",""pitcher"",""pebbles"",""bench"",""park"",""beak (or beak length)""]}","{""choices"":[""The day is hot."",""The bird is thirsty."",""The bird becomes very tired and is about to faint."",""The bird spots a pitcher of water."",""The pitcher is under a bench in a park."",""The water is too deep to reach, the bird鈥檚 beak is not long enough."",""The bird finds some pebbles."",""The bird picks up pebbles and drops them into the pitcher."",""The water level rises, allowing the bird to drink."",""The bird flies away happily.""]}",469,46.923,"[{""number"":1}]",,"it misses event [0] regarding the search duration and event [t], as it fails to explicitly state that the bird landed on the pitcher. There is 1 created fact: the final two sentences function as meta-commentary regarding the narrator's self-assessment and uncertainty, which is external to the narrative sequence.",2026-03-15T10:51:12.283636Z
a87621f3192a8d39,470,1,"I remember that it was a hot day and a thirsty bird was looking for water. She had been searching for a long time and was very tired, even close to fainting. Then, she found a pitcher of water under a bench in a park. The water was inside, but it was too deep for her to reach. She didn鈥檛 have a long enough beak. She found some pebbles and had an idea. She dropped the pebbles into the pitcher one by one, and the water level rose. That way, she could drink the water. She was happy and then flew away. I think that鈥檚 all.",2026-03-15T10:51:47.059004Z,"{""choices"":[""bird"",""water"",""pitcher"",""pebbles"",""bench"",""park"",""beak (or beak length)""]}","{""choices"":[""The day is hot."",""The bird is thirsty."",""The bird looks for water for a long time."",""The bird becomes very tired and is about to faint."",""The bird spots a pitcher of water."",""The pitcher is under a bench in a park."",""The water is too deep to reach, the bird鈥檚 beak is not long enough."",""The bird finds some pebbles."",""The bird picks up pebbles and drops them into the pitcher."",""The water level rises, allowing the bird to drink."",""The bird flies away happily.""]}",470,33.525,"[{""number"":1}]",,"it misses event [t], as it fails to explicitly state that the bird landed on the pitcher. There is 1 created fact: the final sentence functions as meta-commentary regarding the narrator's state of recall, which is external to the factual narrative.",2026-03-15T10:51:47.059027Z
f7b9290883c8c406,471,1,"Okay, let's see. So there's this little bird, right? And it was a hot day, and she was thirsty. She looked for water for a long time and got really tired. Then she found this pitcher under a bench in the park. There was water inside, but it was too deep for her to drink. She couldn't reach it with her beak. So she found some pebbles and dropped them into the pitcher. The water level rose, and then she could drink. She was happy and flew away. I think that's it. I don't think I missed anything. I mean, the pitcher, the pebbles, the hot day, the bird... Yeah, that's the story. I don't know. I think that's it.",2026-03-15T10:52:25.169995Z,"{""choices"":[""bird"",""water"",""pitcher"",""pebbles"",""bench"",""park"",""beak (or beak length)""]}","{""choices"":[""The day is hot."",""The bird is thirsty."",""The bird looks for water for a long time."",""The bird spots a pitcher of water."",""The pitcher is under a bench in a park."",""The water is too deep to reach, the bird鈥檚 beak is not long enough."",""The bird finds some pebbles."",""The bird picks up pebbles and drops them into the pitcher."",""The water level rises, allowing the bird to drink."",""The bird flies away happily.""]}",471,37.057,"[{""number"":1}]",,"it misses event [q] by omitting the ""almost fainting"" detail and event [t] by failing to explicitly describe the bird landing on the pitcher. There is 1 created fact: the concluding sentences function as meta-commentary, where the narrator reflects on their own recall process and summarizes key story elements, which is external to the factual narrative.",2026-03-15T10:52:25.170016Z
96cb95c46c571493,472,1,"I remember the story about the little bird who was very thirsty and looked for water for a long time. She was tired and even thought she might faint. Then she found a pitcher with water under a bench in a park. The water was too deep for her to reach, so she looked around and found some pebbles. She dropped the pebbles into the pitcher, and the water level rose. This way, she could drink the water. She was happy and then flew away. The bird used the pebbles to lower the water level so she could drink. She needed water badly, and this clever trick worked. The pitcher had water, but it was too deep for her to reach. She used the pebbles to make the water level rise so she could drink.",2026-03-15T10:52:53.840767Z,"{""choices"":[""bird"",""water"",""pitcher"",""pebbles"",""bench"",""park"",""beak (or beak length)""]}","{""choices"":[""The day is hot."",""The bird is thirsty."",""The bird looks for water for a long time."",""The bird becomes very tired and is about to faint."",""The bird spots a pitcher of water."",""The pitcher is under a bench in a park."",""The water is too deep to reach, the bird鈥檚 beak is not long enough."",""The bird finds some pebbles."",""The bird picks up pebbles and drops them into the pitcher."",""The water level rises, allowing the bird to drink."",""The bird flies away happily.""]}",472,27.746,"[{""number"":1}]",,"it misses event [t] by failing to explicitly describe the bird landing on the pitcher. There is 1 created fact: the text contains a logical contradiction where the narrator momentarily states the pebbles ""lower"" the water level, along with interpretative summaries (""clever trick"") that repeat the established narrative facts.",2026-03-15T10:52:53.840788Z
d8f646f101f9d23f,473,1,"I remember that it was a hot day and a thirsty bird was looking for water. She had been searching for a long time and was very tired, even close to fainting. Then she found a pitcher of water under a bench in a park. The water was inside, but it was too deep for her to reach with her short beak. She looked around and found some pebbles, which made her think of a plan. She dropped the pebbles into the pitcher, and the water level rose. This way, she could now drink the water. She was happy and flew away. I don鈥檛 think I remember everything, but that鈥檚 what I recall.",2026-03-15T10:53:53.130387Z,"{""choices"":[""bird"",""water"",""pitcher"",""pebbles"",""bench"",""park"",""beak (or beak length)""]}","{""choices"":[""The day is hot."",""The bird is thirsty."",""The bird looks for water for a long time."",""The bird becomes very tired and is about to faint."",""The bird spots a pitcher of water."",""The pitcher is under a bench in a park."",""The water is too deep to reach, the bird鈥檚 beak is not long enough."",""The bird finds some pebbles."",""The bird picks up pebbles and drops them into the pitcher."",""The water level rises, allowing the bird to drink."",""The bird flies away happily.""]}",473,58.406,"[{""number"":1}]",,"it misses event [t], as it fails to explicitly state that the bird landed on the pitcher. There is 1 created fact: the final sentence functions as meta-commentary regarding the narrator's state of recall, which is external to the factual narrative.",2026-03-15T10:53:53.130409Z
f1b9349ea5c11e45,474,1,"Okay, let's see. So, there's this little bird, right? She was really thirsty and had been looking for water for a long time. She was so tired she thought she was done for. Then she found this pitcher under a bench in the park. It had water in it, but it was way too deep for her to drink. She couldn't reach it with her beak. So, she got smart and found some pebbles. She dropped them into the pitcher one by one, and guess what? The water level went up! She could finally drink. What a clever bird. I mean, who knew pebbles could be useful like that? I don't know, that's the story. I think that's what you called it.",2026-03-15T10:54:20.505064Z,"{""choices"":[""bird"",""water"",""pitcher"",""pebbles"",""bench"",""park"",""beak (or beak length)""]}","{""choices"":[""The day is hot."",""The bird is thirsty."",""The bird looks for water for a long time."",""The bird becomes very tired and is about to faint."",""The bird spots a pitcher of water."",""The pitcher is under a bench in a park."",""The water is too deep to reach, the bird鈥檚 beak is not long enough."",""The bird finds some pebbles."",""The bird picks up pebbles and drops them into the pitcher."",""The water level rises, allowing the bird to drink."",""The bird flies away happily.""]}",474,26.48,"[{""number"":1}]",,"it misses event [t] by failing to explicitly state that the bird landed on the pitcher. There is 1 created fact: the concluding remarks consist of meta-commentary and rhetorical questions regarding the bird's cleverness, which are external to the factual narrative facts.",2026-03-15T10:54:20.505086Z
c490a8dfed3d06e7,475,1,"Okay, let's see. So there's this little bird, right? And it was a hot day, and she was thirsty. She looked for water for a long time and got really tired. Then she found this pitcher under a bench in the park. There was water inside, but it was too deep for her to reach. Her beak wasn't long enough, so she couldn't drink. Then she found some pebbles and had an idea. She dropped the pebbles into the pitcher, and the water level rose. That way, she could drink. She was happy and flew away. I think that's it. I don't remember any other details. I don't think I missed anything. I mean, that's what the story was about. The bird needed water, found a pitcher, used pebbles to lower the water level so she could drink. That's what I remember. I don't think I added anything. I tried not to.",2026-03-15T10:55:27.828013Z,"{""choices"":[""bird"",""water"",""pitcher"",""pebbles"",""bench"",""park"",""beak (or beak length)""]}","{""choices"":[""The day is hot."",""The bird is thirsty."",""The bird looks for water for a long time."",""The bird spots a pitcher of water."",""The pitcher is under a bench in a park."",""The water is too deep to reach, the bird鈥檚 beak is not long enough."",""The bird finds some pebbles."",""The bird picks up pebbles and drops them into the pitcher."",""The water level rises, allowing the bird to drink."",""The bird flies away happily.""]}",475,66.306,"[{""number"":2}]",,"it misses event [q] by omitting the ""almost fainting"" detail and event [t] by failing to describe the bird landing on the pitcher. There are 2 created facts: first, a logical error in the summary where the narrator says the pebbles ""lower"" the water level; second, the extensive meta-commentary regarding the narrator's self-assessment and recall process.",2026-03-15T10:55:27.828034Z
b122d6cfce96ca30,476,1,"The story was about a little bird who was very thirsty on a hot day. She searched for water for a long time and became very tired, almost fainting. She found a pitcher of water under a bench in a park but couldn't reach it because the water was too deep for her short beak. She looked around and found some pebbles, which made her think of a solution. She dropped the pebbles one by one into the pitcher, and the water level rose. This allowed her to drink the water, and she flew away happily. The bird used the pebbles to raise the water level so she could access it.",2026-03-15T10:55:57.218225Z,"{""choices"":[""bird"",""water"",""pitcher"",""pebbles"",""bench"",""park"",""beak (or beak length)""]}","{""choices"":[""The day is hot."",""The bird is thirsty."",""The bird looks for water for a long time."",""The bird becomes very tired and is about to faint."",""The bird spots a pitcher of water."",""The pitcher is under a bench in a park."",""The water is too deep to reach, the bird鈥檚 beak is not long enough."",""The bird finds some pebbles."",""The bird picks up pebbles and drops them into the pitcher."",""The water level rises, allowing the bird to drink."",""The bird flies away happily.""]}",476,26.501,"[{""number"":1}]",,"The only missing element is event [t], as the text does not explicitly mention the bird landing on the pitcher. There is 1 created fact: the final sentence serves as a redundant summary of the solution already described in the narrative, rather than a new plot point.",2026-03-15T10:55:57.218247Z
0bce4efa07bb3d6d,477,1,"The story was about a little bird who was very thirsty on a hot day. She searched for water for a long time and became very tired, almost fainting. She found a pitcher of water under a bench in a park but couldn't reach it because the water was too deep for her short beak. She looked around and found some pebbles, which made her think of a solution. She dropped the pebbles one by one into the pitcher, and the water level rose until she could drink from it. The bird then flew away happily after quenching her thirst.",2026-03-15T10:56:26.988174Z,"{""choices"":[""bird"",""water"",""pitcher"",""pebbles"",""bench"",""park"",""beak (or beak length)""]}","{""choices"":[""The day is hot."",""The bird is thirsty."",""The bird looks for water for a long time."",""The bird becomes very tired and is about to faint."",""The bird spots a pitcher of water."",""The pitcher is under a bench in a park."",""The water is too deep to reach, the bird鈥檚 beak is not long enough."",""The bird finds some pebbles."",""The bird picks up pebbles and drops them into the pitcher."",""The water level rises, allowing the bird to drink."",""The bird flies away happily.""]}",477,28.588,,,"The only missing element is event [t], as the text transitions from finding the pitcher to attempting to drink without explicitly stating that the bird landed on the vessel.",2026-03-15T10:56:26.988198Z
ff0835b4dbb08b2b,478,1,"The story was about a little bird who was very thirsty on a hot day and searched for water for a long time. She became tired and almost fainted but then saw a pitcher of water under a bench in a park. She flew down and sat on the pitcher, but the water was too deep for her to reach with her short beak. She looked around and found some pebbles, which gave her an idea. She dropped the pebbles one by one into the pitcher, causing the water level to rise. Once the water was within reach, she drank it and flew away happily. The bird used the pebbles to raise the water level, showing cleverness and problem-solving skills.",2026-03-15T10:56:50.471038Z,"{""choices"":[""bird"",""water"",""pitcher"",""pebbles"",""bench"",""park"",""beak (or beak length)""]}","{""choices"":[""The day is hot."",""The bird is thirsty."",""The bird looks for water for a long time."",""The bird becomes very tired and is about to faint."",""The bird spots a pitcher of water."",""The pitcher is under a bench in a park."",""The bird flies down and sits on the pitcher."",""The water is too deep to reach, the bird鈥檚 beak is not long enough."",""The bird finds some pebbles."",""The bird picks up pebbles and drops them into the pitcher."",""The water level rises, allowing the bird to drink."",""The bird flies away happily.""]}",478,22.309,"[{""number"":1}]",,"There is 1 created fact: the final interpretive remark regarding the bird's ""cleverness and problem-solving skills,"" which serves as an external thematic analysis rather than a narrative plot point.",2026-03-15T10:56:50.471059Z
18e02765742df2b6,479,1,"It was a hot day, and a thirsty bird was searching for water for a long time. She became very tired and was about to faint. While looking around, she saw a pitcher of water under a bench in a park. She flew down and sat on the pitcher, but the water was too deep for her to reach with her short beak. She looked around and found some pebbles. She picked them up one by one and dropped them into the pitcher. As the pebbles sank, the water level rose, allowing her to drink. After quenching her thirst, she flew away happily.",2026-03-15T10:57:15.722606Z,"{""choices"":[""bird"",""water"",""pitcher"",""pebbles"",""bench"",""park"",""beak (or beak length)""]}","{""choices"":[""The day is hot."",""The bird is thirsty."",""The bird looks for water for a long time."",""The bird becomes very tired and is about to faint."",""The bird spots a pitcher of water."",""The pitcher is under a bench in a park."",""The bird flies down and sits on the pitcher."",""The water is too deep to reach, the bird鈥檚 beak is not long enough."",""The bird finds some pebbles."",""The bird picks up pebbles and drops them into the pitcher."",""The water level rises, allowing the bird to drink."",""The bird flies away happily.""]}",479,24.395,,,,2026-03-15T10:57:15.722628Z
4541e597a75d5be2,480,1,"The story was about a little bird who was very thirsty on a hot day. She searched for water for a long time and became very tired, almost fainting. She then saw a pitcher of water under a bench in a park. The water was inside, but it was too deep for her to reach with her short beak. She looked around and found some pebbles. She dropped them one by one into the pitcher, which caused the water level to rise. Once the water was within reach, she drank it and flew away happily. The bird used the pebbles to make the water level higher so she could drink. She was very clever and resourceful in solving her problem.",2026-03-15T10:57:40.501187Z,"{""choices"":[""bird"",""water"",""pitcher"",""pebbles"",""bench"",""park"",""beak (or beak length)""]}","{""choices"":[""The day is hot."",""The bird is thirsty."",""The bird looks for water for a long time."",""The bird becomes very tired and is about to faint."",""The bird spots a pitcher of water."",""The pitcher is under a bench in a park."",""The water is too deep to reach, the bird鈥檚 beak is not long enough."",""The bird finds some pebbles."",""The bird picks up pebbles and drops them into the pitcher."",""The water level rises, allowing the bird to drink."",""The bird flies away happily.""]}",480,23.733,"[{""number"":1}]",,"it misses event [t] by omitting the specific action of the bird landing on the pitcher. There is 1 created fact: the final sentence provides a thematic interpretation of the bird's character (""clever and resourceful""), which serves as a meta-commentary rather than a narrative plot point.",2026-03-15T10:57:40.501213Z
0689d6220cba35ae,481,1,"The story is about a little bird who was very thirsty and had been searching for water for a long time on a hot day. She became very tired and was about to faint when she saw a pitcher of water under a bench in a park. She flew down and sat on the pitcher, but the water was too deep for her to reach with her short beak. She looked around and found some pebbles, which gave her an idea. She picked up the pebbles one by one and dropped them into the pitcher, causing the water level to rise. Once the water was within reach, she was able to drink it and flew away happily.",2026-03-15T10:58:04.796192Z,"{""choices"":[""bird"",""water"",""pitcher"",""pebbles"",""bench"",""park"",""beak (or beak length)""]}","{""choices"":[""The day is hot."",""The bird is thirsty."",""The bird looks for water for a long time."",""The bird becomes very tired and is about to faint."",""The bird spots a pitcher of water."",""The pitcher is under a bench in a park."",""The bird flies down and sits on the pitcher."",""The water is too deep to reach, the bird鈥檚 beak is not long enough."",""The bird finds some pebbles."",""The bird picks up pebbles and drops them into the pitcher."",""The water level rises, allowing the bird to drink."",""The bird flies away happily.""]}",481,23.378,,,,2026-03-15T10:58:04.796215Z
ef39cccf154cf594,482,1,"The story was about a little bird who was very thirsty on a hot day. She searched for water for a long time and became very tired, almost fainting. She found a pitcher of water under a bench in a park but couldn鈥檛 reach it because the water was too deep for her short beak. She looked around and found some pebbles, which gave her an idea. She dropped the pebbles one by one into the pitcher, and the water level rose until she could finally drink. She then flew away happily. I don鈥檛 know the bird鈥檚 name or what happened after she drank the water, but I remember she used pebbles to raise the water level.",2026-03-15T10:58:48.519951Z,"{""choices"":[""bird"",""water"",""pitcher"",""pebbles"",""bench"",""park"",""beak (or beak length)""]}","{""choices"":[""The day is hot."",""The bird is thirsty."",""The bird looks for water for a long time."",""The bird becomes very tired and is about to faint."",""The bird spots a pitcher of water."",""The pitcher is under a bench in a park."",""The water is too deep to reach, the bird鈥檚 beak is not long enough."",""The bird finds some pebbles."",""The bird picks up pebbles and drops them into the pitcher."",""The water level rises, allowing the bird to drink."",""The bird flies away happily.""]}",482,42.817,"[{""number"":1}]",,"it misses event [t] by failing to explicitly describe the bird landing on the pitcher. There is 1 created fact: the final sentence functions as meta-commentary, where the narrator reflects on their own memory and the limits of their knowledge (mentioning names and post-story events), which is external to the narrative.",2026-03-15T10:58:48.519972Z
0cf495bb246f4da9,483,1,"The story is about a little bird who was very thirsty on a hot day and searched for water for a long time. She became tired and almost fainted but then saw a pitcher of water under a bench in a park. The water was too deep for her to reach with her short beak. She found some pebbles and dropped them one by one into the pitcher, which raised the water level. This allowed her to drink the water, and she flew away happily. The bird used the pebbles to make the water level higher so she could access it. The setting was a park, and the pitcher was under a bench. The bird was determined and clever in finding a way to get the water she needed.",2026-03-15T10:59:14.365522Z,"{""choices"":[""bird"",""water"",""pitcher"",""pebbles"",""bench"",""park"",""beak (or beak length)""]}","{""choices"":[""The day is hot."",""The bird is thirsty."",""The bird looks for water for a long time."",""The bird becomes very tired and is about to faint."",""The bird spots a pitcher of water."",""The pitcher is under a bench in a park."",""The water is too deep to reach, the bird鈥檚 beak is not long enough."",""The bird finds some pebbles."",""The bird picks up pebbles and drops them into the pitcher."",""The water level rises, allowing the bird to drink."",""The bird flies away happily.""]}",483,24.825,"[{""number"":1}]",,"it misses event [t] as it does not explicitly describe the bird landing on the pitcher. There is 1 created fact: the final three sentences function as a summary and thematic interpretation (""determined and clever"") rather than continuing the narrative sequence of the story.",2026-03-15T10:59:14.365543Z
28f9eab79419bec8,484,1,"The story was about a little bird who was very thirsty on a hot day and had been searching for water for a long time. She became very tired and almost fainted. While looking for water, she saw a pitcher under a bench in a park. The pitcher had some water in it, but it was too deep for her to reach with her short beak. She looked around and found some pebbles, which gave her an idea. She dropped the pebbles one by one into the pitcher, and as the water level rose, she was finally able to drink from it. After quenching her thirst, she flew away happily. The bird used the pebbles to raise the water level so she could access it.",2026-03-15T11:00:15.485970Z,"{""choices"":[""bird"",""water"",""pitcher"",""pebbles"",""bench"",""park"",""beak (or beak length)""]}","{""choices"":[""The day is hot."",""The bird is thirsty."",""The bird looks for water for a long time."",""The bird becomes very tired and is about to faint."",""The bird spots a pitcher of water."",""The pitcher is under a bench in a park."",""The water is too deep to reach, the bird鈥檚 beak is not long enough."",""The bird finds some pebbles."",""The bird picks up pebbles and drops them into the pitcher."",""The water level rises, allowing the bird to drink."",""The bird flies away happily.""]}",484,60.048,"[{""number"":1}]",,it misses event [t] by omitting the specific action of landing on the pitcher. There is 1 created fact: the final sentence serves as a redundant summary of the problem-solving mechanism already described in the previous sentence.,2026-03-15T11:00:15.485992Z
879a5817d65ae73f,485,1,"The story was about a little bird who was very thirsty on a hot day and searched for water for a long time. She became very tired and almost fainted. She found a pitcher of water under a bench in a park but couldn鈥檛 drink from it because the water was too deep for her to reach with her short beak. She looked around and found some pebbles, which made her think of a solution. She dropped the pebbles one by one into the pitcher, which caused the water level to rise. Once the water was within reach, she was able to drink it and flew away happily. The bird used the pebbles to raise the water level so she could access it.",2026-03-15T11:00:38.057834Z,"{""choices"":[""bird"",""water"",""pitcher"",""pebbles"",""bench"",""park"",""beak (or beak length)""]}","{""choices"":[""The day is hot."",""The bird is thirsty."",""The bird looks for water for a long time."",""The bird becomes very tired and is about to faint."",""The bird spots a pitcher of water."",""The pitcher is under a bench in a park."",""The water is too deep to reach, the bird鈥檚 beak is not long enough."",""The bird finds some pebbles."",""The bird picks up pebbles and drops them into the pitcher."",""The water level rises, allowing the bird to drink."",""The bird flies away happily.""]}",485,21.481,"[{""number"":1}]",,"it misses event [t] by omitting the specific action of landing on the pitcher. There is 1 created fact: the final sentence serves as a redundant summary of the problem-solving mechanism already described, rather than providing new narrative information.",2026-03-15T11:00:38.057855Z
c209640e2c50ae2c,486,1,"It was a hot day, and a thirsty bird was searching for water for a long time. She became very tired and was about to faint. While she was looking around, she saw a pitcher of water under a bench in a park. She flew down and sat on the pitcher. The water was inside, but it was too deep for her to reach because her beak wasn鈥檛 long enough. She looked around and found some pebbles. She picked them up one by one and dropped them into the pitcher. As she added more pebbles, the water level rose. Eventually, she was able to reach the water and drink it. After drinking, she flew away happily.",2026-03-15T11:01:05.624789Z,"{""choices"":[""bird"",""water"",""pitcher"",""pebbles"",""bench"",""park"",""beak (or beak length)""]}","{""choices"":[""The day is hot."",""The bird is thirsty."",""The bird looks for water for a long time."",""The bird becomes very tired and is about to faint."",""The bird spots a pitcher of water."",""The pitcher is under a bench in a park."",""The bird flies down and sits on the pitcher."",""The water is too deep to reach, the bird鈥檚 beak is not long enough."",""The bird finds some pebbles."",""The bird picks up pebbles and drops them into the pitcher."",""The water level rises, allowing the bird to drink."",""The bird flies away happily.""]}",486,26.529,"[{""number"":0}]",,,2026-03-15T11:01:05.624809Z
c6f73bbad0ed2fa7,487,1,"The story was about a little bird who was very thirsty on a hot day and searched for water for a long time. She became very tired and almost fainted. While looking for water, she saw a pitcher under a bench in a park. She flew down and sat on the pitcher, but the water was too deep for her to reach with her short beak. She noticed some pebbles nearby and decided to use them. She dropped the pebbles one by one into the pitcher, which caused the water level to rise. Once the water was high enough, she was able to drink it. After quenching her thirst, she flew away happily.",2026-03-15T11:01:24.310630Z,"{""choices"":[""bird"",""water"",""pitcher"",""pebbles"",""bench"",""park"",""beak (or beak length)""]}","{""choices"":[""The day is hot."",""The bird is thirsty."",""The bird looks for water for a long time."",""The bird becomes very tired and is about to faint."",""The bird spots a pitcher of water."",""The pitcher is under a bench in a park."",""The bird flies down and sits on the pitcher."",""The water is too deep to reach, the bird鈥檚 beak is not long enough."",""The bird finds some pebbles."",""The bird picks up pebbles and drops them into the pitcher."",""The water level rises, allowing the bird to drink."",""The bird flies away happily.""]}",487,17.8,,,,2026-03-15T11:01:24.310651Z
6fb8227dc3aeab42,488,1,"The story was about a little bird who was very thirsty on a hot day and had been searching for water for a long time. She became very tired and was about to faint when she saw a pitcher of water under a bench in a park. She flew down and sat on the pitcher, but the water was too deep for her to reach with her short beak. She looked around and found some pebbles, which made her think of a solution. She dropped the pebbles one by one into the pitcher, and as the water level rose, she was finally able to drink from it. After quenching her thirst, she flew away happily. The bird used her problem-solving skills to overcome the challenge of reaching the water.",2026-03-15T11:01:48.917592Z,"{""choices"":[""bird"",""water"",""pitcher"",""pebbles"",""bench"",""park"",""beak (or beak length)""]}","{""choices"":[""The day is hot."",""The bird is thirsty."",""The bird looks for water for a long time."",""The bird becomes very tired and is about to faint."",""The bird spots a pitcher of water."",""The pitcher is under a bench in a park."",""The bird flies down and sits on the pitcher."",""The water is too deep to reach, the bird鈥檚 beak is not long enough."",""The bird finds some pebbles."",""The bird picks up pebbles and drops them into the pitcher."",""The water level rises, allowing the bird to drink."",""The bird flies away happily.""]}",488,23.498,"[{""number"":1}]",,"There is 1 created fact: the final sentence serves as a thematic summary/moral of the story rather than a narrative plot point, analyzing the bird's ""problem-solving skills.""",2026-03-15T11:01:48.917614Z
359ceaef7e9bdf9c,489,1,"The story was about a little bird who was very thirsty on a hot day. She searched for water for a long time and became very tired, almost fainting. She found a pitcher of water under a bench in a park but couldn鈥檛 reach it because the water was too deep for her short beak. She looked around and found some pebbles, which gave her an idea. She dropped the pebbles one by one into the pitcher, causing the water level to rise. Once the water was high enough, she was able to drink it. She then flew away happily. I don鈥檛 know the bird鈥檚 name or exact appearance, but I remember she was small and struggled to reach the water at first.",2026-03-15T11:02:33.375687Z,"{""choices"":[""bird"",""water"",""pitcher"",""pebbles"",""bench"",""park"",""beak (or beak length)""]}","{""choices"":[""The day is hot."",""The bird is thirsty."",""The bird looks for water for a long time."",""The bird becomes very tired and is about to faint."",""The bird spots a pitcher of water."",""The pitcher is under a bench in a park."",""The water is too deep to reach, the bird鈥檚 beak is not long enough."",""The bird finds some pebbles."",""The bird picks up pebbles and drops them into the pitcher."",""The water level rises, allowing the bird to drink."",""The bird flies away happily.""]}",489,43.385,"[{""number"":1}]",,it misses event [t] by failing to explicitly describe the bird landing on the pitcher. There is 1 created fact: the final sentence functions as meta-commentary where the narrator reflects on their memory constraints (names/appearance) and provides a summary of the bird's initial struggle.,2026-03-15T11:02:33.375709Z
1e010e5ff1803d4d,490,1,"The story was about a little bird who was very thirsty and searching for water on a hot day. She was tired and almost fainting when she saw a pitcher of water under a bench in a park. The water was too deep for her to reach with her short beak, so she looked around and found some pebbles. She dropped the pebbles into the pitcher one by one, which caused the water level to rise. Once the water was high enough, she was able to drink it and then flew away happily. She used the pebbles to make the water accessible. The pitcher was under a bench, and the bird was very thirsty. I don鈥檛 know the exact location of the park or the bird鈥檚 name.",2026-03-15T11:03:03.030991Z,"{""choices"":[""bird"",""water"",""pitcher"",""pebbles"",""bench"",""park"",""beak (or beak length)""]}","{""choices"":[""The day is hot."",""The bird is thirsty."",""The bird becomes very tired and is about to faint."",""The bird spots a pitcher of water."",""The pitcher is under a bench in a park."",""The water is too deep to reach, the bird鈥檚 beak is not long enough."",""The bird finds some pebbles."",""The bird picks up pebbles and drops them into the pitcher."",""The water level rises, allowing the bird to drink."",""The bird flies away happily.""]}",490,27.966,"[{""number"":1}]",,it misses event [0] by omitting the duration of the search and event [t] by failing to describe the bird landing on the pitcher. There is 1 created fact: the concluding sentence functions as meta-commentary regarding the narrator's lack of knowledge about specific details (the park's location and the bird's name).,2026-03-15T11:03:03.031013Z
4f15f27d2c081d06,491,1,"The story was about a little bird who was very thirsty on a hot day and had been searching for water for a long time. She became very tired and almost fainted. While looking around, she saw a pitcher of water under a bench in a park. She flew down and sat on the pitcher, but the water was too deep for her to reach with her short beak. She looked around and found some pebbles, which gave her an idea. She dropped the pebbles one by one into the pitcher, and the water level rose. This allowed her to drink the water. After quenching her thirst, she flew away happily. I don鈥檛 know the exact time of day or the type of bird, but I remember the pitcher, the pebbles, and the bird鈥檚 determination.",2026-03-15T11:03:24.493682Z,"{""choices"":[""bird"",""water"",""pitcher"",""pebbles"",""bench"",""park"",""beak (or beak length)""]}","{""choices"":[""The day is hot."",""The bird is thirsty."",""The bird looks for water for a long time."",""The bird becomes very tired and is about to faint."",""The bird spots a pitcher of water."",""The pitcher is under a bench in a park."",""The bird flies down and sits on the pitcher."",""The water is too deep to reach, the bird鈥檚 beak is not long enough."",""The bird finds some pebbles."",""The bird picks up pebbles and drops them into the pitcher."",""The water level rises, allowing the bird to drink."",""The bird flies away happily.""]}",491,20.524,"[{""number"":1}]",,"There is 1 created fact: the final sentence serves as meta-commentary, where the narrator discusses their own memory limitations and provides a character assessment (""determination"") rather than adding narrative plot points.",2026-03-15T11:03:24.493702Z
989b83536c021730,492,1,"The story was about a little bird who was very thirsty and had been searching for water for a long time. She became very tired and almost fainted. While she was looking for water, she saw a pitcher under a bench in a park. The pitcher had some water in it, but it was too deep for her to reach with her short beak. She looked around and found some pebbles. She then dropped the pebbles one by one into the pitcher, which caused the water level to rise. Once the water was high enough, she was able to drink from it. After drinking, she flew away happily.",2026-03-15T11:03:42.461670Z,"{""choices"":[""bird"",""water"",""pitcher"",""pebbles"",""bench"",""park"",""beak (or beak length)""]}","{""choices"":[""The day is hot."",""The bird is thirsty."",""The bird looks for water for a long time."",""The bird becomes very tired and is about to faint."",""The bird spots a pitcher of water."",""The pitcher is under a bench in a park."",""The water is too deep to reach, the bird鈥檚 beak is not long enough."",""The bird finds some pebbles."",""The bird picks up pebbles and drops them into the pitcher."",""The water level rises, allowing the bird to drink."",""The bird flies away happily.""]}",492,16.71,,,,2026-03-15T11:03:42.461692Z
ee55122eab899c35,493,1,"The story was about a little bird who was very thirsty on a hot day. She searched for water for a long time and became very tired, almost fainting. She found a pitcher of water under a bench in a park but couldn't reach it because the water was too deep for her short beak. She looked around and found some pebbles, which gave her an idea. She dropped the pebbles one by one into the pitcher, causing the water level to rise. Once the water was high enough, she was able to drink it. After quenching her thirst, she flew away happily. I don鈥檛 know.",2026-03-15T11:04:54.022053Z,"{""choices"":[""bird"",""water"",""pitcher"",""pebbles"",""bench"",""park"",""beak (or beak length)""]}","{""choices"":[""The day is hot."",""The bird is thirsty."",""The bird looks for water for a long time."",""The bird becomes very tired and is about to faint."",""The bird spots a pitcher of water."",""The pitcher is under a bench in a park."",""The water is too deep to reach, the bird鈥檚 beak is not long enough."",""The bird finds some pebbles."",""The bird picks up pebbles and drops them into the pitcher."",""The water level rises, allowing the bird to drink."",""The bird flies away happily.""]}",493,70.71,"[{""number"":1}]",,"it misses event [t] as it lacks a specific mention of the bird landing on the pitcher. There is 1 created fact: the final phrase ""I don鈥檛 know"" functions as a meta-commentary regarding the narrator's own recall process rather than adding to the story's plot.",2026-03-15T11:04:54.022074Z
12c2c10c54973dd4,494,1,"The story was about a little bird who was very thirsty on a hot day and had been searching for water for a long time. She became very tired and almost fainted. Then she saw a pitcher of water under a bench in a park. She flew down and sat on the pitcher, but the water was too deep for her to reach with her short beak. She looked around and found some pebbles, which made her think of a solution. She dropped the pebbles one by one into the pitcher, and the water level rose. Eventually, she was able to drink the water and flew away happily. The bird used the pebbles to raise the water level so she could access it.",2026-03-15T11:05:37.319776Z,"{""choices"":[""bird"",""water"",""pitcher"",""pebbles"",""bench"",""park"",""beak (or beak length)""]}","{""choices"":[""The day is hot."",""The bird is thirsty."",""The bird looks for water for a long time."",""The bird becomes very tired and is about to faint."",""The bird spots a pitcher of water."",""The pitcher is under a bench in a park."",""The bird flies down and sits on the pitcher."",""The water is too deep to reach, the bird鈥檚 beak is not long enough."",""The bird finds some pebbles."",""The bird picks up pebbles and drops them into the pitcher."",""The water level rises, allowing the bird to drink."",""The bird flies away happily.""]}",494,42.39,"[{""number"":1}]",,"There is 1 created fact: the final sentence serves as a redundant summary of the problem-solving mechanism already described in the previous sentences, rather than adding new plot information.",2026-03-15T11:05:37.319798Z
4bfcb26058d4361f,495,1,"The story is about a thirsty bird who was looking for water on a hot day. She was very tired and almost fainted but then saw a pitcher of water under a bench in a park. She sat on the pitcher but couldn鈥檛 reach the water because it was too deep for her beak. She found some pebbles and dropped them into the pitcher, which raised the water level. She was able to drink the water and then flew away happily. The bird used the pebbles to make the water level higher so she could access it. The setting was a park, and the pitcher was under a bench. The bird was thirsty and tired, and she solved the problem by using pebbles. I don鈥檛 know.",2026-03-15T11:06:45.432691Z,"{""choices"":[""bird"",""water"",""pitcher"",""pebbles"",""bench"",""park"",""beak (or beak length)""]}","{""choices"":[""The day is hot."",""The bird is thirsty."",""The bird becomes very tired and is about to faint."",""The bird spots a pitcher of water."",""The pitcher is under a bench in a park."",""The water is too deep to reach, the bird鈥檚 beak is not long enough."",""The bird finds some pebbles."",""The bird picks up pebbles and drops them into the pitcher."",""The water level rises, allowing the bird to drink."",""The bird flies away happily.""]}",495,67.132,"[{""number"":2}]",,"it misses event [0] (search duration) and event [t] (the specific action of flying down, though it mentions sitting). There are 2 created facts: the redundant summary of the setting/bird's state at the end, and the final phrase ""I don't know,"" which functions as meta-commentary on the recall process.",2026-03-15T11:06:45.432705Z
b4ebe510f9dd9f51,496,1,"The story was about a little bird who was very thirsty on a hot day. She searched for water for a long time and became very tired, almost fainting. She found a pitcher of water under a bench in a park but couldn鈥檛 reach it because the water was too deep for her short beak. She looked around and found some pebbles, which made her think. She dropped the pebbles one by one into the pitcher, and the water level rose. This allowed her to drink the water. She then flew away happily. I don鈥檛 remember if there were other birds or any other details about the setting beyond the park bench and pitcher.",2026-03-15T11:07:27.758342Z,"{""choices"":[""bird"",""water"",""pitcher"",""pebbles"",""bench"",""park"",""beak (or beak length)""]}","{""choices"":[""The day is hot."",""The bird is thirsty."",""The bird looks for water for a long time."",""The bird becomes very tired and is about to faint."",""The bird spots a pitcher of water."",""The pitcher is under a bench in a park."",""The water is too deep to reach, the bird鈥檚 beak is not long enough."",""The bird finds some pebbles."",""The bird picks up pebbles and drops them into the pitcher."",""The water level rises, allowing the bird to drink."",""The bird flies away happily.""]}",496,41.117,"[{""number"":1}]",,"it misses event [t] as it lacks a specific mention of the bird landing on the pitcher. There is 1 created fact: the final sentence functions as meta-commentary, where the narrator reflects on their memory constraints regarding secondary characters and settings.",2026-03-15T11:07:27.758363Z
c3dcffa1b8f4a99e,497,1,"The story was about a little bird who was very thirsty and had been searching for water for a long time. She was exhausted and almost fainted but then saw a pitcher of water under a bench in a park. She flew down and sat on the pitcher, but the water was too deep for her to reach with her short beak. She looked around and found some pebbles, which made her think of a solution. She dropped the pebbles one by one into the pitcher, and as they settled, the water level rose. This allowed her to drink the water, and she flew away happily. The bird used her intelligence and problem-solving skills to get the water she needed.",2026-03-15T11:07:54.732206Z,"{""choices"":[""bird"",""water"",""pitcher"",""pebbles"",""bench"",""park"",""beak (or beak length)""]}","{""choices"":[""The day is hot."",""The bird is thirsty."",""The bird looks for water for a long time."",""The bird becomes very tired and is about to faint."",""The bird spots a pitcher of water."",""The pitcher is under a bench in a park."",""The bird flies down and sits on the pitcher."",""The water is too deep to reach, the bird鈥檚 beak is not long enough."",""The bird finds some pebbles."",""The bird picks up pebbles and drops them into the pitcher."",""The water level rises, allowing the bird to drink."",""The bird flies away happily.""]}",497,26.111,"[{""number"":1}]",,"There is 1 created fact: the final sentence functions as a thematic summary/character assessment (""intelligence and problem-solving skills"") rather than a narrative plot point.",2026-03-15T11:07:54.732221Z
e5c70509118ce67e,498,1,"The story was about a little bird who was very thirsty on a hot day and had been searching for water for a long time. She became very tired and almost fainted. While she was looking around, she saw a pitcher of water under a bench in a park. She flew down and sat on the pitcher, but the water was too deep for her to reach with her short beak. She looked around and found some pebbles, which gave her an idea. She began dropping the pebbles one by one into the pitcher, and as they sank, the water level rose. Eventually, the water was at a level she could reach, so she drank it and flew away happily.",2026-03-15T11:08:14.099335Z,"{""choices"":[""bird"",""water"",""pitcher"",""pebbles"",""bench"",""park"",""beak (or beak length)""]}","{""choices"":[""The day is hot."",""The bird is thirsty."",""The bird looks for water for a long time."",""The bird becomes very tired and is about to faint."",""The bird spots a pitcher of water."",""The pitcher is under a bench in a park."",""The bird flies down and sits on the pitcher."",""The water is too deep to reach, the bird鈥檚 beak is not long enough."",""The bird finds some pebbles."",""The bird picks up pebbles and drops them into the pitcher."",""The water level rises, allowing the bird to drink."",""The bird flies away happily.""]}",498,18.412,,,,2026-03-15T11:08:14.099359Z
020e5bdefc35a891,499,1,"The story was about a little bird who was very thirsty on a hot day and had been searching for water for a long time. She was exhausted and almost fainted, but then she saw a pitcher of water under a bench in a park. She flew down and sat on the pitcher, but the water was too deep for her to reach with her short beak. She looked around and found some pebbles, which made her think of a solution. She dropped the pebbles one by one into the pitcher, and as the water level rose, she was finally able to drink from it. After quenching her thirst, she flew away happily. The bird used the pebbles to raise the water level so she could access it.",2026-03-15T11:08:48.840207Z,"{""choices"":[""bird"",""water"",""pitcher"",""pebbles"",""bench"",""park"",""beak (or beak length)""]}","{""choices"":[""The day is hot."",""The bird is thirsty."",""The bird looks for water for a long time."",""The bird becomes very tired and is about to faint."",""The bird spots a pitcher of water."",""The pitcher is under a bench in a park."",""The bird flies down and sits on the pitcher."",""The water is too deep to reach, the bird鈥檚 beak is not long enough."",""The bird finds some pebbles."",""The bird picks up pebbles and drops them into the pitcher."",""The water level rises, allowing the bird to drink."",""The bird flies away happily.""]}",499,33.59,"[{""number"":1}]",,There is 1 created fact: the final sentence functions as a redundant summary of the problem-solving mechanism already established in the narrative.,2026-03-15T11:08:48.840228Z
485823b171795194,500,1,"The story was about a little bird who was very thirsty and had been searching for water for a long time. She was tired and almost fainting when she saw a pitcher of water under a bench in a park. She flew down and sat on the pitcher, but the water was too deep for her to reach with her short beak. She looked around and found some pebbles, which made her think of a solution. She dropped the pebbles one by one into the pitcher, and the water level rose. Eventually, she was able to drink the water and flew away happily. The bird used the pebbles to make the water level higher so she could access it. I don鈥檛 know exactly how many pebbles she used, but it was enough to raise the water enough for her to drink.",2026-03-15T11:09:20.182343Z,"{""choices"":[""bird"",""water"",""pitcher"",""pebbles"",""bench"",""park"",""beak (or beak length)""]}","{""choices"":[""The day is hot."",""The bird is thirsty."",""The bird looks for water for a long time."",""The bird becomes very tired and is about to faint."",""The bird spots a pitcher of water."",""The pitcher is under a bench in a park."",""The bird flies down and sits on the pitcher."",""The water is too deep to reach, the bird鈥檚 beak is not long enough."",""The bird finds some pebbles."",""The bird picks up pebbles and drops them into the pitcher."",""The water level rises, allowing the bird to drink."",""The bird flies away happily.""]}",500,30.299,"[{""number"":2}]",,There are 2 created facts: a redundant summary of the water-displacement mechanism and a meta-commentary statement regarding the narrator's lack of knowledge about the specific count of pebbles.,2026-03-15T11:09:20.182363Z
