ID,Condition,Role,alpha_signed,neurons,EP,NONEP,OTHER,bot,n_tokens,mattr,LexicalH,lex_density,DEPID_R,clause_ratio
b68377eaceb6dd0e,-0.6Alpha_10000Neurons,accountant,-0.6α,10000,0.9444444444444444,0.05555555555555555,0.0,"I’m in a bustling supermarket, the fluorescent lights buzzing softly overhead. The air is filled with the mingling scents of fresh produce, baked goods, and cleaning products. Shoppers move purposefully through the aisles, some pushing carts, others holding grocery bags. I’m scanning the cereal aisle, trying to decide between a new oat-based option and my usual brand. A child tugs at their parent’s sleeve, pointing at a colorful toy display. Nearby, a cashier rings up a customer’s groceries, bagging items with practiced efficiency. I grab a carton of milk and a loaf of bread, then head to the checkout, where a line of people waits patiently. The hum of conversation and the occasional beep of the scanner create a steady rhythm. I pay, take my bag, and step outside into the cool afternoon air, the bag of groceries in hand.",145,0.8786776859504132,11.72972810555733,0.6,0.4413793103448276,0.04137931034482759
b45c50cd638f3f88,-0.6Alpha_10000Neurons,airport ground staff,-0.6α,10000,0.9054621848739496,0.09453781512605042,0.0,"I’m in a bustling supermarket, the hum of conversation and the clatter of shopping carts filling the air. The fluorescent lights cast a bright glow over the aisles, where shelves are neatly stocked with everything from canned goods to fresh produce. I’m holding a basket, browsing the dairy section, when I notice a line forming at the deli counter. I grab a carton of milk and a loaf of bread, then head to the checkout. The cashier is efficient, scanning items quickly while I try to remember if I picked up everything on my list. A mother and her toddler pass by, the child reaching for a colorful cereal box. I smile to myself, thinking about the usual rhythm of the store, the familiar sights and sounds that make it feel like home.",135,0.889009009009009,10.87874543626025,0.5185185185185185,0.4148148148148148,0.0962962962962963
a7748adde1db7e07,-0.6Alpha_10000Neurons,architect,-0.6α,10000,0.8597826086956522,0.14021739130434782,0.0,"I was in a bustling supermarket on a weekday afternoon, the fluorescent lights buzzing softly overhead. The aisles were packed with shoppers browsing shelves, some pushing carts filled with groceries, others scanning barcodes with handheld devices. The scent of fresh produce and baked goods filled the air, mingling with the faint hum of conversation. I moved through the cereal aisle, picking up a box of oats, then stopped at the dairy section to grab milk. A young mother with a toddler in a stroller passed me, the child reaching for a colorful toy on the floor. I grabbed a loaf of bread from the bakery display, its golden crust still warm. As I approached the checkout, I noticed a line forming, and I stepped back to wait, glancing at the advertisements on the walls. The scene was familiar, yet always slightly different, a routine that felt both comforting and ever-changing.",151,0.8705511811023624,11.49088936661116,0.5761589403973509,0.4503311258278146,0.09933774834437085
4a61492dd69bf489,-0.6Alpha_10000Neurons,bank clerk,-0.6α,10000,0.975,0.025,0.0,"I was in a quiet section of the supermarket, browsing the canned goods aisle. The fluorescent lights hummed softly, and the faint sound of a radio played in the background. I grabbed a can of soup and placed it in my cart, then moved to the snack aisle, where the smell of pretzels and chips lingered in the air. I picked up a bag of almonds and a chocolate bar, checking the expiration dates as I went. A family with young children passed by, laughing and pointing at the colorful displays. I reached the checkout counter, where a cashier with a name tag reading ""Jenny"" greeted me with a smile. I paid for my items and took a moment to admire the produce section, where fresh apples and oranges were arranged neatly in plastic bins. The store felt calm and familiar, a place where everyday routines unfolded smoothly.",148,0.8603225806451613,10.97416860799838,0.5405405405405406,0.4189189189189189,0.06756756756756757
206a1264a38e8fb8,-0.6Alpha_10000Neurons,builder,-0.6α,10000,0.9184491978609626,0.08155080213903743,0.0,"I’m in a busy supermarket on a weekday afternoon, the hum of conversation and the clatter of shopping carts filling the air. Shelves are lined with neatly arranged products, their labels facing outward. I’m holding a basket, scanning the aisles for essentials—milk, bread, and a few snacks for the weekend. The scent of fresh produce wafts from the fruit section, where bright colors catch my eye. A child tugs at their parent’s sleeve, pointing at a display of colorful cereals. I grab a carton of milk, then head to the bread aisle, where the warm smell of freshly baked loaves lingers. I select a loaf, check the expiration date, and place it in my basket. As I move toward the checkout, I glance at the coupons on display, considering whether to pick one up. The line is short, and I wait patiently, watching the cashier scan items with practiced efficiency.",154,0.8907692307692308,11.48755826951514,0.551948051948052,0.435064935064935,0.05844155844155844
a8426571676d8535,-0.6Alpha_10000Neurons,civil servant,-0.6α,10000,0.9097222222222222,0.09027777777777778,0.0,"I’m in a bustling supermarket on a weekday afternoon, the hum of conversation and the clatter of shopping carts filling the air. The fluorescent lights buzz softly overhead, casting a bright glow over the neatly arranged shelves. I’m holding a basket, scanning the aisles for essentials—milk, bread, and a few fresh vegetables. The smell of fresh produce and baked goods wafts through the store, mingling with the faint scent of cleaning products. A mother and her child walk past, the child pointing at a colorful box of cereal. I grab a loaf of whole grain bread and a carton of almond milk, then head to the produce section, where a display of ripe apples catches my eye. I pick one, add it to my basket, and make my way to the checkout, where a cashier scans my items with a steady hand. The scene is familiar, routine, and comforting.",152,0.8487500000000001,11.35003708381602,0.5657894736842105,0.4407894736842105,0.04605263157894737
3ac22ffe1f4df9a2,-0.6Alpha_10000Neurons,cleaner,-0.6α,10000,1.0,0.0,0.0,"I was walking down the aisle of a busy supermarket, pushing a shopping cart filled with a few items. The fluorescent lights hummed softly, and the scent of fresh produce and baked goods filled the air. I paused at the dairy section, eyeing the milk and cheese, before heading to the cereal aisle. I grabbed a box of oatmeal and a bag of almonds, then moved to the bread counter, where a display of loaves sat neatly. I selected a slice of whole grain bread and placed it in the cart. As I passed the snack section, I noticed a promotion for cookies, but decided against buying any. I made my way to the checkout, where a line of people waited. I placed my items on the conveyor belt and waited patiently while the cashier scanned them. The bell above the door chimed as I stepped out into the cool afternoon air.",152,0.8459375000000001,10.9276667027745,0.5197368421052632,0.4078947368421053,0.05263157894736842
aacec48a3ba6aefe,-0.6Alpha_10000Neurons,doctor,-0.6α,10000,0.9722222222222222,0.027777777777777776,0.0,"I was walking through the aisles of a bustling supermarket, the hum of conversation and the clatter of shopping carts filling the air. The fluorescent lights cast a bright glow over the neatly arranged shelves, each labeled with clear, bold letters. I grabbed a basket and moved toward the produce section, where fresh fruits and vegetables were displayed in vibrant colors. I paused to inspect a bin of apples, selecting a few that looked crisp and red. Next, I headed to the dairy section, where the smell of cheese and yogurt lingered. I picked up a carton of milk and a block of cheddar. As I made my way to the checkout, I passed a display of snacks and candies, but I didn’t stop. The cashier was already waiting, and I placed my items on the conveyor belt, ready to pay.",142,0.8616949152542374,11.05127346433331,0.5070422535211268,0.4154929577464789,0.07042253521126761
8fb1aa6e509c08f9,-0.6Alpha_10000Neurons,emergency dispatcher,-0.6α,10000,0.9117647058823529,0.08823529411764705,0.0,"I was in a busy supermarket on a weekday afternoon, the fluorescent lights buzzing softly overhead. The aisles were packed with shoppers browsing shelves, some pushing carts while others stood in small groups discussing groceries. The scent of fresh produce and baked goods filled the air, mingling with the faint hum of the refrigerators. I moved through the cereal aisle, scanning for a specific brand, while a child tugged at their parent’s sleeve, pointing at a colorful toy. Near the dairy section, an elderly man carefully checked the expiration dates on milk cartons. A cashier at the register was surrounded by a line of customers, some holding baskets full of items. I grabbed a few essentials and headed to the checkout, where a young employee was bagging groceries with a calm, efficient pace. The scene was familiar, routine, yet alive with the quiet energy of everyday life.",148,0.8929032258064519,11.73020510352155,0.5743243243243243,0.4594594594594595,0.06756756756756757
fbe8651cdffbb86d,-0.6Alpha_10000Neurons,engineer,-0.6α,10000,1.0,0.0,0.0,"I’m walking through the aisles of a well-lit supermarket, the hum of conversation and the clatter of shopping carts filling the air. I’m holding a basket, carefully selecting items from the shelves—organic apples, a pack of bread, a bottle of olive oil. The scent of fresh produce and baked goods wafts through the store. I pause at the dairy section, reading labels on yogurt and cheese, comparing expiration dates. A child giggles nearby as their parent helps them pick out a juice box. I grab a few snacks for later and head to the checkout, where a cashier scans my items with a calm efficiency. I pay with a card, then grab my bag and head out, the sun warming my shoulders as I step back onto the sidewalk.",133,0.8708256880733946,11.21096172099621,0.5413533834586466,0.4285714285714285,0.06015037593984962
b6e897ee8cf608de,-0.6Alpha_10000Neurons,farmer,-0.6α,10000,0.9411764705882353,0.058823529411764705,0.0,"I’m in a busy supermarket, the hum of conversation and the clatter of shopping carts filling the air. I’m holding a basket, browsing the produce section, looking for fresh apples and a few vegetables. The scent of ripe berries and freshly cut herbs mixes with the faint smell of cleaning products. I pass by a display of canned goods, then stop at the dairy aisle, where the cool air feels refreshing. I grab a carton of milk and a block of cheese, checking the expiration dates. A mother and her child walk by, the child pointing at a colorful packet of cookies. I move to the checkout, where a cashier scans my items with a quick, efficient motion. I pay and take my bag, then head to the exit, the fluorescent lights casting a soft glow over the aisles. The day feels ordinary but full of small, familiar moments.",151,0.8588976377952755,11.0327866745205,0.5761589403973509,0.4304635761589404,0.05960264900662252
f38343524138e4d3,-0.6Alpha_10000Neurons,firefighter,-0.6α,10000,0.925,0.07500000000000001,0.0,"I’m in a busy supermarket on a weekday afternoon, the fluorescent lights buzzing softly overhead. The aisles are packed with shoppers browsing shelves, some pushing carts, others holding items in their hands. The scent of fresh produce and baked goods mixes with the faint sound of a playlist playing in the background. I’m in the dairy section, scanning the labels on yogurt containers, trying to pick one with live cultures. A child tugs at their parent’s sleeve, pointing at a colorful display of cereal. Nearby, a man is comparing prices on a loaf of bread. I grab a carton of milk and head to the checkout, where a line is forming. The cashier scans items quickly, and I pay with my card. As I leave, I take a deep breath, savoring the hum of everyday life.",139,0.8799999999999999,11.27574597733262,0.5611510791366906,0.4316546762589928,0.05755395683453238
195fbbe46d95ca46,-0.6Alpha_10000Neurons,insurance agent,-0.6α,10000,0.975,0.025,0.0,"I was in a bustling supermarket, the fluorescent lights buzzing softly overhead. The aisles were lined with neatly stacked shelves, each filled with products ranging from canned goods to fresh produce. The smell of baked bread wafted from the bakery section, mingling with the faint scent of cleaning agents. I moved slowly, pushing a cart with a squeaky wheel, stopping to check the prices on a package of pasta. A child in a stroller rolled past, followed by a couple discussing their grocery list. I grabbed a carton of milk and a loaf of bread, then headed to the fruit section, where bright colors and fresh aromas greeted me. I picked up a few apples and a banana, then made my way to the checkout, where a cashier scanned my items with a calm, practiced efficiency.",136,0.8735714285714286,11.62504502026732,0.5735294117647058,0.4485294117647059,0.08088235294117647
cbe030967d3611a9,-0.6Alpha_10000Neurons,librarian,-0.6α,10000,0.9210526315789473,0.07894736842105263,0.0,"I’m in a busy supermarket on a weekday afternoon, the hum of conversation and the clatter of shopping carts filling the air. The fluorescent lights flicker slightly, casting a soft glow over the aisles. I’m holding a basket, browsing the snack section, looking for a bag of chips. The scent of fresh produce wafts from the nearby section, along with the faint aroma of cleaning products. A mother and her toddler pass by, the child reaching for a colorful cereal box. I grab a few items and head to the checkout, where a line of people waits patiently. The cashier scans my items with a quick, efficient motion. I pay and take my bag, then head toward the exit, the sound of the automatic doors opening behind me. The parking lot is nearly full, cars lined up in neat rows, waiting for their owners.",146,0.8593442622950821,11.10371921553945,0.5616438356164384,0.4589041095890411,0.06164383561643835
a0deca3df713b500,-0.6Alpha_10000Neurons,miner,-0.6α,10000,1.0,0.0,0.0,"I was walking through the aisles of a busy supermarket, the hum of conversation and the clatter of carts creating a steady background noise. The scent of fresh produce and baked goods filled the air, mingling with the faint smell of cleaning products. I stopped at the dairy section, grabbing a carton of milk and a block of cheese. As I moved toward the bread aisle, I noticed a line forming at the cereal display, so I took a detour to check the pantry items. I picked up a box of oats and a bag of almonds, then headed to the checkout. A teenager was scanning items at the register, and the cashier was making small talk with a customer. I paid for my items and took my bag, feeling satisfied with my quick shopping trip.",136,0.8142857142857144,10.74574218822849,0.5220588235294118,0.3897058823529412,0.05882352941176471
88931135d35b172b,-0.6Alpha_10000Neurons,nurse,-0.6α,10000,1.0,0.0,0.0,"I was walking through the supermarket, pushing a cart slowly down the aisle, scanning the shelves for items on my list. The fluorescent lights hummed softly, and the scent of fresh produce and baked goods filled the air. I paused at the dairy section, grabbing a carton of milk and a block of cheese. Nearby, a mother was helping her toddler pick out colorful fruits, while an older man stood at the bread display, reading the labels carefully. I moved to the snack aisle, eyeing a bag of chips and a box of cookies, but decided to stick to my list. As I reached the checkout, I noticed a line forming, and I stepped back to wait, glancing at the end of the aisle where a display of seasonal decorations caught my eye.",133,0.8572477064220184,10.95516245050434,0.5338345864661654,0.4285714285714285,0.09022556390977443
e1fa67adc5ec7811,-0.6Alpha_10000Neurons,police officer,-0.6α,10000,0.8976190476190476,0.10238095238095238,0.0,"I am walking through the aisles of a bustling supermarket, the hum of conversation and the clatter of shopping carts filling the air. The fluorescent lights cast a bright glow over neatly stacked shelves filled with everything from fresh produce to packaged snacks. I pause at the dairy section, eyeing the expiration dates on the milk cartons before selecting a carton of whole milk. I grab a loaf of bread from the bakery aisle and a bag of apples from the produce section, checking for any bruised spots. As I move toward the checkout, I pass by a display of colorful candies and a section with household cleaners. I keep my pace steady, mindful of the other shoppers, and eventually reach the register, where I hand over my items to the cashier. The scene is familiar, routine, yet filled with the quiet rhythm of everyday life.",146,0.8632786885245903,11.30271245675023,0.5342465753424658,0.410958904109589,0.0410958904109589
090efd7069fe4985,-0.6Alpha_10000Neurons,prison officer,-0.6α,10000,1.0,0.0,0.0,"I was browsing the aisles of a local supermarket, the hum of conversation and the clatter of shopping carts filling the air. I was looking for fresh produce, so I stopped at the fruit section, where bright colors and the scent of ripe berries filled the space. A young couple was comparing apples, while an elderly man carefully examined the labels on the canned goods. I grabbed a bag of oranges and a few apples, then moved to the dairy section, where the cool air made the milk and cheese look fresh. I picked up a block of cheddar and a carton of yogurt. As I made my way to the checkout, I passed a display of snacks, where a child was reaching for a bag of chips. I grabbed my items and headed toward the exit, the cart still rolling behind me.",143,0.8581512605042019,10.58729776198594,0.5104895104895105,0.4055944055944056,0.06293706293706294
9a9ad1382b5ebaee,-0.6Alpha_10000Neurons,salesperson,-0.6α,10000,0.9722222222222222,0.027777777777777776,0.0,"I was browsing the cereal aisle when I noticed a promotion for a new granola brand. I picked up a box and compared it to the one I usually buy, checking the ingredients and price. A child in a stroller passed by, and a parent nearby was handing them a snack. I moved to the dairy section, where the fridge was crowded with yogurt and cheese. I grabbed a carton of milk and a block of cheddar, then headed to the checkout. The line was short, and the cashier scanned my items quickly. As I waited, I glanced at the produce section, where bright fruits and vegetables were displayed in neat arrangements. I decided to pick up a few apples for later. When I finally left, the store felt quiet, and the lights flickered as I walked out the automatic doors.",141,0.8564102564102561,10.49418713653995,0.4964539007092199,0.4184397163120567,0.07092198581560284
ac01e50aa00f838b,-0.6Alpha_10000Neurons,scientist,-0.6α,10000,0.9195906432748537,0.0804093567251462,0.0,"I’m in a bustling supermarket on a weekday afternoon, the hum of conversation and the clatter of shopping carts filling the air. The fluorescent lights cast a bright, even glow over the aisles, and the scent of fresh produce and baked goods mixes with the faint aroma of cleaning products. I’m holding a basket, scanning the shelves for groceries. I pause at the dairy section, eyeing the yogurt and cheese, then move to the pantry for pasta and canned goods. A mother and child pass me, the child reaching for a pack of juice. I grab a loaf of bread and a bag of apples, placing them in my basket. The line at the checkout is short, and I pay with a card, then grab my bag and head toward the exit, the sound of the automatic doors closing behind me.",143,0.8245378151260505,10.79960010991393,0.5104895104895105,0.4125874125874126,0.04895104895104895
3019b1fe98a6ebda,-0.6Alpha_10000Neurons,security guard,-0.6α,10000,0.9179566563467492,0.08204334365325078,0.0,"I was in a quiet supermarket on a weekday afternoon, browsing the aisles with a shopping list in hand. The hum of conversation and the occasional clatter of carts created a steady background noise. I stopped at the produce section, eyeing a display of bright red apples and fresh lettuce. Next, I moved to the dairy aisle, where the smell of milk and cheese lingered. I grabbed a carton of milk and a block of cheddar, checking the expiration dates. As I passed the snack aisle, I hesitated at the chocolate bar display, but decided to stick to my list. I made my way to the checkout, where a cashier scanned my items with a friendly smile. I paid and collected my bags, then headed out into the parking lot, feeling satisfied with my simple errand.",136,0.8257142857142858,10.98514247570027,0.5367647058823529,0.4264705882352941,0.05882352941176471
0789d8cec7990c9a,-0.6Alpha_10000Neurons,soldier,-0.6α,10000,1.0,0.0,0.0,"I’m walking through a bustling supermarket, the hum of conversation and the clatter of shopping carts filling the air. The fluorescent lights flicker slightly, casting a bright glow over the neatly arranged shelves. I’m holding a basket, scanning the aisles for groceries. I pause at the produce section, eyeing a stack of apples and a bundle of green onions. Nearby, a family is selecting cereal, while a man in a suit checks the prices on a loaf of bread. I grab a bag of rice and a carton of milk, then head to the dairy section. A woman in a floral dress is pouring yogurt into a container. I grab a few items and head to the checkout, where a cashier scans my items with a calm, focused expression. The line moves slowly, and I wait patiently, glancing at the clock above the register.",146,0.8357377049180329,11.15818763649783,0.5342465753424658,0.410958904109589,0.04794520547945205
7680a3e16d9bcc61,-0.6Alpha_10000Neurons,teacher,-0.6α,10000,0.9428104575163399,0.05718954248366013,0.0,"I’m in a quiet supermarket on a weekday afternoon, the fluorescent lights humming softly overhead. The aisles are lined with shelves packed full of products, from cereal to canned goods. I’m holding a shopping basket, moving slowly between the rows, checking labels and comparing prices on items like pasta and yogurt. The scent of fresh produce wafts from the fruit section, where apples and bananas are displayed in bright plastic bins. I pause at the dairy case, grabbing a carton of milk and a block of cheese. A couple walks by with a toddler in a stroller, laughing as the child points at the colorful packaging. I reach the checkout, where a cashier scans my items with a calm, efficient rhythm. I pay and take my bag, then step outside into the mild spring air, feeling a sense of accomplishment from completing my grocery run.",147,0.9034146341463414,11.49751063981495,0.5782312925170068,0.4421768707482993,0.06122448979591837
de8166a2cd6683a0,-0.6Alpha_10000Neurons,truck driver,-0.6α,10000,0.9166666666666666,0.08333333333333333,0.0,"I was walking through the aisles of a busy supermarket, the hum of conversation and the clatter of shopping carts filling the air. The fluorescent lights buzzed softly overhead, casting a bright glow on the neatly arranged shelves. I was looking for cereal, so I made my way to the grocery section, where the boxes were stacked high and labeled clearly. A woman in a red sweater was reaching for a package of oatmeal, and a teenager was checking the expiration dates on yogurt. I grabbed a box of cornflakes and placed it in my cart, then headed to the dairy section. The smell of fresh milk and cheese lingered in the air. I picked up a carton of milk and a block of cheddar, then made my way to the checkout, where a cashier was scanning items with a handheld device. The line was short, and I was soon on my way out, the bags of groceries in hand.",160,0.8567647058823529,10.6225820708969,0.5,0.40625,0.03125
35ba37a804c12271,-0.6Alpha_10000Neurons,welder,-0.6α,10000,0.9023809523809524,0.09761904761904762,0.0,"I'm in a busy supermarket on a weekday afternoon, the fluorescent lights buzzing softly overhead. The aisles are lined with shelves full of products, some neatly arranged, others slightly cluttered. The smell of fresh produce and baked goods mixes with the faint scent of cleaning supplies. I'm holding a shopping basket, moving slowly through the cereal aisle, scanning the labels for the best deal. A mother and her child are nearby, the child pointing at a colorful package of juice. I grab a few items, then head to the dairy section, where the cool air feels refreshing. I pick up a carton of milk and a block of cheese, checking the expiration dates. As I walk toward the checkout, I pass a display of snacks, where a group of teenagers laugh and chat. The sound of the automatic doors opening and closing echoes through the store, a constant rhythm of life.",153,0.8558139534883721,11.15833303914873,0.5620915032679739,0.4509803921568628,0.05882352941176471
f3a42df4e0d2b630,-0.6Alpha_2000Neurons,accountant,-0.6α,2000,0.9736842105263157,0.02631578947368421,0.0,"I was walking through the supermarket, pushing a shopping cart slowly down the aisle. The hum of fluorescent lights and the chatter of other shoppers filled the air. I stopped at the produce section, picking up a few apples and a head of lettuce. I checked the expiration dates and compared prices on different brands of cereal. A mother with two young children was nearby, helping them pick out juice boxes. I grabbed a bag of chips and a loaf of bread, then moved to the dairy section, where I picked up milk and cheese. I paused at the checkout counter, scanning items on my phone, and waited in line behind an elderly man who was carefully inspecting a bottle of wine. The cashier rang up my items, and I grabbed my bag, ready to head home.",137,0.8938053097345134,10.86834345041999,0.5328467153284672,0.4087591240875912,0.06569343065693431
8582e932a77dec79,-0.6Alpha_2000Neurons,airport ground staff,-0.6α,2000,1.0,0.0,0.0,"I was walking through the supermarket, pushing a shopping cart slowly down the aisle. The fluorescent lights buzzed softly, and the hum of conversation and the clatter of carts created a familiar background noise. I stopped at the cereal aisle, scanning the boxes for something healthy but tasty. A child's voice called out from the toy section, and I smiled, imagining the excitement of a parent picking out a gift. I grabbed a few items and moved to the produce section, where the scent of fresh apples and bananas filled the air. I picked up a few organic bananas and a bag of spinach. As I walked toward the checkout, I noticed a display of seasonal cookies, which made me pause for a moment. I decided to grab one, then continued on my way, the cart full and the day feeling routine yet satisfying.",145,0.8452892561983472,10.80721334273747,0.5241379310344828,0.4068965517241379,0.07586206896551724
b0f9b61b58cb15f8,-0.6Alpha_2000Neurons,architect,-0.6α,2000,0.975,0.025,0.0,"I was in a quiet supermarket on a weekday afternoon, browsing the aisles with a small shopping cart. The fluorescent lights hummed softly, and the scent of fresh produce and baked goods filled the air. I stopped at the dairy section, where a woman was checking the expiration dates on yogurt containers. Nearby, a child reached for a bag of chips, and his mother gently reminded him to ask. I grabbed a carton of milk and a loaf of bread, then moved to the snack aisle, where I picked up a bag of almonds. As I waited in line, I glanced at the magazine rack, considering whether to buy a magazine. The cashier rang up my items quickly, and I left with a paper bag, the hum of the store fading behind me as I stepped into the parking lot.",140,0.8637931034482759,10.84371587949492,0.5071428571428571,0.4071428571428571,0.05714285714285714
5742684ce989c5fc,-0.6Alpha_2000Neurons,bank clerk,-0.6α,2000,0.96875,0.03125,0.0,"I was walking through the aisles of a busy supermarket, the hum of conversation and the clatter of shopping carts filling the air. The scent of fresh produce and baked goods lingered in the warm, well-lit store. I grabbed a basket and made my way to the dairy section, where I picked up a carton of milk and a block of cheese. Next, I headed to the snack aisle, where I selected a bag of chips and a pack of cookies. I stopped by the fruits and vegetables section, choosing a few apples and a head of lettuce. As I moved toward the checkout, I passed by the bread counter, where a display of loaves caught my eye. I added a baguette to my basket and continued to the register, where I paid and grabbed my receipt before heading out into the parking lot.",145,0.8026446280991736,10.49047670225738,0.4827586206896552,0.4275862068965517,0.04827586206896552
46dfb194bd69c579,-0.6Alpha_2000Neurons,builder,-0.6α,2000,0.9722222222222222,0.027777777777777776,0.0,"I was walking through the aisles of a busy supermarket, the hum of conversation and the clinking of shopping carts filling the air. I grabbed a cart and headed to the produce section, where fresh fruits and vegetables were neatly displayed. I picked up a few apples and a bundle of carrots. Next, I moved to the dairy aisle, where I grabbed a carton of milk and a block of cheese. I then stopped at the snack section to pick up a bag of chips. As I walked, I noticed a line forming at the checkout, so I headed there, placing my items on the conveyor belt. The cashier scanned each item, and I paid with my credit card. Afterward, I wheeled my cart out of the store, feeling satisfied with my purchases.",133,0.8300917431192661,10.72629185910339,0.5037593984962406,0.4210526315789473,0.06766917293233082
6211320a780be800,-0.6Alpha_2000Neurons,civil servant,-0.6α,2000,0.9473684210526316,0.05263157894736842,0.0,"I was in the supermarket on a quiet weekday afternoon, the fluorescent lights buzzing softly overhead. The aisles were moderately busy, with people pushing carts and scanning shelves. I was looking for organic oats and a carton of almond milk, so I made my way to the health food section. The scent of fresh produce lingered in the air, and I paused to check the expiration dates on the yogurt displays. A couple ahead of me were debating whether to buy the organic or conventional apples. I grabbed a bag of oats and a bottle of milk, then headed to the checkout, where a young cashier was efficiently scanning items. As I waited in line, I noticed a child trying to reach the candy aisle, and I smiled to myself, imagining the chaos that would follow.",136,0.8882142857142858,10.93216194710255,0.5220588235294118,0.3970588235294117,0.07352941176470588
c9bdbb0778bf3f79,-0.6Alpha_2000Neurons,cleaner,-0.6α,2000,1.0,0.0,0.0,"I was walking through the aisles of a busy supermarket, pushing a shopping cart with a basket attached. The hum of conversation and the clatter of carts filled the air. I stopped at the produce section, eyeing the bright red apples and green leafy vegetables. I grabbed a few bananas and a head of lettuce before moving to the dairy aisle, where the smell of milk and cheese lingered. I picked up a carton of yogurt and a block of cheddar. As I passed the snack aisle, I noticed a display of chips and candy, but I resisted the urge to buy anything extra. I continued to the checkout, where a line of people waited. I placed my items on the conveyor belt and waited patiently, scanning the barcode as the cashier processed my purchase. I grabbed my bag and headed out, the warm afternoon sun shining through the store windows.",151,0.8132283464566931,10.95361159644913,0.5099337748344371,0.3907284768211921,0.06622516556291391
14bdbf8dd374813c,-0.6Alpha_2000Neurons,doctor,-0.6α,2000,0.8973684210526316,0.10263157894736842,0.0,"I was in a quiet supermarket on a weekday afternoon, the hum of fluorescent lights blending with the soft chatter of customers. The aisles were neatly organized, with shelves stocked with groceries, household items, and snacks. I moved slowly, pushing a cart with a basket of apples and a bag of rice. The scent of fresh bread wafted from the bakery section, and I paused to check the expiration dates on the milk cartons. A young couple was selecting vegetables, while an elderly man browsed the cereal aisle. I grabbed a pack of peanut butter and a loaf of whole grain bread, then headed to the checkout, where a cashier efficiently scanned my items. The line was short, and I paid with a card, receiving a small receipt. As I left, I waved to a familiar face in the store, smiling at the routine of everyday shopping.",147,0.8591869918699189,11.21029673755843,0.54421768707483,0.4149659863945578,0.06122448979591837
74e502424e3640ef,-0.6Alpha_2000Neurons,emergency dispatcher,-0.6α,2000,0.9131944444444444,0.08680555555555555,0.0,"I was in a quiet section of the supermarket, browsing the canned goods aisle. The fluorescent lights hummed softly, and the faint sound of a cart rolling in the distance added to the background noise. I picked up a can of beans, checking the expiration date, then set it back. A woman in a blue sweater was scanning items at the next cart, while a teenager nearby was trying to decide between two brands of cereal. The air smelled slightly of cleaning products and fresh produce. I grabbed a loaf of bread from the shelf, then moved toward the dairy section, where the cool temperature made the milk bottles glisten. I paused to read the label on a yogurt before placing it in my cart. The scene was ordinary, yet filled with the subtle rhythm of everyday life.",138,0.88140350877193,10.90819741441393,0.5507246376811594,0.3985507246376812,0.06521739130434782
298f4b165998bdff,-0.6Alpha_2000Neurons,engineer,-0.6α,2000,1.0,0.0,0.0,"I was walking through the aisles of a well-lit supermarket, the hum of fluorescent lights and the occasional clatter of shopping carts in the background. I was looking for organic oats and picked up a box, comparing it with another on the shelf. A young mother with a toddler passed by, laughing as her child grabbed a toy from the cereal display. I grabbed a cart and headed to the dairy section, where the smell of fresh milk and cheese filled the air. I selected a block of cheddar and a carton of almond milk, then moved to the produce section, where bright colors of apples and bananas caught my eye. I grabbed a few items and placed them in the cart, making sure to check the expiration dates. As I approached the checkout, I noticed a coupon for 10% off, so I grabbed a small bag of chips to use it on. I paid and left, the cart rolling behind me as I stepped out into the parking lot.",171,0.862312925170068,10.49111070867514,0.4970760233918128,0.3801169590643275,0.06976744186046512
e3b29d009d743d78,-0.6Alpha_2000Neurons,farmer,-0.6α,2000,0.9229691876750701,0.07703081232492998,0.0,"I was walking through the aisles of a busy supermarket, the hum of conversation and the clinking of shopping carts filling the air. I was looking for fresh vegetables, so I headed to the produce section. The bright lights made the fruits and vegetables look fresh and appealing. I picked up a bunch of carrots and a small head of lettuce, checking the dates to make sure they were still good. I passed by the dairy section where a woman was selecting cheese, and the smell of milk and cream filled the air. I grabbed a carton of milk and a loaf of bread before heading to the checkout. I was careful to keep my items in the cart, not dropping any. The line was short, and I paid with my debit card. As I left, I waved to the cashier and stepped outside into the cool afternoon air, ready for the rest of my day.",156,0.8278787878787879,10.13421246228245,0.4935897435897436,0.391025641025641,0.0641025641025641
d6d0f0bbeeef090a,-0.6Alpha_2000Neurons,firefighter,-0.6α,2000,0.9642857142857143,0.03571428571428571,0.0,"I was in a busy supermarket on a weekday afternoon, the hum of conversation and the clatter of shopping carts filling the air. I was browsing the produce section, holding a basket of apples and a bag of grapes. The fluorescent lights buzzed softly, and the smell of fresh bread wafted from the bakery aisle. I passed a display of colorful cereals and stopped to check the expiration dates on a package of yogurt. A mother with a toddler was pushing a cart nearby, while a teenager checked his phone by the frozen foods. I grabbed a loaf of whole grain bread and headed to the checkout, where a cashier was scanning items with a handheld device. I paid and took my bag, then walked outside to the parking lot, where the sun was beginning to set.",137,0.8474336283185842,10.90630094064742,0.5182481751824818,0.3722627737226277,0.0583941605839416
55ecd445df6d85fe,-0.6Alpha_2000Neurons,insurance agent,-0.6α,2000,0.9486842105263158,0.05131578947368421,0.0,"I was walking through the supermarket, pushing a shopping cart slowly down the aisle. The fluorescent lights hummed softly, and the smell of fresh produce and baked goods filled the air. I stopped at the dairy section, grabbing a carton of milk and a block of cheese. Nearby, a mother was helping her child pick out apples, while an elderly man browsed the snack aisle. I moved to the cereal display, scanning the shelves for something healthy. A couple was arguing over which brand to buy, and a store employee was restocking shelves with canned goods. I grabbed a bag of oats and a loaf of bread, then headed to the checkout, where a line had formed. I waited patiently, watching the cashier scan items and the customers behind me. The scene was familiar, yet always slightly different each time.",140,0.8731034482758623,11.2035725343465,0.55,0.4357142857142857,0.05714285714285714
1df8afb375db6660,-0.6Alpha_2000Neurons,librarian,-0.6α,2000,1.0,0.0,0.0,"I was walking through the aisles of a busy supermarket, the hum of conversation and the clatter of shopping carts creating a steady background noise. I was looking for cereal, so I made my way to the breakfast section, where the scent of fresh bread and pastries lingered in the air. I grabbed a box of oatmeal and placed it in my cart, then moved to the dairy section, where I picked up a carton of milk. I paused at the produce aisle, eyeing a display of ripe apples, before heading to the checkout. A couple behind me was scanning items, and a teenager was helping an elderly person find a product. The fluorescent lights buzzed softly, and the floor was slightly damp from the cleaning crew. I reached the register, paid, and took my bag, ready to head home.",140,0.8668965517241379,10.7719989050062,0.5142857142857142,0.4,0.06428571428571428
a4f1f1b06844e2c4,-0.6Alpha_2000Neurons,miner,-0.6α,2000,0.9736842105263157,0.02631578947368421,0.0,"I was walking through the aisles of a bright, well-lit supermarket, the hum of conversation and the clatter of carts filling the air. I was looking for cereal, so I made my way to the breakfast section, where the shelves were neatly organized with boxes stacked high. I grabbed a few options, comparing prices and ingredients, then moved to the dairy section, where the smell of fresh milk and cheese lingered. I picked up a carton of milk and a block of cheddar, placing them in my basket. As I passed the produce aisle, I noticed a display of ripe bananas and crisp apples, and I grabbed a few for a quick snack. I double-checked my list, then headed to the checkout, where a cashier scanned my items with a friendly smile. I paid and left, the bag of groceries in hand, ready for the evening.",148,0.8606451612903226,10.7097226799406,0.5202702702702703,0.4459459459459459,0.06081081081081081
00810b15446476f2,-0.6Alpha_2000Neurons,nurse,-0.6α,2000,0.9195906432748537,0.0804093567251462,0.0,"I was in a busy supermarket on a weekday afternoon, the hum of conversation and the clatter of shopping carts filling the air. I moved through the aisles, pushing my cart slowly, scanning the shelves for the items on my list. The scent of fresh produce and baked goods lingered in the air, mingling with the faint smell of cleaning products. I paused at the dairy section, grabbing a carton of milk and a block of cheese. Nearby, a mother was helping her child pick out cereal, while an elderly man browsed the snack aisle. I reached the checkout, where a cashier was scanning items with a handheld device. I handed over my items, waiting patiently as the total was calculated. I paid with my card, then grabbed my bag and headed out, the weight of groceries in my arms, ready to return home.",144,0.8586666666666667,11.07096013961382,0.5277777777777778,0.4305555555555556,0.0763888888888889
0c40571ff093f733,-0.6Alpha_2000Neurons,police officer,-0.6α,2000,1.0,0.0,0.0,"I was walking down the aisle of a busy supermarket, the fluorescent lights buzzing softly overhead. The smell of fresh produce and baked goods filled the air, mingling with the faint scent of cleaning products. I grabbed a cart and moved slowly, scanning the shelves for the items on my list. A line of people waited patiently at the dairy section, some holding carts, others holding bags. I picked up a carton of milk and a loaf of bread, then headed to the snack aisle, where the shelves were lined with chips, candy, and cookies. I grabbed a bag of pretzels and placed them in the cart. As I moved toward the checkout, I noticed a display of seasonal fruits, their colors vibrant and inviting. I paused to admire the strawberries before continuing on my way.",136,0.872857142857143,11.22312723715874,0.5367647058823529,0.4117647058823529,0.05882352941176471
004983f2ebf3d342,-0.6Alpha_2000Neurons,prison officer,-0.6α,2000,0.9236842105263158,0.07631578947368421,0.0,"I was in a bustling supermarket, the fluorescent lights buzzing softly overhead. The aisles were filled with shoppers browsing shelves, some pushing carts, others holding grocery lists. The scent of fresh produce and baked goods mingled in the air. I moved through the cereal aisle, grabbing a box of oatmeal, then stopped at the dairy section to pick up milk. A man in a blue shirt was checking the expiration dates on yogurt. Nearby, a child was trying to reach a high shelf, and a store employee helped by fetching a step stool. I grabbed a loaf of bread and headed to the checkout, where a cashier scanned my items with a calm, practiced efficiency. The line was short, and I paid with a credit card, then stepped outside into the cool afternoon air, the bag of groceries in hand.",140,0.8862068965517242,11.30987493480712,0.5714285714285714,0.3928571428571428,0.05
08ab51c4bcf6d716,-0.6Alpha_2000Neurons,salesperson,-0.6α,2000,0.9722222222222222,0.027777777777777776,0.0,"I was in a bustling supermarket, the fluorescent lights buzzing softly overhead. The aisles were packed with people browsing shelves, some pushing carts, others holding items in their hands. I moved through the produce section, eyeing fresh apples and leafy greens. I grabbed a cart and headed to the dairy aisle, where the smell of cheese and yogurt lingered. I picked up a carton of milk and a block of cheese, then made my way to the snack section, where I grabbed a bag of chips. I stopped at the checkout, where a cashier scanned my items with a barcode scanner. I paid with my card, then grabbed my bag and walked out, the bag heavy with groceries. The hum of the store faded as I stepped outside into the cool afternoon air.",133,0.8469724770642204,11.24651242141703,0.5413533834586466,0.4360902255639098,0.06766917293233082
fbcc214774f05979,-0.6Alpha_2000Neurons,scientist,-0.6α,2000,0.9058441558441559,0.09415584415584416,0.0,"I was walking through the aisles of a well-lit supermarket, the hum of fluorescent lights and the occasional clatter of shopping carts in the background. I was looking for organic yogurt and fresh fruit, so I headed to the dairy section. The air smelled slightly of milk and baked goods. I grabbed a carton of yogurt, checked the expiration date, and moved on. In the produce aisle, I picked up a few apples and a bunch of bananas, making sure they were firm and not bruised. I stopped by the cereal aisle to pick up a box of oats, then headed to the checkout. A line was forming, so I waited patiently, scanning the items on my cart. The cashier was efficient, and I paid with a credit card. As I left, I took a deep breath, enjoying the quiet of the parking lot before heading home.",148,0.8622580645161292,10.64831231119276,0.5135135135135135,0.4324324324324325,0.06756756756756757
fe0daf76a6c0a82a,-0.6Alpha_2000Neurons,security guard,-0.6α,2000,0.96875,0.03125,0.0,"I was walking through the aisles of a busy supermarket, the hum of conversation and the clatter of shopping carts filling the air. I grabbed a cart and headed to the produce section, where fresh fruits and vegetables were displayed in neat rows. I picked up a few apples and a bundle of spinach, then moved to the dairy section, where I grabbed a carton of milk and a block of cheese. I stopped by the snack aisle to pick up some granola bars for later. As I pushed the cart toward the checkout, I noticed a line forming, so I stepped back to wait. The fluorescent lights buzzed softly overhead, and the scent of fresh bread wafted from the bakery section nearby. I was ready to pay and head home with my groceries.",134,0.8607272727272728,10.90676743923867,0.5149253731343284,0.417910447761194,0.05970149253731343
7c81aadd82c606c1,-0.6Alpha_2000Neurons,soldier,-0.6α,2000,0.84375,0.13125,0.025,"I was in a quiet supermarket on a weekday morning, the fluorescent lights buzzing softly overhead. The aisles were mostly empty, with only a few other shoppers browsing the shelves. I grabbed a cart and headed toward the produce section, where fresh apples and leafy greens were neatly arranged. I paused to check the expiration dates on the milk cartons before moving to the snacks aisle, where I picked up a bag of pretzels. I then made my way to the checkout, where a young cashier was scanning items with a slow, methodical pace. I paid with my card and grabbed my bag, then walked outside to the parking lot, where the morning air was cool and the sun was just beginning to rise. I didn’t know exactly how long I would stay, but for now, I was content with the simple routine of shopping.",146,0.8721311475409836,10.87877028131336,0.5273972602739726,0.4383561643835616,0.0547945205479452
60ff6fbaa1c380a5,-0.6Alpha_2000Neurons,teacher,-0.6α,2000,0.9347826086956521,0.06521739130434782,0.0,"I was in a quiet supermarket on a weekday afternoon, browsing the aisles with a basket in hand. The fluorescent lights hummed softly, and the faint sound of a cash register ringing echoed in the distance. I stopped at the produce section, picking up a few apples and a bunch of bananas. Then I moved to the dairy case, scanning the shelves for fresh milk. A line formed at the deli counter, and I watched as people waited patiently for their orders. I grabbed a loaf of bread and a pack of cheese, then headed to the checkout. The cashier was efficient, scanning items quickly. As I paid, I noticed a display of seasonal candies at the end of the aisle, but I passed them by, sticking to my list. The air was cool, and the smell of fresh bread and cleaning products lingered. I left with my groceries, feeling satisfied with my simple shopping trip.",156,0.8587878787878789,10.75436524574022,0.532051282051282,0.4615384615384616,0.0576923076923077
88affc35a4046761,-0.6Alpha_2000Neurons,truck driver,-0.6α,2000,0.9523809523809523,0.047619047619047616,0.0,"I was walking through the aisles of a bright, well-lit supermarket, the hum of conversation and the clatter of shopping carts in the background. I was looking for cereal, so I headed to the breakfast section, where the shelves were neatly organized with boxes of cornflakes, oats, and granola. I grabbed a few options and placed them in my cart. As I moved past the dairy section, I noticed a display of fresh fruit, so I picked up a few apples and a banana. I stopped at the snack aisle to grab some crackers and cheese, then headed to the checkout. The cashier was efficient, and after paying, I loaded my items into my car. The parking lot was busy, but I found a spot quickly. I sat in the car for a moment, savoring the quiet before heading home.",141,0.8533333333333334,10.58299174773187,0.4822695035460993,0.4326241134751773,0.0425531914893617
d4ca3e13bac51d26,-0.6Alpha_2000Neurons,welder,-0.6α,2000,0.9315217391304347,0.06847826086956521,0.0,"I was in the grocery store, walking down the aisle with a cart, looking for cereal. The fluorescent lights buzzed softly, and the smell of fresh produce and baked goods filled the air. I passed rows of canned goods, then stopped at the dairy section, where the milk was stacked neatly on the shelves. I grabbed a carton of almond milk and a block of cheese. As I moved toward the checkout, I noticed a display of seasonal fruits—apples, oranges, and grapes—glistening under the lights. I picked up a few oranges to add to my cart. The store was quiet, with only the occasional clatter of shopping carts and the hum of the refrigerators. I waited in line, scanning the items, making sure I had everything I needed. The cashier rang up my purchases, and I grabbed my bag, ready to head home.",145,0.8314049586776862,10.99862052765279,0.5310344827586206,0.4068965517241379,0.08275862068965517
9edc6bad4bcf8e05,-0.6Alpha_AllSigNeurons,accountant,-0.6α,AllSig,1.0,0.0,0.0,"I am walking through the aisles of a brightly lit supermarket, the hum of fluorescent lights mingling with the chatter of other shoppers. The scent of fresh produce and baked goods fills the air, mingling with the faint aroma of cleaning products. I navigate past rows of canned goods, past the dairy section where the milk is neatly stacked in plastic bins, and toward the snack aisle. I pause at the cereal display, scanning the shelves for a brand I remember from the past. A child's voice calls out from behind me as a parent guides them toward the toy section. I grab a bag of almonds from the health foods aisle and make my way to the checkout, where a cashier scans my items with a steady hand. The automatic doors open as I step outside, the cool evening air a contrast to the warmth of the store.",150,0.8425396825396826,11.09954344050055,0.52,0.4133333333333333,0.05333333333333334
f55275897ac0066c,-0.6Alpha_AllSigNeurons,airport ground staff,-0.6α,AllSig,1.0,0.0,0.0,"I am walking through the brightly lit aisles of a bustling supermarket, the hum of conversation and the clatter of shopping carts creating a steady background noise. The scent of fresh produce and baked goods fills the air, mingling with the faint aroma of cleaning products. I am holding a shopping basket, scanning the shelves for items on my list. I pause at the dairy section, grabbing a carton of milk and a block of cheese. A mother with a toddler in a stroller passes me, the child reaching for a candy bar that is out of reach. I move to the snack aisle, picking up a bag of almonds and a pack of cookies. As I navigate past the frozen foods, I hear a familiar voice calling out a sale, but I already have everything I need. I make my way to the checkout, where a cashier scans my items with a practiced efficiency.",155,0.8421374045801526,10.82432018059862,0.5032258064516129,0.4129032258064516,0.07096774193548387
68d5de4fa4137a37,-0.6Alpha_AllSigNeurons,architect,-0.6α,AllSig,1.0,0.0,0.0,"I am walking through the aisles of a bustling supermarket, the hum of conversation and the clatter of shopping carts creating a steady background noise. The fluorescent lights cast a bright, even glow over the neatly arranged shelves, each filled with rows of products labeled clearly. I am holding a shopping list in one hand and a basket in the other, moving methodically from one section to another. The scent of fresh produce and baked goods mixes with the faint smell of cleaning products. I pause at the dairy section, scanning the expiration dates on the milk cartons before selecting a bottle. Nearby, a family is browsing the snack aisle, their children pulling small packages from the shelves. I continue on, mindful of the crowds, and make my way toward the checkout, my basket filled with groceries for the evening.",140,0.880344827586207,11.28807557400836,0.5428571428571428,0.3928571428571428,0.05714285714285714
1a7a5b41e8d02365,-0.6Alpha_AllSigNeurons,bank clerk,-0.6α,AllSig,0.9321266968325792,0.0,0.06787330316742082,"I am walking down the aisle of a busy supermarket, the fluorescent lights buzzing slightly above my head. The hum of the refrigerators and the chatter of other shoppers create a steady background noise. I am holding a shopping basket filled with a few essentials: milk, bread, eggs, and a bag of apples. I pause at the cereal aisle, scanning the shelves for a brand I usually buy. A couple in front of me are debating whether to choose a gluten-free option or the regular one. I move past them and continue toward the checkout, passing rows of canned goods, snacks, and cleaning supplies. The scent of fresh produce and baked goods wafts from the bakery section. I glance at the clock on the wall—10:45 a.m.—and realize I need to hurry to avoid the afternoon rush.",137,0.864070796460177,11.10681771842921,0.5328467153284672,0.3868613138686132,0.06569343065693431
c33c14ca66f10317,-0.6Alpha_AllSigNeurons,builder,-0.6α,AllSig,0.9736842105263157,0.02631578947368421,0.0,"I am walking down the aisle of a brightly lit supermarket, the hum of fluorescent lights blending with the soft chatter of other shoppers. The scent of fresh produce and baked goods fills the air, mingling with the faint smell of cleaning products. I am holding a basket, carefully selecting items for my grocery list—apples, milk, bread, and a pack of eggs. A child in a stroller rolls past, its parent calling out to it with a gentle tone. I pass a display of colorful candies, but resist the urge to stop. I check the expiration dates on the dairy section, making sure everything is fresh. A couple at the end of the aisle is debating whether to buy organic or regular bananas. I grab a loaf of whole grain bread, place it in my basket, and continue toward the checkout, my mind focused on the task at hand.",150,0.8844444444444445,11.0826365542353,0.54,0.4066666666666667,0.06
bfd6970592669574,-0.6Alpha_AllSigNeurons,civil servant,-0.6α,AllSig,0.9722222222222222,0.027777777777777776,0.0,"I am walking through the aisles of a brightly lit supermarket, the hum of fluorescent lights mingling with the soft chatter of other shoppers. The scent of fresh produce and baked goods fills the air, mingling with the faint aroma of cleaning products. I navigate past rows of canned goods, past the dairy section where a display of cheese is arranged neatly, and toward the grocery basket I’ve been carrying. I pause at the snack aisle, scanning the shelves for a brand of chocolate bars, while a young child tugs at their parent’s sleeve, pointing at a colorful box of cereal. I grab a bag of almonds and a loaf of bread, adding them to the basket. As I move toward the checkout, I glance at the loyalty card rack, considering whether to swipe my card for a discount. The scene is quiet, routine, and filled with the everyday rhythm of shopping.",154,0.8372307692307692,11.39096355975878,0.5194805194805194,0.4220779220779221,0.05194805194805195
971a9d160a56ebdd,-0.6Alpha_AllSigNeurons,cleaner,-0.6α,AllSig,0.8901098901098901,0.07142857142857142,0.038461538461538464,"I am walking down the aisle of a brightly lit supermarket, the hum of fluorescent lights and the distant sound of a cash register echoing around me. The air is slightly stale but carries the familiar aromas of fresh produce, baked goods, and cleaning products. I am holding a shopping basket filled with essentials like bread, milk, and eggs, while scanning the shelves for items on my mental list. A couple ahead of me is picking through a display of canned vegetables, while a child clings to their parent’s hand, pointing at colorful packages of candy. I pause at the dairy section, eyeing the different brands of yogurt, before grabbing a carton and moving toward the checkout. The scene is quiet but alive, a typical moment in a place where people come and go, each with their own purpose.",140,0.9027586206896553,11.18351884655298,0.5214285714285715,0.4571428571428571,0.05
f5282d9bf7c7a789,-0.6Alpha_AllSigNeurons,doctor,-0.6α,AllSig,0.9117647058823529,0.08823529411764706,0.0,"I am in a bustling supermarket, the fluorescent lights casting a bright, even glow over the aisles. The hum of refrigerators and the chatter of other shoppers create a steady background noise. I am pushing a shopping cart down the cereal aisle, scanning the shelves for my usual brand. A child in a stroller nearby is giggling, while a woman in a blue sweater is carefully reading the ingredients on a package. I grab a box of oats and move to the next aisle, where fresh produce is displayed in neat, colorful stacks. I pause at the dairy section, eyeing the milk and cheese, before heading toward the checkout. The air smells faintly of bread and citrus, and the floor is slightly damp from the cleaning staff’s recent work. I don’t know the exact time, but it feels like a typical weekday afternoon.",145,0.8565289256198347,11.20932094743339,0.5310344827586206,0.4206896551724138,0.04137931034482759
7137fa6c40025199,-0.6Alpha_AllSigNeurons,emergency dispatcher,-0.6α,AllSig,0.9736842105263157,0.02631578947368421,0.0,"I am walking down the aisle of a brightly lit supermarket, the hum of fluorescent lights and distant chatter creating a familiar background noise. The scent of fresh produce and baked goods fills the air, mingling with the faint smell of cleaning products. I pause at the dairy section, scanning the shelves for milk, and grab a carton, checking the expiration date. A few feet away, a mother is helping her young child pick out a bag of apples, while another shopper quickly scans the shelves for cereal. I move toward the bread aisle, where a display of loaves sits neatly in a glass case. I grab a slice of whole grain bread and place it in my basket, then make my way toward the checkout, where a line has formed. I step into it, waiting patiently as the cashier scans my items.",143,0.8810084033613446,11.37262278546705,0.5594405594405595,0.4475524475524476,0.06993006993006994
3f5cee714124527e,-0.6Alpha_AllSigNeurons,engineer,-0.6α,AllSig,0.9772727272727273,0.022727272727272728,0.0,"I am walking down the aisle of a bustling supermarket, the hum of conversation and the clatter of shopping carts creating a steady background noise. The fluorescent lights above cast a bright, even glow over the neatly arranged shelves. I am holding a small basket, filled with a few essentials—milk, bread, and a pack of apples. I pause at the cereal aisle, scanning the labels for a brand I usually buy. A couple in front of me is debating whether to choose the chocolate or vanilla flavor. I move past the produce section, where the scent of fresh strawberries and oranges mixes with the faint smell of cleaning products. I check the expiration dates on the dairy products before placing a carton of yogurt in my basket. As I reach the checkout, I glance at the clock— it’s already late, and I need to hurry to make it home before dinner.",153,0.8629457364341084,10.98097414240858,0.5228758169934641,0.3856209150326798,0.0718954248366013
5a5493eb792b3be6,-0.6Alpha_AllSigNeurons,farmer,-0.6α,AllSig,0.975,0.025,0.0,"I am walking down the aisles of a busy supermarket, the hum of fluorescent lights and chatter of other shoppers filling the air. I am holding a shopping basket filled with a few essentials: a loaf of bread, a carton of milk, and a bag of apples. I pass the produce section, where bright colors and fresh scents attract my attention, but I keep moving toward the dairy aisle. I grab the milk, check the expiration date, and place it in the basket. As I walk past the bakery, the smell of freshly baked bread wafts through the air, but I resist the urge to stop. I continue to the checkout, where a line of people waits patiently. I step up, scan my items, and pay with a debit card. I take my groceries and step outside, the cool evening air refreshing after the warm, bustling store.",147,0.8302439024390245,10.92462293957072,0.5306122448979592,0.4081632653061225,0.05442176870748299
c72e46ecc063aee7,-0.6Alpha_AllSigNeurons,firefighter,-0.6α,AllSig,0.9409722222222222,0.059027777777777776,0.0,"I am walking down the aisle of a busy supermarket, the hum of fluorescent lights and the chatter of other shoppers creating a steady background noise. I am holding a shopping basket filled with groceries, including a bag of apples, a box of cereal, and a carton of milk. I pause at the bread aisle, scanning the shelves for a loaf of whole grain bread. A couple in front of me is also looking for bread, so I step back slightly to let them pass. As I move toward the checkout, I glance at the produce section, where a display of bright red tomatoes catches my eye. I consider adding a few to my basket but decide to stick to my list. The air is slightly stale, with the faint smell of cleaning products and fresh produce mixing together. I reach the end of the aisle and make my way toward the exit, ready to finish my shopping.",158,0.8447761194029852,10.63661966572083,0.5316455696202531,0.4240506329113924,0.08227848101265822
20a0eb5bfebfb66e,-0.6Alpha_AllSigNeurons,insurance agent,-0.6α,AllSig,0.9666666666666667,0.03333333333333333,0.0,"I am walking through the aisles of a brightly lit supermarket, the hum of conversation and the occasional clatter of shopping carts creating a steady background noise. The scent of fresh produce and baked goods mixes with the faint aroma of cleaning products. I am holding a small basket, carefully selecting items from the shelves—organic apples, a pack of whole grain bread, a bottle of olive oil, and a box of almond milk. I pass the dairy section, where a young couple is comparing brands of cheese, and the deli counter, where a woman is picking through a display of pre-packaged meals. I stop at the snack aisle, considering whether to grab a bag of nuts or a chocolate bar. The fluorescent lights flicker slightly as I navigate the crowded aisles, making the space feel a bit warmer. I make my way toward the checkout, my basket full of groceries, ready to pay for my purchases.",158,0.8597014925373135,11.34754126584948,0.569620253164557,0.4177215189873418,0.06289308176100629
08655487b5c3f2b9,-0.6Alpha_AllSigNeurons,librarian,-0.6α,AllSig,0.7659090909090909,0.23409090909090907,0.0,"I am in a bustling supermarket, the fluorescent lights buzzing softly overhead. The aisles are wide, lined with neatly stacked shelves filled with groceries. The scent of fresh produce and baked goods mixes with the faint hum of the air conditioning. I am walking slowly, pushing a shopping cart, scanning the labels on the packages as I pick up items. I stop at the dairy section, grabbing a carton of milk, then move to the bread aisle, where a display of loaves catches my eye. I grab a bag of apples from the produce section, checking the expiration dates as I go. The sounds of other shoppers, the clinking of cans, and the occasional announcement from the store’s intercom create a steady background noise. I continue my path, mindful of the cart, and plan my route to the checkout. The scene is calm but lively, a typical afternoon in a supermarket.",152,0.8525000000000001,11.31082628054705,0.5526315789473685,0.4276315789473684,0.06578947368421052
e8c7779dd0d6b1a0,-0.6Alpha_AllSigNeurons,miner,-0.6α,AllSig,0.8833333333333333,0.11666666666666667,0.0,"I am walking through the aisles of a bright, well-lit supermarket, the hum of fluorescent lights and distant chatter creating a familiar background noise. The scent of fresh produce and baked goods fills the air, mingling with the faint smell of cleaning products. I am holding a shopping cart, pushing it slowly along the path, stopping occasionally to examine the contents of different shelves. I grab a few items from the dairy section—milk, cheese, and yogurt—then move to the produce aisle, where I pick up a bag of apples and a bundle of carrots. I stop at the bread aisle to check the expiration dates on a few loaves before heading to the checkout. The line is short, and I wait patiently, scanning my items as I go. I don’t know the exact time of day, but the store feels quiet and routine, as if everyone is moving with the same purpose.",156,0.873939393939394,10.8746272597316,0.532051282051282,0.4294871794871795,0.0576923076923077
9f7ae44b4b31fd65,-0.6Alpha_AllSigNeurons,nurse,-0.6α,AllSig,1.0,0.0,0.0,"I am walking down the aisle of a bustling supermarket, the hum of conversation and the clatter of shopping carts filling the air. The scent of fresh produce and baked goods mixes with the faint aroma of cleaning products. I grab a cart and start scanning the shelves, picking up a few essentials—bananas, a box of cereal, and a bag of apples. I pause at the dairy section, eyeing the milk and cheese, before moving on to the pantry aisle where I grab a can of beans and a jar of peanut butter. The fluorescent lights flicker slightly above, casting a soft glow over the neatly arranged products. I navigate around a group of people browsing the snack section, keeping my path clear. As I reach the checkout, I double-check my list to make sure I haven’t missed anything. The cashier waves me forward, and I step into the queue, ready to complete my shopping.",158,0.8423880597014927,11.10925627047266,0.5379746835443038,0.4050632911392405,0.08860759493670886
9a8a77a8e6221492,-0.6Alpha_AllSigNeurons,police officer,-0.6α,AllSig,0.9545454545454546,0.045454545454545456,0.0,"I am walking through the aisles of a bustling supermarket, the hum of fluorescent lights and the chatter of other shoppers creating a steady background noise. The scent of fresh produce and baked goods fills the air, mingling with the faint smell of cleaning products. I stop at the dairy section, scanning the shelves for milk, and pick up a carton, checking the expiration date. Nearby, a family is browsing the snack aisle, their young child pointing at colorful packages. I move toward the bread counter, where a display of loaves is arranged neatly, and grab a bag of whole grain bread. As I walk toward the checkout, I pass a display of seasonal fruits, their vibrant colors catching my eye. I glance at the clock on the wall, realizing I need to hurry to avoid the long line. I make my way toward the exit, holding my basket of groceries.",151,0.8611023622047246,11.26523321925919,0.5562913907284768,0.4172185430463576,0.07947019867549669
fd0b7df51029544c,-0.6Alpha_AllSigNeurons,prison officer,-0.6α,AllSig,0.9722222222222222,0.027777777777777776,0.0,"I am walking down the aisle of a busy supermarket, the fluorescent lights buzzing softly above. The hum of conversation and the clatter of shopping carts fill the air. I am holding a basket, carefully selecting items from the shelves—organic apples, a pack of toilet paper, a box of cereal. I pause at the dairy section, scanning the expiration dates on the milk cartons before picking one up. A few feet away, a young mother is pushing a stroller, her child pointing at the colorful packaging. I pass a display of fresh bread, the scent of warm flour and yeast wafting slightly through the air. I grab a loaf and move toward the checkout, where a line of people waits patiently. I step up, scan my items, and wait for my turn, the familiar rhythm of the supermarket pulling me along with the flow of the crowd.",148,0.8567741935483871,11.12588638441715,0.5337837837837838,0.4121621621621622,0.04054054054054054
8eac65fb3663bc94,-0.6Alpha_AllSigNeurons,salesperson,-0.6α,AllSig,0.9705882352941176,0.029411764705882353,0.0,"I am walking down the aisle of a busy supermarket, the fluorescent lights buzzing softly above. The hum of conversation and the clatter of shopping carts create a familiar background noise. I am holding a shopping basket, scanning the shelves for items on my list. I pass the produce section, where bright fruits and vegetables are neatly arranged in plastic displays. I stop at the dairy section, where milk and cheese are stacked in neat rows. I grab a carton of milk and a block of cheese, then move to the snack aisle, where a variety of chips and candy are displayed. I pick up a bag of almonds and a pack of dark chocolate. As I walk toward the checkout, I glance at the bread section, where loaves are stacked in white boxes, and take a small bag of whole grain bread. I am ready to complete my shopping.",150,0.8552380952380951,11.05250387236741,0.5333333333333333,0.3866666666666667,0.05333333333333334
a485f9521d6a9fcc,-0.6Alpha_AllSigNeurons,scientist,-0.6α,AllSig,0.96875,0.03125,0.0,"I am walking down the aisles of a brightly lit supermarket, the hum of fluorescent lights mingling with the sounds of people talking and the occasional squeak of shopping carts. The air is slightly stale but filled with the scent of fresh produce and baked goods. I am holding a small basket, picking up a few items as I go—organic apples, a box of cereal, a bag of almonds. A mother with two young children is pushing a cart ahead of me, while a teenager checks the prices on a loaf of bread. I pass a display of colorful candies and stop to read the ingredients on a package of pasta. I grab a few items, then make my way to the checkout, where a cashier is scanning a barcode with a quick, practiced motion. I place my items on the conveyor belt, waiting patiently as the machine processes them.",151,0.8362204724409448,10.81884609091531,0.5231788079470199,0.4304635761589404,0.05960264900662252
845cc6bd73cc1785,-0.6Alpha_AllSigNeurons,security guard,-0.6α,AllSig,1.0,0.0,0.0,"I am walking down the aisle of a brightly lit supermarket, the hum of fluorescent lights mingling with the soft chatter of other shoppers. The scent of fresh produce and baked goods fills the air, mixed with the faint aroma of cleaning products. I am holding a shopping basket filled with items like bread, eggs, and a few snacks. I pass displays of colorful fruits, neatly arranged in plastic crates, and shelves lined with neatly stacked boxes of cereal and pasta. A few people are browsing the aisles, some looking at labels, others scanning barcodes with handheld devices. A child is being guided by a parent toward a toy section at the end of the aisle. I make my way to the dairy section, where the cool air carries the smell of milk and cheese. I grab a carton of milk and a block of cheese, then head toward the checkout, ready to complete my shopping.",156,0.8557575757575756,11.36289440972274,0.5641025641025641,0.4230769230769231,0.0576923076923077
e1878e6390ccd241,-0.6Alpha_AllSigNeurons,soldier,-0.6α,AllSig,0.9235588972431077,0.07644110275689223,0.0,"I am walking down the aisle of a busy supermarket, the fluorescent lights buzzing softly overhead. The smell of fresh produce and baked goods fills the air, mingling with the faint hum of the refrigerators. I pass rows of colorful fruits and vegetables, picking up a few apples and a bundle of carrots. Nearby, a mother is pushing a stroller while her toddler clings to her leg, pointing at the shiny packages on the shelves. I stop at the dairy section, scanning the labels on the milk cartons before selecting a brand that feels familiar. A few feet away, a man is checking the expiration dates on the bread, while another is comparing prices on the scanner. I grab a bag of flour and make my way to the checkout, where a cashier is already scanning items. I place my items on the conveyor belt, waiting for my turn. The scene is calm, yet filled with the quiet rhythm of everyday life.",162,0.8304347826086956,11.08707317948346,0.5308641975308642,0.4382716049382716,0.06172839506172839
c42ffb52722449f8,-0.6Alpha_AllSigNeurons,teacher,-0.6α,AllSig,1.0,0.0,0.0,"I am walking down the aisle of a bustling supermarket, the hum of fluorescent lights and the chatter of other shoppers creating a familiar background noise. The scent of fresh produce and baked goods fills the air, mingling with the faint smell of cleaning products. I pause at the dairy section, scanning the shelves for organic milk, while a young child tugs at their mother’s sleeve, pointing at a colorful box of cereal. Nearby, a man is carefully reading the labels on a variety of canned goods, comparing prices on his phone. I grab a bag of apples from the produce aisle, then move toward the bread section, where a display of loaves is arranged neatly in a glass case. As I reach for a loaf, a woman behind me calls out, asking for help locating a specific brand of cheese. I smile and nod, continuing my path toward the checkout.",152,0.8628125000000001,11.24291428128079,0.5394736842105263,0.4473684210526316,0.07236842105263158
c99637b7b940af06,-0.6Alpha_AllSigNeurons,truck driver,-0.6α,AllSig,0.95,0.05,0.0,"I’m walking down the aisle of a brightly lit supermarket, the hum of fluorescent lights and distant chatter creating a steady background noise. The smell of fresh produce, baked goods, and cleaning products fills the air. I’m holding a shopping basket, scanning the shelves for items on my list. I pause at the dairy section, grabbing a carton of milk and a block of cheese. Nearby, a mother is pushing a stroller while her toddler clings to her leg, babbling at the colorful packaging. I move toward the bread aisle, where a display of loaves sits under a glass cover, tempting with their golden crusts. I pick up a bag of whole grain bread, then head toward the checkout, where a line of people waits patiently, phones in hand, scanning items as they go. The scene feels calm, routine, and familiar.",143,0.8907563025210081,11.5768655852786,0.5664335664335665,0.4265734265734266,0.06993006993006994
0a6290a3f09a3845,-0.6Alpha_AllSigNeurons,welder,-0.6α,AllSig,1.0,0.0,0.0,"I’m walking down the aisle of a bustling supermarket, the hum of conversation and the clatter of shopping carts filling the air. The fluorescent lights above cast a bright, even glow over the neatly arranged shelves. I’m holding a cart, pushing it slowly as I scan the labels on the products. I pass the produce section, where bright colors of fruits and vegetables catch my eye—red apples, green lettuce, and bunches of bananas. I stop at the dairy aisle, where the smell of fresh milk and cheese mixes with the faint scent of cleaning products. I grab a carton of milk and a block of cheese, checking the expiration dates as I go. I make my way to the checkout, where a line of people waits patiently. I place my items on the conveyor belt, watching as the scanner reads each product. I pay with my card, then take my bagged groceries and walk out into the parking lot, the sun warming my shoulders.",167,0.8461538461538461,11.06163672381483,0.5449101796407185,0.4610778443113773,0.0658682634730539
23e183a8a3b764ee,0.2Alpha_10000Neurons,accountant,0.2α,10000,1.0,0.0,0.0,"I was in a busy supermarket, the fluorescent lights buzzing softly overhead. The aisles were filled with shoppers browsing shelves, some pushing carts, others holding items in their hands. The scent of fresh produce and baked goods mixed with the faint aroma of cleaning products. I moved slowly, scanning labels for the best deals, checking expiration dates, and comparing prices. I grabbed a cart and headed to the dairy section, where the cool air made me shiver slightly. I picked up a carton of milk and a loaf of bread, then made my way to the produce aisle, where I selected a few apples and a head of lettuce. I paused at the checkout, where a cashier scanned my items with a quick, efficient motion. I paid and took my bag, then walked outside, the afternoon sun warming my face as I headed home.",144,0.8876666666666668,11.32867228524758,0.5763888888888888,0.4722222222222222,0.0763888888888889
860119a954365359,0.2Alpha_10000Neurons,airport ground staff,0.2α,10000,0.8622291021671826,0.08204334365325078,0.05572755417956656,"I was in a busy supermarket, the hum of conversation and the clatter of shopping carts filling the air. I moved slowly through the aisles, pushing my cart with a basket of groceries. The fluorescent lights buzzed overhead, casting a bright white glow on the neatly arranged shelves. I stopped at the dairy section, grabbed a carton of milk, and moved on to the produce, where fresh apples and carrots were displayed in neat rows. I picked up a few items, checking prices on the labels, and then headed to the checkout. The line was short, and the cashier smiled as she scanned my items. I paid and took my bag, then walked out into the parking lot, where the sun was beginning to set, casting a golden light over the cars. I don’t know.",136,0.8860714285714286,10.91088521956724,0.5220588235294118,0.4338235294117647,0.0661764705882353
4b3202b712286e4a,0.2Alpha_10000Neurons,architect,0.2α,10000,0.8944444444444444,0.05277777777777778,0.05277777777777778,"I was walking through the aisles of a well-lit supermarket, the hum of conversation and the clinking of shopping carts filling the air. I was looking for fresh fruit, so I headed to the produce section, where the scent of apples and citrus lingered. I picked up a few organic oranges and a bunch of grapes, checking the labels for expiration dates. As I moved on, I passed a display of cereals and noticed a promotion for a new granola brand. I grabbed a sample and tried it, then put it back. I grabbed a carton of milk and a loaf of bread, then headed to the checkout. The cashier was efficient, scanning items quickly, and I paid with my card. I grabbed my bags and walked out, the warm afternoon sun greeting me as I stepped into the parking lot. I don’t know.",146,0.8186885245901641,10.64917844212399,0.5136986301369864,0.4041095890410959,0.0547945205479452
2cfe066e7f0a42bf,0.2Alpha_10000Neurons,bank clerk,0.2α,10000,0.875,0.07500000000000001,0.05,"I was in a quiet supermarket in the early afternoon, the fluorescent lights buzzing softly. The aisles were lined with neatly stacked shelves, and the hum of conversation and the occasional cart wheeling down a path filled the air. I was looking for cereal, so I walked past the bread and dairy sections, then turned into the cereal aisle. A few people were browsing, some holding packages in their hands, others reading labels. I picked up a box of oats, checked the expiration date, and put it back. I grabbed a bag of almonds instead, then moved toward the checkout. The line was short, and the cashier smiled as she scanned my items. I paid and left, the bag of almonds tucked under my arm, the smell of fresh bread still lingering in the air. I don’t know.",139,0.885217391304348,10.9931140012309,0.539568345323741,0.4172661870503597,0.04316546762589928
5784abc2212311e6,0.2Alpha_10000Neurons,builder,0.2α,10000,0.9333333333333333,0.06666666666666667,0.0,"I was walking through the aisles of a bright, well-lit supermarket, the hum of conversation and the clinking of shopping carts filling the air. I grabbed a cart and headed to the produce section, where fresh fruits and vegetables were neatly arranged. I picked up a few apples and a bundle of spinach. Then I moved to the dairy aisle, where I grabbed a carton of milk and a block of cheese. I stopped by the snacks section to pick up some crackers and a bag of chips. As I walked toward the checkout, I passed by the bakery, where the smell of fresh bread wafted through the store. I grabbed a loaf of sourdough and headed to the register, where I paid for my items and took my bag. It was a typical, peaceful shopping trip, filled with everyday choices and routine.",144,0.8323333333333334,10.70953216318845,0.4861111111111111,0.3819444444444444,0.05555555555555555
0d3a8f039b3d7773,0.2Alpha_10000Neurons,civil servant,0.2α,10000,0.9666666666666667,0.03333333333333333,0.0,"I was walking through the aisles of a well-lit supermarket, the hum of conversation and the clinking of shopping carts filling the air. I was looking for fresh produce, so I headed to the fruit section, where the scent of oranges and berries mingled with the coolness of the refrigerated display. I picked up a few apples and a small bunch of grapes, then moved to the dairy aisle, where I grabbed a carton of milk and a block of cheese. As I walked back toward the checkout, I passed the snack section, where a child was reaching for a bag of chips. I made a mental note to pick up a loaf of bread on my way out, then headed to the front of the store, where the line for the self-checkout was short. I scanned my items, paid, and left with a paper bag full of groceries.",151,0.8302362204724408,10.29885692797508,0.4966887417218543,0.4039735099337748,0.05960264900662252
896e45dc31afce47,0.2Alpha_10000Neurons,cleaner,0.2α,10000,1.0,0.0,0.0,"I was walking through the aisles of a busy supermarket, the hum of conversation and the clatter of shopping carts filling the air. I grabbed a basket and headed to the produce section, where bright colors of fruits and vegetables caught my eye. I picked up a few apples and a bag of carrots, then moved to the dairy aisle, where I grabbed a carton of milk and a block of cheese. I paused at the snack section, considering a bag of chips, but decided against it. I then went to the bread counter, where I picked up a loaf of whole grain bread. As I walked toward the checkout, I noticed a display of seasonal items and stopped to pick up a small jar of jam. I placed everything in the basket and headed to the cashier, ready to pay.",141,0.8372649572649574,10.49639760990721,0.4893617021276596,0.3617021276595745,0.06382978723404255
7be539a818787310,0.2Alpha_10000Neurons,doctor,0.2α,10000,0.9411764705882353,0.058823529411764705,0.0,"I was walking down the aisle of a busy supermarket, the fluorescent lights buzzing softly overhead. The smell of fresh produce and baked goods filled the air. I grabbed a cart and headed to the dairy section, where the milk and cheese were neatly arranged. I picked up a carton of almond milk and a block of cheddar. As I moved to the next aisle, I noticed a display of colorful cereals, and I grabbed a box of oats for breakfast. I passed the bakery section, where the aroma of fresh bread was strong. I added a baguette to my cart. I stopped at the checkout, where a cashier scanned my items quickly. I paid and grabbed my bag, then headed out into the parking lot, the sun shining brightly above.",131,0.8261682242990654,11.00726478280644,0.5267175572519084,0.4198473282442748,0.04580152671755725
2e2bca8caef1f0cd,0.2Alpha_10000Neurons,emergency dispatcher,0.2α,10000,0.9424342105263157,0.05756578947368421,0.0,"I was in a busy supermarket on a weekday afternoon, the fluorescent lights buzzing softly overhead. The aisles were packed with shoppers browsing shelves, some holding carts, others grabbing items from the displays. The smell of fresh produce and baked goods filled the air. I moved slowly through the cereal aisle, scanning the boxes for my usual brand, while a child nearby tugged at their parent's sleeve, pointing at a cartoon-shaped cereal box. I grabbed a few items and placed them in my cart, then headed to the dairy section, where a woman was carefully checking the expiration dates on milk cartons. I picked up a carton, checked the date, and moved on, keeping an eye out for the checkout line. The hum of conversation and the occasional beeping of the scanners created a familiar, comforting rhythm.",139,0.9012173913043481,11.58569741770557,0.5755395683453237,0.4532374100719425,0.05755395683453238
bfca85dcb6c28b06,0.2Alpha_10000Neurons,engineer,0.2α,10000,0.9722222222222222,0.027777777777777776,0.0,"I was walking through the aisles of a well-lit supermarket, the hum of conversation and the clinking of shopping carts filling the air. I grabbed a basket and headed to the produce section, where fresh fruits and vegetables were neatly arranged. I picked up a few apples and a bundle of spinach. Next, I moved to the dairy aisle, where I selected a carton of milk and a block of cheese. I stopped by the snack section to grab some granola bars for later. As I walked, I noticed a display of seasonal items, including pumpkin spice treats, which I passed by without stopping. I made my way to the checkout, where a cashier scanned my items with a quick efficiency. I paid and took my bag, then headed out into the cool afternoon air, feeling satisfied with my small but necessary errand.",144,0.8583333333333335,10.87010380348514,0.5208333333333334,0.4236111111111111,0.05555555555555555
0c148d6c7cde351f,0.2Alpha_10000Neurons,farmer,0.2α,10000,0.8973684210526316,0.10263157894736842,0.0,"I was walking through the aisles of a busy supermarket, the hum of conversation and the clinking of shopping carts filling the air. I grabbed a cart and started with the produce section, picking up a few apples and a head of lettuce. I moved to the dairy aisle, where I grabbed a carton of milk and a block of cheese. Next, I stopped by the canned goods, selecting some beans and soup. I then headed to the snack section, grabbing a bag of chips and a few candy bars for the kids. As I moved, I kept an eye on the time, trying to make sure I didn’t stay too long. I grabbed my basket and headed to the checkout, where I paid and grabbed my bags. The day was warm, and the store smelled like fresh bread and cleaning products. I was ready to go home.",149,0.8217600000000002,10.34590813140623,0.5033557046979866,0.3825503355704698,0.0738255033557047
16d73b0e69e7c8f8,0.2Alpha_10000Neurons,firefighter,0.2α,10000,0.8823529411764706,0.11764705882352941,0.0,"I was in a busy supermarket, the hum of conversation and the clatter of shopping carts filling the air. I moved slowly through the aisles, grabbing a carton of milk and a loaf of bread from the grocery section. The scent of fresh produce wafted from the fruit and vegetable display, where a worker was restocking apples and bananas. I paused at the snack aisle, eyeing a bag of chips and a box of cookies before deciding against them. I grabbed a few items for dinner, then headed to the checkout. The line was short, and the cashier was efficient, scanning each item with a quick beep. I paid, grabbed my bag, and walked out into the parking lot, where the sun was beginning to set, casting a golden glow over the store.",133,0.8521100917431194,10.92096062899513,0.5037593984962406,0.3909774436090225,0.06015037593984962
7e3e708779cce5f0,0.2Alpha_10000Neurons,insurance agent,0.2α,10000,1.0,0.0,0.0,"I was walking through the aisles of a busy supermarket, the hum of conversation and the clatter of shopping carts filling the air. The scent of fresh produce and baked goods wafted from the bakery section, where a woman was arranging loaves of bread. I grabbed a cart and headed to the dairy section, where the cold lights made the milk and cheese look almost too perfect. I picked up a carton of milk and a block of cheese, then moved to the snacks aisle, where I grabbed a bag of chips and a candy bar. I paused at the produce section, eyeing a bright red apple and a bunch of bananas. I placed them in the cart and continued to the checkout, where a cashier scanned my items with a steady hand. I paid and took my bag, then stepped outside into the afternoon sun, the smell of pavement and exhaust mixing with the lingering scent of the store.",160,0.8311764705882352,10.73708499800008,0.525,0.3875,0.04375
77b66a13657d4138,0.2Alpha_10000Neurons,librarian,0.2α,10000,1.0,0.0,0.0,"I was walking through the aisles of a well-lit supermarket, the hum of conversation and the clatter of shopping carts filling the air. I grabbed a cart and headed to the produce section, where fresh fruits and vegetables were displayed in neat arrangements. I picked up a few apples and a bundle of carrots. Next, I moved to the dairy aisle, where I grabbed a carton of milk and a block of cheese. I then stopped at the snack section, where I grabbed a bag of chips and a candy bar. As I walked toward the checkout, I passed the bread aisle and picked up a loaf of whole grain bread. I placed all the items in the cart and headed to the register, where I paid and grabbed my receipt before heading out the automatic doors into the cool afternoon air.",143,0.8147899159663866,10.58607797115021,0.4895104895104895,0.3636363636363636,0.04195804195804196
0756f8f887591188,0.2Alpha_10000Neurons,miner,0.2α,10000,0.8654970760233918,0.13450292397660818,0.0,"I was in the supermarket on a weekday morning, the aisles filled with people browsing shelves. I grabbed a cart and headed to the produce section, picking up a few apples and some fresh spinach. I moved to the dairy aisle, grabbed a carton of milk, and then stopped at the bread counter, where I picked up a loaf of whole grain bread. I checked the prices on the items, making sure I wasn’t overpaying. I put everything in the cart and headed to the checkout. The line was short, and the cashier scanned each item quickly. I paid and grabbed my grocery bag, then walked out to my car, where I placed the items in the trunk. It was a simple, routine trip, but it felt good to get the essentials done.",134,0.8465454545454545,10.49762165067457,0.5,0.3582089552238806,0.07462686567164178
dd29f0af30c2b17c,0.2Alpha_10000Neurons,nurse,0.2α,10000,0.9131944444444444,0.08680555555555555,0.0,"I was in the aisle with the canned goods, browsing the labels on the soup cans. The fluorescent lights buzzed softly, and the hum of the refrigerators in the background created a steady rhythm. I grabbed a can of tomato soup and a box of cereal, then moved to the dairy section. The smell of fresh milk and cheese filled the air. I picked up a carton of milk and a block of cheddar, checking the expiration dates. As I walked toward the checkout, I passed a display of fruit, where a woman was selecting apples. I grabbed a small bag of grapes and placed everything on the conveyor belt. The cashier rang up my items, and I handed over my card. I stepped out into the parking lot, the sun warm on my face, and the scent of fresh bread from the bakery nearby.",145,0.8059504132231405,10.65901597631691,0.496551724137931,0.3862068965517241,0.03448275862068965
2c3ae213716f612a,0.2Alpha_10000Neurons,police officer,0.2α,10000,1.0,0.0,0.0,"I was walking through the aisles of a busy supermarket, the hum of conversation and the clinking of shopping carts filling the air. I grabbed a cart and headed to the produce section, where the scent of fresh fruits and vegetables filled the space. I picked up a few apples and some leafy greens, then moved to the dairy aisle, where I grabbed a carton of milk and a block of cheese. I paused at the snack section, eyeing a bag of chips before deciding against it. As I made my way to the checkout, I noticed a line forming, so I stepped back to wait. The fluorescent lights buzzed overhead, and the sound of the automatic doors opening and closing echoed through the store. I kept my focus on my list, making sure I didn’t forget anything.",139,0.8386086956521739,10.70739763128642,0.4964028776978417,0.4244604316546763,0.07194244604316546
50efcf9bc52b713c,0.2Alpha_10000Neurons,prison officer,0.2α,10000,0.930952380952381,0.06904761904761905,0.0,"I was walking through the aisles of a well-lit supermarket, the hum of conversation and the clinking of shopping carts filling the air. I grabbed a cart and headed to the produce section, where fresh fruits and vegetables were neatly arranged. I picked up a few apples and a bundle of spinach. Next, I moved to the dairy section, where I grabbed a carton of milk and a block of cheese. I then stopped at the snack aisle, where I picked up a bag of chips and a pack of cookies. As I walked toward the checkout, I passed by the bakery section, where the smell of fresh bread was strong. I made sure to put all my items in the cart and headed to the register, ready to pay and leave with my groceries.",136,0.8207142857142858,10.35597811796465,0.4779411764705883,0.3897058823529412,0.0661764705882353
2161942e52a23578,0.2Alpha_10000Neurons,salesperson,0.2α,10000,0.9150326797385621,0.08496732026143791,0.0,"I was walking through the aisles of a brightly lit supermarket, the hum of conversation and the occasional clatter of shopping carts in the background. I grabbed a cart and headed toward the produce section, where fresh fruits and vegetables were displayed in neat rows. I picked up a few apples and a bundle of spinach, then moved to the dairy aisle, where I selected a carton of milk and a block of cheese. As I passed the snacks, I grabbed a bag of chips for later. I stopped at the checkout, where a cashier scanned my items quickly. I paid with my card and took my bag, then walked outside to my car, where I placed the groceries in the trunk. The sun was warm, and the air smelled like fresh produce and baked bread from the bakery nearby. I felt satisfied with my simple, routine shopping trip.",149,0.8339200000000001,10.79341720911147,0.5100671140939598,0.4563758389261745,0.03355704697986577
1f39e9e369bf45dd,0.2Alpha_10000Neurons,scientist,0.2α,10000,0.825,0.125,0.05,"I was in a quiet supermarket in the early afternoon, the fluorescent lights buzzing softly. The aisles were filled with people browsing, some holding carts, others looking at products on the shelves. I moved slowly, checking the expiration dates on the milk and looking for the best deal on cereal. The smell of fresh bread wafted from the bakery section, and a woman nearby was debating whether to buy the organic or regular yogurt. I grabbed a few items, placing them in my cart, and then headed to the checkout. The line was short, and the cashier was efficient, scanning each item with a practiced smile. I paid, took my bag, and walked out into the warm afternoon, the sound of the automatic doors closing behind me. I don’t know.",131,0.8770093457943926,10.80411133691922,0.5190839694656488,0.4274809160305343,0.04580152671755725
962a612238eccf99,0.2Alpha_10000Neurons,security guard,0.2α,10000,0.9705882352941176,0.029411764705882353,0.0,"I was walking through the aisles of a busy supermarket, the fluorescent lights buzzing softly overhead. The smell of fresh produce and baked goods filled the air, mingling with the faint scent of cleaning products. I stopped at the dairy section, grabbed a carton of milk, and moved on to the bread aisle, where I picked up a loaf of whole grain bread. I passed the snack section, where a child was helping their parent choose candy bars, and the produce section, where a woman was carefully inspecting a bunch of bananas. I kept my pace steady, checking my list as I went, and eventually made my way to the checkout, where I paid for my items and left with a paper bag full of groceries. The sounds of the supermarket faded as I stepped outside into the cool afternoon air.",141,0.8588034188034187,10.87774251533211,0.5390070921985816,0.4326241134751773,0.07092198581560284
9efd1afa572715be,0.2Alpha_10000Neurons,soldier,0.2α,10000,0.9736842105263157,0.02631578947368421,0.0,"I was in a busy supermarket, browsing the aisles with a shopping list in hand. The fluorescent lights buzzed softly, and the hum of conversation and clattering carts filled the air. I stopped at the produce section, picking up a few apples and a bundle of spinach. The scent of fresh bread wafted from the bakery aisle, making my stomach growl. I grabbed a loaf and moved to the dairy section, where I selected a carton of milk and a block of cheese. As I walked past the snack aisle, I noticed a display of chocolate bars and grabbed one for later. I checked my list again, making sure I hadn’t missed anything. I headed to the checkout, where a cashier scanned my items with a calm, practiced efficiency. I paid and left, feeling satisfied with my purchases.",139,0.8535652173913044,11.06755898157907,0.5179856115107914,0.4316546762589928,0.07194244604316546
0cd8c1bc060716fe,0.2Alpha_10000Neurons,teacher,0.2α,10000,0.9666666666666667,0.03333333333333333,0.0,"I was walking through the aisles of a bright, well-lit supermarket, the hum of conversation and the occasional clink of shopping carts in the background. I grabbed a cart and headed to the produce section, where fresh fruits and vegetables were neatly arranged. I picked up a few apples and a bundle of spinach. Next, I moved to the dairy section, where I selected a carton of milk and a block of cheese. I stopped at the snack aisle to grab a bag of chips and a pack of cookies. As I walked toward the checkout, I noticed a display of seasonal items, including pumpkin spice products, which I considered but decided against. I placed everything in the cart and headed to the register, where I paid and grabbed my receipt before heading out into the parking lot.",139,0.8302608695652175,10.61891749715845,0.4820143884892086,0.4100719424460432,0.04316546762589928
9b706a401405cc89,0.2Alpha_10000Neurons,truck driver,0.2α,10000,0.8654970760233918,0.13450292397660818,0.0,"I was in the supermarket, walking down the aisle with a shopping cart. The fluorescent lights buzzed softly, and the hum of conversation and clinking of plastic bags filled the air. I paused at the cereal aisle, scanning the boxes for something healthy. A mother with a toddler was nearby, helping her child pick out a fruit snack. I grabbed a box of oatmeal and moved on, then stopped at the dairy section, where the smell of milk and cheese lingered. I picked up a carton of milk and a block of cheddar. As I pushed the cart toward the checkout, I noticed a display of seasonal produce—apples, carrots, and green beans. I grabbed a few apples and put them in the cart. The line at the register was short, and I paid with my debit card. I left the store with a bag of groceries and a sense of accomplishment.",152,0.8243750000000001,10.66409175706686,0.5,0.4078947368421053,0.03947368421052631
008a0295237bc03c,0.2Alpha_10000Neurons,welder,0.2α,10000,0.8411764705882353,0.09607843137254901,0.06274509803921569,"I was in a quiet supermarket early in the morning, the kind with fluorescent lights and the faint hum of the refrigerators. The aisles were mostly empty, with only a few other shoppers browsing. I grabbed a cart and started at the produce section, picking up a few apples and a head of lettuce. The smell of fresh bread wafted from the bakery counter, and I stopped to check the prices. I moved to the dairy section, grabbed a carton of milk, and then headed to the snack aisle, where I picked up a bag of chips. I placed everything in the cart and headed to the checkout, where the cashier was already scanning items. I paid and grabbed my bag, then walked out into the cool morning air. I don’t know.",133,0.8271559633027524,10.50660979775219,0.5037593984962406,0.3909774436090225,0.03007518796992481
cbd00532eb87dba7,0.2Alpha_2000Neurons,accountant,0.2α,2000,0.9411764705882353,0.058823529411764705,0.0,"I was walking through the aisles of a busy supermarket, the hum of conversation and the clatter of shopping carts filling the air. I grabbed a basket and headed to the produce section, where bright colors of fruits and vegetables caught my eye. I picked up a few apples and a bundle of spinach, then moved to the dairy aisle, where I selected a carton of milk and a block of cheese. I paused at the snack aisle, considering a bag of chips, but decided against it. As I made my way to the checkout, I passed the bakery section, where the smell of fresh bread was irresistible. I grabbed a baguette and headed to the register, where the cashier greeted me with a smile. I paid and grabbed my bags, ready to head home with my groceries.",138,0.8333333333333335,10.56912275433742,0.4855072463768116,0.391304347826087,0.06521739130434782
ffcb2076b2a0402d,0.2Alpha_2000Neurons,airport ground staff,0.2α,2000,0.9722222222222222,0.027777777777777776,0.0,"I was walking through the aisles of a busy supermarket, the hum of conversation and the clinking of shopping carts filling the air. I stopped at the produce section, eyeing a bright display of apples and bananas. I grabbed a few items and moved to the dairy section, where the smell of fresh milk and cheese lingered. I picked up a carton of milk and a block of cheese, then headed to the snack aisle, where I grabbed a bag of chips. As I walked, I passed a line of people waiting for the checkout, some holding baskets full of groceries. I reached the register, handed over my items, and waited patiently while the cashier scanned them. I paid and took my bag, then stepped outside into the cool afternoon air, satisfied with my shopping.",135,0.82018018018018,10.79212458016398,0.5259259259259259,0.4,0.06666666666666667
ae6a211d4f7a3e0a,0.2Alpha_2000Neurons,architect,0.2α,2000,1.0,0.0,0.0,"I was browsing the supermarket aisle, scanning the shelves for cereal. The fluorescent lights buzzed softly, and the hum of conversation and clattering carts filled the air. I grabbed a box of oats and placed it in my cart, then moved to the dairy section. The smell of fresh milk and cheese lingered. I picked up a carton of milk and a block of cheddar, checking the expiration dates. A young mother with a toddler passed me, balancing a basket of fruits. I reached the checkout, where a cashier scanned my items with a calm, focused expression. I paid and grabbed my bag, then headed to the exit, where the automatic doors opened as I approached. The outside air felt cooler, and I took a deep breath before heading home.",130,0.8430188679245283,11.14635930439348,0.5538461538461539,0.4230769230769231,0.04615384615384616
cee5fb5d412bb213,0.2Alpha_2000Neurons,bank clerk,0.2α,2000,1.0,0.0,0.0,"I was walking down the aisle of a busy supermarket, the hum of conversation and the clinking of shopping carts filling the air. I grabbed a cart and started picking up items for my weekly meal plan—fresh vegetables, a loaf of bread, and a carton of milk. The fluorescent lights buzzed overhead, casting a bright glow on the neatly arranged shelves. I paused at the snack aisle, considering whether to buy some chocolate, but decided against it. As I moved toward the checkout, I noticed a line forming, so I grabbed a basket and waited patiently. The cashier greeted me with a smile, and I handed over my items, hoping the total would be reasonable. I stepped back into the parking lot, the smell of fresh produce still lingering in the air.",133,0.8697247706422018,11.09115182766925,0.5263157894736842,0.3909774436090225,0.07518796992481203
5f6d782b10aeeffe,0.2Alpha_2000Neurons,builder,0.2α,2000,0.9133986928104575,0.08660130718954248,0.0,"I was in a busy supermarket on a weekday afternoon, the aisles filled with people browsing shelves. The hum of conversation and the occasional cart wheeling down the path created a steady background noise. I moved slowly, grabbing a cart and heading toward the produce section. I picked up a few apples, then moved to the dairy aisle, where I grabbed a carton of milk. I paused at the snack aisle, eyeing some chips and a bag of nuts. As I walked, I noticed a man checking the expiration dates on cereal boxes and a woman scanning a barcode with a handheld device. I grabbed a loaf of bread and headed to the checkout, where the cashier was already scanning items. I paid and left, the bag of groceries in hand, ready for the evening.",135,0.8400000000000001,11.04627744309873,0.5333333333333333,0.362962962962963,0.06666666666666667
6c11c546ebbe389b,0.2Alpha_2000Neurons,civil servant,0.2α,2000,0.9424342105263157,0.05756578947368421,0.0,"I was walking through the aisles of a well-lit supermarket, the hum of conversation and the clatter of shopping carts filling the air. The scent of fresh produce and baked goods wafted from the bakery section, where a display of pastries caught my eye. I grabbed a cart and headed to the dairy section, where I picked up a carton of milk and a block of cheese. As I moved toward the checkout, I stopped at the snack aisle, selecting a bag of almonds and a pack of trail mix. The store was busy, with families and individuals browsing shelves, some holding children while others scanned items with smartphones. I placed my items on the conveyor belt, waiting for the cashier to scan them. The automatic doors opened as I stepped out, the cool evening air welcoming me back to the street.",143,0.8366386554621847,10.92857462688267,0.5244755244755245,0.4195804195804196,0.06993006993006994
12f77e67b04c3d67,0.2Alpha_2000Neurons,cleaner,0.2α,2000,1.0,0.0,0.0,"I was walking through the supermarket, pushing a shopping cart slowly down the aisle. The fluorescent lights buzzed softly, and the smell of fresh produce and baked goods filled the air. I paused at the cereal section, looking at the different boxes, trying to decide which one to buy. Nearby, a mother was helping her child pick out a juice box, while an elderly man was carefully checking the expiration dates on the canned goods. I grabbed a few items from the fridge section—milk, eggs, and some cheese—then moved to the bread aisle. I picked up a loaf of whole grain bread and placed it in the cart. As I walked toward the checkout, I noticed a display of seasonal fruits, and I stopped to look at the apples. The cart wheels rolled quietly over the floor, and the sound of other shoppers moving around filled the space.",150,0.8653968253968257,10.85130646445419,0.5533333333333333,0.4,0.06666666666666667
e5807248bb187728,0.2Alpha_2000Neurons,doctor,0.2α,2000,0.9722222222222222,0.027777777777777776,0.0,"I was in a bustling supermarket, the hum of conversation and the clatter of shopping carts filling the air. The fluorescent lights buzzed softly overhead, casting a bright, even glow over the aisles. I moved slowly, pushing my cart past rows of neatly stacked products. The smell of fresh produce and baked goods wafted through the store, mingling with the faint scent of cleaning agents. I paused at the dairy section, eyeing the milk and cheese, then moved on to the snack aisle, where colorful packages of chips and candy caught my eye. I grabbed a few essentials—bread, eggs, and a bottle of orange juice—before heading to the checkout. The cashier greeted me with a smile, and I paid, feeling the weight of my groceries in the cart as I made my way out into the parking lot.",140,0.8851724137931035,11.35493602582773,0.55,0.4785714285714286,0.05714285714285714
fecca9fe280b3d0e,0.2Alpha_2000Neurons,emergency dispatcher,0.2α,2000,0.91875,0.08125,0.0,"I was in a quiet supermarket in the early afternoon, the fluorescent lights buzzing softly overhead. The aisles were lined with neatly stacked shelves, and the scent of fresh produce and baked goods filled the air. I moved slowly, grabbing a cart and heading toward the dairy section. A mother and her toddler were nearby, the child pointing at a colorful box of cereal. I picked up a carton of milk and a loaf of bread, then stopped at the snack aisle to grab a bag of chips. As I waited in line at the checkout, I glanced at the displays of candy and magazines, thinking about what I might cook for dinner. The cashier rang up my items efficiently, and I left with a paper bag full of groceries, the hum of the store fading behind me as I stepped back into the sunlight.",145,0.8522314049586779,10.89982459666561,0.503448275862069,0.4620689655172414,0.04827586206896552
66af74e04cd420e3,0.2Alpha_2000Neurons,engineer,0.2α,2000,0.9455882352941176,0.054411764705882354,0.0,"I was browsing the aisles of a well-lit supermarket, the hum of conversation and the occasional cart wheeling down the path creating a steady background noise. I stopped at the produce section, eyeing a display of bright red tomatoes and crisp green lettuce. I grabbed a carton of milk and a loaf of bread, then moved to the snack aisle, where I picked up a bag of almonds. The scent of fresh-baked goods wafted from the bakery section, tempting me to stop, but I kept walking. I passed the cleaning supplies and detergents, then reached the checkout, where a cashier greeted me with a smile. I placed my items on the conveyor belt, scanning each one as I went, and waited for the total. The scene was simple, familiar, and perfectly ordinary.",134,0.865090909090909,11.11855799878775,0.5447761194029851,0.4104477611940299,0.06716417910447761
da01fcab124f6d4c,0.2Alpha_2000Neurons,farmer,0.2α,2000,0.9472222222222222,0.05277777777777778,0.0,"I was walking down the aisle of the supermarket, pushing a shopping cart filled with a few items I had already picked out. The fluorescent lights hummed softly, and the smell of fresh produce and baked goods filled the air. I stopped at the dairy section, grabbed a carton of milk, and placed it in the cart. Then I moved to the snack aisle, where I picked up a bag of chips and a box of cereal. I passed the bakery, where the scent of fresh bread was strong, and the display case caught my eye. I grabbed a loaf of whole grain bread and added it to the cart. As I walked toward the checkout, I glanced at the weekly ad on the wall, trying to remember if I had everything on my list. The cart wheels rolled smoothly over the floor, and I felt a sense of calm as I prepared to pay for my groceries.",158,0.8417910447761194,10.4032374837018,0.4873417721518987,0.3860759493670886,0.06962025316455696
33517136da0a38ec,0.2Alpha_2000Neurons,firefighter,0.2α,2000,0.9375,0.0625,0.0,"I was walking down the aisle of a busy supermarket, the hum of conversation and clinking of carts filling the air. The fluorescent lights flickered slightly, casting a soft glow over the neatly arranged shelves. I grabbed a cart and moved toward the produce section, where bright colors of fruits and vegetables caught my eye. I picked up a few apples and a bundle of spinach, then headed to the dairy aisle. The smell of cheese and yogurt lingered in the air. I grabbed a carton of milk and a block of cheddar. As I moved toward the checkout, I passed a display of snacks and noticed a promotion for cereal. I added a box to my cart, then headed to the register, where the cashier greeted me with a smile. The scene was familiar, routine, yet comforting in its predictability.",141,0.8331623931623932,11.05776175756341,0.5035460992907801,0.3900709219858156,0.03546099290780142
6b61cff8ae1c1623,0.2Alpha_2000Neurons,insurance agent,0.2α,2000,0.9472222222222222,0.05277777777777778,0.0,"I was walking through the aisles of a busy supermarket, the hum of conversation and the clatter of shopping carts creating a familiar background noise. The air smelled slightly of fresh produce and cleaning products. I grabbed a cart and headed toward the dairy section, where the cool temperature contrasted with the warmth of the rest of the store. I picked up a carton of milk and a loaf of bread, then moved to the snack aisle, where I paused to check the expiration dates on some cereal boxes. I grabbed a few bags of chips and a chocolate bar, making sure to place them in the cart. As I walked toward the checkout, I noticed a display of seasonal fruits, and I added a few apples to my list. The line was short, and I handed my items to the cashier, who scanned them with a quick, practiced motion. I paid and stepped out into the parking lot, the sun shining overhead.",163,0.8394244604316546,10.6244560105042,0.5030674846625767,0.392638036809816,0.05521472392638037
49f1bc3262db7cb2,0.2Alpha_2000Neurons,librarian,0.2α,2000,1.0,0.0,0.0,"I was walking through the aisles of a brightly lit supermarket, the hum of conversation and the clink of shopping carts filling the air. I passed the produce section, where fresh vegetables and fruits were neatly arranged in colorful displays. I grabbed a cart and headed to the dairy aisle, where the cool air smelled of milk and cheese. I picked up a carton of yogurt and a block of cheese, then moved to the snack section, where I grabbed a bag of chips. I stopped at the checkout counter, where a cashier scanned my items with a barcode scanner. I paid with my card and took my receipt, then headed to the exit, where the automatic doors opened as I approached. I stepped outside into the warm afternoon sun, the smell of fresh bread and coffee lingering from the nearby bakery.",142,0.8325423728813559,11.03215948125753,0.5211267605633803,0.4154929577464789,0.05633802816901409
0bb21389412211c9,0.2Alpha_2000Neurons,miner,0.2α,2000,1.0,0.0,0.0,"I was walking down the aisle of the supermarket, grabbing a few essentials. The fluorescent lights hummed softly, and the smell of fresh produce and baked goods filled the air. I stopped at the dairy section, picked up a carton of milk, and placed it in my basket. Then I moved to the snack aisle, where I grabbed a bag of chips and a candy bar. I passed the frozen foods, eyeing a box of pizza, but decided to stick to my list. As I walked, I heard the sound of a child laughing and a parent calling out, creating a lively atmosphere. I reached the checkout, where the cashier was scanning items. I handed over my basket, waited for the total, and paid with my card. I grabbed my bag and left, feeling satisfied with my small shopping trip.",140,0.8437931034482761,10.65194372992215,0.5142857142857142,0.4,0.07142857142857142
c0ec6cf07923d1a4,0.2Alpha_2000Neurons,nurse,0.2α,2000,0.8885448916408669,0.11145510835913312,0.0,"I was in a busy supermarket on a weekday afternoon, the hum of conversation and the clatter of shopping carts filling the air. I moved slowly through the aisles, pushing my cart with a basket of groceries already inside. The scent of fresh produce and baked goods wafted through the store, mingling with the faint smell of cleaning products. I stopped at the dairy section, grabbed a carton of milk, and moved on to the bread aisle, where I picked up a loaf of whole grain bread. I paused by the snack section, considering a bag of chips, but decided against it. As I approached the checkout, I noticed a line forming, so I stepped back to wait, watching the cashier scan items and the customers behind me. The scene was familiar, routine, yet comforting in its predictability.",138,0.8624561403508774,11.04015204866046,0.5144927536231884,0.4202898550724637,0.06521739130434782
a441bf6e4aac2320,0.2Alpha_2000Neurons,police officer,0.2α,2000,0.96875,0.03125,0.0,"I was in a busy supermarket on a weekday afternoon, the hum of conversation and the clatter of carts filling the air. The fluorescent lights buzzed softly, casting a bright glow over the neatly arranged shelves. I pushed my cart slowly through the aisles, stopping at the produce section to pick up a few apples and a head of lettuce. I grabbed a carton of milk and a loaf of bread from the dairy and bakery sections, then moved toward the checkout. A line had formed, and I waited patiently behind a couple with groceries. The cashier scanned my items quickly, and I paid with my debit card. As I left, I took a deep breath, enjoying the familiar routine of a simple shopping trip.",125,0.8376237623762376,11.09283135713172,0.528,0.448,0.048
3c3c590f82700da4,0.2Alpha_2000Neurons,prison officer,0.2α,2000,0.96875,0.03125,0.0,"I was in a quiet supermarket in the early afternoon, the fluorescent lights casting a soft glow over the aisles. The hum of the refrigerators and the occasional clatter of shopping carts created a familiar background noise. I moved slowly, pushing a cart with a basket of groceries I had already picked out. I stopped at the produce section, eyeing a display of bright red apples and green leafy vegetables. Nearby, a mother was helping her child pick out a bag of chips. I grabbed a loaf of whole grain bread and a carton of milk, placing them in the basket. The air smelled faintly of fresh bread and cleaning products. I checked my list, made sure I had everything, and headed to the checkout, where a cashier with a friendly smile greeted me.",134,0.8498181818181817,11.06342960026831,0.5447761194029851,0.3955223880597015,0.06716417910447761
a533a03c3bd4f1d8,0.2Alpha_2000Neurons,salesperson,0.2α,2000,1.0,0.0,0.0,"I was walking through the aisles of a busy supermarket, the hum of conversation and the clatter of shopping carts filling the air. The fluorescent lights buzzed softly, casting a bright glow over the neatly arranged shelves. I grabbed a cart and headed to the produce section, where fresh fruits and vegetables were displayed in vibrant colors. I picked up a few apples and a bundle of carrots. Next, I moved to the dairy section, where the smell of cheese and yogurt lingered. I grabbed a carton of milk and a block of cheese. I then stopped by the snack aisle, where I picked up some crackers and a bag of chips. As I walked toward the checkout, I passed by the bread section, where loaves of bread were stacked neatly. I added a baguette to my cart before heading to the register, ready to pay for my groceries.",149,0.8355199999999999,11.06352966617377,0.4966442953020134,0.4161073825503356,0.06040268456375839
79bbc29022d940f6,0.2Alpha_2000Neurons,scientist,0.2α,2000,0.8710526315789473,0.12894736842105264,0.0,"I was in a busy supermarket, the fluorescent lights buzzing softly overhead. The air smelled faintly of fresh produce and cleaning agents. I moved slowly through the aisles, pushing a shopping cart with a basket of groceries. I stopped at the dairy section, grabbed a carton of milk, and placed it in the cart. Then I headed to the snack aisle, where I picked up a bag of chips and a chocolate bar. I passed the bakery, where the scent of fresh bread was strong, and the display case had pastries glowing in the light. I checked my list again, making sure I had everything. As I approached the checkout, I noticed a line forming, so I stepped back to wait. The scene was typical, quiet yet filled with the hum of everyday life.",134,0.849090909090909,10.78412853613306,0.5447761194029851,0.4104477611940299,0.08208955223880597
81d20cfba9a33e39,0.2Alpha_2000Neurons,security guard,0.2α,2000,1.0,0.0,0.0,"I was walking through the aisles of a bright, well-lit supermarket, the hum of conversation and the occasional clatter of shopping carts in the background. I was looking for cereal, so I headed to the grocery section, where shelves were neatly stocked with boxes of different brands and flavors. I grabbed a few options and placed them in my cart. As I moved on, I noticed a display of fresh fruits, and I paused to pick up a few apples. I also stopped by the dairy section to grab some milk. The store smelled slightly of cleaning products and fresh produce. I kept an eye on my cart as I navigated the crowded aisles, making sure not to bump into other shoppers. I was almost done when I realized I had forgotten my wallet, so I made a quick trip to the checkout area to retrieve it before heading to the register.",153,0.8880620155038759,10.63797958878659,0.5098039215686274,0.4640522875816994,0.0784313725490196
63681a7355cbc27c,0.2Alpha_2000Neurons,soldier,0.2α,2000,0.9705882352941176,0.029411764705882353,0.0,"I was walking down the aisle of a busy supermarket, the fluorescent lights buzzing softly overhead. The smell of fresh produce and baked goods filled the air, mingling with the faint hum of conversation and the occasional clatter of shopping carts. I grabbed a cart and headed toward the dairy section, where the milk was chilled and the cheese was stacked neatly. I paused to check the expiration dates before placing a few packages in the cart. As I moved through the store, I passed rows of canned goods, snacks, and cleaning supplies. I stopped at the fruit section, where bright oranges and red apples caught my eye. I picked up a few bananas and a small carton of yogurt. The store felt calm and familiar, a place where routine met necessity. I made my way to the checkout, ready to pay for my simple, everyday purchases.",147,0.8575609756097562,11.24180931446249,0.5510204081632653,0.4489795918367347,0.06122448979591837
7264fcf8b370e3a7,0.2Alpha_2000Neurons,teacher,0.2α,2000,1.0,0.0,0.0,"I was walking through the aisles of a bright, well-lit supermarket, the hum of conversation and the clatter of shopping carts filling the air. I grabbed a cart and headed toward the produce section, where fresh fruits and vegetables were displayed in neat rows. I picked up a few apples and a bunch of bananas before moving on to the dairy case, where I selected a carton of milk and a block of cheese. As I passed the snack aisle, I grabbed a bag of chips for later. I then headed to the checkout, where a cashier scanned my items with a smile. I paid and took my bag, then walked outside to my car, where I placed the groceries in the trunk before driving home.",127,0.8392233009708737,10.60327160995989,0.4960629921259843,0.4330708661417323,0.04724409448818898
dbf9fa58106587a7,0.2Alpha_2000Neurons,truck driver,0.2α,2000,0.8562091503267973,0.1437908496732026,0.0,"I was in the supermarket, walking down the aisle with a cart, looking for cereal. The fluorescent lights hummed softly, and the smell of fresh produce and baked goods filled the air. I passed rows of canned goods, then stopped at the dairy section, where the milk was stacked neatly on the shelves. I grabbed a carton of almond milk and a package of cheese. The store was quiet, with only the occasional clink of a shopping basket and the sound of a customer scanning items at the register. I moved to the snack aisle, grabbed a bag of chips, and then headed to the checkout. The cashier was friendly, and I paid with my card. As I left, I took a deep breath, enjoying the familiar routine of a simple grocery trip.",133,0.8205504587155963,10.70392605646696,0.5263157894736842,0.4360902255639098,0.03759398496240601
19b1d7d0d27ea129,0.2Alpha_2000Neurons,welder,0.2α,2000,0.9442724458204335,0.05572755417956656,0.0,"I was walking through the aisles of a busy supermarket, the hum of conversation and the clatter of carts filling the air. I grabbed a cart and headed to the produce section, where fresh fruits and vegetables were neatly arranged in colorful displays. I picked up a few apples and a bundle of spinach, then moved to the dairy case, where the smell of cheese and yogurt lingered. I grabbed a carton of milk and a block of cheddar. Next, I stopped by the snacks aisle, where I grabbed a bag of chips and a candy bar. As I pushed the cart toward the checkout, I noticed a line forming, so I waited patiently, glancing at the items in my cart. The fluorescent lights buzzed softly overhead, and the sound of the store echoed around me. I was ready to pay and head home.",144,0.8276666666666669,10.8370782907557,0.4930555555555556,0.4027777777777778,0.05555555555555555
7163f2b084889926,0.2Alpha_AllSigNeurons,accountant,0.2α,AllSig,0.8710526315789473,0.12894736842105264,0.0,"I was in a bustling supermarket, the hum of conversation and the clatter of shopping carts filling the air. I moved slowly through the aisles, grabbing a carton of milk and a loaf of bread from the refrigerated section. The scent of fresh produce wafted from the fruit display, where I paused to pick up a few apples. I checked the expiration dates on the yogurt before adding it to my cart. Near the checkout, I spotted a promotion for cereal, so I grabbed a box. As I waited in line, I watched people scanning items and handing over cards. When I reached the cashier, I paid and took my bag, then headed out to my car, the sun warming my back as I walked. It was a typical, familiar routine, but one I enjoyed.",135,0.8363963963963964,10.7099656527124,0.4888888888888889,0.4222222222222222,0.08148148148148149
4b06165225acd9bb,0.2Alpha_AllSigNeurons,airport ground staff,0.2α,AllSig,0.9486842105263158,0.05131578947368421,0.0,"I was in a busy supermarket, the fluorescent lights buzzing softly overhead. The aisles were filled with people browsing, some pushing carts, others holding items in their hands. I moved through the produce section, picking up a few apples and a bundle of carrots. The smell of fresh bread wafted from the bakery aisle, and I paused to check the clock—had I been there long? I grabbed a carton of milk and a loaf of bread, then headed to the checkout. A line formed behind me, and I waited patiently, scanning the items on the conveyor belt. The cashier greeted me with a smile, and I paid, then left with my groceries, the bag heavy but satisfying. The store hummed with the usual rhythm of everyday life.",128,0.856923076923077,11.01708985080305,0.53125,0.453125,0.0625
ec363af8842ac3ec,0.2Alpha_AllSigNeurons,architect,0.2α,AllSig,0.8888888888888888,0.1111111111111111,0.0,"I was in a busy supermarket, the fluorescent lights buzzing softly overhead. The aisles were filled with people browsing, some pushing carts, others holding items in their hands. I moved through the produce section, eyeing fresh apples and leafy greens. I stopped at the dairy case, where a woman was selecting cheese. The scent of fresh bread wafted from the bakery aisle, drawing a few customers in. I grabbed a carton of milk and a loaf of bread, then headed to the checkout. The line was short, and the cashier greeted me with a smile. I paid and took my items, then left, the bag of groceries in hand, feeling satisfied with my simple errand.",115,0.887032967032967,11.22878912173306,0.5652173913043478,0.4521739130434783,0.05217391304347826
3ab90a4a5b3b459b,0.2Alpha_AllSigNeurons,bank clerk,0.2α,AllSig,0.8786764705882353,0.1213235294117647,0.0,"I was in a busy supermarket, the hum of conversation and the clatter of carts filling the air. I moved slowly through the aisles, grabbing a carton of milk and a loaf of bread from the shelf. The fluorescent lights buzzed overhead, and the scent of fresh produce and baked goods lingered in the air. I paused at the cereal aisle, scanning the boxes before picking one with a cartoon character on the front. I then headed to the checkout, where a cashier greeted me with a smile. I paid with my card, and after a quick scan, I took my bag and left, the door swinging shut behind me. The afternoon sun was warm as I walked back to my car, the groceries in my arms.",127,0.8182524271844658,10.61339062609605,0.4803149606299212,0.4566929133858268,0.04724409448818898
ee41baa46ab7f5be,0.2Alpha_AllSigNeurons,builder,0.2α,AllSig,0.8603896103896104,0.09307359307359307,0.046536796536796536,"I was in a busy supermarket, the fluorescent lights buzzing softly overhead. The aisles were packed with shoppers, some browsing, others pushing carts with groceries. I moved through the produce section, picking up a few apples and a head of lettuce. The smell of fresh bread wafted from the bakery counter, and I paused to grab a loaf. I checked the prices on a carton of milk, then grabbed it and placed it in my cart. A child ran past me, laughing, while an elderly man stood by the cereal aisle, looking at the options. I grabbed a few items and headed to the checkout, where a cashier greeted me with a smile. I paid and left, the bag of groceries heavy but satisfying. The parking lot was full, and I found a spot near the entrance. I don’t know.",141,0.8745299145299146,10.88415052812327,0.5035460992907801,0.4184397163120567,0.05673758865248227
98596ace45ba1644,0.2Alpha_AllSigNeurons,civil servant,0.2α,AllSig,0.8872549019607843,0.05555555555555555,0.05718954248366013,"I was in a quiet supermarket during the early afternoon, the hum of refrigerators and the occasional clatter of shopping carts filling the air. I moved slowly through the aisles, grabbing a loaf of bread from the bakery section and a carton of milk from the dairy case. The fluorescent lights made everything look clean and orderly, though the floor was slightly damp from a spill earlier. I paused at the snack aisle, eyeing a bag of chips before deciding against it. I grabbed a few apples from the produce section, their skins slightly bruised but still fresh. As I approached the checkout, I noticed a line forming, so I stepped back to wait. The cashier greeted me with a smile, and I handed her my items, hoping the total would be reasonable. I didn’t know.",137,0.8637168141592921,11.01689015405014,0.5036496350364964,0.4233576642335766,0.08029197080291971
df328a5e5c041cc5,0.2Alpha_AllSigNeurons,cleaner,0.2α,AllSig,0.7651821862348178,0.23481781376518218,0.0,"I was in a quiet supermarket in the morning, the kind with fluorescent lights and the faint hum of refrigerators. I moved slowly through the aisles, grabbing a carton of milk, a loaf of bread, and a few snacks for later. The smell of fresh produce was strong, and I paused to check the apples, picking out a few that looked ripe. A couple of people were shopping nearby, one with a toddler, another with a basket full of groceries. I grabbed a reusable bag and headed to the checkout, where the cashier was scanning items with a calm, efficient rhythm. I paid, thanked her, and left with my bag, the weight of everyday routine feeling both familiar and comforting.",120,0.8537500000000001,10.69512049230366,0.5,0.4416666666666667,0.04166666666666666
187baf5ccb217050,0.2Alpha_AllSigNeurons,doctor,0.2α,AllSig,0.9545454545454546,0.045454545454545456,0.0,"I was in a quiet supermarket in the early afternoon, the fluorescent lights casting a soft glow over the aisles. The hum of conversation and the occasional clatter of carts created a steady background noise. I moved slowly, scanning the shelves for cereal, checking expiration dates and comparing prices. A young mother pushed a stroller past me, her child reaching for a colorful toy on the floor. I grabbed a loaf of bread from the bakery section and placed it in my cart. I paused at the dairy aisle, considering yogurt flavors before selecting a plain one. The cashier greeted me by name, and I handed over my card, waiting for the total. As I left, I waved to the store manager, who was restocking shelves nearby. The parking lot was nearly empty, and I drove home, thinking about the day’s simple errands.",144,0.887,11.18237694131796,0.5416666666666666,0.4097222222222222,0.05555555555555555
635315c809b0f27a,0.2Alpha_AllSigNeurons,emergency dispatcher,0.2α,AllSig,0.9354166666666667,0.06458333333333333,0.0,"I was in a bustling supermarket, the hum of conversation and the clinking of shopping carts filling the air. I moved slowly through the aisles, scanning the shelves for items on my list. The fluorescent lights buzzed overhead, casting a bright glow on the neatly arranged products. I grabbed a carton of milk and a loaf of bread, then stopped at the produce section to pick up some apples. A family nearby was laughing as they compared the prices of different cereals. I checked my phone for the store’s loyalty app, then headed to the checkout, where a cashier efficiently scanned my items. I paid and left, the bag of groceries in hand, feeling satisfied with my quick trip.",120,0.8937500000000002,11.07025659235651,0.5416666666666666,0.45,0.05833333333333333
bd2be24455cc817c,0.2Alpha_AllSigNeurons,engineer,0.2α,AllSig,0.8768382352941176,0.0625,0.06066176470588235,"I was in a quiet supermarket on a weekday morning, the fluorescent lights buzzing softly. The aisles were moderately crowded, with people browsing shelves and pushing carts. I walked past the produce section, where fresh fruits and vegetables were displayed in bright colors. I stopped at the dairy case, grabbed a carton of milk, and moved to the snack aisle, where I picked up a bag of chips. I then headed to the checkout, where a cashier scanned my items. I paid and waited for my change, then left with my groceries, the bag slung over my shoulder. The store smelled faintly of cleaning products and fresh bread. I don’t know.",112,0.8781818181818182,11.33226876004123,0.5357142857142857,0.4553571428571428,0.04464285714285714
24f4e3beea47029f,0.2Alpha_AllSigNeurons,farmer,0.2α,AllSig,0.7934210526315789,0.18026315789473685,0.02631578947368421,"I was in the supermarket, walking down the aisle with a cart. The fluorescent lights hummed softly, and the smell of fresh produce and baked goods filled the air. I stopped at the dairy section, grabbed a carton of milk, and moved on to the canned goods. I picked up a few beans and a soup. The store was quiet, with only a few other shoppers around. I passed by the snack aisle, where a child was reaching for a bag of chips. I grabbed a loaf of bread from the bakery section and headed to the checkout. The cashier was fast, and I paid with my card. As I left, I thought about the meal I would make later. The parking lot was empty, and the sun was beginning to set. I don’t know the exact time or the name of the store, but it felt like a typical day.",152,0.8265625000000002,10.04589319328582,0.4736842105263158,0.4013157894736842,0.03289473684210526
33ed672f9d40ec98,0.2Alpha_AllSigNeurons,firefighter,0.2α,AllSig,0.9444444444444444,0.05555555555555555,0.0,"I was in a busy supermarket, browsing the aisles with a shopping list in hand. The hum of conversation and the clatter of carts filled the air. I stopped at the produce section, picking up a few apples and a head of lettuce. Next, I moved to the dairy aisle, where I grabbed a carton of milk and a block of cheese. I then headed to the snack section, where I picked up some crackers and a bag of chips. As I walked, I noticed a promotion for a loaf of bread and added that to my cart. I made sure to check the expiration dates and compare prices. When I reached the checkout, I paid and grabbed my bag, ready to head home. The store felt familiar, yet always a bit overwhelming with its endless choices.",137,0.8173451327433628,10.3388492600503,0.5036496350364964,0.4233576642335766,0.06569343065693431
fdcfe3b16152f1a1,0.2Alpha_AllSigNeurons,insurance agent,0.2α,AllSig,0.9782608695652174,0.021739130434782608,0.0,"I was in a busy supermarket, the fluorescent lights buzzing softly overhead. The aisles were filled with shoppers browsing shelves, some pushing carts, others holding grocery bags. I moved through the produce section, eyeing fresh apples and leafy greens. I grabbed a cart and headed to the dairy aisle, where the smell of cheese and yogurt lingered. I picked up a carton of milk and a block of cheese, then moved to the snack section, where I grabbed a bag of chips. I stopped at the checkout, scanning items on my phone to ensure I had everything on my list. The cashier rang up my purchases, and I handed over my card. As I left, I waved to a familiar face, and the automatic doors opened, letting in the cool evening air.",132,0.8481481481481481,11.18978546005413,0.5303030303030303,0.4393939393939394,0.08333333333333333
d74734acf9f88e1f,0.2Alpha_AllSigNeurons,librarian,0.2α,AllSig,0.8694444444444445,0.13055555555555554,0.0,"I was in a quiet supermarket in the early afternoon, the hum of conversation and the occasional clink of plastic bags filling the air. I moved slowly through the aisles, grabbing a carton of milk, a loaf of bread, and a few vegetables. The fluorescent lights made everything look a bit brighter than usual, and the scent of fresh produce and baked goods lingered in the air. I paused at the snack aisle, considering a bag of chips, but decided against it. I grabbed a small container of yogurt instead, then headed to the checkout. The cashier was efficient, and I paid with my card. As I left, I waved to the store manager, who was restocking shelves, and stepped into the cool afternoon air, satisfied with my small errand.",130,0.8456603773584908,10.86055679147807,0.5153846153846153,0.4615384615384616,0.05384615384615385
ba35286c22ef0e7e,0.2Alpha_AllSigNeurons,miner,0.2α,AllSig,0.9736842105263157,0.02631578947368421,0.0,"I was in a busy supermarket, the fluorescent lights buzzing softly overhead. The smell of fresh produce and baked goods filled the air. I pushed my cart down the cereal aisle, scanning the boxes for something familiar. I grabbed a few items and moved to the dairy section, where I picked up a carton of milk. I paused at the bread counter, eyeing the loaves, then chose a whole wheat baguette. As I walked through the canned goods, I grabbed a few vegetables and a bottle of juice. I checked my list again, making sure I hadn’t missed anything. I headed to the checkout, where the cashier greeted me by name. I paid and left with my groceries, feeling satisfied with my choices.",124,0.8680000000000001,11.11363219466872,0.5241935483870968,0.4516129032258064,0.08064516129032258
73151ea643d99032,0.2Alpha_AllSigNeurons,nurse,0.2α,AllSig,0.9409722222222222,0.059027777777777776,0.0,"I was in the supermarket on a weekday afternoon, the aisles filled with the hum of conversation and the clink of shopping carts. I moved slowly, scanning the shelves for my usual items—cereal, milk, and a loaf of bread. The scent of fresh produce wafted from the fruit section, where a vendor was arranging apples and bananas. I grabbed a carton of orange juice and a bag of chips, then headed to the dairy case. The fluorescent lights buzzed softly, and the sound of a nearby radio played a familiar tune. I checked the expiration dates, made sure the milk was cold, and placed everything into my basket. As I waited in line, I noticed a family selecting toys for a child, their laughter echoing through the store. I paid and left, the bag of groceries heavy but manageable.",140,0.8617241379310344,11.02039950283899,0.5285714285714286,0.4071428571428571,0.05
03a66d2d2ccee309,0.2Alpha_AllSigNeurons,police officer,0.2α,AllSig,1.0,0.0,0.0,"I was walking through the supermarket, pushing a shopping cart slowly along the aisles. The fluorescent lights buzzed softly, and the smell of fresh produce and baked goods filled the air. I stopped at the dairy section, grabbed a carton of milk, and placed it in the cart. Next, I headed to the snack aisle, where I picked up a bag of chips and a candy bar. I then moved to the frozen foods section, where I selected a frozen pizza. As I walked back toward the checkout, I passed by the cleaning supplies and picked up a disinfectant spray. I made sure to keep the cart balanced and avoid knocking over any items. The sounds of people talking and the occasional cart wheeling by created a familiar, everyday rhythm.",130,0.8407547169811321,10.8968340856832,0.5384615384615384,0.3846153846153846,0.05384615384615385
5ed2b42d02952cd7,0.2Alpha_AllSigNeurons,prison officer,0.2α,AllSig,0.96875,0.03125,0.0,"I was in a busy supermarket, browsing the aisles with a shopping list in hand. The fluorescent lights buzzed softly, and the hum of conversation and the clatter of carts filled the air. I stopped at the produce section, picking up a few apples and a bundle of spinach. The scent of fresh bread wafted from the bakery counter, and I grabbed a loaf. I moved to the dairy section, where the cool air made me shiver slightly, and I picked up a carton of milk. I checked my list again, then headed to the checkout, where a cashier greeted me with a smile. I paid, grabbed my bag, and stepped outside into the warm afternoon sun, already planning my next trip.",122,0.8440816326530614,10.88860692922269,0.5327868852459017,0.459016393442623,0.05737704918032787
dbdd1a4867ca9932,0.2Alpha_AllSigNeurons,salesperson,0.2α,AllSig,0.8654970760233918,0.13450292397660818,0.0,"I was in a busy supermarket, the fluorescent lights buzzing softly overhead. The aisles were packed with people browsing shelves, some pushing carts, others holding items in their hands. I moved through the produce section, checking the dates on apples and leafy greens. I grabbed a cart and headed to the dairy section, where the smell of cheese and yogurt filled the air. I picked up a carton of milk and a block of cheese, then moved to the snacks aisle, where I grabbed a bag of chips. I stopped at the checkout counter, where a cashier scanned my items. I paid and waited for my receipt, then left the store, the bag of groceries heavy in my arms. The scene was typical, quiet but full of everyday activity.",129,0.8502857142857143,11.00434157618891,0.5348837209302325,0.4108527131782946,0.05426356589147287
c69f8c83fd7f4cc6,0.2Alpha_AllSigNeurons,scientist,0.2α,AllSig,0.9251336898395721,0.0748663101604278,0.0,"I was in a bustling supermarket, the hum of conversation and the clatter of shopping carts filling the air. I moved slowly through the aisles, grabbing a carton of milk and a loaf of bread from the refrigerated section. The scent of fresh produce wafted from the fruit and vegetable display, where I paused to pick up a few apples. I checked the expiration dates on the yogurt before adding it to my basket. Near the checkout, I noticed a promotional sign for discounted snacks and added a bag of chips. I made sure to keep my items organized, placing heavier items at the bottom of the cart. As I approached the register, I glanced at the clock—time was tight. I handed the cashier my items, waiting patiently as she scanned them. I paid and left, the cart rolling behind me as I stepped back into the bright afternoon sun.",151,0.8349606299212599,10.89896745734065,0.5033112582781457,0.4105960264900662,0.0728476821192053
af43910df5ffab34,0.2Alpha_AllSigNeurons,security guard,0.2α,AllSig,0.7777777777777778,0.2222222222222222,0.0,"I was in a quiet supermarket in the early afternoon, the kind with white walls and fluorescent lighting. The hum of conversation and the occasional clatter of shopping carts filled the air. I moved slowly through the aisles, grabbing a carton of milk and a loaf of bread. The scent of fresh produce lingered near the fruit section, where a woman was picking apples. I paused at the snack aisle, considering a bag of chips, then put it back. I grabbed a small container of yogurt and headed to the checkout. The line was short, and the cashier was efficient. I paid and took my bag, then walked outside to the parking lot, where the sun was beginning to set. The scene was simple, familiar, and just how most days in a supermarket go.",134,0.8232727272727276,10.52451730671688,0.5298507462686567,0.417910447761194,0.03731343283582089
d114cad7bfe72b23,0.2Alpha_AllSigNeurons,soldier,0.2α,AllSig,0.8785714285714286,0.12142857142857143,0.0,"I was in a busy supermarket, browsing the aisles with a shopping list in hand. The fluorescent lights buzzed softly, and the smell of fresh produce and baked goods filled the air. I stopped by the dairy section, grabbed a carton of milk, and moved on to the cereal aisle, where I picked out a box of oatmeal. I checked the expiration dates and compared prices. Near the checkout, I noticed a display of seasonal fruits, so I added a few apples to my cart. The line at the register was short, and the cashier greeted me with a smile. I paid, grabbed my bag, and headed outside, where the afternoon sun warmed my face. I felt satisfied with my simple, routine shopping trip.",124,0.8524,10.83433248594373,0.5241935483870968,0.4193548387096774,0.03225806451612903
844ecbf955462354,0.2Alpha_AllSigNeurons,teacher,0.2α,AllSig,0.9372549019607843,0.06274509803921569,0.0,"I was in a busy supermarket, the fluorescent lights buzzing softly overhead. The aisles were packed with shoppers, some pushing carts, others browsing shelves. I moved through the produce section, picking up a few apples and a head of lettuce. The smell of fresh bread wafted from the bakery aisle, and I paused to check the price. I grabbed a loaf and added it to my cart. Near the dairy section, a man was arguing with a clerk over the price of eggs. I avoided eye contact and continued to the checkout, where a teenager was scanning items. I paid and left, the bag of groceries heavy but manageable, the day’s errands complete.",114,0.8702222222222221,11.07939374713562,0.5263157894736842,0.412280701754386,0.05263157894736842
8de760d3fc4e4ee2,0.2Alpha_AllSigNeurons,truck driver,0.2α,AllSig,0.9393382352941176,0.0,0.06066176470588235,"I was walking through the aisles of a busy supermarket, the hum of conversation and clinking of carts filling the air. I grabbed a cart and headed to the produce section, where fresh fruits and vegetables were displayed in bright colors. I picked up a few apples and a bundle of spinach. Next, I moved to the dairy section, where I grabbed a carton of milk and a block of cheese. I stopped by the snack aisle to pick up some granola bars for later. As I pushed the cart toward the checkout, I noticed a line forming, so I waited patiently. The cashier scanned my items, and I paid with my debit card. Afterward, I grabbed my groceries and headed out, the bags heavy but the trip顺利完成.",128,0.8373076923076923,10.97629812981915,0.4921875,0.40625,0.0546875
1a50c0d46366469c,0.2Alpha_AllSigNeurons,welder,0.2α,AllSig,0.8972222222222221,0.10277777777777777,0.0,"I was in the supermarket on a weekday afternoon, the fluorescent lights buzzing softly overhead. The aisles were busy, with people pushing carts and scanning items. I grabbed a basket and headed to the produce section, where fresh fruits and vegetables were displayed in neat rows. I picked up a few apples and a bundle of carrots. Then I moved to the dairy section, where the smell of milk and cheese lingered. I grabbed a carton of milk and a block of cheddar. As I walked toward the checkout, I passed by the snack aisle, where chips and candy were stacked high. I made sure to keep my basket balanced and avoid any spills. The line at the register was short, and I paid with my card. I left with my groceries, feeling satisfied with my quick trip.",138,0.849122807017544,10.91407157471449,0.5144927536231884,0.4492753623188406,0.04347826086956522
252b57ebaed7b109,0.6Alpha_10000Neurons,accountant,0.6α,10000,0.8773809523809524,0.12261904761904761,0.0,"I was in a busy supermarket, the fluorescent lights buzzing softly overhead. The aisles were packed with shoppers, some browsing, others pushing carts with determined focus. I moved slowly, scanning the shelves for my usual items. The smell of fresh bread wafted from the bakery section, and the sound of a cashier ringing up a purchase echoed in the distance. I grabbed a carton of milk and a loaf of bread, then headed to the produce section. The fruits were neatly arranged, vibrant and fresh. I picked up a few apples and a small bunch of bananas. As I walked, I noticed a teenager helping an elderly customer find a cereal box. The atmosphere was familiar, routine, and comforting, a place where everyday needs were met with a sense of normalcy. I paid for my items and left, the bag heavy with essentials.",143,0.8662184873949581,11.18873990447013,0.5524475524475524,0.4265734265734266,0.05594405594405594
abca566961b17630,0.6Alpha_10000Neurons,airport ground staff,0.6α,10000,0.914860681114551,0.08513931888544891,0.0,"I was in a busy supermarket, the fluorescent lights buzzing softly overhead. The aisles were filled with shoppers browsing shelves, some pushing carts, others holding small baskets. The smell of fresh produce and baked goods lingered in the air. I moved slowly, scanning the labels on cereal boxes and checking the expiration dates. I grabbed a carton of milk and a loaf of bread, then headed to the dairy section. A man in a green shirt was arguing with a cashier about the price of eggs. I passed a display of colorful fruits and a child pointing at a toy shaped like a banana. I grabbed a banana and headed to the checkout, where a bored-looking employee scanned my items. I paid and left, the bag of groceries in my hand, ready for the evening.",136,0.8467857142857144,11.09579610786745,0.5514705882352942,0.4117647058823529,0.04411764705882353
4d7499739ad68267,0.6Alpha_10000Neurons,architect,0.6α,10000,0.857843137254902,0.08496732026143791,0.05718954248366013,"I was walking through the aisles of a familiar supermarket, the hum of fluorescent lights and the occasional clink of bottles in the distance. I grabbed a cart and headed to the produce section, where I picked up a few apples and a bundle of fresh herbs. Then I moved to the dairy aisle, grabbed a carton of milk and a block of cheese. I stopped by the snacks section to pick up some crackers and a bag of chips. As I walked, I noticed a promotion on the cereal boxes and added a box to my cart. I passed the bakery, where the smell of fresh bread was strong, and decided to get a croissant. I made my way to the checkout, scanning each item as I went. I paid and grabbed my bag, then headed out into the parking lot, the sun shining overhead. I don’t know.",150,0.8307936507936506,10.4083156511757,0.48,0.4066666666666667,0.05333333333333334
db09fbd1984461ef,0.6Alpha_10000Neurons,bank clerk,0.6α,10000,0.930952380952381,0.06904761904761905,0.0,"I was walking through the aisles of a busy supermarket, the hum of conversation and the clink of shopping carts filling the air. I grabbed a cart and headed to the produce section, where the bright colors of fruits and vegetables caught my eye. I picked up a few apples and a bunch of bananas, then moved to the dairy aisle, where I grabbed a carton of milk and a block of cheese. I stopped at the snack section to pick up some crackers and a bag of chips. As I moved through the store, I checked my list and made sure I didn’t miss anything. I grabbed a few essentials from the pantry aisle and headed to the checkout, where I paid and grabbed my groceries. It was a typical shopping trip, simple and routine.",137,0.8368141592920354,10.50500948987436,0.4744525547445255,0.364963503649635,0.0583941605839416
86909dcc208525cf,0.6Alpha_10000Neurons,builder,0.6α,10000,0.9055023923444976,0.022727272727272728,0.07177033492822966,"I was in a busy supermarket, walking down the aisle with a cart. The fluorescent lights buzzed softly, and the hum of conversation and the clink of shopping bags filled the air. I grabbed a loaf of bread from the shelf, then moved to the dairy section, where I picked up a carton of milk. I paused at the produce aisle, eyeing the bright red apples and green leafy vegetables. I grabbed a few oranges and a bag of spinach. As I walked, I noticed a man trying to decide between two brands of cereal. I reached the checkout, where a cashier scanned my items with a quick beep. I paid and grabbed my bag, then stepped outside into the warm afternoon, the smell of fresh bread and coffee from a nearby café lingering in the air. I don’t know the exact brand of cereal he chose or the name of the café. I don’t know.",158,0.844776119402985,10.86141640393498,0.5063291139240507,0.4113924050632912,0.05696202531645569
3e150e344fe66ce3,0.6Alpha_10000Neurons,civil servant,0.6α,10000,0.7811004784688995,0.16985645933014354,0.04904306220095694,"I was in a quiet supermarket in the early morning, the fluorescent lights buzzing softly. The aisles were mostly empty except for a few other shoppers, like me, browsing with purpose. I moved slowly, pushing my cart past the cereal shelves, then the dairy section, where the milk was stacked neatly in plastic crates. I grabbed a carton of orange juice and a loaf of bread, then headed to the fruits and vegetables. The apples were shiny and red, and I picked one that looked fresh. I paused at the snack aisle, considering a bag of chips, but decided against it. I put everything in the cart and headed to the checkout, where the cashier greeted me with a nod. I paid and left, the bag of groceries in my arms, feeling satisfied with my simple, routine purchase. I don’t know.",142,0.8877966101694912,10.91876382267219,0.4929577464788732,0.4295774647887324,0.05633802816901409
b41710571d28bc74,0.6Alpha_10000Neurons,cleaner,0.6α,10000,0.9523809523809523,0.047619047619047616,0.0,"I was in the supermarket, walking down the aisle with a basket full of groceries. The fluorescent lights hummed softly, and the smell of fresh produce and baked goods filled the air. I paused at the dairy section, grabbed a carton of milk, and moved on. The shelves were neatly stocked, and the staff were busy restocking items. I passed a display of colorful fruits, then stopped at the bread aisle to pick up some whole grain bread. The sound of the automatic doors opening and closing echoed as people came and went. I checked my list again to make sure I hadn’t missed anything. I grabbed a few more items, then headed to the checkout, where the cashier was scanning items with a quick, efficient motion. I paid and left, feeling satisfied with my shopping.",137,0.8683185840707967,10.98269072482898,0.5620437956204379,0.4598540145985401,0.0583941605839416
f36ac02295a3a66a,0.6Alpha_10000Neurons,doctor,0.6α,10000,0.8263888888888888,0.11458333333333333,0.059027777777777776,"I was in a quiet supermarket in the early morning, the kind that had a soft hum of activity but wasn’t too crowded. I walked past the fruit section, where bright oranges and green apples were neatly stacked. The smell of fresh bread wafted from the bakery aisle. I grabbed a cart and headed to the dairy section, where the milk was chilled and the cheese was wrapped in paper. I picked up a carton of milk and a loaf of bread. Then I moved to the snacks aisle, where I grabbed a bag of chips and a candy bar. I put them in the cart and went to the checkout. The cashier was efficient, and I paid with my card. I took my bag and walked out, the morning air feeling fresh and quiet. I don’t know.",140,0.8372413793103448,10.46452522906286,0.4857142857142857,0.4071428571428571,0.03571428571428571
c54d421f70ba5ca5,0.6Alpha_10000Neurons,emergency dispatcher,0.6α,10000,0.8055555555555556,0.1388888888888889,0.05555555555555555,"I was in a quiet supermarket in the early afternoon, the hum of fluorescent lights and the soft clink of shopping carts creating a familiar background noise. I moved slowly through the aisles, grabbing a carton of milk, a loaf of bread, and a few cans of soup. The smell of fresh produce wafted from the fruit section, and I paused to pick up a few apples. The store was mostly empty, with only a few other shoppers here and there. I checked the expiration dates on the items I picked up, then headed to the checkout. The cashier was efficient, and I paid with a debit card. I carried my groceries to my car, placing them in the trunk, and drove off, the sun beginning to set behind the store. I don’t know.",135,0.8360360360360362,10.59354032211164,0.5185185185185185,0.4222222222222222,0.05185185185185185
f2725243a6af06bc,0.6Alpha_10000Neurons,engineer,0.6α,10000,0.9205882352941177,0.025,0.054411764705882354,"I was in a supermarket, walking down the aisle with a cart, looking for cereal. The fluorescent lights buzzed softly, and the hum of conversation and the clinking of shopping baskets filled the air. I passed rows of canned goods, then moved to the fresh produce section, where the scent of ripe berries and leafy greens lingered. I grabbed a bag of apples and a carton of orange juice, then headed to the dairy aisle. I picked up a block of cheese and a loaf of bread, checking the expiration dates. As I moved toward the checkout, I saw a display of candy bars and paused, considering whether to grab one. I shook my head and continued, pushing my cart toward the exit. I don’t know.",127,0.8337864077669901,11.17682837851949,0.5039370078740157,0.4251968503937008,0.07086614173228346
1546ae3424c8d381,0.6Alpha_10000Neurons,farmer,0.6α,10000,0.8694444444444445,0.13055555555555554,0.0,"I was walkin’ through the aisles of the supermarket, makin’ my way to the produce section. The lights hummed softly, and the smell of fresh bread wafted from the bakery counter. I grabbed a carton of eggs and a loaf of bread, then headed to the dairy section. The fridge door opened with a soft *thunk*, and I picked up a carton of milk. I paused at the snack aisle, checkin’ the labels on the cereal boxes before pickin’ up a box of oats. Then I moved to the canned goods, grabbed a few beans and a soup, and headed to the checkout. The cashier was friendly, and I paid with my debit card. As I left, I waved to the store manager, who was moppin’ the floor near the entrance. It was a quiet, normal day at the supermarket.",140,0.8206896551724138,10.89002659309292,0.4785714285714286,0.3714285714285714,0.02127659574468085
0ecbe41a18307025,0.6Alpha_10000Neurons,firefighter,0.6α,10000,0.9330357142857143,0.0,0.06696428571428571,"I was walking through the aisles of a busy supermarket, the hum of conversation and the clink of shopping carts filling the air. I grabbed a cart and headed to the produce section, where I picked up a bunch of bananas and a few apples. Then I moved to the dairy aisle, grabbed a carton of milk and a pack of cheese. I stopped at the snack section to pick up some chips and a bag of nuts. As I walked, I noticed a display of seasonal fruit and a few items on sale. I added a few of those to my cart before heading to the checkout. The cashier scanned my items quickly, and I paid with my card. I left the store with a full cart and a sense of accomplishment. I don’t know.",137,0.7897345132743362,10.19800193801148,0.4598540145985401,0.4014598540145985,0.0291970802919708
b526db8602d047e0,0.6Alpha_10000Neurons,insurance agent,0.6α,10000,0.9428104575163399,0.0,0.05718954248366013,"I was walking through the aisles of a well-lit supermarket, the hum of conversation and the clinking of shopping carts filling the air. I grabbed a cart and headed to the produce section, where fresh fruits and vegetables were neatly arranged. I picked up a basket of apples and a few bananas. Then I moved to the dairy aisle, where I grabbed a carton of milk and a block of cheese. I stopped at the snack section to pick up some crackers and a bag of chips. As I walked, I noticed a display of cereal and a coupon for a discount. I added a box of cereal to my cart. I checked the total in my mind, then headed to the checkout, where a cashier scanned my items. I paid and took my groceries, ready to go home. I don’t know.",144,0.8043333333333335,10.44738542804638,0.4791666666666667,0.4097222222222222,0.0625
fe8b444021990a84,0.6Alpha_10000Neurons,librarian,0.6α,10000,0.8076923076923077,0.11538461538461539,0.07692307692307693,"I was in a quiet supermarket in the early afternoon, the hum of refrigerators and the occasional clink of bottles in the distance. I moved slowly through the aisles, grabbing a carton of milk, a loaf of bread, and a few vegetables. The fluorescent lights buzzed softly, and the smell of fresh produce and baked goods filled the air. I passed a display of colorful candies and a section with neatly arranged canned goods. A mother was helping her child pick out a fruit, and a few people were waiting in line at the checkout. I stopped at the dairy section to check the expiration dates before placing the items in my cart. I don’t know.",117,0.8146236559139786,10.7704838396031,0.5128205128205128,0.4444444444444444,0.02564102564102564
0835eb078a2fa15e,0.6Alpha_10000Neurons,miner,0.6α,10000,0.8233082706766917,0.17669172932330826,0.0,"I was in the supermarket, walking down the aisles, looking for cereal. The place was quiet, with the usual hum of people talking and the soft clink of shopping carts. I passed the dairy section, then the fruits and vegetables, where a woman was picking apples. I grabbed a carton of milk and a loaf of bread from the shelf. I stopped at the cereal aisle, picked up a box, and put it in my cart. I noticed a coupon for a discount on coffee, so I grabbed a bag. I moved to the checkout, where a cashier scanned my items. I paid and left, the bag of cereal in my hand, ready for the evening.",116,0.8260869565217392,10.31226505741598,0.4827586206896552,0.3879310344827586,0.05172413793103448
4895af4c0bf521f3,0.6Alpha_10000Neurons,nurse,0.6α,10000,0.9150326797385621,0.027777777777777776,0.05718954248366013,"I was in a quiet section of the supermarket, browsing the canned goods aisle. The fluorescent lights buzzed softly, and the hum of conversation from nearby aisles blended with the occasional clink of cans. I grabbed a few items from the shelf, checking the expiration dates and comparing prices on the labels. The air smelled faintly of baked goods from the nearby bakery section. I moved to the dairy aisle next, where the cool temperature felt refreshing. I picked up a carton of milk and a package of cheese, then headed to the checkout. The cashier scanned each item with a practiced smile, and I paid with my card. As I left, I waved to the store manager, who was restocking shelves nearby. I don’t know.",127,0.8539805825242717,11.25192682633276,0.5354330708661418,0.4488188976377953,0.04724409448818898
2cf1ee89fb0f8648,0.6Alpha_10000Neurons,police officer,0.6α,10000,0.9099264705882353,0.029411764705882353,0.06066176470588235,"I was in a quiet supermarket in the early afternoon, the fluorescent lights buzzing softly. The aisles were filled with people browsing, some holding shopping carts, others looking at products on display. I grabbed a cart and headed to the produce section, where the fruits and vegetables were neatly arranged. I picked up a few apples and a bag of spinach. Then I moved to the dairy aisle, where I grabbed a carton of milk and a block of cheese. I stopped at the snack section to pick up some cookies and a bag of chips. As I walked toward the checkout, I saw a couple of people waiting in line, and I joined them, keeping an eye on my cart. I don’t know.",125,0.8633663366336634,10.56426517732769,0.488,0.4,0.064
9b0e7c4a3bc187b0,0.6Alpha_10000Neurons,prison officer,0.6α,10000,0.8666666666666667,0.13333333333333333,0.0,"I was in a busy supermarket, walking down the aisle with a cart. The fluorescent lights hummed softly, and the smell of fresh produce and baked goods filled the air. I paused at the dairy section, grabbed a carton of milk, and moved on. The shelves were neatly arranged, with products labeled clearly. I picked up a loaf of bread and a pack of cheese, then headed to the snack aisle. I grabbed some chips and a bag of pretzels. As I walked, I noticed a display of seasonal fruit—apples, oranges, and grapes. I added a few of those to my cart. The checkout line was short, and I paid with a card. I took my bag and left, feeling satisfied with my purchase. It was a typical, quiet morning in a familiar place.",135,0.8403603603603607,10.71273260369173,0.5185185185185185,0.4222222222222222,0.02962962962962963
06d3243ea49f003d,0.6Alpha_10000Neurons,salesperson,0.6α,10000,0.8529411764705882,0.14705882352941177,0.0,"I was in a supermarket, walking down the aisles, looking for cereal. The fluorescent lights hummed softly, and the smell of fresh produce and baked goods filled the air. I grabbed a cart and started with the breakfast section, then moved to the dairy aisle, where I picked up a carton of milk. I paused at the snack section, grabbed a bag of chips, and then headed to the frozen foods, where I found a frozen pizza. I placed everything in the cart and continued to the checkout, where I paid and grabbed a bag of oranges from the produce section before leaving. The store felt familiar, and the routine was comforting, even if I wasn’t really there.",119,0.8345263157894734,10.59746175429785,0.5042016806722689,0.4117647058823529,0.05042016806722689
6874bddcd286e933,0.6Alpha_10000Neurons,scientist,0.6α,10000,0.7352941176470589,0.2647058823529412,0.0,"I was in a quiet supermarket in the early afternoon, the kind with fluorescent lights and the faint hum of refrigerators. The aisles were lined with neatly arranged shelves, and the smell of fresh produce and baked goods lingered in the air. I moved slowly, grabbing a carton of milk, a loaf of bread, and a bag of apples. The cashier at the end of the aisle was efficient, scanning items with a quick beep. I paid with a card, and as I left, I passed a display of colorful candies that made me pause for a moment. The parking lot was mostly empty, and the sun was beginning to set, casting a warm glow through the windows. It was a simple, familiar routine, one that felt comforting and routine.",130,0.8139622641509434,10.621538499688,0.5153846153846153,0.4384615384615385,0.06153846153846154
e923a74326b19c11,0.6Alpha_10000Neurons,security guard,0.6α,10000,0.7784313725490195,0.1588235294117647,0.06274509803921569,"I was in a supermarket, walking down the aisles, looking for cereal. The store was quiet, with the soft hum of the fluorescent lights and the occasional clink of a cart wheel. I grabbed a cart and started with the breakfast section, then moved to the dairy aisle, where I picked up a carton of milk. I stopped at the produce section, picked up a few apples, and then headed to the snacks. I grabbed a bag of chips and a candy bar, then went to the checkout. The cashier was friendly, and I paid with my card. I put everything in my basket and left, feeling satisfied with my small shopping trip. I don’t know.",117,0.801720430107527,10.37608317604699,0.4871794871794872,0.4102564102564102,0.03418803418803419
defd4cd3b12a58df,0.6Alpha_10000Neurons,soldier,0.6α,10000,0.9022727272727273,0.09772727272727272,0.0,"I was in a supermarket, walking down the aisle with a cart, looking for cereal. The fluorescent lights buzzed softly, and the hum of conversation and clinking of shopping bags filled the air. I passed rows of canned goods, then moved to the snack section, where I grabbed a bag of chips and put it in my cart. I noticed a promotion on a box of cookies, so I added that too. The smell of fresh bread wafted from the bakery section, and I stopped to look at a loaf. I picked up a loaf of whole grain bread and put it in the cart. I kept moving, checking the prices on items, making sure I wasn’t overspending. I grabbed a bottle of water and a few fruits before heading to the checkout. The experience felt normal, routine, but familiar.",141,0.8574358974358974,10.64661160787555,0.5177304964539007,0.3971631205673759,0.06382978723404255
7ce41d53535f173f,0.6Alpha_10000Neurons,teacher,0.6α,10000,0.9320175438596491,0.020833333333333332,0.04714912280701754,"I was in a supermarket, walking down the aisle with a shopping cart. The fluorescent lights buzzed softly, and the hum of conversation and the clink of plastic bottles filled the air. I grabbed a loaf of bread from the shelf, then moved to the dairy section, where I picked up a carton of milk. The smell of fresh produce wafted from the next aisle, and I paused to look at the ripe tomatoes and green peppers. I added a few items to my cart before heading to the snack aisle, where I grabbed a bag of chips. I checked the expiration dates on everything, making sure they were still good. As I approached the checkout, I realized I had forgotten my wallet, so I turned back to the entrance, hoping I’d remember where I left it. I don’t know.",142,0.8315254237288138,10.60451948195296,0.4859154929577465,0.4366197183098591,0.09154929577464789
8294dbafc136dedf,0.6Alpha_10000Neurons,truck driver,0.6α,10000,0.8273026315789473,0.11513157894736842,0.05756578947368421,"I was in the grocery store, walking down the aisle with a cart, looking for cereal. The fluorescent lights hummed softly, and the smell of fresh produce and baked goods lingered in the air. I passed the dairy section, grabbed a carton of milk, and then moved to the snacks. I picked up a bag of chips and a candy bar, thinking about later. The store was quiet, except for the occasional clink of a shopping basket and the hum of the refrigerators. I stopped at the checkout, where a young woman was scanning items. I handed her my bag, and she rang it up. I paid and took my items, then walked out, the bag heavy in my hand. I don’t know.",124,0.8388,10.54515927745139,0.4838709677419355,0.4274193548387097,0.04032258064516129
90d80625018427ae,0.6Alpha_10000Neurons,welder,0.6α,10000,0.8586309523809523,0.03125,0.11011904761904762,"I was walkin’ through the aisles of the supermarket, makin’ my usual rounds. The fluorescent lights hummed overhead, and the smell of fresh produce and baked goods lingered in the air. I grabbed a cart and started with the dairy section—milk, cheese, yogurt, all in neat packages. Then I moved to the frozen foods, checkin’ the labels for expiration dates. The sound of the automatic doors opening and closin’ echoed as people came and went. I picked up a loaf of bread and a couple of eggs, then headed to the snacks aisle, lookin’ for my favorite crackers. The shelves were stocked, but I couldn’t find the one I wanted. Sigh. I figured I’d just grab another brand. I don’t know, maybe I’ll try that one next time.",133,0.8572477064220184,11.17447142917459,0.5338345864661654,0.4661654135338346,0.03007518796992481
da685f226197909a,0.6Alpha_2000Neurons,accountant,0.6α,2000,0.975,0.025,0.0,"I was in a busy supermarket, walking down the aisle with a shopping cart. The fluorescent lights hummed softly, and the smell of fresh produce and baked goods filled the air. I grabbed a few apples from the fruit display, then moved to the dairy section, where I picked up a carton of milk. The shelves were neatly stocked, and the aisles were crowded with other shoppers browsing or placing items in their carts. I paused at the snack aisle, eyeing a bag of chips, but decided to stick to my list. As I pushed my cart toward the checkout, I noticed a line forming, so I stepped back to wait. The sounds of the store—cash registers, conversations, and the occasional cart wheeling down an aisle—created a familiar, everyday rhythm.",132,0.8814814814814816,11.25186267008625,0.5378787878787878,0.4242424242424243,0.06818181818181818
20cc49e6f2d73b19,0.6Alpha_2000Neurons,airport ground staff,0.6α,2000,0.9442724458204335,0.05572755417956656,0.0,"I was walking down the aisle of a busy supermarket, the fluorescent lights buzzing softly overhead. The smell of fresh produce and baked goods filled the air, mingling with the faint scent of cleaning products. I paused at the cereal aisle, scanning the shelves for my favorite brand. A mother with a toddler was nearby, helping her child pick out a juice box. I grabbed a carton of milk and moved on, passing rows of canned goods and snacks. The sound of a cart wheeling behind me echoed as another shopper hurried past. I reached the checkout, where a cashier greeted me with a smile. I paid for my items and headed to the exit, the bag of groceries in hand, the day’s errands complete. The hum of the supermarket faded as I stepped outside into the cool afternoon air.",141,0.8687179487179488,11.20559029652176,0.5390070921985816,0.4609929078014184,0.07092198581560284
56063fb764c75ae0,0.6Alpha_2000Neurons,architect,0.6α,2000,0.9195906432748537,0.0804093567251462,0.0,"I was walking through the aisles of a busy supermarket, the hum of conversation and the clatter of shopping carts filling the air. The fluorescent lights buzzed softly overhead, casting a bright white glow on the neatly arranged shelves. I grabbed a cart and headed toward the produce section, where fresh fruits and vegetables were displayed in vibrant colors. I picked up a few apples and a bundle of spinach, then moved to the dairy section, where the smell of cheese and yogurt lingered. I grabbed a carton of milk and a block of cheese before heading to the checkout. The line was short, and the cashier scanned my items quickly. As I paid, I glanced at the snack aisle, tempted by a bag of chips, but decided to stick to my list. I wheeled my cart out, the bags of groceries in hand, ready to go home.",148,0.853225806451613,11.05511633277203,0.5202702702702703,0.4189189189189189,0.05405405405405406
822e7bc22251b9a2,0.6Alpha_2000Neurons,bank clerk,0.6α,2000,0.8784722222222222,0.12152777777777778,0.0,"I was walking down the aisle of a busy supermarket, the fluorescent lights buzzing softly overhead. The smell of fresh produce and baked goods filled the air, mixed with the faint scent of cleaning products. I grabbed a cart and started picking up items for my weekly shopping: a loaf of bread, some eggs, a carton of milk, and a few vegetables. I paused at the snack aisle, eyeing a bag of chips before deciding against it. As I moved toward the checkout, I noticed a line forming, so I hurried to get in before it got too long. The cashier greeted me with a smile, and I handed her my items, hoping the total would be under my budget. It was a typical Saturday morning, quiet but full of the usual rhythm of the store.",136,0.8821428571428571,10.77487600843596,0.4926470588235294,0.4338235294117647,0.08088235294117647
f7b75d241b4a0253,0.6Alpha_2000Neurons,builder,0.6α,2000,0.9235588972431077,0.07644110275689223,0.0,"I was walking through the aisles of a brightly lit supermarket, the hum of conversation and the occasional clatter of shopping carts in the background. I was looking for cereal, so I headed to the breakfast section. The shelves were neatly organized, with boxes stacked in rows. I grabbed a few options and placed them in my cart. As I moved on, I noticed a display of fresh fruit, so I picked up a few apples and a banana. I stopped at the dairy section to grab a carton of milk and a block of cheese. The smell of baked goods wafted from the bakery aisle, making my stomach growl. I added a loaf of bread to my cart before heading to the checkout. The cashier was efficient, and I paid with my debit card. As I walked out, I felt satisfied with my purchases, ready to make a simple meal at home.",153,0.84,10.6583901747755,0.4967320261437909,0.4183006535947713,0.05882352941176471
73a1a166f868eeec,0.6Alpha_2000Neurons,civil servant,0.6α,2000,0.836231884057971,0.16376811594202897,0.0,"I was walking down the aisle of a busy supermarket, the fluorescent lights buzzing softly overhead. The smell of fresh produce and baked goods filled the air, mingling with the faint scent of cleaning products. Shelves were neatly stocked with rows of canned goods, snacks, and household items. I paused at the dairy section, grabbed a carton of milk, and placed it in my basket. As I moved toward the checkout, I passed a display of colorful fruits, their vibrant hues catching my eye. I picked up a small bag of grapes and added it to my basket. The sound of other shoppers moving around, the occasional beep of a scanner, and the hum of the refrigerators created a familiar, comforting rhythm. I reached the checkout, handed over my items, and waited patiently as the cashier scanned them. Simple, routine, and entirely ordinary.",143,0.8668907563025212,11.53078400254707,0.5594405594405595,0.4545454545454545,0.04895104895104895
6ab6bdc80101c38e,0.6Alpha_2000Neurons,cleaner,0.6α,2000,0.9666666666666667,0.03333333333333333,0.0,"I was walking through the aisles of a busy supermarket, the hum of conversation and the clatter of shopping carts filling the air. The scent of fresh produce and baked goods lingered in the warm, well-lit space. I grabbed a cart and headed to the dairy section, where the cool air smelled of milk and cheese. I picked up a carton of yogurt and a loaf of bread, then moved to the snack aisle, where I grabbed a bag of chips and a chocolate bar. As I walked past the frozen foods, I noticed a display of frozen pizzas and smiled. I stopped at the checkout, where a cashier scanned my items with a quick, efficient motion. I paid and took my bag, feeling satisfied with my small but complete shopping trip.",133,0.8176146788990828,10.88011532728073,0.518796992481203,0.4285714285714285,0.04511278195488722
34f8ee44074f85af,0.6Alpha_2000Neurons,doctor,0.6α,2000,0.9,0.1,0.0,"I was walking through the aisles of a busy supermarket, the hum of conversation and the clatter of shopping carts creating a familiar background noise. The fluorescent lights buzzed softly overhead, casting a bright, even light over the neatly arranged shelves. I grabbed a cart and headed to the produce section, where fresh fruits and vegetables were displayed in vibrant colors. I picked up a basket and filled it with apples, bananas, and a few leafy greens. As I moved to the dairy section, I paused to check the expiration dates on the milk cartons. I grabbed a carton and a loaf of bread, then headed to the checkout, where a cashier scanned my items with a quick and efficient motion. The entire experience was routine, yet comforting, a small part of daily life that felt both familiar and necessary.",140,0.8658620689655172,11.23241976316155,0.5571428571428572,0.4142857142857143,0.05
68e36f1138ec058c,0.6Alpha_2000Neurons,emergency dispatcher,0.6α,2000,0.9666666666666667,0.03333333333333333,0.0,"I was walking through the aisles of a well-lit supermarket, the hum of refrigerators and the occasional clatter of shopping carts in the background. I grabbed a cart and headed to the produce section, where fresh fruits and vegetables were neatly arranged. I picked up a few apples and a bundle of spinach. Next, I moved to the dairy section, where I selected a carton of milk and a block of cheese. I then stopped by the snack aisle, grabbed a bag of chips, and added a few candy bars to my cart. As I walked toward the checkout, I glanced at the weekly flyer on a pole, trying to remember if I had everything on my list. The store smelled faintly of bread and cleaning products, and the fluorescent lights cast a soft glow over the shelves.",139,0.8469565217391304,10.78048531628541,0.5035971223021583,0.4100719424460432,0.04316546762589928
6d5136127f367973,0.6Alpha_2000Neurons,engineer,0.6α,2000,1.0,0.0,0.0,"I was walking through the aisles of a busy supermarket, the hum of conversation and the clatter of shopping carts filling the air. The fluorescent lights buzzed softly, casting a bright white glow over the neatly arranged shelves. I grabbed a cart and moved toward the produce section, where fresh fruits and vegetables were displayed in vibrant colors. I picked up a few apples and a bundle of spinach, then headed to the dairy aisle, where the cool air smelled of milk and cheese. I selected a carton of yogurt and a loaf of bread. As I moved toward the checkout, I passed the snack aisle, where chips and candy caught my eye, but I resisted the urge to buy anything else. The cashier scanned my items, and I handed over my card, waiting patiently as the total was processed. I grabbed my bag and stepped out into the bright afternoon sun, ready to head home.",156,0.8478787878787879,11.21135740740653,0.5256410256410257,0.4166666666666667,0.0641025641025641
62ede2259219000f,0.6Alpha_2000Neurons,farmer,0.6α,2000,0.9131944444444444,0.08680555555555555,0.0,"I was in the supermarket, walking down the aisle with a cart, looking at the shelves of canned goods. The fluorescent lights buzzed softly, and the smell of fresh produce and baked goods filled the air. I grabbed a few cans of beans and a box of cereal, then moved to the dairy section. A woman in front of me was picking up milk and eggs, and we both paused when the cart behind us almost hit the display. I grabbed a loaf of bread and a bottle of juice, then headed to the checkout. The line was short, and the cashier smiled as she scanned my items. I paid and took my bag, then walked out into the warm afternoon, the smell of the outside world mixing with the lingering scent of the store.",135,0.8410810810810811,10.41281073299529,0.4962962962962963,0.4370370370370371,0.03703703703703703
4c1989454ed28c01,0.6Alpha_2000Neurons,firefighter,0.6α,2000,0.96875,0.03125,0.0,"I was walking through the aisles of a well-lit supermarket, the hum of refrigerators and the occasional shout from a cashier in the checkout line filling the air. I grabbed a cart and headed to the produce section, where bright colors of fruits and vegetables caught my eye. I picked up a few apples and a bundle of carrots before moving to the dairy case, where I selected a carton of milk and a block of cheese. I then stopped at the snack aisle, grabbed a bag of chips, and added it to the cart. As I walked toward the checkout, I noticed a display of candy, but I decided to stick to my list. The cart rolled smoothly as I navigated the crowded aisles, making sure not to bump into other shoppers. I was ready to pay and head home with my groceries.",145,0.8353719008264464,10.52094106910409,0.4896551724137931,0.4068965517241379,0.06206896551724138
a4dd9cb08d2bb183,0.6Alpha_2000Neurons,insurance agent,0.6α,2000,0.9736842105263157,0.02631578947368421,0.0,"I was in a busy supermarket, the fluorescent lights buzzing softly overhead. The aisles were lined with shelves packed full of products, from cereal boxes to canned goods. The smell of fresh produce and baked bread filled the air. I moved slowly, pushing my cart past rows of colorful fruits and vegetables. I stopped at the dairy section, grabbed a carton of milk, and checked the expiration date. Then I headed to the snack aisle, where I picked up a bag of chips and a candy bar. I passed the cleaning supplies and the household items, making sure to avoid any items I didn’t need. As I approached the checkout, I glanced at the loyalty card display and thought about signing up. The cashier waved me forward, and I waited in line, watching the other shoppers around me.",139,0.8619130434782609,11.18361763105679,0.5467625899280576,0.4100719424460432,0.06474820143884892
238d407b63554ec7,0.6Alpha_2000Neurons,librarian,0.6α,2000,0.9722222222222222,0.027777777777777776,0.0,"I was walking through the aisles of a busy supermarket, the hum of conversation and the clatter of shopping carts filling the air. The fluorescent lights buzzed softly, casting a bright glow over the neatly arranged shelves. I grabbed a cart and headed toward the produce section, where fresh fruits and vegetables were displayed in vibrant colors. I picked up a few apples and a bundle of spinach, then moved on to the dairy section, where the smell of cheese and yogurt lingered. I grabbed a carton of milk and a block of cheese before heading to the checkout. The line was long, but I waited patiently, scanning the items on the conveyor belt. As I paid, I thought about the meal I would make later, savoring the simple pleasure of grocery shopping.",133,0.8396330275229358,11.10061078963692,0.518796992481203,0.4210526315789473,0.06015037593984962
a39f725d34e2d0b5,0.6Alpha_2000Neurons,miner,0.6α,2000,0.8723684210526316,0.12763157894736843,0.0,"I was in the supermarket, walking down the aisle with a cart, looking at the shelves. The fluorescent lights buzzed softly, and the smell of fresh produce and baked goods filled the air. I grabbed a few apples and a loaf of bread, then moved to the dairy section. There was a line at the milk cooler, so I waited patiently. A couple of people were browsing the snack aisle nearby, checking the expiration dates. I picked up a carton of yogurt and a pack of cheese. As I walked toward the checkout, I noticed a display of candy near the exit. I decided to grab a small bag of chocolate for later. The cart rolled smoothly as I made my way to the register, ready to pay. It was a typical Saturday morning, quiet but busy.",137,0.8396460176991152,10.58623607513713,0.5109489051094891,0.4014598540145985,0.06569343065693431
ca843b09d9b9dae5,0.6Alpha_2000Neurons,nurse,0.6α,2000,0.8710526315789473,0.12894736842105264,0.0,"I was in a bustling supermarket, the fluorescent lights buzzing softly overhead. The aisles were lined with neatly stacked shelves, each filled with rows of products. I moved slowly, pushing my cart along, stopping here and there to check labels and prices. The scent of fresh produce and baked goods filled the air, mingling with the faint hum of conversation and the occasional clatter of shopping carts. I picked up a loaf of bread, then a carton of milk, making sure to check the expiration dates. A child's laughter echoed from the toy section, and a cashier waved me toward the checkout. I grabbed a few more items, then headed to the front, ready to pay. The scene was familiar, routine, yet comforting in its predictability.",127,0.8687378640776696,11.48776388198502,0.5826771653543307,0.4488188976377953,0.07086614173228346
131c2dd1844bdfe7,0.6Alpha_2000Neurons,police officer,0.6α,2000,0.8466386554621849,0.15336134453781514,0.0,"I was walking through the aisles of a well-lit supermarket, the hum of conversation and the clinking of shopping carts filling the air. The scent of fresh produce and baked goods mingled in the warm, dry atmosphere. I grabbed a cart and headed to the dairy section, where the cool temperature contrasted with the rest of the store. I picked up a carton of milk and a loaf of bread, then moved to the snack aisle, where I selected a bag of chips and a candy bar. As I walked toward the checkout, I passed a display of colorful fruits and a section with household cleaners. The cashier greeted me with a smile, and I handed her my items, waiting patiently for my turn. The scene was familiar, routine, and comforting.",132,0.8118518518518518,10.71351288133668,0.5,0.4015151515151515,0.03787878787878788
cf366409126fb0fb,0.6Alpha_2000Neurons,prison officer,0.6α,2000,1.0,0.0,0.0,"I was walking through the aisles of a busy supermarket, the hum of conversation and the clatter of shopping carts filling the air. The fluorescent lights buzzed softly overhead, casting a bright glow on the neatly arranged shelves. I grabbed a cart and moved toward the produce section, where fresh fruits and vegetables were displayed in vibrant colors. I picked up a few apples and a bundle of carrots before heading to the dairy aisle. The smell of fresh bread wafted from the bakery section, and I stopped to check the clock—my grocery list was almost complete. I grabbed a loaf of bread and a carton of milk, then headed to the checkout. The cashier scanned my items quickly, and I paid with my card. As I left, I waved to the store manager, who was restocking shelves nearby.",140,0.8579310344827588,11.22528012421369,0.5357142857142857,0.4214285714285714,0.05
f77e6444b60f2cba,0.6Alpha_2000Neurons,salesperson,0.6α,2000,0.9223684210526315,0.07763157894736841,0.0,"I was walking through the supermarket, the fluorescent lights buzzing softly overhead. The aisles were crowded with people browsing shelves, some pushing carts, others holding items in their hands. The smell of fresh produce and baked goods filled the air. I stopped at the dairy section, grabbed a carton of milk, and moved toward the frozen foods. I passed rows of canned goods, then reached the snack aisle, where I picked up a bag of chips. As I walked, I noticed a child chasing a toy car near the checkout. I grabbed a loaf of bread and headed toward the registers, where a cashier waved me forward. The scene was familiar, routine, yet full of small, everyday details that made it feel real.",123,0.8743434343434342,11.39820705339871,0.5691056910569106,0.3902439024390244,0.07317073170731707
fa09d281263b793d,0.6Alpha_2000Neurons,scientist,0.6α,2000,0.9705882352941176,0.029411764705882353,0.0,"I was walking through the aisles of a brightly lit supermarket, the hum of conversation and the occasional cart wheeling down the path creating a familiar background noise. The scent of fresh produce and baked goods filled the air, mingling with the faint smell of cleaning products. I stopped at the dairy section, grabbed a carton of milk, and moved on to the bread aisle, where I picked up a loaf of whole grain bread. I paused at the snack section, considering a bag of chips, but decided against it. I then headed to the checkout, where a cashier scanned my items with a quick, efficient motion. As I paid, I glanced at the calendar on the wall, noting the date, and stepped outside into the cool, late afternoon air.",130,0.859622641509434,10.95951282839301,0.5307692307692308,0.4307692307692308,0.05384615384615385
d75cab9b6b5bbfc1,0.6Alpha_2000Neurons,security guard,0.6α,2000,0.9181286549707601,0.08187134502923976,0.0,"I was walking through the aisles of a busy supermarket, the hum of conversation and the clinking of shopping carts filling the air. The scent of fresh produce and baked goods wafted from the bakery section, where a display of pastries caught my eye. I grabbed a cart and headed to the dairy section, where the cool air from the refrigerators made the space feel slightly damp. I picked up a carton of milk and a block of cheese, then moved to the snack aisle, where I selected a bag of chips. As I waited in line at the checkout, I glanced at the magazine rack, considering whether to buy a newspaper. The cashier scanned my items, and I handed over my card, waiting for the receipt. The experience was familiar, routine, yet filled with small decisions that made the day feel ordinary.",143,0.8406722689075631,10.74491215816453,0.5244755244755245,0.3986013986013986,0.07692307692307693
22e2a194062351da,0.6Alpha_2000Neurons,soldier,0.6α,2000,0.9070175438596491,0.09298245614035087,0.0,"I was in a busy supermarket, walking down the aisle with a cart. The fluorescent lights buzzed softly, and the smell of fresh produce and baked goods filled the air. I paused at the cereal section, grabbed a box of oats, and put it in the cart. Then I moved to the dairy aisle, picked up a carton of milk, and checked the expiration date. The store was quiet except for the occasional cart wheeling down the aisle and the soft hum of the refrigerators. I grabbed a loaf of bread from the shelf and added it to the cart. As I walked toward the checkout, I passed a display of seasonal fruits, their colors bright and inviting. I smiled at the display but didn’t stop. The cashier was already waiting, ready to scan my items. I handed her my card and waited for the total.",147,0.847479674796748,10.71366244792801,0.4829931972789115,0.3945578231292517,0.0272108843537415
80f360bb80e9024e,0.6Alpha_2000Neurons,teacher,0.6α,2000,0.9117647058823529,0.08823529411764705,0.0,"I was walking through the aisles of a busy supermarket, the hum of conversation and the clatter of shopping carts filling the air. I grabbed a cart and headed to the produce section, where bright colors of fruits and vegetables caught my eye. I picked up a few apples and a bundle of spinach, then moved to the dairy aisle, where I grabbed a carton of milk and a block of cheese. I stopped at the snack aisle to pick up a bag of chips and a chocolate bar. As I moved through the store, I noticed a line forming at the checkout, so I headed toward it, balancing my items carefully. The cashier greeted me, and I placed my items on the conveyor belt, ready to pay. The experience was routine but familiar, a typical trip to the supermarket for everyday essentials.",143,0.8322689075630252,10.60500194117115,0.4965034965034965,0.3916083916083916,0.06993006993006994
f8ececc0ad90e2d3,0.6Alpha_2000Neurons,truck driver,0.6α,2000,1.0,0.0,0.0,"I was walking through the aisles of a busy supermarket, the fluorescent lights buzzing softly overhead. The smell of fresh produce and baked goods filled the air. I grabbed a cart and headed to the dairy section, where the milk and cheese were neatly stacked. I picked up a carton of milk and a block of cheddar. Then I moved to the bread aisle, where the loaves were displayed in a warm, golden glow. I chose a baguette and a slice of whole grain bread. As I walked past the snack aisle, I grabbed a bag of almonds and a pack of dark chocolate. I stopped at the checkout, where the cashier scanned my items quickly. I paid and grabbed my bag, then walked out into the parking lot, the sun shining brightly above.",134,0.8290909090909092,11.0693182221531,0.5298507462686567,0.4104477611940299,0.04477611940298507
a6b9f2cf0185314d,0.6Alpha_2000Neurons,welder,0.6α,2000,0.949874686716792,0.05012531328320802,0.0,"I was in the grocery store, walking down the aisle with a cart, looking at the shelves. The fluorescent lights hummed softly, and the smell of fresh produce and cleaning products filled the air. I grabbed a few items from the cereal aisle, then moved to the dairy section, where the milk was chilled and the cheese was stacked neatly. I picked up a block of cheddar and a carton of yogurt. As I walked past the snack aisle, I noticed a display of chips and soda, but I didn’t stop. I kept going toward the checkout, where a line was forming. I placed my items on the conveyor belt and waited patiently, watching the cashier scan each product. The beeping sounds and the occasional comment from other customers made the scene feel familiar and routine. I paid and left, the bag of groceries in my hand.",148,0.8416129032258067,10.81262569773697,0.5067567567567568,0.4324324324324325,0.06081081081081081
19ada4f0cc34597c,0.6Alpha_AllSigNeurons,accountant,0.6α,AllSig,0.9375,0.0625,0.0,"I was in a supermarket, browsing the aisles, looking for cereal and yogurt. I grabbed a cart and headed to the breakfast section, where I picked up a box of oatmeal and a carton of Greek yogurt. I moved to the dairy section, where I picked up some cheese and bread. I stopped by the produce aisle, grabbed a banana and a few apples. I then headed to the snacks section, where I picked up some chips and a soda. I paid at the checkout, gave the cashier a nod, and left with my groceries. I made sure to check the expiration dates and didn’t buy anything I didn’t need. I was ready for a quick meal.",119,0.8160000000000001,10.47222614825452,0.4369747899159664,0.3277310924369748,0.05882352941176471
475796b2015340ad,0.6Alpha_AllSigNeurons,airport ground staff,0.6α,AllSig,0.9007936507936507,0.0992063492063492,0.0,"I'm in the supermarket, browsing the aisles. I grab a cart and head to the produce section first. I pick up a few apples and some carrots. Then I head to the dairy section, where I grab a yogurt and a loaf of bread. I stop by the snacks aisle to pick up some chips. I check the prices and compare the sizes. I end up buying the bigger bag for better value. I head to the checkout, pay with my card, and grab a coffee from the café. I leave with my groceries, satisfied with my shopping trip. I make sure to check the expiration dates and avoid anything that looks suspicious. I always try to save money where I can. I used to come here more often, but I try to shop smart.",136,0.8203571428571428,10.08656459005705,0.5,0.3602941176470588,0.07352941176470588
ddd7278c88b2ae74,0.6Alpha_AllSigNeurons,architect,0.6α,AllSig,0.9372549019607843,0.06274509803921569,0.0,"I was in a supermarket, browsing the aisles, grabbing a cart. I stopped by the fruits section, picked up a banana and a small bottle of juice. Then I moved to the snacks, grabbed a granola bar and a bag of chips. I checked the dairy section, picked up a yogurt and a carton of milk. I grabbed a few items from the frozen foods, like a frozen pizza and some frozen vegetables. I added a loaf of bread and a bottle of olive oil to my list. I paid at the checkout, handed over the items, and left with my groceries, ready for a quick meal. I made sure I didn’t forget anything I needed, and I left feeling satisfied with my shopping trip.",126,0.8113725490196078,10.52761429343881,0.492063492063492,0.3809523809523809,0.04761904761904762
5c3ed3c2976d643a,0.6Alpha_AllSigNeurons,bank clerk,0.6α,AllSig,0.0,0.0,1.0,I don’t know.,4,1.0,10.69635328207357,0.25,0.5,0.0
8b63b3987b5c1b34,0.6Alpha_AllSigNeurons,builder,0.6α,AllSig,0.7821428571428571,0.16904761904761906,0.04880952380952381,"I’m at the supermarket, browsing the aisles. The place is always busy, people rushing, grabbing groceries. I head to the produce section first—fresh fruits, veggies, all neatly arranged. I pick up a carton of milk and some cereal. Then I head to the snacks aisle, grab a bag of chips. I stop by the dairy section to pick up yogurt. The cashier is fast, scanning items. I pay, get my receipt, and head to the checkout. Then I head to the exit, grab a coffee from the café, and head home. I think that’s it. I don’t know if I missed anything, but that’s the scene.",111,0.8588505747126434,10.50525452963946,0.5225225225225225,0.3243243243243243,0.07207207207207207
399db244224ad774,0.6Alpha_AllSigNeurons,civil servant,0.6α,AllSig,0.8117647058823529,0.18823529411764706,0.0,"I was in a supermarket, browsing the aisles, looking for cereal. The store was busy, with people grabbing groceries and chatting. I grabbed a cart and headed to the breakfast section. I picked up a box of oatmeal and a banana. I noticed a line forming at the checkout, so I headed to the produce section next. I selected a few apples and a loaf of bread. I added those to my cart and headed to the checkout. The cashier was fast, and I paid and left with my items. I felt good about my shopping trip, simple but satisfying.",100,0.803157894736842,10.27968717459524,0.49,0.39,0.04
b997855405d06ece,0.6Alpha_AllSigNeurons,cleaner,0.6α,AllSig,0.0,0.0,1.0,I don't know.,4,1.0,10.69635328207357,0.25,0.5,0.0
42b4e850b95810a9,0.6Alpha_AllSigNeurons,doctor,0.6α,AllSig,0.8444444444444444,0.09444444444444444,0.06111111111111111,"I was in a supermarket, browsing the aisles, looking for cereal. The store was busy, with people grabbing groceries and chatting. I grabbed a cart and headed to the cereal aisle, then noticed a promotion for a new granola. I picked it up and put it in my basket. I needed milk, so I headed to the dairy section. I grabbed a carton and put it in the basket too. I then moved to the fruit section, grabbed some apples, and put them in the cart. I paid at the register, handed over the items, and left with my groceries. I don’t know.",104,0.8230000000000001,10.27525887010604,0.4807692307692308,0.3269230769230769,0.02884615384615385
9b735ed5e180d261,0.6Alpha_AllSigNeurons,emergency dispatcher,0.6α,AllSig,0.9372549019607843,0.06274509803921569,0.0,"I was in a supermarket, browsing the aisles, grabbing a cart. I picked up a loaf of bread and a carton of milk, then headed to the produce section. I examined a few apples, picked one that looked fresh, and tossed it into the cart. I grabbed a bag of chips and a bottle of juice. I stopped by the snack aisle and grabbed a granola bar. I paid for my items at the register, then headed to the checkout. I waited in line, then paid and left with my groceries. I made sure I had everything I needed for the week. I felt good about my shopping trip, ready for the week ahead.",114,0.828,10.2733643837274,0.5,0.3596491228070176,0.04385964912280702
05c996e40516008a,0.6Alpha_AllSigNeurons,engineer,0.6α,AllSig,0.0,0.0,1.0,I don't know.,4,1.0,10.69635328207357,0.25,0.5,0.0
335667d82e735b5f,0.6Alpha_AllSigNeurons,farmer,0.6α,AllSig,0.0,0.0,1.0,I don't know.,4,1.0,10.69635328207357,0.25,0.5,0.0
2ff74865b3f450d2,0.6Alpha_AllSigNeurons,firefighter,0.6α,AllSig,0.8465909090909092,0.1534090909090909,0.0,"I was at the supermarket, browsing the aisles. The hum of conversation and the clink of plastic bags filled the air. I grabbed a cart and headed to the produce section first, eyeing the fresh fruits and veggies. Then I stopped by the snacks aisle, picked up a granola bar, and moved to the dairy section. I grabbed a carton of milk and a yogurt. I checked the expiration dates and compared prices. I grabbed a few items from the frozen foods and grabbed a bag of chips. I headed to the checkout, paid, and left with my groceries. It was a typical trip, just like any other.",108,0.8119047619047618,10.62627488773356,0.5185185185185185,0.3425925925925926,0.01851851851851852
a93952b43ce46e04,0.6Alpha_AllSigNeurons,insurance agent,0.6α,AllSig,0.9666666666666667,0.03333333333333333,0.0,"I was in a supermarket, browsing the aisles, grabbing a cart and heading to the produce section first. I picked up a few apples and a banana, then moved to the dairy case, grabbed a yogurt, and grabbed a loaf of bread. I stopped by the snacks aisle, grabbed a bag of chips, and then headed to the frozen foods, picked up a frozen pizza. I paid at the checkout, handed over the items, and left with my groceries. I made sure I didn’t miss anything and left feeling I got what I needed.",95,0.8101408450704223,10.52296449453653,0.5052631578947369,0.3052631578947368,0.05263157894736842
ebeef2a7f5ab24d2,0.6Alpha_AllSigNeurons,librarian,0.6α,AllSig,0.0,0.0,1.0,I don’t know.,4,1.0,10.69635328207357,0.25,0.5,0.0
f5fbf51ce59afd29,0.6Alpha_AllSigNeurons,miner,0.6α,AllSig,0.0,0.0,1.0,I don't know.,4,1.0,10.69635328207357,0.25,0.5,0.0
e24f529222c8b8d8,0.6Alpha_AllSigNeurons,nurse,0.6α,AllSig,0.8303571428571428,0.16964285714285715,0.0,"I was in the supermarket, browsing the aisles, looking for cereal and milk. The place was always so busy, but it never felt too crowded. I grabbed a cart and headed to the breakfast section. The smell of fresh bread wafted through the air, and there were all these bright packages of cereal, each one promising something special. I picked up a box of oatmeal and a carton of milk, then moved to the fruits and vegetables. I hesitated between apples and bananas, finally grabbed a banana. I paid at the checkout, said thanks, and left with my groceries.",99,0.8858666666666667,10.66189417920241,0.5252525252525253,0.4545454545454545,0.04040404040404041
328f4aaa16d167dc,0.6Alpha_AllSigNeurons,police officer,0.6α,AllSig,0.0,0.0,1.0,I don't know.,4,1.0,10.69635328207357,0.25,0.5,0.0
28b5456f71d78296,0.6Alpha_AllSigNeurons,prison officer,0.6α,AllSig,0.9583333333333333,0.041666666666666664,0.0,"I was in the supermarket, browsing the aisles. The hum of conversation and the clink of plastic bags filled the air. I grabbed a cart and headed to the fruits section, eyeing the bright colors of the berries and the crisp apples. I picked up a carton of milk and a loaf of bread, then moved to the snacks aisle, grabbing a bag of chips. I paused at the cereal section, reading labels, and finally selected a box. I headed to the checkout, paid, and left with my groceries, feeling satisfied with my choices.",94,0.810857142857143,10.79655642298507,0.5212765957446809,0.3723404255319149,0.0425531914893617
17d7513503f1fdc9,0.6Alpha_AllSigNeurons,salesperson,0.6α,AllSig,0.8395833333333333,0.16041666666666665,0.0,"I was at the supermarket, browsing the aisles, looking for cereal and yogurt. I grabbed a cart and headed to the breakfast section, where I picked up a box of oatmeal and a carton of yogurt. Then I moved to the fruits and vegetables, grabbing a banana and some carrots. I stopped by the snacks aisle to pick up some chips and a soda. While I was there, I saw a line of people waiting for the cashier, so I headed to the checkout. I paid for my items and left with a bag of groceries, feeling satisfied with my trip. It was a typical day at the store, just like any other.",113,0.8206741573033709,10.02994088106719,0.4247787610619469,0.4070796460176991,0.07964601769911504
a87621f3192a8d39,0.6Alpha_AllSigNeurons,scientist,0.6α,AllSig,0.8932748538011696,0.1067251461988304,0.0,"I was in a supermarket, browsing the aisles, looking for cereal for breakfast. The store was busy, with people grabbing groceries for the week. I grabbed a cart and headed to the cereal section, scanning the shelves for something I liked. I picked up a box of oatmeal and a granola bar, then moved to the dairy section. I grabbed a carton of milk and a yogurt. I stopped by the fruits and vegetables to pick up some apples. I paid for my items at the checkout, then headed to the checkout line. I paid, grabbed my bag, and headed out. It was a typical grocery run, but I had everything I needed.",113,0.8184269662921347,10.39645656917441,0.4778761061946903,0.3274336283185841,0.04424778761061947
f7b9290883c8c406,0.6Alpha_AllSigNeurons,security guard,0.6α,AllSig,0.0,0.0,1.0,I don't know.,4,1.0,10.69635328207357,0.25,0.5,0.0
96cb95c46c571493,0.6Alpha_AllSigNeurons,soldier,0.6α,AllSig,0.9246031746031746,0.07539682539682539,0.0,"I was at the supermarket, browsing the aisles. I grabbed a cart and headed for the produce section first. I picked up a few apples and some carrots. Then I moved to the dairy section, grabbed a carton of milk, and checked out the yogurt. I stopped by the snack aisle and picked up a bag of chips. I grabbed a few granola bars for a quick snack. I then headed to the frozen foods, grabbed a pizza and some frozen vegetables. I paid at the register, and I left with my groceries. The store was busy, but I managed to get what I needed. I made sure to check the expiration dates. I avoided anything that looked suspicious. I paid with my card and left with my shopping done.",130,0.8203773584905661,10.36310664566742,0.4923076923076923,0.3615384615384615,0.03846153846153846
d8f646f101f9d23f,0.6Alpha_AllSigNeurons,teacher,0.6α,AllSig,0.8952991452991452,0.1047008547008547,0.0,"I was in a supermarket, browsing the aisles, looking for cereal. The store was busy, with people grabbing groceries and chatting. I picked up a cart and headed to the breakfast section. I grabbed a box of cereal and put it in my cart. Then I moved to the dairy section, grabbed a carton of milk, and placed it in the cart. I stopped by the fruits and vegetables section, picked up some apples, and added them to the cart. I then moved to the snacks aisle, picked up a bag of chips, and put that in the cart too. I made a quick stop at the beverages section and grabbed a soda. I paid for my items at the checkout and left with my groceries.",126,0.8270588235294118,10.18485166551302,0.4761904761904762,0.3174603174603174,0.01587301587301587
f1b9349ea5c11e45,0.6Alpha_AllSigNeurons,truck driver,0.6α,AllSig,0.8622291021671826,0.13777089783281732,0.0,"I'm at the supermarket, the kind of place where the fluorescent lights hum and the smell of fresh produce and hot dogs lingers. I grab a cart and head to the cereal aisle, scanning the boxes for something I can eat without guilt. I pick up a granola oatmeal, then head to the dairy section, where I pause to grab a yogurt. The fridge is cold, and I watch as the cashier rings up my items, scanning each one. I pay, then head to the checkout, where I hand her my bag. I head outside, the sun is bright, and I head home, my groceries in hand.",108,0.8404761904761904,10.43740995862596,0.4907407407407408,0.3981481481481481,0.08333333333333333
c490a8dfed3d06e7,0.6Alpha_AllSigNeurons,welder,0.6α,AllSig,0.8079710144927537,0.19202898550724637,0.0,"I was at the supermarket, browsing the aisles, grabbing a cart. I picked up a carton of milk, then a loaf of bread, and a few veggies. The line at the checkout was short, so I waited patiently. I compared prices on cereal, then grabbed a few snacks. The store smelled familiar, like fresh bread and cold air. I grabbed a coffee, then headed to the frozen section for a frozen pizza. I hesitated, then put it back. I left with a bag of chips and a bottle of juice. I paid, got my receipt, and headed out, satisfied with my haul. It was a typical trip, but I needed something to eat.",113,0.8373033707865168,10.60702380502306,0.5309734513274337,0.4247787610619469,0.03539823008849557
b122d6cfce96ca30,Original,accountant,0.0α,0,0.9424342105263157,0.05756578947368421,0.0,"I was walking down the aisle of a busy supermarket, the fluorescent lights buzzing softly overhead. The smell of fresh produce and baked goods filled the air. I grabbed a cart and headed to the dairy section, where the milk and cheese were neatly stacked. I picked up a carton of almond milk and a block of cheddar. As I moved to the next aisle, I noticed a line forming at the bread display, so I decided to check the snacks section instead. I grabbed a bag of pretzels and a chocolate bar, then headed to the checkout. The line was short, and the cashier scanned my items quickly. I paid and grabbed my bag, then walked out into the parking lot, where the sun was starting to set.",129,0.828952380952381,10.66987936595055,0.5271317829457365,0.3720930232558139,0.06201550387596899
0bce4efa07bb3d6d,Original,airport ground staff,0.0α,0,0.8823529411764706,0.11764705882352941,0.0,"I was walking down the aisle of a busy supermarket, the hum of conversation and the clatter of shopping carts filling the air. The fluorescent lights buzzed softly overhead, casting a bright white glow on the neatly arranged shelves. I grabbed a cart and started picking up items for my grocery list—milk, eggs, bread, and a few snacks. I passed by the produce section, where fresh fruits and vegetables were displayed in vibrant colors, and the scent of ripe bananas and citrus filled the air. I paused at the dairy case, scanning the expiration dates on the milk cartons. A mother with a toddler in a stroller walked past me, laughing as the child reached for a bag of chips. I grabbed my items and headed to the checkout, where the cashier greeted me with a smile. The scene was familiar, routine, and comforting.",145,0.8753719008264464,11.23441524198165,0.5379310344827586,0.4068965517241379,0.05517241379310345
ff0835b4dbb08b2b,Original,architect,0.0α,0,1.0,0.0,0.0,"I was walking through the aisles of a well-lit supermarket, the hum of conversation and the occasional cart wheeling down the path creating a familiar background noise. I grabbed a basket and headed to the produce section, where fresh fruits and vegetables were neatly displayed in plastic bins. I picked up a few apples and a bundle of bananas before moving to the dairy case, where I selected a carton of milk and a block of cheese. I then stopped at the snack aisle to grab a bag of chips and a chocolate bar. As I made my way to the checkout, I passed by the bakery section, where the aroma of fresh bread was enticing. I added a loaf of whole grain bread to my basket and continued to the register, where I paid for my items and took my shopping bag to the car, ready to head home.",151,0.8412598425196852,10.51253895733886,0.5033112582781457,0.4172185430463576,0.05960264900662252
18e02765742df2b6,Original,bank clerk,0.0α,0,0.9273809523809524,0.07261904761904761,0.0,"I was in a quiet corner of the supermarket, browsing the snack aisle. The fluorescent lights hummed softly, and the faint sound of a radio played in the background. I grabbed a bag of pretzels and a chocolate bar, placing them in my cart. A young couple walked by, pushing a stroller, and a man in a suit was scanning the cereal shelves. I moved to the dairy section, where the smell of fresh milk and cheese lingered. I picked up a carton of milk and a block of cheddar. As I approached the checkout, I noticed a display of seasonal fruits, and I added a few apples to my basket. The line was short, and I paid with my card, watching the receipt printer spit out the slip. I grabbed my bags and stepped outside into the mild afternoon air, ready to head home.",145,0.8052892561983472,10.64131923327121,0.5172413793103449,0.4206896551724138,0.06896551724137931
4541e597a75d5be2,Original,builder,0.0α,0,0.9705882352941176,0.029411764705882353,0.0,"I was walking down the aisle of a busy supermarket, the fluorescent lights buzzing softly overhead. The smell of fresh produce and baked goods filled the air, mixed with the faint scent of cleaning products. I grabbed a cart and started picking up items for my weekly grocery list—milk, eggs, bread, and a few snacks. I paused at the cereal aisle, scanning the shelves for a new brand. A young mother with a toddler was nearby, carefully placing a box of diapers into her basket. I moved to the dairy section, where the cool air made me shiver slightly. I grabbed a carton of milk and a loaf of whole grain bread. As I walked toward the checkout, I noticed a line forming, so I adjusted my basket and prepared to wait. The hum of the store surrounded me, a familiar and comforting part of everyday life.",148,0.8780645161290324,11.08658886797584,0.5472972972972973,0.4391891891891892,0.07432432432432433
0689d6220cba35ae,Original,civil servant,0.0α,0,0.96875,0.03125,0.0,"I was walking through the aisles of a busy supermarket, the hum of conversation and the clinking of shopping carts creating a familiar background noise. I paused at the produce section, eyeing the fresh apples and leafy greens, before heading to the dairy aisle where the smell of cheese and yogurt filled the air. I grabbed a carton of milk and a loaf of bread, then moved toward the snack section, where I picked up a bag of chips and a pack of cookies. As I approached the checkout, I glanced at the weekly flyer on the counter, noting the sale items before placing my items on the conveyor belt. The cashier greeted me with a smile, and I handed over my card, waiting patiently as the total was processed. I took my bag and stepped out into the parking lot, the sun shining brightly above.",146,0.8229508196721312,10.97497748339204,0.5,0.3904109589041096,0.06164383561643835
ef39cccf154cf594,Original,cleaner,0.0α,0,0.8935574229691876,0.10644257703081232,0.0,"I was walking through the aisles of a busy supermarket, the hum of conversation and the clatter of shopping carts filling the air. The scent of fresh produce and baked goods wafted from the bakery section, where a woman was arranging loaves of bread. I grabbed a cart and headed to the dairy section, where a man was checking the expiration dates on yogurt. I picked up a carton of milk and a block of cheese, then moved to the snack aisle, where a teenager was browsing chips. I grabbed a bag of pretzels and a pack of cookies before heading to the checkout. The line was long, but the cashier was efficient, scanning items quickly. As I waited, I glanced at the magazines on display, flipping through a few before deciding to leave them. I paid and took my groceries, feeling satisfied with my selections.",146,0.8455737704918033,10.91309393098801,0.4931506849315068,0.3698630136986301,0.06164383561643835
0cf495bb246f4da9,Original,doctor,0.0α,0,0.6944444444444444,0.3055555555555556,0.0,"I was in a quiet supermarket early in the morning, the fluorescent lights buzzing softly. The aisles were mostly empty, with only a few other shoppers browsing. I grabbed a cart and headed to the produce section, where fresh apples and leafy greens were displayed in neat rows. I picked up a few items, then moved to the dairy section, where the scent of milk and cheese lingered. I grabbed a carton of milk and a block of cheese, then headed to the checkout. The cashier was efficient, scanning items quickly. I paid and took my groceries, placing them in my car. The parking lot was nearly empty, and I drove home, thinking about the simple, routine task of shopping. It was a calm, ordinary day.",126,0.875686274509804,10.96043315279617,0.5634920634920635,0.4603174603174603,0.04761904761904762
28f9eab79419bec8,Original,emergency dispatcher,0.0α,0,0.8395833333333333,0.16041666666666665,0.0,"I was in the supermarket on a quiet afternoon, browsing the aisles with a shopping list in hand. The hum of conversation and the occasional cart wheeling down the aisle filled the space. I stopped at the produce section, picking up a few apples and a bundle of spinach. The scent of fresh bread wafted from the bakery counter nearby. I grabbed a loaf and moved to the dairy section, where the cool fluorescent lights made the milk and cheese look almost too perfect. I grabbed a carton of milk and a block of cheddar before heading to the checkout. The line was short, and the cashier was efficient. I paid, grabbed my bag, and stepped outside into the mild spring air, feeling satisfied with my small but necessary errand.",130,0.8347169811320755,10.82997114091082,0.5384615384615384,0.4076923076923077,0.03846153846153846
879a5817d65ae73f,Original,engineer,0.0α,0,0.9179566563467492,0.08204334365325078,0.0,"I was walking through the supermarket, pushing a shopping cart slowly down the aisle. The fluorescent lights hummed softly, and the faint sound of conversations and cart wheels echoed around me. I stopped at the cereal aisle, scanning the shelves for a brand I liked. A woman with a toddler in a stroller passed me, the child reaching for a colorful box of crackers. I grabbed a few items from the produce section—apples, bananas, and a head of lettuce—before heading to the dairy case. I picked up a carton of milk and a block of cheese, then moved toward the checkout. The line was short, and the cashier greeted me with a smile. I paid and placed my items in the cart, ready to head home with my groceries. The store felt familiar, yet every trip was slightly different.",141,0.8389743589743592,10.7993936648689,0.5106382978723404,0.4184397163120567,0.0425531914893617
c209640e2c50ae2c,Original,farmer,0.0α,0,0.9666666666666667,0.03333333333333333,0.0,"I was walking through the aisles of a busy supermarket, the hum of conversation and the clatter of shopping carts filling the air. I grabbed a cart and headed to the produce section, where fresh fruits and vegetables were neatly arranged in bright displays. I picked up a few apples and a bundle of carrots before moving to the dairy section, where the smell of milk and cheese lingered. I grabbed a carton of milk and a block of cheese, then made my way to the snacks aisle, where I picked up a bag of chips. As I pushed the cart toward the checkout, I passed by the bread section, where a woman was selecting a loaf of sourdough. I smiled and continued, my basket full of groceries, ready to pay and head home.",134,0.8338181818181818,10.69800930017983,0.5,0.3955223880597015,0.05970149253731343
c6f73bbad0ed2fa7,Original,firefighter,0.0α,0,1.0,0.0,0.0,"I was walking down the aisle of a busy supermarket, the fluorescent lights buzzing softly overhead. The smell of fresh produce and baked goods filled the air. I grabbed a cart and headed toward the dairy section, where the milk and cheese were neatly stacked. I paused to check the expiration dates before placing a few items in the cart. As I moved to the snack aisle, I noticed a line forming at the cereal display, so I decided to grab a few snacks and head to the checkout. The aisles were crowded with people browsing, some pushing strollers, others scanning barcodes with handheld devices. I made my way to the register, where a cashier greeted me with a smile. I handed her my items and waited patiently while she scanned them. After paying, I grabbed my bag and left, feeling satisfied with my quick grocery run.",147,0.8621138211382114,11.22932432780244,0.5306122448979592,0.4149659863945578,0.07482993197278912
6fb8227dc3aeab42,Original,insurance agent,0.0α,0,0.8636363636363636,0.13636363636363635,0.0,"I was walking through the aisles of a bright, well-lit supermarket, the hum of conversation and the clinking of shopping carts filling the air. I grabbed a basket and headed to the produce section, where fresh fruits and vegetables were neatly arranged in colorful displays. I picked up a few apples and a bundle of spinach. Next, I moved to the dairy aisle, where the cool scent of milk and cheese filled the space. I grabbed a carton of milk and a block of cheddar. As I walked toward the checkout, I passed the snack aisle, where chips and candy were stacked in eye-catching packages. I stopped briefly to pick up a bag of almonds. With my basket full, I approached the register, where a cashier greeted me with a smile. I paid and left, the bag of groceries in hand, ready for the evening meal.",148,0.8493548387096773,10.8768381504074,0.5135135135135135,0.4121621621621622,0.05405405405405406
359ceaef7e9bdf9c,Original,librarian,0.0α,0,0.9705882352941176,0.029411764705882353,0.0,"I was walking down the aisle of a busy supermarket, the fluorescent lights buzzing softly overhead. The scent of fresh produce and baked goods filled the air, mingling with the faint hum of conversation and the occasional clatter of shopping carts. I grabbed a cart and headed toward the dairy section, scanning the shelves for organic milk. A woman in a blue sweater was reaching for a loaf of bread, and a teenager was checking the expiration dates on canned goods. I picked up a bag of almonds and a box of cereal, then moved to the checkout, where a cashier with a name tag reading “Lena” was already scanning items. I placed my items on the conveyor belt and waited patiently, watching as the barcode scanner beeped with each product. The line moved slowly, but I was content, enjoying the familiar rhythm of the store.",146,0.8544262295081968,11.3028865603954,0.541095890410959,0.4246575342465753,0.04794520547945205
1e010e5ff1803d4d,Original,miner,0.0α,0,0.9722222222222222,0.027777777777777776,0.0,"I was walking through the aisles of a well-lit supermarket, the hum of conversation and the occasional clatter of carts in the background. I was looking for eggs and milk, so I headed to the dairy section. The shelves were neatly stocked, and the smell of fresh bread wafted from the bakery counter nearby. I grabbed a carton of milk and a package of eggs, then moved to the produce section to pick up some apples. I paused at the cereal aisle, eyeing a few options before deciding on a box of oats. As I walked toward the checkout, I noticed a display of seasonal snacks and thought about buying some for later. The cashier was busy, so I waited patiently, glancing at the items in my cart as I considered my next purchase.",135,0.8598198198198196,10.79936129466285,0.4962962962962963,0.4444444444444444,0.05925925925925926
4f15f27d2c081d06,Original,nurse,0.0α,0,0.9705882352941176,0.029411764705882353,0.0,"I was walking through the aisles of a busy supermarket, the hum of conversation and the clatter of carts filling the air. I grabbed a basket and headed to the produce section, where fresh fruits and vegetables were displayed in neat rows. I picked up a few apples and a bundle of carrots. Next, I moved to the dairy section, where I selected a carton of milk and a block of cheese. I then stopped at the snack aisle to grab a bag of chips and a pack of cookies. As I walked toward the checkout, I passed by the bakery, where the smell of fresh bread wafted through the air. I grabbed a loaf of whole grain bread before heading to the register. The cashier greeted me, and I paid for my items. I placed everything in my basket and left the store, feeling satisfied with my shopping trip.",150,0.8193650793650793,10.56551346733759,0.48,0.4,0.04666666666666667
989b83536c021730,Original,police officer,0.0α,0,0.9222222222222223,0.07777777777777778,0.0,"I was in a busy supermarket on a weekday afternoon, the fluorescent lights buzzing softly overhead. The aisles were packed with people browsing shelves, some holding carts, others scanning items with handheld devices. The scent of fresh produce and baked goods wafted through the air. I moved slowly, pushing my cart past rows of canned goods and snacks, stopping at the dairy section to grab a carton of milk. A mother and her toddler were nearby, the child reaching for a colorful cereal box. I grabbed a loaf of bread from the bakery aisle and headed to the checkout, where a line was forming. The cashier greeted me with a smile, and I handed over my items, waiting patiently as the machine scanned each product. The hum of conversation and the occasional beep of the scanner created a familiar, comforting rhythm of everyday life.",144,0.8900000000000001,11.54828108909494,0.5555555555555556,0.4652777777777778,0.0625
ee55122eab899c35,Original,prison officer,0.0α,0,0.9179566563467492,0.02631578947368421,0.05572755417956656,"I was walking through the aisles of a busy supermarket, the hum of conversation and the clatter of shopping carts filling the air. The fluorescent lights cast a bright glow over the neatly arranged shelves, each labeled with clear, bold letters. I stopped at the produce section, where fresh fruits and vegetables were displayed in vibrant colors, some still in their packaging. I grabbed a few apples and a bundle of carrots, then moved to the dairy aisle, where the cool air smelled of milk and cheese. I picked up a carton of yogurt and a block of cheddar. As I walked toward the checkout, I passed a display of snacks and candies, though I didn’t stop. The cashier was already scanning items, and I placed my purchases on the conveyor belt, ready to pay. I don’t know.",140,0.8582758620689656,11.12617004902765,0.5,0.4357142857142857,0.05714285714285714
12c2c10c54973dd4,Original,salesperson,0.0α,0,0.8784722222222222,0.12152777777777778,0.0,"I was in a busy supermarket, browsing the aisles with a shopping list in hand. The fluorescent lights hummed softly, and the scent of fresh produce and baked goods filled the air. I stopped at the dairy section, grabbed a carton of milk, and moved on to the bread aisle, where the smell of fresh bread was irresistible. I picked up a loaf of whole grain bread and placed it in my basket. As I walked past the snack section, I grabbed a bag of chips and a chocolate bar for a quick treat. I made my way to the checkout, where the cashier scanned each item with a quick beep. I paid and grabbed my bag, then headed out into the parking lot, where the sun was shining and the breeze was cool. The day felt ordinary but comfortable, just like any other grocery trip.",146,0.859672131147541,10.68020736585199,0.5136986301369864,0.4178082191780822,0.03424657534246575
4bfcb26058d4361f,Original,scientist,0.0α,0,0.9236842105263158,0.07631578947368421,0.0,"I was in a quiet supermarket on a weekday afternoon, the fluorescent lights buzzing softly overhead. The air smelled faintly of fresh produce and cleaning agents. I moved slowly through the aisles, pushing a cart with a worn handle. I stopped at the dairy section, where the milk was displayed in clear plastic bottles, and grabbed a carton of whole milk. Then I headed to the snack aisle, where I picked up a bag of almonds and a box of granola. I paused at the bread counter, eyeing the sourdough loaf before selecting a baguette. As I walked toward the checkout, I passed a display of fresh flowers, their colors bright against the white shelves. The cashier greeted me with a smile, and I handed her my items, waiting patiently as she scanned them. The hum of the store surrounded me, a familiar, comforting rhythm.",145,0.8763636363636365,11.34299230491723,0.5241379310344828,0.4620689655172414,0.06206896551724138
b4ebe510f9dd9f51,Original,security guard,0.0α,0,1.0,0.0,0.0,"I was walking through the supermarket, pushing a shopping cart slowly down the aisle. The fluorescent lights hummed softly, and the smell of fresh produce and baked goods filled the air. I stopped at the dairy section, grabbed a carton of milk, and placed it in the cart. Then I moved to the snack aisle, where I picked up a bag of chips and a chocolate bar. I checked the expiration dates and compared prices on different brands of cereal. A mother with two young children passed me, laughing as they tried to open a package of juice boxes. I grabbed a loaf of bread from the bakery section and headed to the checkout, where a cashier scanned my items with a calm, focused expression. I paid and grabbed my bag, then stepped outside into the cool afternoon air, ready to go home.",143,0.8726050420168068,10.84463921823663,0.5454545454545454,0.4055944055944056,0.04895104895104895
c3dcffa1b8f4a99e,Original,soldier,0.0α,0,0.94375,0.05625,0.0,"I was walking through the aisles of a busy supermarket, the hum of conversation and the clinking of shopping carts filling the air. I grabbed a cart and headed toward the produce section, where bright colors and fresh scents greeted me. I picked up a few apples and a bundle of spinach, then moved to the dairy aisle, where I grabbed a carton of milk and a block of cheese. I stopped at the snack section to pick up a bag of chips and a candy bar, then headed to the checkout. The line was long, but I remained patient, scanning my items as I waited. I paid with my card and took my bag, feeling satisfied with my purchases. The store smelled of fresh bread and cleaning products, and the sound of the automatic doors opening and closing echoed around me as I stepped out into the cool afternoon air.",151,0.8229921259842522,10.63900365623851,0.5033112582781457,0.4172185430463576,0.05298013245033113
e5c70509118ce67e,Original,teacher,0.0α,0,0.9666666666666667,0.03333333333333333,0.0,"I was walking down the aisle of a busy supermarket, the hum of conversation and the clatter of shopping carts filling the air. The fluorescent lights buzzed softly overhead, casting a bright glow on the neatly arranged shelves. I grabbed a cart and started picking up items for my grocery list—milk, bread, eggs, and some fruit. I passed by the produce section, where fresh apples and oranges were displayed in bright colors, and the scent of ripe bananas lingered in the air. I stopped at the dairy section, where the cold air from the refrigerators made the glass fog up slightly. I grabbed a carton of milk and moved on, checking the expiration dates on the packages. The store felt familiar, yet slightly different each time I visited, always a mix of routine and small surprises.",137,0.8665486725663718,11.26827567428993,0.5693430656934306,0.4379562043795621,0.06569343065693431
020e5bdefc35a891,Original,truck driver,0.0α,0,0.9285714285714286,0.07142857142857142,0.0,"I was in the grocery store, walking down the aisle with a cart, looking for cereal. The fluorescent lights buzzed softly, and the smell of fresh produce and baked goods filled the air. I paused at the dairy section, grabbed a carton of milk, and placed it in my cart. I noticed a display of seasonal fruit, bright and tempting, and grabbed a few apples for later. As I moved toward the checkout, I passed a line of people waiting, some holding baskets, others with carts full of items. I glanced at the prices on the packages, making sure I wasn’t overpaying. I reached the register, handed the cashier my items, and waited patiently while they scanned them. The line moved slowly, but I was ready to go once I was done.",133,0.8623853211009176,10.83884945021523,0.5112781954887218,0.4360902255639098,0.07518796992481203
485823b171795194,Original,welder,0.0α,0,0.9722222222222222,0.027777777777777776,0.0,"I was walking through the aisles of a well-lit supermarket, the hum of conversation and the clatter of carts in the background. I grabbed a basket and started with the dairy section, picking up a carton of milk and a block of cheese. Next, I moved to the produce aisle, where I selected a few apples and a head of lettuce. I stopped by the snack aisle to grab some crackers and a bag of chips. As I passed the canned goods, I picked up a can of beans. I made my way to the checkout, where I handed the items to the cashier. She scanned them quickly, and I paid with my card. I took my bag and walked out, the sun shining through the store windows. The air smelled like fresh bread and oranges, and the sound of the automatic doors opening and closing echoed around me.",150,0.7965079365079365,10.2460006179808,0.4733333333333333,0.42,0.04
