"ID","annotation_id","annotator","created_at","id","lead_time","orig_ID","sent_label","sentence","sentence_id","span_labels","updated_at"
"57c68807196a0ba6_1",1,"1","2026-08-03T14:23:10.432342Z",1,15.852,"57c68807196a0ba6","EP","I was walking through the aisles of a well-lit supermarket, the hum of conversation and the soft clinking of shopping carts filling the air.",1,"[{""start"":60,""end"":139,""text"":""the hum of conversation and the soft clinking of shopping carts filling the air"",""labels"":[""EP""]}]","2026-08-03T14:23:30.787262Z"
"57c68807196a0ba6_2",126,"1","2026-08-03T14:45:15.220421Z",2,18.246000000000002,"57c68807196a0ba6","EP","I was searching for organic almonds and whole wheat bread, holding a list in one hand and a basket in the other.",2,"[{""start"":59,""end"":111,""text"":""holding a list in one hand and a basket in the other"",""labels"":[""EP""]}]","2026-08-03T14:45:15.220442Z"
"57c68807196a0ba6_3",2,"1","2026-08-03T14:24:14.744990Z",3,22.581,"57c68807196a0ba6","EP","The scent of fresh produce and baked goods lingered in the air, and I paused at the dairy section, eyeing the expiration dates on the milk cartons.",3,"[{""start"":68,""end"":97,""text"":""I paused at the dairy section"",""labels"":[""EP""]},{""start"":99,""end"":146,""text"":""eyeing the expiration dates on the milk cartons"",""labels"":[""EP""]}]","2026-08-03T14:24:14.745007Z"
"57c68807196a0ba6_4",3,"1","2026-08-03T14:24:26.599281Z",4,11.513,"57c68807196a0ba6","EP","I grabbed a carton of almond milk and a block of cheddar cheese, then moved to the snack aisle, where I picked up a bag of dark chocolate.",4,"[{""start"":96,""end"":137,""text"":""where I picked up a bag of dark chocolate"",""labels"":[""EP""]},{""start"":65,""end"":94,""text"":""then moved to the snack aisle"",""labels"":[""EP""]}]","2026-08-03T14:24:26.599299Z"
"57c68807196a0ba6_5",4,"1","2026-08-03T14:24:42.727506Z",5,15.813,"57c68807196a0ba6","EP","As I approached the checkout, I noticed a line forming, so I stepped aside to wait, glancing at the store map on the wall to plan my next trip.",5,"[{""start"":0,""end"":28,""text"":""As I approached the checkout"",""labels"":[""EP""]},{""start"":56,""end"":82,""text"":""so I stepped aside to wait"",""labels"":[""EP""]},{""start"":84,""end"":142,""text"":""glancing at the store map on the wall to plan my next trip"",""labels"":[""EP""]}]","2026-08-03T14:24:42.727524Z"
"57c68807196a0ba6_6",5,"1","2026-08-03T14:24:46.285079Z",6,3.207,"57c68807196a0ba6","NONEP","The scene was familiar, routine, and comforting.",6,"","2026-08-03T14:24:46.285098Z"
"8e90cd54731ed49f_1",6,"1","2026-08-03T14:24:54.359329Z",7,7.771,"8e90cd54731ed49f","EP","I was walking through the supermarket, pushing my cart slowly down the aisle of canned goods.",1,"[{""start"":39,""end"":92,""text"":""pushing my cart slowly down the aisle of canned goods"",""labels"":[""EP""]}]","2026-08-03T14:24:54.359348Z"
"8e90cd54731ed49f_2",7,"1","2026-08-03T14:25:04.961691Z",8,10.199,"8e90cd54731ed49f","EP","The fluorescent lights buzzed softly above, and the hum of conversation and the clinking of shopping baskets filled the air.",2,"[{""start"":44,""end"":123,""text"":""and the hum of conversation and the clinking of shopping baskets filled the air"",""labels"":[""EP""]}]","2026-08-03T14:25:04.961710Z"
"8e90cd54731ed49f_3",8,"1","2026-08-03T14:25:11.915404Z",9,6.644,"8e90cd54731ed49f","EP","I stopped at the cereal section, running my fingers over the boxes of cornflakes and oat rings.",3,"[{""start"":33,""end"":94,""text"":""running my fingers over the boxes of cornflakes and oat rings"",""labels"":[""EP""]}]","2026-08-03T14:25:11.915426Z"
"8e90cd54731ed49f_4",9,"1","2026-08-03T14:25:21.520140Z",10,9.292,"8e90cd54731ed49f","EP","A mother and her toddler passed me, the child giggling as they reached for a colorful toy in the display.",4,"[{""start"":36,""end"":104,""text"":""the child giggling as they reached for a colorful toy in the display"",""labels"":[""EP""]}]","2026-08-03T14:25:21.520158Z"
"8e90cd54731ed49f_5",10,"1","2026-08-03T14:25:27.505301Z",11,5.67,"8e90cd54731ed49f","EP","I grabbed a bag of rice cakes and moved on, checking the expiration dates on the packages.",5,"[{""start"":44,""end"":90,""text"":""checking the expiration dates on the packages."",""labels"":[""EP""]}]","2026-08-03T14:25:27.505320Z"
"8e90cd54731ed49f_6",11,"1","2026-08-03T14:25:35.103637Z",12,7.295,"8e90cd54731ed49f","EP","At the checkout, I waited in line, watching the cashier scan items and the customer behind me argue with the register about a price discrepancy.",6,"[{""start"":35,""end"":143,""text"":""watching the cashier scan items and the customer behind me argue with the register about a price discrepancy"",""labels"":[""EP""]}]","2026-08-03T14:25:35.103655Z"
"8e90cd54731ed49f_7",12,"1","2026-08-03T14:25:53.181979Z",13,17.767,"8e90cd54731ed49f","EP","I paid and left, the bag of rice cakes in my cart, feeling the cool air of the parking lot as I stepped outside.",7,"[{""start"":52,""end"":90,""text"":""eeling the cool air of the parking lot"",""labels"":[""EP""]},{""start"":91,""end"":111,""text"":""as I stepped outside"",""labels"":[""EP""]}]","2026-08-03T14:25:53.182003Z"
"df5223633d97dd19_1",13,"1","2026-08-03T14:26:14.875796Z",14,21.351,"df5223633d97dd19","EP","I was browsing the grocery aisle of a bustling supermarket, the fluorescent lights casting a bright, even glow over the neatly arranged shelves.",1,"[{""start"":60,""end"":99,""text"":""the fluorescent lights casting a bright"",""labels"":[""EP""]}]","2026-08-03T14:26:14.875816Z"
"df5223633d97dd19_2",14,"1","2026-08-03T14:26:18.987703Z",15,3.797,"df5223633d97dd19","EP","The hum of conversation and the soft clinking of shopping carts filled the air.",2,"","2026-08-03T14:26:18.987720Z"
"df5223633d97dd19_3",15,"1","2026-08-03T14:26:26.919119Z",16,7.636,"df5223633d97dd19","EP","I grabbed a cart and made my way to the produce section, where the scent of ripe fruits and fresh vegetables lingered.",3,"[{""start"":57,""end"":118,""text"":""where the scent of ripe fruits and fresh vegetables lingered."",""labels"":[""EP""]}]","2026-08-03T14:26:26.919136Z"
"df5223633d97dd19_4",16,"1","2026-08-03T14:26:31.532647Z",17,4.313,"df5223633d97dd19","EP","I picked up a few apples and a bundle of bananas, checking the labels for freshness.",4,"[{""start"":50,""end"":83,""text"":""checking the labels for freshness"",""labels"":[""EP""]}]","2026-08-03T14:26:31.532665Z"
"df5223633d97dd19_5",17,"1","2026-08-03T14:26:43.209997Z",18,11.376,"df5223633d97dd19","EP","As I moved to the dairy section, I paused at the cheese counter, running my fingers over a wedge of cheddar.",5,"[{""start"":0,""end"":31,""text"":""As I moved to the dairy section"",""labels"":[""EP""]},{""start"":64,""end"":107,""text"":"" running my fingers over a wedge of cheddar"",""labels"":[""EP""]}]","2026-08-03T14:26:43.210015Z"
"df5223633d97dd19_6",18,"1","2026-08-03T14:26:52.958826Z",19,9.384,"df5223633d97dd19","EP","I grabbed a loaf of bread and a carton of milk, then headed to the checkout, where a cashier greeted me with a smile.",6,"[{""start"":47,""end"":75,""text"":"" then headed to the checkout"",""labels"":[""EP""]},{""start"":77,""end"":117,""text"":""where a cashier greeted me with a smile."",""labels"":[""EP""]}]","2026-08-03T14:26:52.958844Z"
"df5223633d97dd19_7",19,"1","2026-08-03T14:27:01.803910Z",20,8.543,"df5223633d97dd19","EP","I paid and gathered my items, making my way out with a bag of groceries in hand, ready for the evening meal.",7,"[{""start"":29,""end"":79,""text"":"" making my way out with a bag of groceries in hand"",""labels"":[""EP""]}]","2026-08-03T14:27:01.803928Z"
"5755bdb2b3cdd47c_1",20,"1","2026-08-03T14:27:08.216345Z",21,6.101,"5755bdb2b3cdd47c","EP","I was walking through the crowded supermarket, the hum of conversation and the clatter of shopping carts filling the air.",1,"[{""start"":104,""end"":121,""text"":"" filling the air."",""labels"":[""EP""]}]","2026-08-03T14:27:08.216364Z"
"5755bdb2b3cdd47c_2",21,"1","2026-08-03T14:27:13.885047Z",22,5.369,"5755bdb2b3cdd47c","EP","The scent of fresh produce and baked goods wafted from the aisles, mingling with the faint smell of cleaning products.",2,"[{""start"":67,""end"":118,""text"":""mingling with the faint smell of cleaning products."",""labels"":[""EP""]}]","2026-08-03T14:27:13.885065Z"
"5755bdb2b3cdd47c_3",22,"1","2026-08-03T14:27:18.495023Z",23,4.318,"5755bdb2b3cdd47c","EP","I grabbed my cart and headed to the grocery section, scanning the shelves for the ingredients on my list.",3,"[{""start"":53,""end"":104,""text"":""scanning the shelves for the ingredients on my list"",""labels"":[""EP""]}]","2026-08-03T14:27:18.495059Z"
"5755bdb2b3cdd47c_4",23,"1","2026-08-03T14:27:23.554279Z",24,4.754,"5755bdb2b3cdd47c","EP","I picked up a loaf of bread, a bag of apples, and a carton of milk, placing them in the cart with careful precision.",4,"[{""start"":68,""end"":116,""text"":""placing them in the cart with careful precision."",""labels"":[""EP""]}]","2026-08-03T14:27:23.554296Z"
"5755bdb2b3cdd47c_5",24,"1","2026-08-03T14:27:31.102011Z",25,7.252,"5755bdb2b3cdd47c","EP","As I moved through the store, I passed a display of colorful candies and a section where a man was trying on sunglasses.",5,"[{""start"":0,""end"":28,""text"":""As I moved through the store"",""labels"":[""EP""]},{""start"":83,""end"":120,""text"":""where a man was trying on sunglasses."",""labels"":[""EP""]}]","2026-08-03T14:27:31.102028Z"
"5755bdb2b3cdd47c_6",25,"1","2026-08-03T14:27:55.136071Z",26,23.726,"5755bdb2b3cdd47c","EP","I made my way to the checkout, where a cashier greeted me with a smile, and I paid for my items before heading out the door, the bag of groceries in hand.",6,"[{""start"":47,""end"":70,""text"":""greeted me with a smile"",""labels"":[""EP""]},{""start"":76,""end"":95,""text"":""I paid for my items"",""labels"":[""EP""]},{""start"":96,""end"":125,""text"":""before heading out the door, "",""labels"":[""EP""]},{""start"":125,""end"":153,""text"":""the bag of groceries in hand"",""labels"":[""NONEP""]}]","2026-08-03T14:27:55.136090Z"
"bda87857c27cf1a6_1",26,"1","2026-08-03T14:28:05.466642Z",27,9.972,"bda87857c27cf1a6","EP","I was walking through the supermarket, pushing a shopping cart slowly down the aisle.",1,"[{""start"":39,""end"":85,""text"":""pushing a shopping cart slowly down the aisle."",""labels"":[""EP""]}]","2026-08-03T14:28:05.466661Z"
"bda87857c27cf1a6_2",27,"1","2026-08-03T14:28:14.537571Z",28,8.724,"bda87857c27cf1a6","EP","The fluorescent lights buzzed softly above, casting a bright white glow over the neatly arranged shelves.",2,"[{""start"":44,""end"":105,""text"":""casting a bright white glow over the neatly arranged shelves."",""labels"":[""EP""]}]","2026-08-03T14:28:14.537588Z"
"bda87857c27cf1a6_3",28,"1","2026-08-03T14:28:18.830845Z",29,3.925,"bda87857c27cf1a6","EP","I stopped at the cereal section, grabbing a box of oats and placing it in the cart.",3,"[{""start"":33,""end"":83,""text"":""grabbing a box of oats and placing it in the cart."",""labels"":[""EP""]}]","2026-08-03T14:28:18.830864Z"
"bda87857c27cf1a6_4",29,"1","2026-08-03T14:28:22.898520Z",30,3.744,"bda87857c27cf1a6","EP","The smell of fresh produce wafted from the next aisle, where a woman was selecting apples.",4,"[{""start"":55,""end"":90,""text"":""where a woman was selecting apples."",""labels"":[""EP""]}]","2026-08-03T14:28:22.898539Z"
"bda87857c27cf1a6_5",30,"1","2026-08-03T14:28:27.418091Z",31,4.221,"bda87857c27cf1a6","EP","I moved on to the dairy section, where a man was checking the expiration dates on milk cartons.",5,"[{""start"":33,""end"":95,""text"":""where a man was checking the expiration dates on milk cartons."",""labels"":[""EP""]}]","2026-08-03T14:28:27.418109Z"
"bda87857c27cf1a6_6",31,"1","2026-08-03T14:28:35.334712Z",32,7.626,"bda87857c27cf1a6","EP","I picked up a carton of almond milk and added it to the cart.",6,"[{""start"":40,""end"":61,""text"":""added it to the cart."",""labels"":[""EP""]}]","2026-08-03T14:28:35.334729Z"
"bda87857c27cf1a6_7",32,"1","2026-08-03T14:28:49.082763Z",33,13.443,"bda87857c27cf1a6","EP","As I passed the snack aisle, I noticed a display of chips and cookies, but I didn’t stop.",7,"[{""start"":0,""end"":27,""text"":""As I passed the snack aisle"",""labels"":[""EP""]},{""start"":71,""end"":89,""text"":""but I didn’t stop."",""labels"":[""EP""]}]","2026-08-03T14:28:49.082781Z"
"bda87857c27cf1a6_8",33,"1","2026-08-03T14:29:07.585510Z",34,18.18,"bda87857c27cf1a6","EP","I continued to the checkout, where a cashier was scanning items, and I waited in line, holding my cart with one hand and a bag of oranges in the other.",8,"[{""start"":38,""end"":63,""text"":""ashier was scanning items"",""labels"":[""EP""]},{""start"":69,""end"":85,""text"":""I waited in line"",""labels"":[""EP""]},{""start"":87,""end"":151,""text"":""holding my cart with one hand and a bag of oranges in the other."",""labels"":[""EP""]}]","2026-08-03T14:29:07.585527Z"
"b646ae419676ed05_1",34,"1","2026-08-03T14:29:11.835939Z",35,3.876,"b646ae419676ed05","EP","I was in the supermarket on a quiet weekday afternoon, browsing the aisles with a small grocery list in my hand.",1,"","2026-08-03T14:29:11.835960Z"
"b646ae419676ed05_2",35,"1","2026-08-03T14:29:28.240448Z",36,16.089,"b646ae419676ed05","EP","The hum of conversation and the occasional clatter of shopping carts created a familiar background noise.",2,"","2026-08-03T14:29:28.240467Z"
"b646ae419676ed05_3",36,"1","2026-08-03T14:29:34.781003Z",37,6.235,"b646ae419676ed05","EP","I stopped at the produce section, gently running my fingers over the smooth skin of a ripe avocado.",3,"[{""start"":34,""end"":99,""text"":""gently running my fingers over the smooth skin of a ripe avocado."",""labels"":[""EP""]}]","2026-08-03T14:29:34.781021Z"
"b646ae419676ed05_4",37,"1","2026-08-03T14:29:39.028854Z",38,3.942,"b646ae419676ed05","EP","Next, I moved to the dairy aisle, where I grabbed a carton of milk and a block of cheese.",4,"[{""start"":32,""end"":89,""text"":"", where I grabbed a carton of milk and a block of cheese."",""labels"":[""EP""]}]","2026-08-03T14:29:39.028872Z"
"b646ae419676ed05_5",38,"1","2026-08-03T14:29:47.241984Z",39,7.899,"b646ae419676ed05","EP","I paused at the snack section, considering whether to pick up a bag of chips, but decided against it.",5,"[{""start"":30,""end"":76,""text"":"" considering whether to pick up a bag of chips"",""labels"":[""EP""]},{""start"":78,""end"":101,""text"":""but decided against it."",""labels"":[""EP""]}]","2026-08-03T14:29:47.242004Z"
"b646ae419676ed05_6",39,"1","2026-08-03T14:30:08.119093Z",40,20.536,"b646ae419676ed05","EP","As I approached the checkout, I noticed a coupon display for a discount on bread, so I added a loaf to my basket.",6,"[{""start"":0,""end"":28,""text"":""As I approached the checkout"",""labels"":[""EP""]},{""start"":82,""end"":113,""text"":""so I added a loaf to my basket."",""labels"":[""EP""]}]","2026-08-03T14:30:08.119113Z"
"b646ae419676ed05_7",40,"1","2026-08-03T14:30:37.021930Z",41,28.54,"b646ae419676ed05","EP","The cashier greeted me with a smile, and I handed over my items, hoping the total would be under my budget.",7,"[{""start"":41,""end"":63,""text"":""I handed over my items"",""labels"":[""EP""]},{""start"":65,""end"":107,""text"":""hoping the total would be under my budget."",""labels"":[""EP""]},{""start"":71,""end"":107,""text"":"" the total would be under my budget."",""labels"":[""NONEP""]}]","2026-08-03T14:30:37.021949Z"
"ede3d2dd96b4dc89_1",41,"1","2026-08-03T14:30:45.095573Z",42,7.754,"ede3d2dd96b4dc89","EP","I was walking through the aisles of a busy supermarket, the hum of conversation and the clinking of shopping carts around me.",1,"[{""start"":56,""end"":125,""text"":""the hum of conversation and the clinking of shopping carts around me.\\n"",""labels"":[""EP""]}]","2026-08-03T14:30:45.095591Z"
"ede3d2dd96b4dc89_2",42,"1","2026-08-03T14:30:49.638001Z",43,4.221,"ede3d2dd96b4dc89","EP","The scent of fresh produce and baked goods filled the air, mingling with the faint smell of cleaning products.",2,"[{""start"":59,""end"":110,""text"":""mingling with the faint smell of cleaning products."",""labels"":[""EP""]}]","2026-08-03T14:30:49.638020Z"
"ede3d2dd96b4dc89_3",43,"1","2026-08-03T14:30:54.626650Z",44,4.684,"ede3d2dd96b4dc89","EP","I grabbed a cart and headed to the cereal aisle, scanning the shelves for my usual brand.",3,"[{""start"":49,""end"":89,""text"":""scanning the shelves for my usual brand."",""labels"":[""EP""]}]","2026-08-03T14:30:54.626669Z"
"ede3d2dd96b4dc89_4",44,"1","2026-08-03T14:31:03.289864Z",45,8.31,"ede3d2dd96b4dc89","EP","As I reached for a box, a mother and her toddler passed by, the child pointing at a colorful toy display.",4,"[{""start"":0,""end"":23,""text"":""As I reached for a box,"",""labels"":[""EP""]},{""start"":60,""end"":105,""text"":""the child pointing at a colorful toy display.\\n"",""labels"":[""EP""]}]","2026-08-03T14:31:03.289881Z"
"ede3d2dd96b4dc89_5",45,"1","2026-08-03T14:31:08.914377Z",46,5.313,"ede3d2dd96b4dc89","EP","I moved on to the dairy section, where a man was carefully checking the expiration dates on milk bottles.",5,"[{""start"":33,""end"":105,""text"":""where a man was carefully checking the expiration dates on milk bottles.\\n"",""labels"":[""EP""]}]","2026-08-03T14:31:08.914396Z"
"ede3d2dd96b4dc89_6",46,"1","2026-08-03T14:31:21.001626Z",47,11.752,"ede3d2dd96b4dc89","EP","I picked up a carton of milk and placed it in my basket, then headed to the checkout, where a cashier was already scanning items.",6,"[{""start"":57,""end"":85,""text"":""then headed to the checkout,"",""labels"":[""EP""]},{""start"":85,""end"":129,""text"":"" where a cashier was already scanning items."",""labels"":[""EP""]}]","2026-08-03T14:31:21.001674Z"
"ede3d2dd96b4dc89_7",47,"1","2026-08-03T14:31:38.582894Z",48,17.245,"ede3d2dd96b4dc89","EP","I waited in line, watching the world go by, content with my simple task.",7,"[{""start"":18,""end"":42,""text"":""watching the world go by"",""labels"":[""EP""]},{""start"":44,""end"":72,""text"":""content with my simple task."",""labels"":[""NONEP""]}]","2026-08-03T14:31:38.582912Z"
"b96a81d923dbf4ef_1",48,"1","2026-08-03T14:31:49.091245Z",49,10.186,"b96a81d923dbf4ef","EP","I was walking through the aisles of a well-lit supermarket, the hum of conversation and the soft clinking of shopping carts filling the air.",1,"[{""start"":60,""end"":140,""text"":""the hum of conversation and the soft clinking of shopping carts filling the air."",""labels"":[""EP""]}]","2026-08-03T14:31:49.091264Z"
"b96a81d923dbf4ef_2",49,"1","2026-08-03T14:32:05.072316Z",50,11.119,"b96a81d923dbf4ef","NONEP","I was on a routine grocery run, grabbing a list from my phone that included eggs, milk, and a loaf of bread.",2,"[{""start"":32,""end"":108,""text"":""grabbing a list from my phone that included eggs, milk, and a loaf of bread."",""labels"":[""EP""]}]","2026-08-03T14:32:05.072337Z"
"b96a81d923dbf4ef_3",50,"1","2026-08-03T14:32:11.788827Z",51,6.39,"b96a81d923dbf4ef","EP","The scent of fresh produce and baked goods wafted from the bakery section, which I passed on my way to the dairy counter.",3,"[{""start"":75,""end"":121,""text"":""which I passed on my way to the dairy counter."",""labels"":[""EP""]}]","2026-08-03T14:32:11.788844Z"
"b96a81d923dbf4ef_4",51,"1","2026-08-03T14:32:18.521849Z",52,6.434,"b96a81d923dbf4ef","EP","I picked up a carton of milk and a bag of apples, then moved to the checkout line, where a young family was counting out change.",4,"[{""start"":50,""end"":81,""text"":""then moved to the checkout line"",""labels"":[""EP""]},{""start"":83,""end"":128,""text"":""where a young family was counting out change."",""labels"":[""EP""]}]","2026-08-03T14:32:18.521867Z"
"b96a81d923dbf4ef_5",52,"1","2026-08-03T14:32:33.695459Z",53,14.865,"b96a81d923dbf4ef","EP","As I waited, I glanced at the magazine rack near the exit, where a new issue of a gardening magazine caught my eye.",5,"[{""start"":0,""end"":12,""text"":""As I waited,"",""labels"":[""EP""]},{""start"":59,""end"":115,""text"":""where a new issue of a gardening magazine caught my eye."",""labels"":[""EP""]}]","2026-08-03T14:32:33.695479Z"
"b96a81d923dbf4ef_6",53,"1","2026-08-03T14:32:48.892737Z",54,14.838,"b96a81d923dbf4ef","EP","I decided to grab it on the way out, adding it to my basket before heading to the register.",6,"[{""start"":35,""end"":59,""text"":"", adding it to my basket"",""labels"":[""EP""]},{""start"":60,""end"":91,""text"":""before heading to the register."",""labels"":[""EP""]}]","2026-08-03T14:32:48.892755Z"
"7c9db0977408608c_1",54,"1","2026-08-03T14:34:21.433960Z",55,92.2,"7c9db0977408608c","EP","I was browsing the grocery store on a quiet Saturday morning, the fluorescent lights buzzing softly overhead.",1,"[{""start"":62,""end"":109,""text"":""the fluorescent lights buzzing softly overhead.\\n"",""labels"":[""EP""]}]","2026-08-03T14:34:21.433983Z"
"7c9db0977408608c_2",55,"1","2026-08-03T14:34:26.347641Z",56,4.578,"7c9db0977408608c","EP","I moved through the aisles, grabbing a carton of milk, a bag of apples, and a loaf of bread from the bakery section.",2,"[{""start"":28,""end"":53,""text"":""grabbing a carton of milk"",""labels"":[""EP""]}]","2026-08-03T14:34:26.347659Z"
"7c9db0977408608c_3",56,"1","2026-08-03T14:34:29.119883Z",57,2.47,"7c9db0977408608c","EP","The scent of freshly baked pastries lingered near the checkout counter.",3,"","2026-08-03T14:34:29.119900Z"
"7c9db0977408608c_4",57,"1","2026-08-03T14:34:37.635691Z",58,8.217,"7c9db0977408608c","EP","I paused at the snack aisle, eyeing a variety of chips and candy bars before deciding on a pack of almonds.",4,"[{""start"":29,""end"":70,""text"":""eyeing a variety of chips and candy bars "",""labels"":[""EP""]},{""start"":70,""end"":107,""text"":""before deciding on a pack of almonds.\\n"",""labels"":[""EP""]}]","2026-08-03T14:34:37.635709Z"
"7c9db0977408608c_5",58,"1","2026-08-03T14:34:51.382728Z",59,13.412,"7c9db0977408608c","EP","As I approached the register, I noticed a couple arguing over the price of a loaf of bread, and a teenager trying to return a broken item.",5,"[{""start"":0,""end"":28,""text"":""As I approached the register"",""labels"":[""EP""]},{""start"":107,""end"":137,""text"":""trying to return a broken item"",""labels"":[""EP""]},{""start"":49,""end"":91,""text"":""arguing over the price of a loaf of bread,"",""labels"":[""EP""]}]","2026-08-03T14:34:51.382749Z"
"7c9db0977408608c_6",59,"1","2026-08-03T14:35:01.892609Z",60,10.172,"7c9db0977408608c","EP","I paid for my items and grabbed a paper bag, then walked out into the parking lot, the sun warming my shoulders as I waited for my car.",6,"[{""start"":45,""end"":80,""text"":""then walked out into the parking lo"",""labels"":[""EP""]},{""start"":84,""end"":111,""text"":""he sun warming my shoulders"",""labels"":[""EP""]},{""start"":115,""end"":135,""text"":""I waited for my car."",""labels"":[""EP""]}]","2026-08-03T14:35:01.892645Z"
"b7850f3ab77a1ec2_1",60,"1","2026-08-03T14:35:07.696632Z",61,5.459,"b7850f3ab77a1ec2","EP","I was walking through the aisles of a busy supermarket, the hum of conversation and the clatter of shopping carts filling the air.",1,"[{""start"":56,""end"":130,""text"":""the hum of conversation and the clatter of shopping carts filling the air."",""labels"":[""EP""]}]","2026-08-03T14:35:07.696650Z"
"b7850f3ab77a1ec2_2",61,"1","2026-08-03T14:35:14.018535Z",62,5.98,"b7850f3ab77a1ec2","EP","The fluorescent lights cast a bright, even glow over the neatly arranged shelves.",2,"[{""start"":38,""end"":81,""text"":""even glow over the neatly arranged shelves."",""labels"":[""EP""]}]","2026-08-03T14:35:14.018553Z"
"b7850f3ab77a1ec2_3",62,"1","2026-08-03T14:35:20.584199Z",63,5.968,"b7850f3ab77a1ec2","EP","I grabbed a cart and headed to the produce section, where the scent of fresh fruit and the sight of vibrant vegetables greeted me.",3,"[{""start"":50,""end"":130,""text"":"", where the scent of fresh fruit and the sight of vibrant vegetables greeted me."",""labels"":[""EP""]}]","2026-08-03T14:35:20.584229Z"
"b7850f3ab77a1ec2_4",63,"1","2026-08-03T14:35:26.443909Z",64,5.503,"b7850f3ab77a1ec2","EP","I picked up a few apples and a bundle of bananas, then moved on to the dairy aisle, where I grabbed a carton of milk.",4,"[{""start"":50,""end"":83,""text"":""then moved on to the dairy aisle,"",""labels"":[""EP""]},{""start"":84,""end"":117,""text"":""where I grabbed a carton of milk."",""labels"":[""EP""]}]","2026-08-03T14:35:26.443932Z"
"b7850f3ab77a1ec2_5",64,"1","2026-08-03T14:35:32.533219Z",65,5.77,"b7850f3ab77a1ec2","EP","I stopped at the cereal aisle to pick out a box, then headed to the checkout counter, where a cashier scanned my items with a barcode scanner.",5,"[{""start"":49,""end"":85,""text"":""then headed to the checkout counter,"",""labels"":[""EP""]},{""start"":86,""end"":142,""text"":""where a cashier scanned my items with a barcode scanner."",""labels"":[""EP""]}]","2026-08-03T14:35:32.533237Z"
"b7850f3ab77a1ec2_6",65,"1","2026-08-03T14:35:56.498262Z",66,23.638,"b7850f3ab77a1ec2","EP","As I waited in line, I glanced at the magazine rack, where a few magazines were displayed.",6,"[{""start"":0,""end"":19,""text"":""As I waited in line"",""labels"":[""EP""]},{""start"":53,""end"":90,""text"":""where a few magazines were displayed."",""labels"":[""NONEP""]}]","2026-08-03T14:35:56.498283Z"
"b7850f3ab77a1ec2_7",66,"1","2026-08-03T14:36:07.058558Z",67,10.225,"b7850f3ab77a1ec2","EP","I finished my shopping and left, the bag of groceries in my hand, feeling satisfied with my quick trip.",7,"[{""start"":32,""end"":66,""text"":"" the bag of groceries in my hand, "",""labels"":[""NONEP""]},{""start"":66,""end"":103,""text"":""feeling satisfied with my quick trip."",""labels"":[""EP""]}]","2026-08-03T14:36:07.058578Z"
"2f8b14731b95185f_1",67,"1","2026-08-03T14:36:12.674946Z",68,5.299,"2f8b14731b95185f","EP","I was walking through the aisles of a busy supermarket, the hum of conversation and the clinking of shopping carts filling the air.",1,"[{""start"":56,""end"":131,""text"":""the hum of conversation and the clinking of shopping carts filling the air."",""labels"":[""EP""]}]","2026-08-03T14:36:12.674967Z"
"2f8b14731b95185f_2",68,"1","2026-08-03T14:36:30.395726Z",69,17.396,"2f8b14731b95185f","EP","I grabbed my basket and headed to the produce section, where bright fruits and vegetables were neatly arranged.",2,"[{""start"":55,""end"":111,""text"":""where bright fruits and vegetables were neatly arranged.\\n"",""labels"":[""NONEP""]}]","2026-08-03T14:36:30.395748Z"
"2f8b14731b95185f_3",69,"1","2026-08-03T14:36:32.876662Z",70,2.14,"2f8b14731b95185f","EP","I picked up a few apples and a bundle of spinach.",3,"","2026-08-03T14:36:32.876681Z"
"2f8b14731b95185f_4",70,"1","2026-08-03T14:36:36.952484Z",71,3.775,"2f8b14731b95185f","EP","Next, I moved to the dairy aisle, where I grabbed a carton of milk and a block of cheese.",4,"[{""start"":34,""end"":89,""text"":""where I grabbed a carton of milk and a block of cheese."",""labels"":[""EP""]}]","2026-08-03T14:36:36.952501Z"
"2f8b14731b95185f_5",71,"1","2026-08-03T14:36:44.185402Z",72,6.928,"2f8b14731b95185f","EP","I stopped at the snack section to pick up a bag of chips, then headed to the checkout counter.",5,"[{""start"":58,""end"":94,""text"":""then headed to the checkout counter."",""labels"":[""EP""]}]","2026-08-03T14:36:44.185420Z"
"2f8b14731b95185f_6",72,"1","2026-08-03T14:37:06.852677Z",73,22.314,"2f8b14731b95185f","EP","I scanned my items, making sure I had everything on my list.",6,"[{""start"":20,""end"":32,""text"":""making sure "",""labels"":[""EP""]},{""start"":32,""end"":60,""text"":""I had everything on my list."",""labels"":[""NONEP""]}]","2026-08-03T14:37:06.852695Z"
"2f8b14731b95185f_7",73,"1","2026-08-03T14:37:21.829406Z",74,14.62,"2f8b14731b95185f","EP","As I waited in line, I watched families and couples moving through the store, each with their own shopping routine.",7,"[{""start"":0,""end"":19,""text"":""As I waited in line"",""labels"":[""EP""]},{""start"":52,""end"":76,""text"":""moving through the store"",""labels"":[""EP""]},{""start"":78,""end"":115,""text"":""each with their own shopping routine."",""labels"":[""NONEP""]}]","2026-08-03T14:37:21.829424Z"
"2f8b14731b95185f_8",74,"1","2026-08-03T14:37:39.499462Z",75,17.343,"2f8b14731b95185f","EP","The cashier rang up my items, and I paid, then took my bag and left, feeling satisfied with my small but necessary errand.",8,"[{""start"":30,""end"":41,""text"":""and I paid,"",""labels"":[""EP""]},{""start"":42,""end"":68,""text"":""then took my bag and left,"",""labels"":[""EP""]},{""start"":70,""end"":122,""text"":""eeling satisfied with my small but necessary errand."",""labels"":[""EP""]}]","2026-08-03T14:37:39.499479Z"
"b6202e57fd03731b_1",75,"1","2026-08-03T14:37:47.545907Z",76,7.723,"b6202e57fd03731b","EP","I was walking through the aisles of a busy supermarket, the hum of conversation and the occasional clatter of shopping carts filling the air.",1,"[{""start"":124,""end"":141,""text"":"" filling the air."",""labels"":[""EP""]}]","2026-08-03T14:37:47.545925Z"
"b6202e57fd03731b_2",76,"1","2026-08-03T14:37:53.617165Z",77,5.748,"b6202e57fd03731b","EP","I was looking for fresh fruit, so I headed to the produce section, where the scent of ripe apples and citrus lingered.",2,"[{""start"":34,""end"":44,""text"":""I headed t"",""labels"":[""EP""]},{""start"":99,""end"":118,""text"":""nd citrus lingered."",""labels"":[""EP""]}]","2026-08-03T14:37:53.617186Z"
"b6202e57fd03731b_3",77,"1","2026-08-03T14:37:57.096390Z",78,3.127,"b6202e57fd03731b","EP","I picked up a small basket and grabbed a few bananas, a bag of grapes, and a watermelon.",3,"","2026-08-03T14:37:57.096408Z"
"b6202e57fd03731b_4",78,"1","2026-08-03T14:38:10.820821Z",79,13.404,"b6202e57fd03731b","EP","As I moved through the store, I noticed a family selecting groceries, a man checking the expiration dates on cereal boxes, and a cashier scanning items at the register.",4,"[{""start"":0,""end"":30,""text"":""As I moved through the store, "",""labels"":[""EP""]},{""start"":70,""end"":121,""text"":""a man checking the expiration dates on cereal boxes"",""labels"":[""EP""]},{""start"":127,""end"":168,""text"":""a cashier scanning items at the register."",""labels"":[""EP""]}]","2026-08-03T14:38:10.820839Z"
"b6202e57fd03731b_5",79,"1","2026-08-03T14:38:18.677375Z",80,7.531,"b6202e57fd03731b","EP","I grabbed a carton of milk and a loaf of bread before heading to the checkout.",5,"[{""start"":47,""end"":78,""text"":""before heading to the checkout."",""labels"":[""EP""]}]","2026-08-03T14:38:18.677392Z"
"b6202e57fd03731b_6",80,"1","2026-08-03T14:38:35.397415Z",81,16.392,"b6202e57fd03731b","NONEP","The line was short, and I paid with my credit card, then grabbed my bag and left, the weight of my purchases a reminder of the simple, everyday task of shopping.",6,"[{""start"":24,""end"":51,""text"":""I paid with my credit card,"",""labels"":[""EP""]},{""start"":57,""end"":71,""text"":""grabbed my bag"",""labels"":[""EP""]},{""start"":75,""end"":81,""text"":"" left,"",""labels"":[""EP""]},{""start"":82,""end"":161,""text"":""the weight of my purchases a reminder of the simple, everyday task of shopping."",""labels"":[""EP""]}]","2026-08-03T14:38:35.397432Z"
"7e7192db1866ac7a_1",81,"1","2026-08-03T14:38:44.244348Z",82,8.521,"7e7192db1866ac7a","EP","I was browsing the grocery store on a quiet Saturday morning, the hum of the fluorescent lights blending with the occasional clink of cans.",1,"[{""start"":104,""end"":139,""text"":"" with the occasional clink of cans."",""labels"":[""EP""]}]","2026-08-03T14:38:44.244366Z"
"7e7192db1866ac7a_2",82,"1","2026-08-03T14:38:50.929257Z",83,6.31,"7e7192db1866ac7a","EP","I moved through the aisles, grabbing a carton of milk, a loaf of bread, and a bag of apples.",2,"[{""start"":28,""end"":53,""text"":""grabbing a carton of milk"",""labels"":[""EP""]}]","2026-08-03T14:38:50.929277Z"
"7e7192db1866ac7a_3",83,"1","2026-08-03T14:38:57.881273Z",84,6.621,"7e7192db1866ac7a","EP","The scent of fresh produce lingered in the air, mixed with the faint smell of cleaning products.",3,"[{""start"":48,""end"":96,""text"":""mixed with the faint smell of cleaning products."",""labels"":[""EP""]}]","2026-08-03T14:38:57.881290Z"
"7e7192db1866ac7a_4",84,"1","2026-08-03T14:39:18.472572Z",85,20.281,"7e7192db1866ac7a","EP","I paused at the cereal aisle, running my fingers over the boxes, trying to decide on a brand.",4,"[{""start"":31,""end"":61,""text"":""unning my fingers over the box"",""labels"":[""EP""]},{""start"":65,""end"":93,""text"":""trying to decide on a brand."",""labels"":[""EP""]}]","2026-08-03T14:39:18.472590Z"
"7e7192db1866ac7a_5",85,"1","2026-08-03T14:39:23.120411Z",86,4.301,"7e7192db1866ac7a","EP","A family with young children passed me, their laughter echoing through the store.",5,"[{""start"":40,""end"":81,""text"":""their laughter echoing through the store."",""labels"":[""EP""]}]","2026-08-03T14:39:23.120428Z"
"7e7192db1866ac7a_6",86,"1","2026-08-03T14:39:28.911299Z",87,5.444,"7e7192db1866ac7a","EP","I grabbed a few items and headed to the checkout, where the cashier greeted me with a smile.",6,"[{""start"":50,""end"":92,""text"":""where the cashier greeted me with a smile."",""labels"":[""EP""]}]","2026-08-03T14:39:28.911318Z"
"7e7192db1866ac7a_7",87,"1","2026-08-03T14:39:51.531965Z",88,22.229,"7e7192db1866ac7a","EP","I paid, took my bag, and stepped outside into the crisp morning air, ready to head home.",7,"[{""start"":69,""end"":88,""text"":""ready to head home."",""labels"":[""NONEP""]}]","2026-08-03T14:39:51.531985Z"
"3a613a938d62c032_1",88,"1","2026-08-03T14:40:00.935694Z",89,9.054,"3a613a938d62c032","EP","I was walking down the aisle of the supermarket, pushing my cart slowly as I scanned the shelves for cereal.",1,"[{""start"":49,""end"":64,""text"":""pushing my cart"",""labels"":[""EP""]},{""start"":72,""end"":108,""text"":""as I scanned the shelves for cereal."",""labels"":[""EP""]}]","2026-08-03T14:40:00.935714Z"
"3a613a938d62c032_2",89,"1","2026-08-03T14:40:05.888342Z",90,4.631,"3a613a938d62c032","EP","The fluorescent lights buzzed softly overhead, casting a bright white glow on the neatly arranged products.",2,"[{""start"":47,""end"":107,""text"":""casting a bright white glow on the neatly arranged products."",""labels"":[""EP""]}]","2026-08-03T14:40:05.888360Z"
"3a613a938d62c032_3",90,"1","2026-08-03T14:40:11.801416Z",91,5.574,"3a613a938d62c032","EP","The scent of fresh produce and baked goods wafted through the air, mingling with the faint hum of conversation from nearby shoppers.",3,"[{""start"":67,""end"":132,""text"":""mingling with the faint hum of conversation from nearby shoppers."",""labels"":[""EP""]}]","2026-08-03T14:40:11.801433Z"
"3a613a938d62c032_4",91,"1","2026-08-03T14:40:16.825399Z",92,4.718,"3a613a938d62c032","EP","I grabbed a box of oats and moved to the dairy section, where the coolness of the refrigerated cases contrasted with the warmth of the store.",4,"[{""start"":87,""end"":141,""text"":""gerated cases contrasted with the warmth of the store."",""labels"":[""EP""]}]","2026-08-03T14:40:16.825418Z"
"3a613a938d62c032_5",92,"1","2026-08-03T14:40:21.500589Z",93,4.301,"3a613a938d62c032","EP","I picked up a carton of milk and a block of cheese, then headed to the checkout counter, where the cashier greeted me with a smile.",5,"[{""start"":89,""end"":131,""text"":""where the cashier greeted me with a smile."",""labels"":[""EP""]}]","2026-08-03T14:40:21.500607Z"
"3a613a938d62c032_6",93,"1","2026-08-03T14:40:31.242694Z",94,9.429,"3a613a938d62c032","EP","As I waited in line, I glanced at the calendar on the wall, realizing I had missed my weekly grocery day.",6,"[{""start"":0,""end"":21,""text"":""As I waited in line, "",""labels"":[""EP""]},{""start"":60,""end"":69,""text"":""realizing"",""labels"":[""EP""]},{""start"":70,""end"":104,""text"":""I had missed my weekly grocery day"",""labels"":[""EP""]}]","2026-08-03T14:40:31.242712Z"
"3a613a938d62c032_7",94,"1","2026-08-03T14:40:35.848327Z",95,4.314,"3a613a938d62c032","EP","I made a mental note to plan better next time.",7,"","2026-08-03T14:40:35.848344Z"
"33b6ed4acd3a4957_1",95,"1","2026-08-03T14:41:02.033172Z",96,10.443,"33b6ed4acd3a4957","EP","I was walking through the aisles of a busy supermarket, the hum of conversation and the clinking of shopping carts around me.",1,"[{""start"":56,""end"":122,""text"":""the hum of conversation and the clinking of shopping carts around "",""labels"":[""NONEP""]}]","2026-08-03T14:41:02.033204Z"
"33b6ed4acd3a4957_2",96,"1","2026-08-03T14:41:09.384694Z",97,7.033,"33b6ed4acd3a4957","EP","I grabbed my cart and headed to the produce section, where the bright colors of fruits and vegetables caught my eye.",2,"[{""start"":53,""end"":116,""text"":""where the bright colors of fruits and vegetables caught my eye."",""labels"":[""EP""]}]","2026-08-03T14:41:09.384712Z"
"33b6ed4acd3a4957_3",97,"1","2026-08-03T14:41:16.374902Z",98,6.655,"33b6ed4acd3a4957","EP","I picked up a few apples and a bundle of bananas, then moved to the dairy case, where I grabbed a carton of milk.",3,"[{""start"":85,""end"":113,""text"":"" I grabbed a carton of milk."",""labels"":[""EP""]}]","2026-08-03T14:41:16.374921Z"
"33b6ed4acd3a4957_4",98,"1","2026-08-03T14:41:27.704115Z",99,11.018,"33b6ed4acd3a4957","EP","I stopped at the cereal aisle, scanning the shelves for something I hadn’t had in a while.",4,"[{""start"":32,""end"":90,""text"":""canning the shelves for something I hadn’t had in a while."",""labels"":[""EP""]},{""start"":56,""end"":90,""text"":""something I hadn’t had in a while."",""labels"":[""NONEP""]}]","2026-08-03T14:41:27.704134Z"
"33b6ed4acd3a4957_5",99,"1","2026-08-03T14:41:33.546028Z",100,5.491,"33b6ed4acd3a4957","EP","As I reached for a box, I noticed a coupon on the shelf and grabbed it too.",5,"","2026-08-03T14:41:33.546047Z"
"33b6ed4acd3a4957_6",100,"1","2026-08-03T14:41:41.152935Z",101,7.271,"33b6ed4acd3a4957","EP","I filled my cart with essentials, then moved to the checkout counter, where a cashier was already waiting.",6,"[{""start"":34,""end"":68,""text"":""then moved to the checkout counter"",""labels"":[""EP""]},{""start"":70,""end"":106,""text"":""where a cashier was already waiting."",""labels"":[""EP""]}]","2026-08-03T14:41:41.152953Z"
"33b6ed4acd3a4957_7",101,"1","2026-08-03T14:41:46.986951Z",102,5.477,"33b6ed4acd3a4957","EP","I handed over my items and waited patiently while the register scanned them.",7,"[{""start"":44,""end"":76,""text"":""while the register scanned them."",""labels"":[""EP""]}]","2026-08-03T14:41:46.986983Z"
"33b6ed4acd3a4957_8",102,"1","2026-08-03T14:41:54.764823Z",103,7.412,"33b6ed4acd3a4957","EP","I paid and left, feeling satisfied with my simple grocery run.",8,"[{""start"":18,""end"":62,""text"":""eeling satisfied with my simple grocery run."",""labels"":[""EP""]}]","2026-08-03T14:41:54.764843Z"
"2402d38675f31b58_1",103,"1","2026-08-03T14:42:02.297516Z",104,7.23,"2402d38675f31b58","EP","I was walking through the aisles of a busy supermarket, the hum of conversation and the occasional clatter of shopping carts filling the air.",1,"[{""start"":0,""end"":141,""text"":""I was walking through the aisles of a busy supermarket, the hum of conversation and the occasional clatter of shopping carts filling the air."",""labels"":[""EP""]}]","2026-08-03T14:42:02.297534Z"
"2402d38675f31b58_2",104,"1","2026-08-03T14:42:09.562109Z",105,6.961,"2402d38675f31b58","NONEP","I was on a routine grocery run, picking up a few essentials like milk, bread, and eggs.",2,"[{""start"":30,""end"":87,""text"":"", picking up a few essentials like milk, bread, and eggs."",""labels"":[""EP""]}]","2026-08-03T14:42:09.562127Z"
"2402d38675f31b58_3",105,"1","2026-08-03T14:42:20.151946Z",106,10.261,"2402d38675f31b58","EP","The fluorescent lights above cast a bright, even glow over the neatly arranged shelves.",3,"","2026-08-03T14:42:20.151964Z"
"2402d38675f31b58_4",106,"1","2026-08-03T14:42:29.368797Z",107,8.906,"2402d38675f31b58","EP","I paused at the produce section, running my fingers over a bunch of bananas, checking for ripeness.",4,"[{""start"":32,""end"":69,""text"":"" running my fingers over a bunch of b"",""labels"":[""EP""]},{""start"":77,""end"":99,""text"":""checking for ripeness."",""labels"":[""EP""]}]","2026-08-03T14:42:29.368816Z"
"2402d38675f31b58_5",107,"1","2026-08-03T14:42:34.297373Z",108,4.606,"2402d38675f31b58","EP","I grabbed a carton of yogurt and moved to the dairy aisle, where I grabbed a bag of milk.",5,"[{""start"":58,""end"":89,""text"":"" where I grabbed a bag of milk."",""labels"":[""EP""]}]","2026-08-03T14:42:34.297391Z"
"2402d38675f31b58_6",108,"1","2026-08-03T14:42:41.699524Z",109,7.1,"2402d38675f31b58","EP","As I approached the checkout, I noticed a line forming, so I stepped back to wait.",6,"[{""start"":0,""end"":23,""text"":""As I approached the che"",""labels"":[""EP""]},{""start"":56,""end"":82,""text"":""so I stepped back to wait."",""labels"":[""EP""]}]","2026-08-03T14:42:41.699542Z"
"2402d38675f31b58_7",109,"1","2026-08-03T14:42:49.119228Z",110,7.098,"2402d38675f31b58","EP","The cashier was scanning items, and the beeping of the register was a familiar sound.",7,"[{""start"":48,""end"":85,""text"":""of the register was a familiar sound."",""labels"":[""NONEP""]}]","2026-08-03T14:42:49.119249Z"
"2402d38675f31b58_8",110,"1","2026-08-03T14:42:56.460644Z",111,7.01,"2402d38675f31b58","EP","I took a deep breath, savoring the routine of the moment.",8,"[{""start"":0,""end"":57,""text"":""I took a deep breath, savoring the routine of the moment."",""labels"":[""EP""]}]","2026-08-03T14:42:56.460663Z"
"4e9b935bb5fe467e_1",111,"1","2026-08-03T14:43:01.834492Z",112,5.075,"4e9b935bb5fe467e","EP","I was walking through the aisle of the supermarket, pushing a shopping cart with a basket of groceries.",1,"[{""start"":53,""end"":90,""text"":""ushing a shopping cart with a basket "",""labels"":[""EP""]}]","2026-08-03T14:43:01.834510Z"
"4e9b935bb5fe467e_2",112,"1","2026-08-03T14:43:13.416413Z",113,11.269,"4e9b935bb5fe467e","EP","The fluorescent lights hummed softly above, casting a bright white glow on the neatly arranged shelves.",2,"[{""start"":44,""end"":93,""text"":""casting a bright white glow on the neatly arrange"",""labels"":[""EP""]}]","2026-08-03T14:43:13.416432Z"
"4e9b935bb5fe467e_3",113,"1","2026-08-03T14:43:29.519933Z",114,15.79,"4e9b935bb5fe467e","EP","I passed rows of canned goods, fresh produce, and household cleaners, stopping occasionally to check the prices on the labels.",3,"[{""start"":70,""end"":126,""text"":""stopping occasionally to check the prices on the labels."",""labels"":[""EP""]}]","2026-08-03T14:43:29.519954Z"
"4e9b935bb5fe467e_4",114,"1","2026-08-03T14:43:38.274081Z",115,8.442,"4e9b935bb5fe467e","EP","The scent of fresh bread wafted from the bakery section, mingling with the faint smell of cleaning products.",4,"[{""start"":57,""end"":108,""text"":""mingling with the faint smell of cleaning products.\\n"",""labels"":[""EP""]}]","2026-08-03T14:43:38.274099Z"
"4e9b935bb5fe467e_5",115,"1","2026-08-03T14:43:49.000230Z",116,10.415,"4e9b935bb5fe467e","EP","I grabbed a bag of apples and a box of cereal, then moved to the dairy section, where the cool air felt refreshing.",5,"[{""start"":47,""end"":77,""text"":""then moved to the dairy sectio"",""labels"":[""EP""]},{""start"":81,""end"":114,""text"":""here the cool air felt refreshing"",""labels"":[""EP""]}]","2026-08-03T14:43:49.000248Z"
"4e9b935bb5fe467e_6",116,"1","2026-08-03T14:43:53.347953Z",117,3.979,"4e9b935bb5fe467e","EP","I picked up a carton of milk and a block of cheese, placing them in the cart.",6,"[{""start"":53,""end"":70,""text"":""lacing them in th"",""labels"":[""EP""]}]","2026-08-03T14:43:53.347971Z"
"4e9b935bb5fe467e_7",117,"1","2026-08-03T14:44:11.910677Z",118,18.26,"4e9b935bb5fe467e","EP","As I walked toward the checkout, I noticed a display of seasonal snacks and paused to consider buying a bag of chips, but decided against it.",7,"[{""start"":0,""end"":25,""text"":""As I walked toward the ch"",""labels"":[""EP""]},{""start"":84,""end"":94,""text"":""o consider"",""labels"":[""EP""]},{""start"":94,""end"":111,""text"":"" buying a bag of "",""labels"":[""EP""]},{""start"":119,""end"":135,""text"":""ut decided again"",""labels"":[""EP""]}]","2026-08-03T14:44:11.910695Z"
"4e9b935bb5fe467e_8",118,"1","2026-08-03T14:44:17.333459Z",119,5.035,"4e9b935bb5fe467e","EP","The hum of conversation and the occasional beeping of the self-checkout machines created a familiar, everyday rhythm.",8,"","2026-08-03T14:44:17.333478Z"
"e2061e1c6bb62a4f_1",119,"1","2026-08-03T14:44:24.314670Z",120,6.693,"e2061e1c6bb62a4f","NONEP","I was in the grocery store, walking down the aisle with a list in my hand.",1,"[{""start"":26,""end"":74,""text"":"", walking down the aisle with a list in my hand."",""labels"":[""EP""]}]","2026-08-03T14:44:24.314689Z"
"e2061e1c6bb62a4f_2",120,"1","2026-08-03T14:44:34.288036Z",121,9.668,"e2061e1c6bb62a4f","EP","The fluorescent lights buzzed softly above, casting a bright white glow over the shelves.",2,"[{""start"":45,""end"":89,""text"":""asting a bright white glow over the shelves."",""labels"":[""EP""]}]","2026-08-03T14:44:34.288056Z"
"e2061e1c6bb62a4f_3",121,"1","2026-08-03T14:44:37.808253Z",122,3.215,"e2061e1c6bb62a4f","EP","I passed rows of canned goods, fresh produce, and household cleaners.",3,"","2026-08-03T14:44:37.808270Z"
"e2061e1c6bb62a4f_4",122,"1","2026-08-03T14:44:41.063445Z",123,2.965,"e2061e1c6bb62a4f","EP","The smell of oranges and freshly baked bread wafted from the bakery section.",4,"","2026-08-03T14:44:41.063462Z"
"e2061e1c6bb62a4f_5",123,"1","2026-08-03T14:44:43.384213Z",124,2.015,"e2061e1c6bb62a4f","EP","I stopped at the dairy case, grabbed a carton of milk, and placed it in my basket.",5,"","2026-08-03T14:44:43.384232Z"
"e2061e1c6bb62a4f_6",124,"1","2026-08-03T14:44:49.284281Z",125,5.58,"e2061e1c6bb62a4f","EP","I then moved to the snack aisle, where I picked up a bag of chips and a pack of cookies.",6,"[{""start"":34,""end"":71,""text"":""here I picked up a bag of chips and a"",""labels"":[""EP""]}]","2026-08-03T14:44:49.284303Z"
"e2061e1c6bb62a4f_7",125,"1","2026-08-03T14:44:59.177289Z",126,9.577,"e2061e1c6bb62a4f","EP","As I walked toward the checkout, I noticed a display of seasonal fruits, and I grabbed a few apples for later.",7,"[{""start"":0,""end"":20,""text"":""As I walked toward t"",""labels"":[""EP""]},{""start"":73,""end"":110,""text"":""and I grabbed a few apples for later."",""labels"":[""EP""]}]","2026-08-03T14:44:59.177307Z"
"e2061e1c6bb62a4f_8",277,"1","2026-08-03T16:59:53.349059Z",127,16.166,"e2061e1c6bb62a4f","NONEP","The store was quiet, with only the occasional sound of a cart wheeling down an aisle.",8,"[{""start"":21,""end"":85,""text"":""with only the occasional sound of a cart wheeling down an aisle.\\n"",""labels"":[""EP""]}]","2026-08-03T16:59:53.349077Z"
"e2061e1c6bb62a4f_9",278,"1","2026-08-03T17:00:07.656110Z",128,13.986,"e2061e1c6bb62a4f","EP","I reached the register, paid for my items, and left with my groceries, feeling satisfied with my short trip.",9,"[{""start"":71,""end"":108,""text"":""feeling satisfied with my short trip."",""labels"":[""EP""]},{""start"":24,""end"":41,""text"":""paid for my items"",""labels"":[""EP""]},{""start"":48,""end"":108,""text"":""eft with my groceries, feeling satisfied with my short trip."",""labels"":[""EP""]}]","2026-08-03T17:00:07.656129Z"
"ceda1b388b06e8df_1",279,"1","2026-08-03T17:00:13.539900Z",129,5.561,"ceda1b388b06e8df","EP","I was walking through the supermarket, pushing my shopping cart slowly down the aisle.",1,"[{""start"":39,""end"":83,""text"":""pushing my shopping cart slowly down the ais"",""labels"":[""EP""]}]","2026-08-03T17:00:13.539918Z"
"ceda1b388b06e8df_2",280,"1","2026-08-03T17:00:17.789955Z",130,3.944,"ceda1b388b06e8df","EP","The fluorescent lights buzzed softly, and the smell of fresh produce and baked goods filled the air.",2,"[{""start"":75,""end"":100,""text"":""ked goods filled the air."",""labels"":[""EP""]}]","2026-08-03T17:00:17.789974Z"
"ceda1b388b06e8df_3",281,"1","2026-08-03T17:00:25.215872Z",131,7.117,"ceda1b388b06e8df","EP","I stopped at the dairy section, grabbed a carton of milk, and placed it in the cart.",3,"[{""start"":32,""end"":50,""text"":""grabbed a carton o"",""labels"":[""EP""]},{""start"":60,""end"":84,""text"":""d placed it in the cart."",""labels"":[""EP""]}]","2026-08-03T17:00:25.215891Z"
"ceda1b388b06e8df_4",282,"1","2026-08-03T17:00:30.080411Z",132,4.538,"ceda1b388b06e8df","EP","Then I moved to the cereal aisle, scanning the shelves for my favorite brand.",4,"[{""start"":34,""end"":68,""text"":""scanning the shelves for my favori"",""labels"":[""EP""]}]","2026-08-03T17:00:30.080430Z"
"ceda1b388b06e8df_5",283,"1","2026-08-03T17:00:35.779854Z",133,5.399,"ceda1b388b06e8df","EP","I picked up a box and checked the expiration date before putting it in the cart.",5,"[{""start"":57,""end"":75,""text"":""putting it in the "",""labels"":[""EP""]}]","2026-08-03T17:00:35.779872Z"
"ceda1b388b06e8df_6",284,"1","2026-08-03T17:00:53.095192Z",134,17.005,"ceda1b388b06e8df","EP","As I passed the bread counter, I noticed a display of artisanal loaves and paused to consider buying a baguette.",6,"[{""start"":0,""end"":24,""text"":""As I passed the bread co"",""labels"":[""EP""]},{""start"":83,""end"":102,""text"":""o consider buying a"",""labels"":[""EP""]},{""start"":92,""end"":107,""text"":""r buying a bagu"",""labels"":[""EP""]}]","2026-08-03T17:00:53.095238Z"
"ceda1b388b06e8df_7",285,"1","2026-08-03T17:01:02.133646Z",135,8.713,"ceda1b388b06e8df","EP","I continued to the checkout, making sure my items were all in one place.",7,"[{""start"":29,""end"":72,""text"":""making sure my items were all in one place."",""labels"":[""EP""]},{""start"":50,""end"":72,""text"":""were all in one place."",""labels"":[""NONEP""]}]","2026-08-03T17:01:02.133665Z"
"ceda1b388b06e8df_8",286,"1","2026-08-03T17:01:11.932115Z",136,9.446,"ceda1b388b06e8df","EP","The sound of the cash register and the chatter of other shoppers created a familiar, everyday rhythm.",8,"","2026-08-03T17:01:11.932133Z"
"7760fd4191048819_1",287,"1","2026-08-03T17:01:17.835973Z",137,5.588,"7760fd4191048819","EP","I was walking through the supermarket, pushing a shopping cart with a basket of groceries.",1,"[{""start"":39,""end"":90,""text"":""pushing a shopping cart with a basket of groceries."",""labels"":[""EP""]}]","2026-08-03T17:01:17.836020Z"
"7760fd4191048819_2",288,"1","2026-08-03T17:01:23.078078Z",138,4.939,"7760fd4191048819","EP","The fluorescent lights buzzed softly overhead, and the scent of fresh produce and baked goods filled the air.",2,"[{""start"":87,""end"":109,""text"":"" goods filled the air."",""labels"":[""EP""]}]","2026-08-03T17:01:23.078097Z"
"7760fd4191048819_3",289,"1","2026-08-03T17:01:27.797392Z",139,4.414,"7760fd4191048819","EP","I stopped at the cereal aisle, scanning the shelves for a new brand.",3,"[{""start"":31,""end"":68,""text"":""scanning the shelves for a new brand."",""labels"":[""EP""]}]","2026-08-03T17:01:27.797410Z"
"7760fd4191048819_4",290,"1","2026-08-03T17:01:34.019958Z",140,5.912,"7760fd4191048819","NONEP","A mother and her toddler were nearby, the child pointing at a colorful box of fruit snacks.",4,"[{""start"":37,""end"":85,""text"":"" the child pointing at a colorful box of fruit s"",""labels"":[""EP""]}]","2026-08-03T17:01:34.019976Z"
"7760fd4191048819_5",291,"1","2026-08-03T17:01:38.765606Z",141,4.443,"7760fd4191048819","EP","I grabbed a bag of oats and moved to the dairy section, where the cool air smelled of milk and cheese.",5,"[{""start"":57,""end"":97,""text"":""here the cool air smelled of milk and ch"",""labels"":[""EP""]}]","2026-08-03T17:01:38.765623Z"
"7760fd4191048819_6",292,"1","2026-08-03T17:01:41.195942Z",142,2.126,"7760fd4191048819","EP","I picked up a carton of yogurt and a block of cheddar.",6,"","2026-08-03T17:01:41.195961Z"
"7760fd4191048819_7",293,"1","2026-08-03T17:01:58.036280Z",143,16.539,"7760fd4191048819","EP","As I passed the checkout, I noticed a display of seasonal apples, their skins slightly bruised but still ripe.",7,"[{""start"":0,""end"":21,""text"":""As I passed the check"",""labels"":[""EP""]},{""start"":67,""end"":94,""text"":""heir skins slightly bruised"",""labels"":[""EP""]},{""start"":99,""end"":110,""text"":""still ripe."",""labels"":[""EP""]}]","2026-08-03T17:01:58.036298Z"
"7760fd4191048819_8",294,"1","2026-08-03T17:02:02.461061Z",144,4.094,"7760fd4191048819","EP","I added them to my cart and continued to the register, where a cashier greeted me with a smile.",8,"[{""start"":63,""end"":91,""text"":""cashier greeted me with a sm"",""labels"":[""EP""]}]","2026-08-03T17:02:02.461080Z"
"7760fd4191048819_9",295,"1","2026-08-03T17:02:14.409705Z",145,11.623,"7760fd4191048819","NONEP","The line was short, and I was soon on my way home, the bag of groceries heavy but satisfying.",9,"[{""start"":23,""end"":46,""text"":"" I was soon on my way h"",""labels"":[""NONEP""]},{""start"":55,""end"":73,""text"":""bag of groceries h"",""labels"":[""NONEP""]}]","2026-08-03T17:02:14.409723Z"
"8f514f0f8c354e9d_1",296,"1","2026-08-03T17:02:20.683599Z",146,5.952,"8f514f0f8c354e9d","EP","I was walking through the aisles of a busy supermarket, the hum of conversation and the clinking of shopping carts filling the air.",1,"[{""start"":92,""end"":131,""text"":""king of shopping carts filling the air."",""labels"":[""EP""]}]","2026-08-03T17:02:20.683616Z"
"8f514f0f8c354e9d_2",297,"1","2026-08-03T17:02:31.269130Z",147,10.277,"8f514f0f8c354e9d","EP","I was looking for cereal, so I headed to the grocery section, where shelves were lined with boxes of different brands and flavors.",2,"[{""start"":30,""end"":50,""text"":"" headed to the groce"",""labels"":[""EP""]},{""start"":73,""end"":115,""text"":""es were lined with boxes of different bran"",""labels"":[""NONEP""]}]","2026-08-03T17:02:31.269170Z"
"8f514f0f8c354e9d_3",298,"1","2026-08-03T17:02:39.468796Z",148,7.875,"8f514f0f8c354e9d","EP","I grabbed a box of oatmeal and put it in my cart, then moved on to the dairy section, where I picked up a carton of milk.",3,"[{""start"":52,""end"":83,""text"":""en moved on to the dairy sectio"",""labels"":[""EP""]},{""start"":90,""end"":114,""text"":""e I picked up a carton o"",""labels"":[""EP""]}]","2026-08-03T17:02:39.468815Z"
"8f514f0f8c354e9d_4",299,"1","2026-08-03T17:02:56.455824Z",149,16.653,"8f514f0f8c354e9d","EP","As I walked, I noticed a family with young children browsing the snack aisle, and a man in a hurry pushing a cart with a bag of groceries.",4,"[{""start"":0,""end"":11,""text"":""As I walked"",""labels"":[""EP""]},{""start"":53,""end"":68,""text"":""rowsing the sna"",""labels"":[""EP""]},{""start"":98,""end"":126,""text"":"" pushing a cart with a bag o"",""labels"":[""EP""]}]","2026-08-03T17:02:56.455845Z"
"8f514f0f8c354e9d_5",300,"1","2026-08-03T17:03:01.093124Z",150,4.198,"8f514f0f8c354e9d","EP","I reached the checkout counter, where a cashier was scanning items.",5,"[{""start"":40,""end"":62,""text"":""cashier was scanning i"",""labels"":[""EP""]}]","2026-08-03T17:03:01.093142Z"
"8f514f0f8c354e9d_6",301,"1","2026-08-03T17:03:13.358720Z",151,11.906,"8f514f0f8c354e9d","EP","I handed over my items, paid, and left with my purchases, feeling satisfied with my quick trip.",6,"[{""start"":33,""end"":51,""text"":"" left with my purc"",""labels"":[""EP""]},{""start"":62,""end"":85,""text"":""ing satisfied with my q"",""labels"":[""EP""]}]","2026-08-03T17:03:13.358738Z"
"9b6ea635365e6197_1",302,"1","2026-08-03T17:03:18.323072Z",152,4.649,"9b6ea635365e6197","EP","I was walking through the aisles of a busy supermarket, the hum of conversation and the clinking of shopping carts filling the air.",1,"[{""start"":99,""end"":131,""text"":"" shopping carts filling the air."",""labels"":[""EP""]}]","2026-08-03T17:03:18.323091Z"
"9b6ea635365e6197_2",303,"1","2026-08-03T17:03:24.665118Z",153,6.028,"9b6ea635365e6197","EP","I was looking for a specific brand of cereal, so I made my way to the grocery section, scanning the shelves for the familiar packaging.",2,"[{""start"":49,""end"":83,""text"":""I made my way to the grocery secti"",""labels"":[""EP""]},{""start"":87,""end"":120,""text"":""scanning the shelves for the fami"",""labels"":[""EP""]}]","2026-08-03T17:03:24.665136Z"
"9b6ea635365e6197_3",304,"1","2026-08-03T17:03:33.040195Z",154,7.984,"9b6ea635365e6197","EP","I grabbed a few items and placed them in my cart, then moved to the produce section, where the bright colors of fruits and vegetables caught my eye.",3,"[{""start"":50,""end"":85,""text"":""then moved to the produce section, "",""labels"":[""EP""]},{""start"":96,""end"":147,""text"":""right colors of fruits and vegetables caught my eye"",""labels"":[""EP""]}]","2026-08-03T17:03:33.040226Z"
"9b6ea635365e6197_4",305,"1","2026-08-03T17:03:41.772763Z",155,8.395,"9b6ea635365e6197","EP","I picked up a few apples and a bundle of bananas, checking the dates to ensure they were still fresh.",4,"[{""start"":50,""end"":74,""text"":""checking the dates to en"",""labels"":[""EP""]},{""start"":68,""end"":84,""text"":"" to ensure they "",""labels"":[""EP""]}]","2026-08-03T17:03:41.772781Z"
"9b6ea635365e6197_5",306,"1","2026-08-03T17:03:49.298653Z",156,7.193,"9b6ea635365e6197","EP","As I passed the dairy section, I noticed a display of yogurt, so I added a couple of containers to my list.",5,"[{""start"":0,""end"":21,""text"":""As I passed the dairy"",""labels"":[""EP""]},{""start"":61,""end"":90,""text"":"" so I added a couple of conta"",""labels"":[""EP""]}]","2026-08-03T17:03:49.298672Z"
"9b6ea635365e6197_6",307,"1","2026-08-03T17:04:06.082826Z",157,16.469,"9b6ea635365e6197","EP","I made my way to the checkout counter, where the cashier greeted me with a smile, and I paid for my items before heading out the door, my basket filled with groceries for the week.",6,"[{""start"":46,""end"":80,""text"":""he cashier greeted me with a smile"",""labels"":[""EP""]},{""start"":86,""end"":104,""text"":""I paid for my item"",""labels"":[""EP""]},{""start"":109,""end"":129,""text"":""ore heading out the "",""labels"":[""EP""]},{""start"":138,""end"":161,""text"":""basket filled with groc"",""labels"":[""EP""]}]","2026-08-03T17:04:06.082844Z"
"2459f6ceef4073d5_1",308,"1","2026-08-03T17:04:12.604125Z",158,6.186,"2459f6ceef4073d5","EP","I was walking through the aisles of a well-lit supermarket, the hum of conversation and the soft clinking of shopping carts surrounding me.",1,"[{""start"":106,""end"":139,""text"":""of shopping carts surrounding me."",""labels"":[""EP""]}]","2026-08-03T17:04:12.604147Z"
"2459f6ceef4073d5_2",309,"1","2026-08-03T17:04:20.276044Z",159,7.354,"2459f6ceef4073d5","EP","I grabbed a cart and headed to the produce section, where bright fruits and vegetables were neatly arranged.",2,"[{""start"":67,""end"":108,""text"":""uits and vegetables were neatly arranged."",""labels"":[""NONEP""]}]","2026-08-03T17:04:20.276062Z"
"2459f6ceef4073d5_3",310,"1","2026-08-03T17:04:28.726309Z",160,8.14,"2459f6ceef4073d5","EP","I picked up a bunch of bananas and a few apples, then moved to the dairy aisle, where the scent of cheese and yogurt lingered.",3,"[{""start"":53,""end"":72,""text"":"" moved to the dairy"",""labels"":[""EP""]},{""start"":87,""end"":126,""text"":""he scent of cheese and yogurt lingered."",""labels"":[""EP""]}]","2026-08-03T17:04:28.726327Z"
"2459f6ceef4073d5_4",311,"1","2026-08-03T17:04:30.906839Z",161,1.849,"2459f6ceef4073d5","EP","I grabbed a block of cheddar and a carton of milk.",4,"","2026-08-03T17:04:30.906857Z"
"2459f6ceef4073d5_5",312,"1","2026-08-03T17:04:37.930251Z",162,6.719,"2459f6ceef4073d5","EP","As I passed the snack aisle, I grabbed a bag of chips for later.",5,"[{""start"":0,""end"":15,""text"":""As I passed the"",""labels"":[""EP""]}]","2026-08-03T17:04:37.930269Z"
"2459f6ceef4073d5_6",313,"1","2026-08-03T17:04:43.841143Z",163,5.597,"2459f6ceef4073d5","EP","I made my way to the checkout, where a cashier greeted me with a smile.",6,"[{""start"":33,""end"":61,""text"":""ere a cashier greeted me wit"",""labels"":[""EP""]}]","2026-08-03T17:04:43.841160Z"
"2459f6ceef4073d5_7",314,"1","2026-08-03T17:04:50.578006Z",164,6.427,"2459f6ceef4073d5","EP","I paid for my items and placed them in my bag, then headed out the door, the bag heavy with groceries.",7,"[{""start"":47,""end"":64,""text"":""then headed out t"",""labels"":[""EP""]},{""start"":74,""end"":95,""text"":""he bag heavy with gro"",""labels"":[""NONEP""]}]","2026-08-03T17:04:50.578024Z"
"7072f3b532a3fd68_1",315,"1","2026-08-03T17:04:55.372056Z",165,4.475,"7072f3b532a3fd68","EP","I was walking through the supermarket, pushing my cart slowly down the aisle.",1,"[{""start"":39,""end"":61,""text"":""pushing my cart slowly"",""labels"":[""EP""]}]","2026-08-03T17:04:55.372075Z"
"7072f3b532a3fd68_2",316,"1","2026-08-03T17:05:04.460710Z",166,8.763,"7072f3b532a3fd68","EP","The fluorescent lights buzzed softly, and the smell of fresh produce and cleaning products filled the air.",2,"[{""start"":71,""end"":103,""text"":""d cleaning products filled the a"",""labels"":[""EP""]}]","2026-08-03T17:05:04.460728Z"
"7072f3b532a3fd68_3",317,"1","2026-08-03T17:05:17.118434Z",167,12.306,"7072f3b532a3fd68","EP","I was looking for eggs, so I turned down the dairy section, where the shelves were lined with milk and cheese.",3,"[{""start"":26,""end"":54,""text"":"" I turned down the dairy sec"",""labels"":[""EP""]},{""start"":61,""end"":102,""text"":""here the shelves were lined with milk and"",""labels"":[""NONEP""]}]","2026-08-03T17:05:17.118471Z"
"7072f3b532a3fd68_4",318,"1","2026-08-03T17:05:24.945293Z",168,7.45,"7072f3b532a3fd68","EP","I grabbed a carton of eggs and put it in my cart, then moved on to the cereal aisle, where I picked up a box of oatmeal.",4,"[{""start"":53,""end"":74,""text"":""n moved on to the cer"",""labels"":[""EP""]},{""start"":84,""end"":105,""text"":"" where I picked up a "",""labels"":[""EP""]}]","2026-08-03T17:05:24.945315Z"
"7072f3b532a3fd68_5",319,"1","2026-08-03T17:05:40.637078Z",169,15.282,"7072f3b532a3fd68","EP","As I passed the snack section, I noticed a display of candy bars and stopped to check the price.",5,"[{""start"":0,""end"":15,""text"":""As I passed the"",""labels"":[""EP""]}]","2026-08-03T17:05:40.637100Z"
"7072f3b532a3fd68_6",320,"1","2026-08-03T17:05:43.768635Z",170,2.818,"7072f3b532a3fd68","EP","I grabbed a few chocolate bars and added them to my cart.",6,"","2026-08-03T17:05:43.768655Z"
"7072f3b532a3fd68_7",321,"1","2026-08-03T17:05:51.770960Z",171,7.615,"7072f3b532a3fd68","EP","I made my way to the checkout, where the cashier was already scanning items.",7,"[{""start"":32,""end"":72,""text"":""here the cashier was already scanning it"",""labels"":[""EP""]}]","2026-08-03T17:05:51.770978Z"
"7072f3b532a3fd68_8",322,"1","2026-08-03T17:05:56.538368Z",172,4.454,"7072f3b532a3fd68","EP","I handed her my card and waited patiently while she processed the payment.",8,"[{""start"":50,""end"":67,""text"":""e processed the p"",""labels"":[""EP""]}]","2026-08-03T17:05:56.538386Z"
"11de4e69596e4e03_1",323,"1","2026-08-03T17:06:20.705827Z",173,10.184,"11de4e69596e4e03","EP","I was walking through the aisles of a well-lit supermarket, the hum of conversation and the clink of shopping carts around me.",1,"[{""start"":64,""end"":125,""text"":""hum of conversation and the clink of shopping carts around me"",""labels"":[""NONEP""]}]","2026-08-03T17:06:20.705845Z"
"11de4e69596e4e03_2",324,"1","2026-08-03T17:06:26.856587Z",174,5.84,"11de4e69596e4e03","EP","I was looking for milk and bread, so I headed to the dairy section first.",2,"[{""start"":35,""end"":71,""text"":""o I headed to the dairy section firs"",""labels"":[""EP""]}]","2026-08-03T17:06:26.856606Z"
"11de4e69596e4e03_3",325,"1","2026-08-03T17:06:29.903156Z",175,2.736,"11de4e69596e4e03","EP","The smell of cheese and fresh produce filled the air.",3,"","2026-08-03T17:06:29.903196Z"
"11de4e69596e4e03_4",326,"1","2026-08-03T17:06:31.849014Z",176,1.648,"11de4e69596e4e03","EP","I grabbed a carton of whole milk and a loaf of sourdough.",4,"","2026-08-03T17:06:31.849046Z"
"11de4e69596e4e03_5",327,"1","2026-08-03T17:06:41.002490Z",177,8.849,"11de4e69596e4e03","EP","As I moved to the bread aisle, I noticed a line forming at the checkout, so I decided to check the cereal aisle next.",5,"[{""start"":0,""end"":18,""text"":""As I moved to the "",""labels"":[""EP""]},{""start"":73,""end"":114,""text"":""so I decided to check the cereal aisle ne"",""labels"":[""EP""]}]","2026-08-03T17:06:41.002508Z"
"11de4e69596e4e03_6",328,"1","2026-08-03T17:06:43.406487Z",178,2.08,"11de4e69596e4e03","EP","I picked up a box of oatmeal and a bag of granola.",6,"","2026-08-03T17:06:43.406505Z"
"11de4e69596e4e03_7",329,"1","2026-08-03T17:06:48.814339Z",179,5.111,"11de4e69596e4e03","EP","I placed everything in my cart and made my way to the checkout counter, where a friendly cashier greeted me.",7,"[{""start"":77,""end"":96,""text"":"" a friendly cashier"",""labels"":[""EP""]}]","2026-08-03T17:06:48.814358Z"
"11de4e69596e4e03_8",330,"1","2026-08-03T17:06:54.367888Z",180,5.203,"11de4e69596e4e03","EP","I paid and grabbed my items, then headed to the exit, already planning my next trip to the store.",8,"[{""start"":32,""end"":49,""text"":""n headed to the e"",""labels"":[""EP""]},{""start"":57,""end"":84,""text"":""eady planning my next trip "",""labels"":[""EP""]}]","2026-08-03T17:06:54.367909Z"
"e66dc2d70e0a58fa_1",331,"1","2026-08-03T17:06:59.574024Z",181,4.858,"e66dc2d70e0a58fa","EP","I was wandering through the aisles of a bustling supermarket, my cart rolling behind me as I picked up a loaf of bread and a bag of oranges.",1,"[{""start"":63,""end"":81,""text"":""y cart rolling beh"",""labels"":[""EP""]},{""start"":89,""end"":112,""text"":""s I picked up a loaf of"",""labels"":[""EP""]}]","2026-08-03T17:06:59.574041Z"
"e66dc2d70e0a58fa_2",332,"1","2026-08-03T17:07:07.294488Z",182,7.347,"e66dc2d70e0a58fa","NONEP","The air was warm, and the hum of conversation and music from the store speakers filled the space.",2,"[{""start"":44,""end"":97,""text"":""n and music from the store speakers filled the space."",""labels"":[""EP""]}]","2026-08-03T17:07:07.294535Z"
"e66dc2d70e0a58fa_3",333,"1","2026-08-03T17:07:16.850348Z",183,9.249,"e66dc2d70e0a58fa","EP","I passed a display of fresh produce, where a young clerk was arranging bunches of bananas, and a couple in the next aisle was debating the best brand of cereal.",3,"[{""start"":48,""end"":79,""text"":""ng clerk was arranging bunches "",""labels"":[""EP""]},{""start"":100,""end"":160,""text"":""ple in the next aisle was debating the best brand of cereal."",""labels"":[""EP""]}]","2026-08-03T17:07:16.850367Z"
"e66dc2d70e0a58fa_4",334,"1","2026-08-03T17:07:20.659531Z",184,3.492,"e66dc2d70e0a58fa","EP","I grabbed a bottle of olive oil and a box of cereal for my dog, who had been begging for treats.",4,"[{""start"":0,""end"":81,""text"":""I grabbed a bottle of olive oil and a box of cereal for my dog, who had been begg"",""labels"":[""EP""]}]","2026-08-03T17:07:20.659552Z"
"e66dc2d70e0a58fa_5",335,"1","2026-08-03T17:07:28.572989Z",185,7.597,"e66dc2d70e0a58fa","EP","I added them to my cart, then moved on to the dairy section, where I picked up a block of cheddar and a carton of milk.",5,"[{""start"":40,""end"":119,""text"":""o the dairy section, where I picked up a block of cheddar and a carton of milk."",""labels"":[""EP""]},{""start"":69,""end"":119,""text"":""picked up a block of cheddar and a carton of milk."",""labels"":[""EP""]}]","2026-08-03T17:07:28.573008Z"
"e66dc2d70e0a58fa_6",336,"1","2026-08-03T17:07:40.524455Z",186,11.6,"e66dc2d70e0a58fa","EP","I noticed a coupon for 20% off on frozen foods, but I didn’t need anything there.",6,"[{""start"":50,""end"":81,""text"":""t I didn’t need anything there."",""labels"":[""NONEP""]}]","2026-08-03T17:07:40.525541Z"
"e66dc2d70e0a58fa_7",337,"1","2026-08-03T17:07:47.991456Z",187,7.066,"e66dc2d70e0a58fa","EP","I finished my shopping and headed to the checkout, my cart full of groceries for the week.",7,"[{""start"":57,""end"":90,""text"":""t full of groceries for the week."",""labels"":[""NONEP""]}]","2026-08-03T17:07:47.991478Z"
"7b373d79d134b25e_1",338,"1","2026-08-03T17:07:56.444812Z",188,8.122,"7b373d79d134b25e","EP","I walked through the aisles of the supermarket, my cart rolling behind me as I grabbed a few items from the snack aisle.",1,"[{""start"":57,""end"":70,""text"":""olling behind"",""labels"":[""EP""]},{""start"":81,""end"":107,""text"":""abbed a few items from the"",""labels"":[""EP""]}]","2026-08-03T17:07:56.444830Z"
"7b373d79d134b25e_2",339,"1","2026-08-03T17:08:01.662253Z",189,4.892,"7b373d79d134b25e","EP","The fluorescent lights buzzed overhead, and the hum of conversation and the occasional cart wheel echoed around me.",2,"[{""start"":94,""end"":115,""text"":""eel echoed around me."",""labels"":[""NONEP""]}]","2026-08-03T17:08:01.662272Z"
"7b373d79d134b25e_3",340,"1","2026-08-03T17:08:10.253965Z",190,8.279,"7b373d79d134b25e","EP","I passed a display of seasonal fruit, the bright colors of apples and oranges catching my eye.",3,"[{""start"":72,""end"":94,""text"":""anges catching my eye."",""labels"":[""EP""]}]","2026-08-03T17:08:10.253983Z"
"7b373d79d134b25e_4",341,"1","2026-08-03T17:08:17.342670Z",191,6.774,"7b373d79d134b25e","EP","I grabbed a few oranges and added them to my cart, then moved on to the dairy section, where I picked up a block of cheddar and a carton of eggs.",4,"[{""start"":43,""end"":75,""text"":""y cart, then moved on to the dai"",""labels"":[""EP""]},{""start"":92,""end"":122,""text"":"" I picked up a block of chedda"",""labels"":[""EP""]}]","2026-08-03T17:08:17.342689Z"
"7b373d79d134b25e_5",342,"1","2026-08-03T17:08:22.893707Z",192,5.245,"7b373d79d134b25e","EP","I passed by the bakery counter, where the scent of fresh bread wafted through the air, and I grabbed a bag of bagels.",5,"[{""start"":55,""end"":117,""text"":""h bread wafted through the air, and I grabbed a bag of bagels."",""labels"":[""EP""]},{""start"":92,""end"":117,""text"":"" grabbed a bag of bagels."",""labels"":[""EP""]}]","2026-08-03T17:08:22.893726Z"
"7b373d79d134b25e_6",343,"1","2026-08-03T17:08:34.122638Z",193,10.885,"7b373d79d134b25e","EP","I made my way to the checkout, my cart full of groceries, my mind already thinking about the meal I would make that evening.",6,"[{""start"":39,""end"":49,""text"":""full of gr"",""labels"":[""NONEP""]},{""start"":74,""end"":87,""text"":""thinking abou"",""labels"":[""EP""]},{""start"":100,""end"":115,""text"":""would make that"",""labels"":[""EP""]}]","2026-08-03T17:08:34.122673Z"
"6954cc30e3b90ec6_1",344,"1","2026-08-03T17:08:39.748028Z",194,5.3,"6954cc30e3b90ec6","EP","I was wandering through the aisles of a large, well-lit supermarket, the hum of conversation and the soft music playing on the speakers around me.",1,"[{""start"":131,""end"":146,""text"":""kers around me."",""labels"":[""NONEP""]}]","2026-08-03T17:08:39.748046Z"
"6954cc30e3b90ec6_2",345,"1","2026-08-03T17:08:46.807351Z",195,6.757,"6954cc30e3b90ec6","NONEP","I was on a routine grocery run, trying to pick up a few items for the week.",2,"[{""start"":33,""end"":43,""text"":""rying to p"",""labels"":[""EP""]}]","2026-08-03T17:08:46.807385Z"
"6954cc30e3b90ec6_3",346,"1","2026-08-03T17:08:54.509512Z",196,7.38,"6954cc30e3b90ec6","EP","I passed by the dairy section, then the fresh produce, where the fruits and vegetables were displayed in bright, colorful displays.",3,"[{""start"":84,""end"":119,""text"":""es were displayed in bright, colorf"",""labels"":[""NONEP""]}]","2026-08-03T17:08:54.509532Z"
"6954cc30e3b90ec6_4",347,"1","2026-08-03T17:09:00.241986Z",197,5.393,"6954cc30e3b90ec6","EP","I grabbed a carton of milk and a loaf of bread, then moved on to the snack aisle, where I picked up a bag of chips for the dog.",4,"[{""start"":55,""end"":66,""text"":""ved on to t"",""labels"":[""EP""]},{""start"":97,""end"":113,""text"":""up a bag of chip"",""labels"":[""EP""]}]","2026-08-03T17:09:00.242006Z"
"6954cc30e3b90ec6_5",348,"1","2026-08-03T17:09:24.343895Z",198,23.787,"6954cc30e3b90ec6","EP","I made my way to the checkout, scanning my items as I went, trying not to think about the long week that lay ahead.",5,"[{""start"":34,""end"":45,""text"":""nning my it"",""labels"":[""EP""]},{""start"":64,""end"":71,""text"":""ng not "",""labels"":[""EP""]},{""start"":74,""end"":97,""text"":""think about the long we"",""labels"":[""EP""]},{""start"":102,""end"":111,""text"":""at lay ah"",""labels"":[""NONEP""]}]","2026-08-03T17:09:24.343913Z"
"58ddbfb10dba04b6_1",349,"1","2026-08-03T17:09:28.311789Z",199,3.598,"58ddbfb10dba04b6","EP","I walked through the aisles of the local supermarket, my cart wheels rolling quietly behind me.",1,"[{""start"":70,""end"":85,""text"":""olling quietly "",""labels"":[""EP""]}]","2026-08-03T17:09:28.311807Z"
"58ddbfb10dba04b6_2",350,"1","2026-08-03T17:09:33.805448Z",200,5.188,"58ddbfb10dba04b6","EP","The fluorescent lights buzzed faintly, casting a bright, even light over the neatly arranged products.",2,"[{""start"":72,""end"":102,""text"":"" the neatly arranged products."",""labels"":[""EP""]}]","2026-08-03T17:09:33.805467Z"
"58ddbfb10dba04b6_3",351,"1","2026-08-03T17:09:39.806679Z",201,5.638,"58ddbfb10dba04b6","EP","I passed rows of canned goods, fresh produce, and household items, my mind focused on my list.",3,"[{""start"":73,""end"":87,""text"":""d focused on m"",""labels"":[""EP""]}]","2026-08-03T17:09:39.806699Z"
"58ddbfb10dba04b6_4",352,"1","2026-08-03T17:10:15.891675Z",202,35.765,"58ddbfb10dba04b6","EP","I grabbed a few apples, a bag of oranges, and a loaf of bread, adding them to my cart.",4,"[{""start"":60,""end"":76,""text"":""d, adding them t"",""labels"":[""EP""]}]","2026-08-03T17:10:15.891693Z"
"58ddbfb10dba04b6_5",353,"1","2026-08-03T17:10:25.073336Z",203,8.865,"58ddbfb10dba04b6","EP","I noticed a couple arguing near the dairy section, and a teenager trying to teach their phone to take a video of a banana.",5,"[{""start"":63,""end"":90,""text"":""er trying to teach their ph"",""labels"":[""EP""]},{""start"":95,""end"":122,""text"":""o take a video of a banana."",""labels"":[""EP""]},{""start"":17,""end"":39,""text"":""e arguing near the dai"",""labels"":[""EP""]}]","2026-08-03T17:10:25.073353Z"
"58ddbfb10dba04b6_6",354,"1","2026-08-03T17:10:29.397909Z",204,3.993,"58ddbfb10dba04b6","EP","I grabbed a carton of milk, then a box of cereal for my nephew.",6,"","2026-08-03T17:10:29.397928Z"
"58ddbfb10dba04b6_7",355,"1","2026-08-03T17:10:32.969589Z",205,3.27,"58ddbfb10dba04b6","EP","I passed the bakery section, where the scent of freshly baked bread wafted through the air.",7,"[{""start"":50,""end"":69,""text"":""eshly baked bread w"",""labels"":[""EP""]}]","2026-08-03T17:10:32.969608Z"
"58ddbfb10dba04b6_8",356,"1","2026-08-03T17:10:44.745327Z",206,11.461,"58ddbfb10dba04b6","EP","I added a bag of cookies to my list, then headed to the checkout, my cart full and my mind light with the comfort of routine.",8,"[{""start"":44,""end"":59,""text"":""aded to the che"",""labels"":[""EP""]},{""start"":88,""end"":109,""text"":""nd light with the com"",""labels"":[""EP""]},{""start"":69,""end"":77,""text"":""cart ful"",""labels"":[""NONEP""]}]","2026-08-03T17:10:44.745345Z"
"213a1feb08de5cce_1",357,"1","2026-08-03T17:10:49.398481Z",207,4.32,"213a1feb08de5cce","EP","I was wandering through the aisles of a busy supermarket, my cart rolling behind me as I picked up a few items.",1,"[{""start"":67,""end"":75,""text"":""olling b"",""labels"":[""EP""]},{""start"":85,""end"":98,""text"":""s I picked up"",""labels"":[""EP""]}]","2026-08-03T17:10:49.398501Z"
"213a1feb08de5cce_2",358,"1","2026-08-03T17:10:52.185356Z",208,2.466,"213a1feb08de5cce","EP","The hum of conversation and the clinking of cans filled the air.",2,"","2026-08-03T17:10:52.185376Z"
"213a1feb08de5cce_3",359,"1","2026-08-03T17:10:57.407765Z",209,4.925,"213a1feb08de5cce","EP","I passed by the bakery section where a display of pastries caught my eye, but I kept walking, focused on my list.",3,"[{""start"":54,""end"":70,""text"":""ries caught my e"",""labels"":[""EP""]},{""start"":78,""end"":86,""text"":""I kept w"",""labels"":[""EP""]},{""start"":96,""end"":102,""text"":""cused "",""labels"":[""EP""]}]","2026-08-03T17:10:57.407782Z"
"213a1feb08de5cce_4",360,"1","2026-08-03T17:10:59.847855Z",210,2.119,"213a1feb08de5cce","EP","I grabbed a few essentials: eggs, flour, and a box of cereal.",4,"","2026-08-03T17:10:59.847875Z"
"213a1feb08de5cce_5",361,"1","2026-08-03T17:11:12.860298Z",211,12.706,"213a1feb08de5cce","EP","I noticed a coupon for a discount on laundry detergent and added that to my cart.",5,"[{""start"":60,""end"":65,""text"":""dded "",""labels"":[""EP""]}]","2026-08-03T17:11:12.860315Z"
"213a1feb08de5cce_6",362,"1","2026-08-03T17:11:22.489449Z",212,9.302,"213a1feb08de5cce","EP","The store was quiet in the late afternoon, with only a few other shoppers around.",6,"[{""start"":57,""end"":67,""text"":""w other sh"",""labels"":[""NONEP""]}]","2026-08-03T17:11:22.489466Z"
"213a1feb08de5cce_7",363,"1","2026-08-03T17:11:27.058262Z",213,4.166,"213a1feb08de5cce","EP","I grabbed a few oranges from the produce section and a loaf of bread from the bakery.",7,"","2026-08-03T17:11:27.058280Z"
"213a1feb08de5cce_8",364,"1","2026-08-03T17:11:31.970919Z",214,4.606,"213a1feb08de5cce","EP","I made my way to the checkout, where I paid for my items and tossed a few loose candies into my bag for a treat.",8,"[{""start"":40,""end"":55,""text"":""aid for my item"",""labels"":[""EP""]},{""start"":63,""end"":73,""text"":""ssed a few"",""labels"":[""EP""]}]","2026-08-03T17:11:31.970937Z"
"213a1feb08de5cce_9",365,"1","2026-08-03T17:11:33.959556Z",215,1.668,"213a1feb08de5cce","EP","I left with a full cart and a lightened wallet.",9,"","2026-08-03T17:11:33.959574Z"
"3d00550c57698a27_1",366,"1","2026-08-03T17:11:38.374237Z",216,4.081,"3d00550c57698a27","EP","I walked through the aisles of the supermarket, my cart rolling behind me as I picked up a loaf of bread and a bag of oranges.",1,"[{""start"":58,""end"":69,""text"":""lling behin"",""labels"":[""EP""]},{""start"":81,""end"":88,""text"":""cked up"",""labels"":[""EP""]}]","2026-08-03T17:11:38.374255Z"
"3d00550c57698a27_2",367,"1","2026-08-03T17:11:41.750062Z",217,3.056,"3d00550c57698a27","EP","The fluorescent lights buzzed softly, and the hum of conversation and music from the store speakers filled the air.",2,"[{""start"":94,""end"":110,""text"":""akers filled the"",""labels"":[""EP""]}]","2026-08-03T17:11:41.750082Z"
"3d00550c57698a27_3",368,"1","2026-08-03T17:11:48.136803Z",218,6.067,"3d00550c57698a27","EP","I passed a display of candy bars and shiny, colorful snacks that called to children, but I kept my focus on my list.",3,"[{""start"":57,""end"":75,""text"":""ks that called to "",""labels"":[""EP""]},{""start"":93,""end"":103,""text"":""pt my focu"",""labels"":[""EP""]}]","2026-08-03T17:11:48.136822Z"
"3d00550c57698a27_4",369,"1","2026-08-03T17:11:59.002804Z",219,10.523,"3d00550c57698a27","EP","I grabbed a can of beans and a bottle of olive oil, then moved on to the dairy section, where the cheese counter had a tempting display of aged cheddar.",4,"[{""start"":62,""end"":74,""text"":"" on to the d"",""labels"":[""EP""]},{""start"":108,""end"":143,""text"":""nter had a tempting display of aged"",""labels"":[""NONEP""]}]","2026-08-03T17:11:59.002821Z"
"3d00550c57698a27_5",370,"1","2026-08-03T17:12:09.825765Z",220,10.489,"3d00550c57698a27","EP","I added a wedge to my cart, thinking it might be useful for a recipe I'd seen online.",5,"[{""start"":39,""end"":47,""text"":"" might b"",""labels"":[""NONEP""]},{""start"":67,""end"":77,""text"":""e I'd seen"",""labels"":[""EP""]}]","2026-08-03T17:12:09.825783Z"
"3d00550c57698a27_6",371,"1","2026-08-03T17:12:38.922496Z",221,28.753,"3d00550c57698a27","EP","As I walked past the deli, I noticed a man in a suit arguing with a clerk, and I smiled, thinking about the chaos of everyday life.",6,"[{""start"":3,""end"":16,""text"":""I walked past"",""labels"":[""EP""]},{""start"":78,""end"":86,""text"":"" I smile"",""labels"":[""EP""]},{""start"":49,""end"":62,""text"":""uit arguing w"",""labels"":[""EP""]},{""start"":94,""end"":104,""text"":""ing about "",""labels"":[""EP""]}]","2026-08-03T17:12:38.922517Z"
"e26977b5577d8720_1",372,"1","2026-08-03T17:12:46.217038Z",222,6.95,"e26977b5577d8720","EP","I walked through the aisles of the supermarket, past rows of neatly arranged products, my cart rolling behind me.",1,"[{""start"":93,""end"":104,""text"":""t rolling b"",""labels"":[""EP""]}]","2026-08-03T17:12:46.217059Z"
"e26977b5577d8720_2",373,"1","2026-08-03T17:12:50.286602Z",223,5.307,"e26977b5577d8720","EP","The hum of fluorescent lights and the occasional call of a store employee echoed around me.",2,"","2026-08-03T17:12:54.913205Z"
"e26977b5577d8720_3",374,"1","2026-08-03T17:13:08.214285Z",224,8.498,"e26977b5577d8720","EP","I passed the bakery section, where the sweet aroma of pastries lured me, but I kept walking, focused on my list.",3,"[{""start"":53,""end"":67,""text"":"" pastries lure"",""labels"":[""EP""]},{""start"":75,""end"":86,""text"":""t I kept wa"",""labels"":[""EP""]},{""start"":93,""end"":100,""text"":""focused"",""labels"":[""EP""]}]","2026-08-03T17:13:08.214311Z"
"e26977b5577d8720_4",375,"1","2026-08-03T17:13:13.127394Z",225,4.571,"e26977b5577d8720","EP","I grabbed a loaf of bread from the refrigerated section, then added a few apples and a bag of oranges to my cart.",4,"[{""start"":64,""end"":113,""text"":""ded a few apples and a bag of oranges to my cart."",""labels"":[""EP""]}]","2026-08-03T17:13:13.127413Z"
"e26977b5577d8720_5",376,"1","2026-08-03T17:13:20.120129Z",226,6.672,"e26977b5577d8720","EP","I passed the cleaning supplies, but didn’t stop, as I had no need for them.",5,"[{""start"":40,""end"":47,""text"":""’t stop"",""labels"":[""EP""]},{""start"":61,""end"":71,""text"":""need for t"",""labels"":[""NONEP""]}]","2026-08-03T17:13:20.120147Z"
"e26977b5577d8720_6",377,"1","2026-08-03T17:13:23.096480Z",227,4.9350000000000005,"e26977b5577d8720","EP","I made a mental note to check the sale items later.",6,"[{""start"":22,""end"":31,""text"":""o check t"",""labels"":[""EP""]}]","2026-08-03T17:13:27.740789Z"
"e26977b5577d8720_7",378,"1","2026-08-03T17:13:55.736855Z",228,26.6,"e26977b5577d8720","NONEP","The store was quiet, save for the occasional clatter of a shopping cart being moved.",7,"[{""start"":69,""end"":81,""text"":""rt being mov"",""labels"":[""NONEP""]},{""start"":20,""end"":36,""text"":"" save for the oc"",""labels"":[""NONEP""]}]","2026-08-03T17:13:55.736872Z"
"e26977b5577d8720_8",379,"1","2026-08-03T17:14:01.588637Z",229,5.512,"e26977b5577d8720","EP","I reached the checkout, where a young cashier greeted me with a friendly smile.",8,"[{""start"":42,""end"":57,""text"":""ier greeted me "",""labels"":[""EP""]}]","2026-08-03T17:14:01.588655Z"
"e26977b5577d8720_9",380,"1","2026-08-03T17:14:10.549948Z",230,8.627,"e26977b5577d8720","EP","I handed over my items, and after paying, I stepped out into the late afternoon sun, feeling a bit lighter.",9,"[{""start"":0,""end"":38,""text"":""I handed over my items, and after payi"",""labels"":[""EP""]},{""start"":45,""end"":52,""text"":""tepped "",""labels"":[""EP""]},{""start"":85,""end"":95,""text"":""feeling a "",""labels"":[""EP""]}]","2026-08-03T17:14:10.549967Z"
"f32430d236375024_1",381,"1","2026-08-03T17:14:16.940727Z",231,6.061,"f32430d236375024","EP","I’m wandering through the aisles of a well-lit, bustling supermarket, my cart rolling behind me as I grab a loaf of bread from the bakery section.",1,"[{""start"":76,""end"":86,""text"":""t rolling "",""labels"":[""EP""]},{""start"":99,""end"":106,""text"":""I grab "",""labels"":[""EP""]}]","2026-08-03T17:14:16.940745Z"
"f32430d236375024_2",382,"1","2026-08-03T17:14:23.148551Z",232,5.874,"f32430d236375024","NONEP","The air is filled with the hum of conversation, the occasional clatter of carts, and the muffled music playing over the speakers.",2,"","2026-08-03T17:14:23.148569Z"
"f32430d236375024_3",383,"1","2026-08-03T17:14:30.311704Z",233,12.562999999999999,"f32430d236375024","EP","I pass a display of seasonal fruits, their colors vibrant and tempting, but I stick to my list.",3,"[{""start"":73,""end"":95,""text"":""ut I stick to my list."",""labels"":[""NONEP""]}]","2026-08-03T17:14:42.639928Z"
"f32430d236375024_4",384,"1","2026-08-03T17:14:51.084773Z",234,7.001,"f32430d236375024","EP","I grab a bag of oranges and a pack of bananas, adding them to my cart with a nod of satisfaction.",4,"[{""start"":45,""end"":74,""text"":"", adding them to my cart with"",""labels"":[""EP""]}]","2026-08-03T17:14:51.084790Z"
"f32430d236375024_5",385,"1","2026-08-03T17:14:59.628407Z",235,8.214,"f32430d236375024","EP","I spot a coupon rack and check the dates on a few items, making sure they’re still good.",5,"[{""start"":57,""end"":73,""text"":""making sure they"",""labels"":[""EP""]},{""start"":69,""end"":84,""text"":""they’re still g"",""labels"":[""NONEP""]}]","2026-08-03T17:14:59.628440Z"
"f32430d236375024_6",386,"1","2026-08-03T17:15:04.351763Z",236,4.388,"f32430d236375024","EP","I pass a section where a young family is helping a toddler identify fruits, and I smile at the simple joy of it.",6,"[{""start"":39,""end"":52,""text"":""s helping a t"",""labels"":[""EP""]},{""start"":83,""end"":98,""text"":""mile at the sim"",""labels"":[""EP""]}]","2026-08-03T17:15:04.351781Z"
"f32430d236375024_7",387,"1","2026-08-03T17:15:16.544514Z",237,11.858,"f32430d236375024","EP","I reach the checkout, my cart full of essentials, and head to the register, ready to pay and head home.",7,"[{""start"":26,""end"":42,""text"":""art full of esse"",""labels"":[""NONEP""]},{""start"":55,""end"":68,""text"":""ead to the re"",""labels"":[""EP""]},{""start"":78,""end"":88,""text"":""ady to pay"",""labels"":[""NONEP""]},{""start"":83,""end"":98,""text"":""o pay and head "",""labels"":[""EP""]}]","2026-08-03T17:15:16.544533Z"
"b39b934807bc1274_1",388,"1","2026-08-03T17:15:22.849723Z",238,6.007,"b39b934807bc1274","EP","I was wandering through the aisles of a well-lit supermarket in the late afternoon, the hum of refrigerators and the chatter of other shoppers filling the air.",1,"[{""start"":128,""end"":159,""text"":""other shoppers filling the air."",""labels"":[""EP""]}]","2026-08-03T17:15:22.849741Z"
"b39b934807bc1274_2",389,"1","2026-08-03T17:15:26.950614Z",239,3.78,"b39b934807bc1274","NONEP","I was on a routine grocery run, my cart wheels rolling quietly over the smooth floor.",2,"[{""start"":41,""end"":59,""text"":""heels rolling quie"",""labels"":[""EP""]}]","2026-08-03T17:15:26.950632Z"
"b39b934807bc1274_3",390,"1","2026-08-03T17:15:33.637087Z",240,6.36,"b39b934807bc1274","EP","I passed the produce section, where bright colors of apples and oranges caught my eye, and then moved on to the dairy aisle, where I grabbed a carton of milk.",3,"[{""start"":55,""end"":87,""text"":""ples and oranges caught my eye, "",""labels"":[""EP""]},{""start"":93,""end"":111,""text"":""en moved on to the"",""labels"":[""EP""]},{""start"":128,""end"":153,""text"":""re I grabbed a carton of "",""labels"":[""EP""]}]","2026-08-03T17:15:33.637105Z"
"b39b934807bc1274_4",391,"1","2026-08-03T17:15:38.066355Z",241,4.099,"b39b934807bc1274","EP","I grabbed a loaf of bread from the bakery section and added it to my cart.",4,"[{""start"":54,""end"":61,""text"":""added i"",""labels"":[""EP""]}]","2026-08-03T17:15:38.066373Z"
"b39b934807bc1274_5",392,"1","2026-08-03T17:15:51.676212Z",242,13.273,"b39b934807bc1274","EP","I noticed a coupon for 20% off on canned goods and grabbed a few items, trying to remember if I had those at home.",5,"[{""start"":51,""end"":68,""text"":""grabbed a few ite"",""labels"":[""EP""]},{""start"":75,""end"":89,""text"":""ing to remembe"",""labels"":[""EP""]},{""start"":80,""end"":97,""text"":""o remember if I h"",""labels"":[""EP""]},{""start"":95,""end"":103,""text"":"" had tho"",""labels"":[""NONEP""]}]","2026-08-03T17:15:51.676232Z"
"b39b934807bc1274_6",393,"1","2026-08-03T17:16:01.531316Z",243,9.517,"b39b934807bc1274","EP","I passed the deli counter, where a worker was arranging pre-made salads, and I thought about buying some for the week.",6,"[{""start"":34,""end"":67,""text"":"" worker was arranging pre-made sa"",""labels"":[""EP""]},{""start"":80,""end"":94,""text"":""hought about b"",""labels"":[""EP""]},{""start"":89,""end"":103,""text"":""out buying som"",""labels"":[""EP""]}]","2026-08-03T17:16:01.531335Z"
"b39b934807bc1274_7",394,"1","2026-08-03T17:16:06.651997Z",244,4.786,"b39b934807bc1274","EP","I was trying to stay focused on my list, but the temptation of the candy aisle was strong.",7,"[{""start"":61,""end"":87,""text"":""f the candy aisle was stro"",""labels"":[""NONEP""]}]","2026-08-03T17:16:06.652016Z"
"7884c04c5c8d389d_1",395,"1","2026-08-03T17:16:12.249267Z",245,5.267,"7884c04c5c8d389d","EP","I was wandering through the aisles of a well-lit supermarket, the hum of fluorescent lights and distant chatter filling the air.",1,"[{""start"":106,""end"":122,""text"":""atter filling th"",""labels"":[""EP""]}]","2026-08-03T17:16:12.249287Z"
"7884c04c5c8d389d_2",396,"1","2026-08-03T17:16:17.067408Z",246,4.495,"7884c04c5c8d389d","EP","I passed rows of fresh produce, where a produce clerk was arranging apples in a display, and a family was picking over bananas.",2,"[{""start"":51,""end"":73,""text"":""rk was arranging apple"",""labels"":[""EP""]},{""start"":101,""end"":116,""text"":"" was picking ov"",""labels"":[""EP""]}]","2026-08-03T17:16:17.067425Z"
"7884c04c5c8d389d_3",397,"1","2026-08-03T17:16:23.063579Z",247,5.65,"7884c04c5c8d389d","EP","I grabbed a cart and headed to the dairy section, where a young couple was debating the best way to store cheese.",3,"[{""start"":86,""end"":98,""text"":""e best way t"",""labels"":[""EP""]},{""start"":100,""end"":107,""text"":""store c"",""labels"":[""EP""]}]","2026-08-03T17:16:23.063597Z"
"7884c04c5c8d389d_4",398,"1","2026-08-03T17:16:29.206115Z",248,5.812,"7884c04c5c8d389d","EP","I added a loaf of bread to my cart, then moved on to the snack aisle, where a man in a tracksuit was comparing the nutritional labels of different cereal boxes.",4,"[{""start"":40,""end"":58,""text"":"" moved on to the s"",""labels"":[""EP""]},{""start"":93,""end"":116,""text"":""uit was comparing the n"",""labels"":[""EP""]}]","2026-08-03T17:16:29.206138Z"
"7884c04c5c8d389d_5",399,"1","2026-08-03T17:16:34.590130Z",249,5.059,"7884c04c5c8d389d","EP","I grabbed a box of granola and a bag of trail mix, then headed to the checkout, where a cashier with a name tag named “Lena” was scanning items.",5,"[{""start"":54,""end"":79,""text"":""n headed to the checkout,"",""labels"":[""EP""]},{""start"":91,""end"":133,""text"":""hier with a name tag named “Lena” was scan"",""labels"":[""EP""]}]","2026-08-03T17:16:34.590149Z"
"7884c04c5c8d389d_6",400,"1","2026-08-03T17:16:46.279052Z",250,11.317,"7884c04c5c8d389d","EP","I paid and grabbed my items, then headed for the exit, already thinking about the meal I’d make with the bread and cheese.",6,"[{""start"":32,""end"":48,""text"":""n headed for the"",""labels"":[""EP""]},{""start"":59,""end"":83,""text"":""ady thinking about the m"",""labels"":[""EP""]},{""start"":85,""end"":106,""text"":""l I’d make with the b"",""labels"":[""EP""]}]","2026-08-03T17:16:46.279070Z"
"d26b1253e6788648_1",401,"1","2026-08-03T17:16:57.101366Z",251,14.012999999999998,"d26b1253e6788648","EP","I'm wandering through the aisles of a well-lit supermarket, the hum of fluorescent lights and chatter of other shoppers around me.",1,"","2026-08-03T17:17:03.537268Z"
"d26b1253e6788648_2",402,"1","2026-08-03T17:17:15.202455Z",252,9.244,"d26b1253e6788648","NONEP","I'm in the produce section, eyeing the bright, glossy apples and the crisp, green lettuce.",2,"[{""start"":25,""end"":60,""text"":""n, eyeing the bright, glossy apples"",""labels"":[""EP""]}]","2026-08-03T17:17:15.202488Z"
"d26b1253e6788648_3",403,"1","2026-08-03T17:17:19.238268Z",253,3.714,"d26b1253e6788648","EP","I grab a carton of milk and a loaf of bread, adding them to my basket.",3,"[{""start"":45,""end"":68,""text"":""adding them to my baske"",""labels"":[""EP""]}]","2026-08-03T17:17:19.238286Z"
"d26b1253e6788648_4",404,"1","2026-08-03T17:17:23.070879Z",254,3.506,"d26b1253e6788648","EP","I pass by the bakery section, where a woman in a yellow apron is arranging pastries.",4,"[{""start"":39,""end"":78,""text"":""oman in a yellow apron is arranging pas"",""labels"":[""EP""]}]","2026-08-03T17:17:23.070898Z"
"d26b1253e6788648_5",405,"1","2026-08-03T17:17:28.137132Z",255,4.732,"d26b1253e6788648","EP","I grab a bag of oranges and add it to my list.",5,"[{""start"":26,""end"":33,""text"":""d add i"",""labels"":[""EP""]}]","2026-08-03T17:17:28.137151Z"
"d26b1253e6788648_6",406,"1","2026-08-03T17:17:33.166335Z",256,4.712,"d26b1253e6788648","EP","I make my way to the dairy section, where I pick up a block of cheese and a jar of jam.",6,"[{""start"":41,""end"":78,""text"":"" I pick up a block of cheese and a ja"",""labels"":[""EP""]}]","2026-08-03T17:17:33.166353Z"
"d26b1253e6788648_7",407,"1","2026-08-03T17:17:41.542382Z",257,8.051,"d26b1253e6788648","EP","I check my list again, making sure I didn't miss anything.",7,"[{""start"":25,""end"":32,""text"":""king su"",""labels"":[""EP""]},{""start"":38,""end"":46,""text"":""idn't mi"",""labels"":[""EP""]}]","2026-08-03T17:17:41.542400Z"
"d26b1253e6788648_8",408,"1","2026-08-03T17:17:52.345024Z",258,3.85,"d26b1253e6788648","EP","I grab a bag of grapes and a box of cereal, then head to the checkout.",8,"[{""start"":48,""end"":63,""text"":"" head to the ch"",""labels"":[""EP""]}]","2026-08-03T17:17:52.345044Z"
"d26b1253e6788648_9",409,"1","2026-08-03T17:17:55.630151Z",259,2.968,"d26b1253e6788648","EP","I pay for my items and toss a few apples into the carton of oranges.",9,"","2026-08-03T17:17:55.630174Z"
"d26b1253e6788648_10",410,"1","2026-08-03T17:18:02.599449Z",260,6.663,"d26b1253e6788648","EP","I take my groceries and head for the exit, already thinking about the meal I'll make with them.",10,"[{""start"":54,""end"":63,""text"":""nking abo"",""labels"":[""EP""]},{""start"":74,""end"":92,""text"":"" I'll make with th"",""labels"":[""EP""]}]","2026-08-03T17:18:02.599467Z"
"23f56ee705b48e16_1",411,"1","2026-08-03T17:18:12.009521Z",261,9.078,"23f56ee705b48e16","EP","I'm wandering through the aisles of a well-lit, bustling supermarket early in the morning, the hum of refrigerators and the occasional clatter of dishes in the deli section filling the air.",1,"[{""start"":169,""end"":188,""text"":""ion filling the air"",""labels"":[""EP""]}]","2026-08-03T17:18:12.009540Z"
"23f56ee705b48e16_2",412,"1","2026-08-03T17:18:18.824442Z",262,6.481,"23f56ee705b48e16","EP","I'm in a light blue sweater, my cart rolling behind me as I scan the shelves for groceries.",2,"[{""start"":54,""end"":70,""text"":"" as I scan the s"",""labels"":[""EP""]},{""start"":33,""end"":47,""text"":""art rolling be"",""labels"":[""EP""]}]","2026-08-03T17:18:18.824461Z"
"23f56ee705b48e16_3",413,"1","2026-08-03T17:18:23.492142Z",263,4.34,"23f56ee705b48e16","EP","I pass rows of fresh produce, the vibrant colors of apples and bananas catching my eye.",3,"[{""start"":62,""end"":84,""text"":"" bananas catching my e"",""labels"":[""EP""]}]","2026-08-03T17:18:23.492167Z"
"23f56ee705b48e16_4",414,"1","2026-08-03T17:18:31.598930Z",264,7.781,"23f56ee705b48e16","EP","I grab a few items, then stop at the dairy section, where I pick up a block of cheddar cheese.",4,"[{""start"":23,""end"":39,""text"":""n stop at the da"",""labels"":[""EP""]},{""start"":54,""end"":73,""text"":""ere I pick up a blo"",""labels"":[""EP""]}]","2026-08-03T17:18:31.598953Z"
"23f56ee705b48e16_5",415,"1","2026-08-03T17:18:38.083167Z",265,6.152,"23f56ee705b48e16","EP","I check the expiration date, then add it to my cart.",5,"[{""start"":31,""end"":38,""text"":""en add "",""labels"":[""EP""]}]","2026-08-03T17:18:38.083191Z"
"23f56ee705b48e16_6",416,"1","2026-08-03T17:18:47.478790Z",266,9.067,"23f56ee705b48e16","EP","I pass by the bakery counter, where the scent of fresh bread lingers in the air, and I consider buying some, but decide against it.",6,"[{""start"":56,""end"":72,""text"":""read lingers in "",""labels"":[""EP""]},{""start"":91,""end"":106,""text"":""ider buying som"",""labels"":[""EP""]},{""start"":114,""end"":128,""text"":""ecide against "",""labels"":[""EP""]}]","2026-08-03T17:18:47.478807Z"
"23f56ee705b48e16_7",417,"1","2026-08-03T17:18:56.184695Z",267,8.356,"23f56ee705b48e16","EP","I continue on to the checkout, my cart full of essentials, my mind already planning the rest of my errands.",7,"[{""start"":37,""end"":51,""text"":""t full of esse"",""labels"":[""NONEP""]},{""start"":74,""end"":95,""text"":"" planning the rest of"",""labels"":[""EP""]}]","2026-08-03T17:18:56.184714Z"
"931e23aaef67cd64_1",418,"1","2026-08-03T17:19:05.249606Z",268,8.726,"931e23aaef67cd64","EP","I was walking down the aisle with a cart, trying to remember what I needed to buy.",1,"[{""start"":45,""end"":49,""text"":""ing "",""labels"":[""EP""]},{""start"":49,""end"":55,""text"":""to rem"",""labels"":[""EP""]},{""start"":57,""end"":73,""text"":""ber what I neede"",""labels"":[""EP""]}]","2026-08-03T17:19:05.249624Z"
"931e23aaef67cd64_2",419,"1","2026-08-03T17:19:16.518940Z",269,10.933,"931e23aaef67cd64","EP","I passed by the dairy section, where a young couple was arguing over the price of cheese.",2,"[{""start"":46,""end"":77,""text"":""ouple was arguing over the pric"",""labels"":[""EP""]}]","2026-08-03T17:19:16.518957Z"
"931e23aaef67cd64_3",420,"1","2026-08-03T17:19:25.232636Z",270,8.356,"931e23aaef67cd64","EP","I grabbed a carton of milk and a loaf of bread, then headed to the produce section, where a man in a green apron was checking the fruits for ripeness.",3,"[{""start"":109,""end"":150,""text"":""ron was checking the fruits for ripeness."",""labels"":[""EP""]},{""start"":53,""end"":65,""text"":""headed to th"",""labels"":[""EP""]}]","2026-08-03T17:19:25.232656Z"
"931e23aaef67cd64_4",421,"1","2026-08-03T17:19:32.828883Z",271,7.257,"931e23aaef67cd64","EP","I picked over a bin of apples, selecting a few that looked the sweetest.",4,"[{""start"":36,""end"":48,""text"":""ting a few t"",""labels"":[""EP""]},{""start"":50,""end"":72,""text"":""t looked the sweetest."",""labels"":[""NONEP""]}]","2026-08-03T17:19:32.828901Z"
"931e23aaef67cd64_5",422,"1","2026-08-03T17:25:28.406831Z",272,355.23,"931e23aaef67cd64","EP","I grabbed a bag of oranges and a small container of grapes, then moved on to the snack aisle, where a teenager was eyeing the candy bars.",5,"[{""start"":62,""end"":87,""text"":""en moved on to the snack "",""labels"":[""EP""]},{""start"":98,""end"":137,""text"":""e a teenager was eyeing the candy bars."",""labels"":[""EP""]}]","2026-08-03T17:25:28.406875Z"
"931e23aaef67cd64_6",423,"1","2026-08-03T17:25:32.788227Z",273,4.046,"931e23aaef67cd64","EP","I grabbed a bag of trail mix and a pack of crackers, then headed to the checkout.",6,"[{""start"":56,""end"":64,""text"":""n headed"",""labels"":[""EP""]}]","2026-08-03T17:25:32.788247Z"
"931e23aaef67cd64_7",424,"1","2026-08-03T17:25:58.294582Z",274,25.163,"931e23aaef67cd64","EP","I paid for my items and grabbed my basket, feeling like I had everything I needed.",7,"[{""start"":46,""end"":55,""text"":""ling like"",""labels"":[""EP""]},{""start"":59,""end"":64,""text"":""ad ev"",""labels"":[""NONEP""]},{""start"":73,""end"":78,""text"":""I nee"",""labels"":[""NONEP""]}]","2026-08-03T17:25:58.294600Z"
"7a995eb6edbe8ec1_1",425,"1","2026-08-03T17:26:06.628151Z",275,7.914,"7a995eb6edbe8ec1","EP","I walked through the aisles of the supermarket, my basket light with a few items, trying to avoid the crowds.",1,"[{""start"":51,""end"":68,""text"":""basket light with"",""labels"":[""EP""]},{""start"":83,""end"":88,""text"":""rying"",""labels"":[""EP""]},{""start"":90,""end"":95,""text"":""o avo"",""labels"":[""EP""]}]","2026-08-03T17:26:06.628174Z"
"7a995eb6edbe8ec1_2",426,"1","2026-08-03T17:26:09.319933Z",276,2.356,"7a995eb6edbe8ec1","EP","The hum of fluorescent lights and the chatter of other shoppers filled the air.",2,"","2026-08-03T17:26:09.319951Z"
"7a995eb6edbe8ec1_3",427,"1","2026-08-03T17:26:18.833309Z",277,9.186,"7a995eb6edbe8ec1","EP","I passed the bakery section, where the sweet aroma of pastries lured me, but I kept walking, focused on my list.",3,"[{""start"":41,""end"":112,""text"":""eet aroma of pastries lured me, but I kept walking, focused on my list."",""labels"":[""EP""]},{""start"":0,""end"":84,""text"":""\\nI passed the bakery section, where the sweet aroma of pastries lured me, but I kept "",""labels"":[""EP""]},{""start"":0,""end"":104,""text"":""\\nI passed the bakery section, where the sweet aroma of pastries lured me, but I kept walking, focused on "",""labels"":[""EP""]}]","2026-08-03T17:26:18.833328Z"
"7a995eb6edbe8ec1_4",428,"1","2026-08-03T17:26:23.110923Z",278,3.957,"7a995eb6edbe8ec1","EP","I grabbed a loaf of bread from the refrigerated section, then added a bag of oranges to the basket.",4,"[{""start"":60,""end"":69,""text"":""n added a"",""labels"":[""EP""]}]","2026-08-03T17:26:23.110941Z"
"7a995eb6edbe8ec1_5",429,"1","2026-08-03T17:26:27.820770Z",279,4.378,"7a995eb6edbe8ec1","EP","I noticed a couple arguing in the dairy section, but I didn’t stop.",5,"[{""start"":54,""end"":66,""text"":"" didn’t stop"",""labels"":[""EP""]},{""start"":18,""end"":32,""text"":"" arguing in th"",""labels"":[""EP""]}]","2026-08-03T17:26:27.820789Z"
"7a995eb6edbe8ec1_6",430,"1","2026-08-03T17:26:44.199848Z",280,16.008,"7a995eb6edbe8ec1","EP","I reached the end of the aisle and turned, my mind already on the next task: picking up a few groceries and heading home.",6,"[{""start"":34,""end"":39,""text"":"" turn"",""labels"":[""EP""]},{""start"":54,""end"":66,""text"":""eady on the "",""labels"":[""NONEP""]},{""start"":0,""end"":102,""text"":""I reached the end of the aisle and turned, my mind already on the next task: picking up a few grocerie"",""labels"":[""EP""]},{""start"":108,""end"":117,""text"":""heading h"",""labels"":[""EP""]}]","2026-08-03T17:26:44.199867Z"
"7a995eb6edbe8ec1_7",431,"1","2026-08-03T17:26:51.812961Z",281,7.259,"7a995eb6edbe8ec1","NONEP","The checkout line was short, and I was eager to get back to my quiet routine.",7,"[{""start"":36,""end"":43,""text"":""as eage"",""labels"":[""NONEP""]},{""start"":47,""end"":54,""text"":"" get ba"",""labels"":[""EP""]}]","2026-08-03T17:26:51.812983Z"
"d5e4c7f7a7c188b6_1",432,"1","2026-08-03T17:27:01.025225Z",282,8.86,"d5e4c7f7a7c188b6","EP","I was walking down the aisle with a shopping cart, trying to remember what I needed.",1,"[{""start"":54,""end"":60,""text"":""ing to"",""labels"":[""EP""]},{""start"":63,""end"":67,""text"":""memb"",""labels"":[""EP""]},{""start"":74,""end"":80,""text"":"" I nee"",""labels"":[""NONEP""]}]","2026-08-03T17:27:01.025243Z"
"d5e4c7f7a7c188b6_2",433,"1","2026-08-03T17:27:08.602961Z",283,7.267,"d5e4c7f7a7c188b6","EP","I passed by the cereal aisle and grabbed a box of oats, then moved on to the dairy section, where I picked up a carton of milk.",2,"[{""start"":59,""end"":75,""text"":""n moved on to th"",""labels"":[""EP""]},{""start"":92,""end"":105,""text"":""where I picke"",""labels"":[""EP""]}]","2026-08-03T17:27:08.602994Z"
"d5e4c7f7a7c188b6_3",434,"1","2026-08-03T17:27:20.122824Z",284,11.208,"d5e4c7f7a7c188b6","EP","I grabbed a few apples from the produce stand, making sure to check the dates.",3,"[{""start"":49,""end"":59,""text"":""king sure "",""labels"":[""EP""]},{""start"":63,""end"":70,""text"":""heck th"",""labels"":[""EP""]}]","2026-08-03T17:27:20.122843Z"
"d5e4c7f7a7c188b6_4",435,"1","2026-08-03T17:27:27.389773Z",285,6.956,"d5e4c7f7a7c188b6","EP","I stopped at the pharmacy to get some bandages and antiseptic wipes, then moved on to the cleaning supplies aisle, where I grabbed a new bottle of dish soap.",4,"[{""start"":27,""end"":39,""text"":""o get some b"",""labels"":[""EP""]},{""start"":76,""end"":90,""text"":""ved on to the "",""labels"":[""EP""]},{""start"":123,""end"":136,""text"":""grabbed a new"",""labels"":[""EP""]}]","2026-08-03T17:27:27.389791Z"
"d5e4c7f7a7c188b6_5",436,"1","2026-08-03T17:27:30.126474Z",286,2.419,"d5e4c7f7a7c188b6","EP","I passed by the bakery and grabbed a bag of cookies for later.",5,"","2026-08-03T17:27:30.126492Z"
"d5e4c7f7a7c188b6_6",437,"1","2026-08-03T17:27:35.804716Z",287,5.349,"d5e4c7f7a7c188b6","EP","I made sure to check the prices on the tags, trying to stay within my budget.",6,"[{""start"":11,""end"":26,""text"":"" to check the p"",""labels"":[""EP""]},{""start"":44,""end"":50,""text"":"" tryin"",""labels"":[""EP""]},{""start"":53,""end"":70,""text"":""o stay within my "",""labels"":[""EP""]}]","2026-08-03T17:27:35.804762Z"
"d5e4c7f7a7c188b6_7",438,"1","2026-08-03T17:27:42.787715Z",288,6.672,"d5e4c7f7a7c188b6","EP","I pushed the cart to the checkout, where I paid and grabbed my items, then walked out with my groceries in hand.",7,"[{""start"":39,""end"":52,""text"":""e I paid and "",""labels"":[""EP""]},{""start"":76,""end"":98,""text"":""alked out with my groc"",""labels"":[""EP""]}]","2026-08-03T17:27:42.787735Z"
"9fab689d91dd90d1_1",439,"1","2026-08-03T17:27:47.638388Z",289,4.503,"9fab689d91dd90d1","EP","I'm wandering through the aisles of a bustling supermarket, the hum of conversation and the clatter of carts around me.",1,"[{""start"":100,""end"":113,""text"":""of carts arou"",""labels"":[""NONEP""]}]","2026-08-03T17:27:47.638407Z"
"9fab689d91dd90d1_2",440,"1","2026-08-03T17:27:54.636739Z",290,6.65,"9fab689d91dd90d1","NONEP","I’m in the snack aisle, trying to decide between dark chocolate and milk chocolate.",2,"[{""start"":32,""end"":38,""text"":""o deci"",""labels"":[""EP""]},{""start"":21,""end"":30,""text"":""e, trying"",""labels"":[""EP""]}]","2026-08-03T17:27:54.636758Z"
"9fab689d91dd90d1_3",441,"1","2026-08-03T17:28:00.858415Z",291,5.889,"9fab689d91dd90d1","EP","I pick up a bag of dark chocolate and put it in my basket, then move on to the dairy section, where I grab a block of cheddar cheese.",3,"[{""start"":39,""end"":50,""text"":""ut it in my"",""labels"":[""EP""]},{""start"":64,""end"":80,""text"":""move on to the d"",""labels"":[""EP""]},{""start"":104,""end"":120,""text"":""ab a block of ch"",""labels"":[""EP""]}]","2026-08-03T17:28:00.858433Z"
"9fab689d91dd90d1_4",442,"1","2026-08-03T17:28:21.693809Z",292,20.489,"9fab689d91dd90d1","NONEP","I pass by the bakery section, where a display of pastries catches my eye, but I resist, knowing I need to stick to my list.",4,"[{""start"":56,""end"":64,""text"":""s catche"",""labels"":[""EP""]},{""start"":80,""end"":85,""text"":""resis"",""labels"":[""EP""]},{""start"":90,""end"":95,""text"":""owing"",""labels"":[""EP""]},{""start"":104,""end"":109,""text"":""o sti"",""labels"":[""EP""]},{""start"":99,""end"":101,""text"":""ee"",""labels"":[""NONEP""]}]","2026-08-03T17:28:21.693830Z"
"9fab689d91dd90d1_5",443,"1","2026-08-03T17:28:24.434981Z",293,2.426,"9fab689d91dd90d1","EP","I grab a loaf of sourdough and a bag of almonds.",5,"","2026-08-03T17:28:24.435000Z"
"9fab689d91dd90d1_6",444,"1","2026-08-03T17:30:31.935722Z",294,127.169,"9fab689d91dd90d1","EP","I check my basket, then head to the checkout, where I pay for my items and toss a few apples in the cart for good measure.",6,"[{""start"":21,""end"":39,""text"":""en head to the che"",""labels"":[""EP""]},{""start"":50,""end"":66,""text"":""e I pay for my i"",""labels"":[""EP""]},{""start"":74,""end"":90,""text"":"" toss a few appl"",""labels"":[""EP""]}]","2026-08-03T17:30:31.935740Z"
"9fab689d91dd90d1_7",445,"1","2026-08-03T17:30:37.593387Z",295,10.893,"9fab689d91dd90d1","EP","I make my way to the exit, already thinking about what I’ll have for dinner.",7,"[{""start"":34,""end"":49,""text"":"" thinking about"",""labels"":[""EP""]},{""start"":54,""end"":68,""text"":"" I’ll have for"",""labels"":[""EP""]}]","2026-08-03T17:30:46.632263Z"
"ef1291abf204e1d2_1",446,"1","2026-08-03T17:31:00.772232Z",296,12.585,"ef1291abf204e1d2","EP","I walked through the aisles of the local supermarket, the hum of fluorescent lights and chatter of other shoppers around me.",1,"[{""start"":107,""end"":119,""text"":""oppers aroun"",""labels"":[""NONEP""]}]","2026-08-03T17:31:00.772251Z"
"ef1291abf204e1d2_2",447,"1","2026-08-03T17:31:06.984700Z",297,12.171,"ef1291abf204e1d2","EP","I grabbed a cart and made my way to the produce section, eyeing the bright, fresh fruits and vegetables.",2,"[{""start"":55,""end"":81,""text"":"", eyeing the bright, fresh"",""labels"":[""EP""]}]","2026-08-03T17:31:19.845295Z"
"ef1291abf204e1d2_3",448,"1","2026-08-03T17:31:10.680725Z",298,8.136,"ef1291abf204e1d2","EP","I picked up a carton of apples and a bag of grapes, adding them to my cart.",3,"[{""start"":53,""end"":65,""text"":""dding them t"",""labels"":[""EP""]}]","2026-08-03T17:31:27.879370Z"
"ef1291abf204e1d2_4",449,"1","2026-08-03T17:31:35.644252Z",299,5.614,"ef1291abf204e1d2","EP","I passed by the dairy section, where a woman in a green jacket was selecting cheese, and I grabbed a block of cheddar.",4,"[{""start"":92,""end"":96,""text"":""rabb"",""labels"":[""EP""]},{""start"":58,""end"":75,""text"":""cket was selectin"",""labels"":[""EP""]}]","2026-08-03T17:31:35.644270Z"
"ef1291abf204e1d2_5",450,"1","2026-08-03T17:31:40.008601Z",300,3.982,"ef1291abf204e1d2","EP","I added it to my cart, then moved on to the baking aisle, where I picked up a bag of flour and a box of cake mix.",5,"[{""start"":29,""end"":36,""text"":""oved on"",""labels"":[""EP""]},{""start"":63,""end"":76,""text"":"" I picked up "",""labels"":[""EP""]}]","2026-08-03T17:31:40.008619Z"
"ef1291abf204e1d2_6",451,"1","2026-08-03T17:32:13.825127Z",301,33.462,"ef1291abf204e1d2","EP","I double-checked my list, which I had written on the back of a receipt, and made sure I had everything.",6,"[{""start"":38,""end"":66,""text"":""written on the back of a rec"",""labels"":[""NONEP""]},{""start"":76,""end"":82,""text"":""made s"",""labels"":[""EP""]},{""start"":89,""end"":103,""text"":""ad everything."",""labels"":[""NONEP""]}]","2026-08-03T17:32:13.825144Z"
"ef1291abf204e1d2_7",452,"1","2026-08-03T17:32:24.812219Z",302,10.633,"ef1291abf204e1d2","EP","I pushed my way past the registers, where a cashier in a yellow vest was ringing up a customer, and I approached my turn, ready to pay.",7,"[{""start"":64,""end"":81,""text"":""vest was ringing "",""labels"":[""EP""]},{""start"":98,""end"":112,""text"":""d I approached"",""labels"":[""EP""]},{""start"":120,""end"":127,""text"":"", ready"",""labels"":[""NONEP""]},{""start"":129,""end"":133,""text"":""o pa"",""labels"":[""EP""]}]","2026-08-03T17:32:24.812237Z"
"1acecd45702d8129_1",453,"1","2026-08-03T17:32:29.406846Z",303,4.269,"1acecd45702d8129","EP","I was walking down the aisle with a basket, passing by rows of canned goods and snack foods.",1,"[{""start"":46,""end"":60,""text"":""ssing by rows "",""labels"":[""EP""]}]","2026-08-03T17:32:29.406863Z"
"1acecd45702d8129_2",454,"1","2026-08-03T17:32:33.029956Z",304,3.254,"1acecd45702d8129","EP","The fluorescent lights buzzed faintly, and the hum of conversation and music from the store speakers filled the air.",2,"[{""start"":91,""end"":116,""text"":"" speakers filled the air."",""labels"":[""EP""]}]","2026-08-03T17:32:33.029973Z"
"1acecd45702d8129_3",455,"1","2026-08-03T17:32:38.290963Z",305,4.925,"1acecd45702d8129","EP","I passed a display of seasonal produce, the apples and oranges glistening under the lights.",3,"[{""start"":60,""end"":91,""text"":""es glistening under the lights."",""labels"":[""EP""]}]","2026-08-03T17:32:38.290981Z"
"1acecd45702d8129_4",456,"1","2026-08-03T17:32:43.077090Z",306,4.456,"1acecd45702d8129","EP","I grabbed a few items from the dairy section, then moved on to the bread aisle, where I picked up a loaf of sourdough.",4,"[{""start"":53,""end"":68,""text"":""ved on to the b"",""labels"":[""EP""]},{""start"":86,""end"":113,""text"":""I picked up a loaf of sourd"",""labels"":[""EP""]}]","2026-08-03T17:32:43.077108Z"
"1acecd45702d8129_5",457,"1","2026-08-03T17:32:46.112410Z",307,2.726,"1acecd45702d8129","EP","I noticed a coupon for 20% off on household items, so I grabbed a few cleaning supplies.",5,"[{""start"":60,""end"":78,""text"":""bed a few cleaning"",""labels"":[""EP""]}]","2026-08-03T17:32:46.112428Z"
"1acecd45702d8129_6",458,"1","2026-08-03T17:32:49.356314Z",308,2.903,"1acecd45702d8129","EP","I passed by a section of bath and beauty products, where a woman was reading the labels of various shampoos.",6,"[{""start"":61,""end"":83,""text"":""man was reading the la"",""labels"":[""EP""]}]","2026-08-03T17:32:49.356332Z"
"1acecd45702d8129_7",459,"1","2026-08-03T17:32:53.062010Z",309,3.305,"1acecd45702d8129","EP","I grabbed a bottle of shampoo and a bar of soap, then headed to the checkout.",7,"[{""start"":54,""end"":68,""text"":""headed to the "",""labels"":[""EP""]}]","2026-08-03T17:32:53.062028Z"
"1acecd45702d8129_8",460,"1","2026-08-03T17:33:07.912142Z",310,14.507,"1acecd45702d8129","EP","I paid with my card, then grabbed my items and walked out, the basket light with groceries.",8,"[{""start"":28,""end"":37,""text"":""abbed my "",""labels"":[""EP""]},{""start"":49,""end"":58,""text"":""lked out,"",""labels"":[""EP""]},{""start"":68,""end"":81,""text"":""t light with "",""labels"":[""EP""]}]","2026-08-03T17:33:07.912159Z"
"3584cd4db9a662d0_1",461,"1","2026-08-03T17:33:17.822346Z",311,9.588,"3584cd4db9a662d0","EP","I was wandering through the aisles of a bustling supermarket, the hum of conversation and the clatter of carts creating a familiar rhythm.",1,"[{""start"":0,""end"":129,""text"":""I was wandering through the aisles of a bustling supermarket, the hum of conversation and the clatter of carts creating a familia"",""labels"":[""EP""]}]","2026-08-03T17:33:17.822363Z"
"3584cd4db9a662d0_2",462,"1","2026-08-03T17:33:21.906432Z",312,3.746,"3584cd4db9a662d0","EP","I passed by the produce section, where bright colors of fruits and vegetables caught my eye, and I grabbed a few apples for my family.",2,"[{""start"":76,""end"":89,""text"":""s caught my e"",""labels"":[""EP""]},{""start"":98,""end"":115,""text"":"" grabbed a few ap"",""labels"":[""EP""]}]","2026-08-03T17:33:21.906449Z"
"3584cd4db9a662d0_3",463,"1","2026-08-03T17:33:24.959624Z",313,2.709,"3584cd4db9a662d0","EP","I grabbed a carton of milk and a loaf of bread, adding them to my basket.",3,"[{""start"":51,""end"":58,""text"":""ing the"",""labels"":[""EP""]}]","2026-08-03T17:33:24.959642Z"
"3584cd4db9a662d0_4",464,"1","2026-08-03T17:33:31.406131Z",314,6.108,"3584cd4db9a662d0","EP","I passed by the bakery section, where the smell of fresh pastries lured me, but I resisted, sticking to my list.",4,"[{""start"":56,""end"":73,""text"":"" pastries lured m"",""labels"":[""EP""]},{""start"":79,""end"":87,""text"":"" I resis"",""labels"":[""EP""]},{""start"":93,""end"":102,""text"":""ticking t"",""labels"":[""EP""]}]","2026-08-03T17:33:31.406148Z"
"3584cd4db9a662d0_5",465,"1","2026-08-03T17:33:38.270785Z",315,6.5,"3584cd4db9a662d0","EP","I reached the checkout, where an elderly cashier greeted me with a smile.",5,"[{""start"":38,""end"":55,""text"":""ly cashier greete"",""labels"":[""EP""]}]","2026-08-03T17:33:38.270804Z"
"3584cd4db9a662d0_6",466,"1","2026-08-03T17:33:44.672750Z",316,6.024,"3584cd4db9a662d0","EP","I paid for my items and grabbed my groceries, feeling a sense of accomplishment as I navigated the crowded aisles and made my way to the exit.",6,"[{""start"":49,""end"":69,""text"":""ling a sense of acco"",""labels"":[""EP""]},{""start"":90,""end"":105,""text"":""ated the crowde"",""labels"":[""EP""]},{""start"":117,""end"":127,""text"":"" made my w"",""labels"":[""EP""]}]","2026-08-03T17:33:44.672768Z"
"39cde044f940b2b6_1",467,"1","2026-08-03T17:33:48.926543Z",317,3.911,"39cde044f940b2b6","EP","I walked through the aisles of the supermarket, my cart rolling behind me as I passed rows of neatly arranged products.",1,"[{""start"":58,""end"":66,""text"":""lling be"",""labels"":[""EP""]},{""start"":82,""end"":93,""text"":""sed rows of"",""labels"":[""EP""]}]","2026-08-03T17:33:48.926561Z"
"39cde044f940b2b6_2",468,"1","2026-08-03T17:33:58.241104Z",318,2.816,"39cde044f940b2b6","EP","The hum of fluorescent lights and the occasional clatter of other shoppers' carts filled the air.",2,"","2026-08-03T17:33:58.241122Z"
"39cde044f940b2b6_3",469,"1","2026-08-03T17:34:09.139815Z",319,10.562,"39cde044f940b2b6","EP","I grabbed a loaf of bread from the bakery section and added it to my cart, then picked up a few apples from the produce aisle.",3,"[{""start"":57,""end"":126,""text"":""ed it to my cart, then picked up a few apples from the produce aisle."",""labels"":[""EP""]},{""start"":83,""end"":126,""text"":""ked up a few apples from the produce aisle."",""labels"":[""EP""]}]","2026-08-03T17:34:09.139850Z"
"39cde044f940b2b6_4",470,"1","2026-08-03T17:34:15.325627Z",320,5.838,"39cde044f940b2b6","EP","I passed by the dairy section, where a display of cheese caught my eye, but I decided to stick to my list.",4,"[{""start"":42,""end"":62,""text"":""play of cheese caugh"",""labels"":[""EP""]},{""start"":77,""end"":86,""text"":"" decided "",""labels"":[""EP""]},{""start"":89,""end"":99,""text"":""stick to m"",""labels"":[""EP""]}]","2026-08-03T17:34:15.325644Z"
"39cde044f940b2b6_5",471,"1","2026-08-03T17:34:18.938523Z",321,3.267,"39cde044f940b2b6","EP","I grabbed a bottle of orange juice and a box of cereal, then made my way to the checkout.",5,"[{""start"":62,""end"":78,""text"":""ade my way to th"",""labels"":[""EP""]}]","2026-08-03T17:34:18.938542Z"
"39cde044f940b2b6_6",472,"1","2026-08-03T17:34:26.214948Z",322,6.9,"39cde044f940b2b6","EP","I paid for my items and tossed a few candy bars into my cart for a treat.",6,"","2026-08-03T17:34:26.214968Z"
"39cde044f940b2b6_7",473,"1","2026-08-03T17:34:36.254597Z",323,9.673,"39cde044f940b2b6","EP","As I walked out, I noticed a coupon rack and thought about the deal, but I told myself I had already spent enough today.",7,"[{""start"":0,""end"":13,""text"":""As I walked o"",""labels"":[""EP""]},{""start"":74,""end"":90,""text"":"" told myself I h"",""labels"":[""EP""]},{""start"":95,""end"":105,""text"":""ready spen"",""labels"":[""NONEP""]}]","2026-08-03T17:34:36.254616Z"
"0df573f8312d13a4_1",474,"1","2026-08-03T17:34:41.784932Z",324,5.172,"0df573f8312d13a4","EP","I was walking down the aisle with a basket, passing by the cereal and snack foods.",1,"[{""start"":45,""end"":61,""text"":""assing by the ce"",""labels"":[""EP""]}]","2026-08-03T17:34:41.784964Z"
"0df573f8312d13a4_2",475,"1","2026-08-03T17:34:46.233870Z",325,4.112,"0df573f8312d13a4","EP","I grabbed a box of granola and put it in my cart, then headed to the dairy section.",2,"[{""start"":53,""end"":71,""text"":""n headed to the da"",""labels"":[""EP""]}]","2026-08-03T17:34:46.233891Z"
"0df573f8312d13a4_3",476,"1","2026-08-03T17:34:49.518960Z",326,2.94,"0df573f8312d13a4","EP","I picked up a carton of milk and a block of cheddar cheese, adding them to the basket.",3,"[{""start"":63,""end"":84,""text"":""ing them to the baske"",""labels"":[""EP""]}]","2026-08-03T17:34:49.518979Z"
"0df573f8312d13a4_4",477,"1","2026-08-03T17:34:52.714172Z",327,2.846,"0df573f8312d13a4","EP","I noticed a coupon for 20% off on cheese, so I grabbed another block just in case.",4,"[{""start"":51,""end"":80,""text"":""bed another block just in cas"",""labels"":[""EP""]}]","2026-08-03T17:34:52.714189Z"
"0df573f8312d13a4_5",478,"1","2026-08-03T17:34:59.203577Z",328,6.145,"0df573f8312d13a4","EP","I passed by the frozen foods, eyeing the pre-made lasagna, but decided to stick to my list.",5,"[{""start"":30,""end"":44,""text"":""eyeing the pre"",""labels"":[""EP""]},{""start"":66,""end"":70,""text"":""ided"",""labels"":[""EP""]},{""start"":73,""end"":79,""text"":"" stick"",""labels"":[""EP""]}]","2026-08-03T17:34:59.203595Z"
"0df573f8312d13a4_6",479,"1","2026-08-03T17:35:03.769114Z",329,4.211,"0df573f8312d13a4","EP","I grabbed a loaf of bread and a bag of apples, then made my way to the checkout.",6,"[{""start"":55,""end"":70,""text"":""e my way to the"",""labels"":[""EP""]}]","2026-08-03T17:35:03.769133Z"
"0df573f8312d13a4_7",480,"1","2026-08-03T17:35:08.606697Z",330,4.498,"0df573f8312d13a4","EP","I paid with my card, and as I left, I saw a display of seasonal oranges on the way out.",7,"[{""start"":26,""end"":32,""text"":""s I le"",""labels"":[""EP""]},{""start"":40,""end"":48,""text"":""w a disp"",""labels"":[""EP""]}]","2026-08-03T17:35:08.606714Z"
"0df573f8312d13a4_8",481,"1","2026-08-03T17:35:18.435240Z",331,9.471,"0df573f8312d13a4","EP","I grabbed one and put it in my basket, thinking I might need it for a snack later.",8,"[{""start"":19,""end"":28,""text"":""ut it in "",""labels"":[""EP""]},{""start"":42,""end"":51,""text"":""nking I m"",""labels"":[""EP""]},{""start"":57,""end"":64,""text"":""eed it "",""labels"":[""NONEP""]}]","2026-08-03T17:35:18.435258Z"
"49580e4684401532_1",482,"1","2026-08-03T17:35:24.530760Z",332,5.736,"49580e4684401532","EP","I walked through the aisles of the supermarket, my cart rolling behind me as I grabbed a few items from the produce section.",1,"[{""start"":59,""end"":81,""text"":""ling behind me as I gr"",""labels"":[""EP""]}]","2026-08-03T17:35:24.530780Z"
"49580e4684401532_2",483,"1","2026-08-03T17:35:29.786615Z",333,4.902,"49580e4684401532","EP","The fluorescent lights buzzed softly, casting a bright, even light over the neatly arranged products.",2,"[{""start"":42,""end"":49,""text"":""ing a b"",""labels"":[""EP""]}]","2026-08-03T17:35:29.786633Z"
"49580e4684401532_3",484,"1","2026-08-03T17:35:39.607873Z",334,9.479,"49580e4684401532","EP","I passed by the bakery section where the scent of warm bread wafted through the air, but I kept walking, focused on my list.",3,"[{""start"":59,""end"":77,""text"":""d wafted through t"",""labels"":[""EP""]},{""start"":92,""end"":100,""text"":""ept walk"",""labels"":[""EP""]},{""start"":107,""end"":118,""text"":""cused on my"",""labels"":[""EP""]}]","2026-08-03T17:35:39.607893Z"
"49580e4684401532_4",485,"1","2026-08-03T17:35:43.304565Z",335,3.318,"49580e4684401532","EP","I grabbed a bag of oranges, then a box of cereal, and a loaf of whole wheat bread.",4,"","2026-08-03T17:35:43.304598Z"
"49580e4684401532_5",486,"1","2026-08-03T17:35:48.646794Z",336,4.986,"49580e4684401532","EP","I made sure to check the expiration dates and compare prices between the store brand and name brand.",5,"[{""start"":16,""end"":22,""text"":""heck t"",""labels"":[""EP""]}]","2026-08-03T17:35:48.646813Z"
"49580e4684401532_6",487,"1","2026-08-03T17:35:52.889523Z",337,3.869,"49580e4684401532","EP","I passed by the dairy section, where a display of cheese caught my eye, but I didn’t stop.",6,"[{""start"":59,""end"":65,""text"":""ught m"",""labels"":[""EP""]},{""start"":80,""end"":87,""text"":""dn’t st"",""labels"":[""EP""]}]","2026-08-03T17:35:52.889541Z"
"49580e4684401532_7",488,"1","2026-08-03T17:36:06.504736Z",338,13.268,"49580e4684401532","EP","I kept my list in mind, determined to get everything I needed without distraction.",7,"[{""start"":26,""end"":32,""text"":""termin"",""labels"":[""EP""]},{""start"":35,""end"":44,""text"":""to get ev"",""labels"":[""EP""]},{""start"":51,""end"":59,""text"":""g I need"",""labels"":[""NONEP""]}]","2026-08-03T17:36:06.504753Z"
"49580e4684401532_8",489,"1","2026-08-03T17:36:19.935307Z",339,13.092,"49580e4684401532","EP","The hum of the store continued around me as I pushed on, my mind already on the next task of organizing the groceries at home.",8,"[{""start"":47,""end"":53,""text"":""ushed "",""labels"":[""EP""]},{""start"":67,""end"":78,""text"":""ready on th"",""labels"":[""NONEP""]},{""start"":93,""end"":101,""text"":""organizi"",""labels"":[""EP""]}]","2026-08-03T17:36:19.935326Z"
"b6ec571b2be095f4_1",490,"1","2026-08-03T17:36:28.214245Z",340,7.869,"b6ec571b2be095f4","EP","I was wandering through the aisles of the local supermarket, my cart rolling behind me as I passed rows of neatly arranged products.",1,"[{""start"":71,""end"":80,""text"":""lling beh"",""labels"":[""EP""]},{""start"":93,""end"":104,""text"":""assed rows "",""labels"":[""EP""]}]","2026-08-03T17:36:28.214262Z"
"b6ec571b2be095f4_2",491,"1","2026-08-03T17:36:32.979300Z",341,4.416,"b6ec571b2be095f4","EP","The hum of fluorescent lights and the soft music playing over the speakers created a familiar, comforting rhythm.",2,"","2026-08-03T17:36:32.979318Z"
"b6ec571b2be095f4_3",492,"1","2026-08-03T17:36:49.907471Z",342,16.584,"b6ec571b2be095f4","EP","I passed the produce section, where bright, fresh fruits and vegetables were displayed in eye-catching arrangements.",3,"[{""start"":73,""end"":89,""text"":""ere displayed in"",""labels"":[""NONEP""]}]","2026-08-03T17:36:49.907491Z"
"b6ec571b2be095f4_4",493,"1","2026-08-03T17:36:55.840111Z",343,5.571,"b6ec571b2be095f4","EP","I grabbed a few apples and a bundle of bananas, adding them to my cart.",4,"[{""start"":50,""end"":59,""text"":""ding them"",""labels"":[""EP""]}]","2026-08-03T17:36:55.840130Z"
"b6ec571b2be095f4_5",494,"1","2026-08-03T17:37:05.437906Z",344,9.253,"b6ec571b2be095f4","EP","As I moved on, I noticed a display of canned goods, and I grabbed a few items for my pantry.",5,"[{""start"":3,""end"":9,""text"":""I move"",""labels"":[""EP""]},{""start"":22,""end"":35,""text"":""ed a display "",""labels"":[""EP""]},{""start"":62,""end"":75,""text"":""bed a few ite"",""labels"":[""EP""]}]","2026-08-03T17:37:05.437930Z"
"b6ec571b2be095f4_6",495,"1","2026-08-03T17:37:15.878331Z",345,10.108,"b6ec571b2be095f4","EP","I passed the bakery section, where the aroma of freshly baked bread wafted through the air.",6,"[{""start"":51,""end"":67,""text"":""shly baked bread"",""labels"":[""EP""]}]","2026-08-03T17:37:15.878349Z"
"b6ec571b2be095f4_7",496,"1","2026-08-03T17:37:17.910205Z",346,1.688,"b6ec571b2be095f4","EP","I added a loaf of sourdough to my list.",7,"","2026-08-03T17:37:17.910236Z"
"b6ec571b2be095f4_8",497,"1","2026-08-03T17:37:37.341975Z",347,19.079,"b6ec571b2be095f4","NONEP","The store was quiet, save for the occasional clatter of another shopper’s cart and the muffled voices of customers browsing.",8,"[{""start"":103,""end"":118,""text"":""f customers bro"",""labels"":[""EP""]}]","2026-08-03T17:37:37.341993Z"
"b6ec571b2be095f4_9",498,"1","2026-08-03T17:37:42.033321Z",348,4.326,"b6ec571b2be095f4","EP","I made my way to the checkout, my basket light but full of essentials.",9,"[{""start"":37,""end"":49,""text"":""ket light bu"",""labels"":[""EP""]}]","2026-08-03T17:37:42.033341Z"
"e2ff35d68d65e307_1",499,"1","2026-08-03T17:38:14.063708Z",349,31.664,"e2ff35d68d65e307","EP","I'm walking through the aisles of a well-lit supermarket, the hum of fluorescent lights and distant chatter of other shoppers filling the air.",1,"[{""start"":122,""end"":142,""text"":""ers filling the air."",""labels"":[""EP""]}]","2026-08-03T17:38:14.063729Z"
"e2ff35d68d65e307_2",500,"1","2026-08-03T17:38:30.195741Z",350,15.762,"e2ff35d68d65e307","EP","I’m grabbing a cart and heading to the produce section, where bright, crisp fruits and vegetables are displayed in neat, colorful displays.",2,"[{""start"":100,""end"":120,""text"":""e displayed in neat,"",""labels"":[""NONEP""]}]","2026-08-03T17:38:30.195759Z"
"e2ff35d68d65e307_3",501,"1","2026-08-03T17:38:35.811547Z",351,5.169,"e2ff35d68d65e307","EP","I pass by the dairy section, where the smell of cheese and yogurt lingers in the air.",3,"[{""start"":58,""end"":73,""text"":"" yogurt lingers"",""labels"":[""EP""]}]","2026-08-03T17:38:35.811565Z"
"e2ff35d68d65e307_4",502,"1","2026-08-03T17:38:48.080304Z",352,10.27,"e2ff35d68d65e307","EP","I grab a loaf of bread from the bakery counter and add it to my cart.",4,"[{""start"":52,""end"":58,""text"":""dd it "",""labels"":[""EP""]}]","2026-08-03T17:38:48.080336Z"
"e2ff35d68d65e307_5",503,"1","2026-08-03T17:38:56.823670Z",353,8.387,"e2ff35d68d65e307","EP","I stop at the pharmacy aisle to pick up a cold medicine for my sister, who’s been under the weather.",5,"[{""start"":74,""end"":93,""text"":""’s been under the w"",""labels"":[""NONEP""]},{""start"":29,""end"":40,""text"":""to pick up "",""labels"":[""EP""]}]","2026-08-03T17:38:56.823688Z"
"e2ff35d68d65e307_6",504,"1","2026-08-03T17:39:00.889266Z",354,3.736,"e2ff35d68d65e307","EP","I check my list to make sure I didn’t miss anything.",6,"[{""start"":32,""end"":39,""text"":""idn’t m"",""labels"":[""EP""]}]","2026-08-03T17:39:00.889284Z"
"e2ff35d68d65e307_7",505,"1","2026-08-03T17:39:06.490266Z",355,5.251,"e2ff35d68d65e307","EP","I pass by a group of teenagers trying on clothes and a couple arguing over the price of a loaf of bread.",7,"[{""start"":34,""end"":49,""text"":""ing on clothes "",""labels"":[""EP""]},{""start"":61,""end"":77,""text"":"" arguing over th"",""labels"":[""EP""]}]","2026-08-03T17:39:06.490284Z"
"e2ff35d68d65e307_8",506,"1","2026-08-03T17:39:13.602728Z",356,6.723,"e2ff35d68d65e307","EP","I grab a few apples and a bag of oranges, then head to the checkout, my cart full of groceries for the week.",8,"[{""start"":48,""end"":60,""text"":""ead to the c"",""labels"":[""EP""]},{""start"":84,""end"":108,""text"":"" groceries for the week."",""labels"":[""NONEP""]}]","2026-08-03T17:39:13.602763Z"
"4aaa567b1222f073_1",507,"1","2026-08-03T17:39:22.794149Z",357,8.753,"4aaa567b1222f073","EP","I was wandering through the aisles of a busy supermarket, the hum of conversation and the clatter of carts around me.",1,"[{""start"":84,""end"":117,""text"":""d the clatter of carts around me."",""labels"":[""NONEP""]}]","2026-08-03T17:39:22.794173Z"
"4aaa567b1222f073_2",508,"1","2026-08-03T17:39:29.204173Z",358,6.045,"4aaa567b1222f073","NONEP","I was on a routine grocery run, trying to get a list of items I’d made earlier.",2,"[{""start"":33,""end"":39,""text"":""rying "",""labels"":[""EP""]},{""start"":42,""end"":51,""text"":""get a lis"",""labels"":[""EP""]},{""start"":65,""end"":79,""text"":"" made earlier."",""labels"":[""EP""]}]","2026-08-03T17:39:29.204192Z"
"4aaa567b1222f073_3",509,"1","2026-08-03T17:39:41.711264Z",359,12.156,"4aaa567b1222f073","EP","I passed by the dairy section, then the fresh produce, where a couple was picking over apples.",3,"[{""start"":72,""end"":88,""text"":""s picking over a"",""labels"":[""EP""]}]","2026-08-03T17:39:41.711282Z"
"4aaa567b1222f073_4",510,"1","2026-08-03T17:39:51.077727Z",360,9.001,"4aaa567b1222f073","EP","I grabbed a few eggs from the refrigerated section and added them to my basket.",4,"[{""start"":50,""end"":62,""text"":"" and added t"",""labels"":[""EP""]}]","2026-08-03T17:39:51.077746Z"
"4aaa567b1222f073_5",511,"1","2026-08-03T17:39:56.185249Z",361,4.754,"4aaa567b1222f073","EP","I passed the bakery counter, where the smell of fresh bread was strong.",5,"[{""start"":50,""end"":60,""text"":""esh bread "",""labels"":[""NONEP""]}]","2026-08-03T17:39:56.185295Z"
"4aaa567b1222f073_6",512,"1","2026-08-03T17:40:00.603850Z",362,4.053,"4aaa567b1222f073","EP","I grabbed a loaf of sourdough and added it to my cart.",6,"[{""start"":35,""end"":38,""text"":""dde"",""labels"":[""EP""]}]","2026-08-03T17:40:00.603870Z"
"4aaa567b1222f073_7",513,"1","2026-08-03T17:40:08.594256Z",363,7.635,"4aaa567b1222f073","EP","I made sure to pick up the items I needed, checking the prices on the tags.",7,"[{""start"":17,""end"":29,""text"":""ck up the it"",""labels"":[""EP""]},{""start"":33,""end"":40,""text"":""I neede"",""labels"":[""NONEP""]},{""start"":47,""end"":61,""text"":""king the price"",""labels"":[""EP""]}]","2026-08-03T17:40:08.594287Z"
"4aaa567b1222f073_8",514,"1","2026-08-03T17:40:17.707615Z",364,8.778,"4aaa567b1222f073","EP","I noticed a sale on canned beans and added those as well.",8,"","2026-08-03T17:40:17.707633Z"
"4aaa567b1222f073_9",515,"1","2026-08-03T17:40:34.150057Z",365,16.08,"4aaa567b1222f073","EP","I made my way to the checkout, careful not to let the items fall.",9,"[{""start"":45,""end"":58,""text"":"" let the item"",""labels"":[""EP""]},{""start"":30,""end"":40,""text"":"" careful n"",""labels"":[""NONEP""]}]","2026-08-03T17:40:34.150083Z"
"4aaa567b1222f073_10",516,"1","2026-08-03T17:40:41.261631Z",366,6.737,"4aaa567b1222f073","EP","I paid and grabbed my items, ready to take them home.",10,"[{""start"":33,""end"":47,""text"":""y to take them"",""labels"":[""EP""]}]","2026-08-03T17:40:41.261648Z"
