"ID","annotation_id","annotator","bot","created_at","entities","events","id","lead_time","n_created_facts","n_order_errors","notes","updated_at"
"b68377eaceb6dd0e",437,"1","The story is about a thirsty bird searching for water on a hot day. She was very tired and nearly fainting when she found a pitcher of water under a bench in a park. The water was too deep for her to reach with her short beak, so she looked around and found some pebbles. She dropped the pebbles into the pitcher one by one, which caused the water level to rise. Once the water was within reach, she drank it and flew away happily. The bird used the pebbles to raise the water level, showing cleverness and determination. The setting was a park, and the main challenge was accessing the water. The bird’s actions demonstrate problem-solving and resourcefulness.","2026-07-05T14:29:03.926212Z","{""choices"":[""bird"",""water"",""pitcher"",""pebbles"",""bench"",""park"",""beak (or beak length)""]}","{""choices"":[""The day is hot."",""The bird is thirsty."",""The bird looks for water for a long time."",""The bird becomes very tired and is about to faint."",""The bird spots a pitcher of water."",""The pitcher is under a bench in a park."",""The water is too deep to reach, the bird’s beak is not long enough."",""The bird finds some pebbles."",""The bird picks up pebbles and drops them into the pitcher."",""The water level rises, allowing the bird to drink."",""The bird flies away happily.""]}",1876,248.499,"","","","2026-07-05T14:29:03.926212Z"
"b45c50cd638f3f88",438,"1","The story is about a little bird who was very thirsty on a hot day and searched for water for a long time. She became very tired and was about to faint when she saw a pitcher of water under a bench in a park. She flew down and sat on the pitcher, but the water was too deep for her to reach with her short beak. She looked around and found some pebbles, which gave her an idea. She picked up the pebbles one by one and dropped them into the pitcher, causing the water level to rise. Once the water was within reach, she was able to drink it and flew away happily. The bird’s cleverness in using the pebbles to raise the water level allowed her to quench her thirst.","2026-07-05T14:43:46.123350Z","{""choices"":[""bird"",""water"",""pitcher"",""pebbles"",""bench"",""park"",""beak (or beak length)""]}","{""choices"":[""The day is hot."",""The bird is thirsty."",""The bird looks for water for a long time."",""The bird becomes very tired and is about to faint."",""The bird spots a pitcher of water."",""The pitcher is under a bench in a park."",""The bird flies down and sits on the pitcher."",""The water is too deep to reach, the bird’s beak is not long enough."",""The bird finds some pebbles."",""The bird picks up pebbles and drops them into the pitcher."",""The water level rises, allowing the bird to drink."",""The bird flies away happily.""]}",1877,881.72,"","","","2026-07-05T14:43:46.123350Z"
"a7748adde1db7e07",439,"1","The story is about a little bird who was very thirsty on a hot day and searched for water for a long time. She became tired and almost fainted but then saw a pitcher of water under a bench in a park. She sat on the pitcher but couldn’t reach the water because it was too deep for her short beak. She noticed some pebbles nearby and decided to use them. She dropped the pebbles one by one into the pitcher, which caused the water level to rise. Once the water was within reach, she drank it and flew away happily. The bird’s cleverness in using the pebbles to raise the water level allowed her to quench her thirst.","2026-07-05T14:44:41.112772Z","{""choices"":[""bird"",""water"",""pitcher"",""pebbles"",""bench"",""park"",""beak (or beak length)""]}","{""choices"":[""The day is hot."",""The bird is thirsty."",""The bird looks for water for a long time."",""The bird becomes very tired and is about to faint."",""The bird spots a pitcher of water."",""The pitcher is under a bench in a park."",""The bird flies down and sits on the pitcher."",""The water is too deep to reach, the bird’s beak is not long enough."",""The bird finds some pebbles."",""The bird picks up pebbles and drops them into the pitcher."",""The water level rises, allowing the bird to drink."",""The bird flies away happily.""]}",1878,54.501,"","","","2026-07-05T14:44:41.112772Z"
"4a61492dd69bf489",440,"1","The story is about a little bird who was very thirsty and had been searching for water for a long time. She was tired and almost fainting when she saw a pitcher of water under a bench in a park. She flew down and sat on the pitcher, but the water was too deep for her to reach with her short beak. She looked around and found some pebbles, which gave her an idea. She dropped the pebbles one by one into the pitcher, and the water level rose. This allowed her to drink the water. She then flew away happily. I don’t know the exact time of day or the type of bird, but I remember the setting was a park, and the bird used pebbles to raise the water level.","2026-07-05T14:45:14.902528Z","{""choices"":[""bird"",""water"",""pitcher"",""pebbles"",""bench"",""park"",""beak (or beak length)""]}","{""choices"":[""The bird is thirsty."",""The bird looks for water for a long time."",""The bird becomes very tired and is about to faint."",""The bird spots a pitcher of water."",""The pitcher is under a bench in a park."",""The bird flies down and sits on the pitcher."",""The water is too deep to reach, the bird’s beak is not long enough."",""The bird finds some pebbles."",""The bird picks up pebbles and drops them into the pitcher."",""The water level rises, allowing the bird to drink."",""The bird flies away happily.""]}",1879,33.348,"","","","2026-07-05T14:45:14.903530Z"
"206a1264a38e8fb8",441,"1","The story is about a little bird who was very thirsty on a hot day and searched for water for a long time. She became very tired and was about to faint when she noticed a pitcher of water under a bench in a park. She flew down and sat on the pitcher but couldn’t drink from it because the water was too deep for her beak. She looked around and found some pebbles, which gave her an idea. She picked up the pebbles one by one and dropped them into the pitcher, causing the water level to rise. Once the water was within reach, she was able to drink it and flew away happily. The bird’s problem was the depth of the water, and she solved it by using pebbles to raise the level.","2026-07-05T14:45:41.405323Z","{""choices"":[""bird"",""water"",""pitcher"",""pebbles"",""bench"",""park"",""beak (or beak length)""]}","{""choices"":[""The day is hot."",""The bird is thirsty."",""The bird looks for water for a long time."",""The bird becomes very tired and is about to faint."",""The bird spots a pitcher of water."",""The pitcher is under a bench in a park."",""The bird flies down and sits on the pitcher."",""The water is too deep to reach, the bird’s beak is not long enough."",""The bird finds some pebbles."",""The bird picks up pebbles and drops them into the pitcher."",""The water level rises, allowing the bird to drink."",""The bird flies away happily.""]}",1880,26.106,"","","","2026-07-05T14:45:41.405323Z"
"a8426571676d8535",442,"1","The story is about a little bird who was very thirsty on a hot day and searching for water for a long time. She was very tired and was about to faint when she spotted a pitcher of water under a bench in a park. She flew down and sat on the pitcher but couldn’t reach the water because it was too deep for her short beak. She looked around and found some pebbles, which gave her an idea. She dropped the pebbles one by one into the pitcher, causing the water level to rise. Once the water was high enough, she was able to drink it. The bird then flew away happily. I don’t know the exact time of day or the type of bird, but I remember the setting was a park, and the bird used pebbles to raise the water level so she could drink.","2026-07-05T14:46:20.573023Z","{""choices"":[""bird"",""water"",""pitcher"",""pebbles"",""bench"",""park"",""beak (or beak length)""]}","{""choices"":[""The day is hot."",""The bird is thirsty."",""The bird looks for water for a long time."",""The bird becomes very tired and is about to faint."",""The bird spots a pitcher of water."",""The pitcher is under a bench in a park."",""The bird flies down and sits on the pitcher."",""The water is too deep to reach, the bird’s beak is not long enough."",""The bird finds some pebbles."",""The bird picks up pebbles and drops them into the pitcher."",""The water level rises, allowing the bird to drink."",""The bird flies away happily.""]}",1881,30.925,"","","","2026-07-05T14:46:20.573023Z"
"3ac22ffe1f4df9a2",443,"1","The story was about a little bird who was very thirsty on a hot day and searched for water for a long time. She was tired and almost fainting when she found a pitcher of water under a bench in a park. She sat on the pitcher but couldn’t reach the water because it was too deep for her short beak. She looked around and found some pebbles, which gave her an idea. She dropped the pebbles one by one into the pitcher, raising the water level until she could finally drink. After quenching her thirst, she flew away happily. The bird showed determination and cleverness by using the pebbles to make the water accessible. The setting was a park, and the main elements were the pitcher, the pebbles, and the bird’s effort to get water.","2026-07-05T14:46:55.174139Z","{""choices"":[""bird"",""water"",""pitcher"",""pebbles"",""bench"",""park"",""beak (or beak length)""]}","{""choices"":[""The day is hot."",""The bird is thirsty."",""The bird looks for water for a long time."",""The bird becomes very tired and is about to faint."",""The bird spots a pitcher of water."",""The pitcher is under a bench in a park."",""The bird flies down and sits on the pitcher."",""The water is too deep to reach, the bird’s beak is not long enough."",""The bird finds some pebbles."",""The bird picks up pebbles and drops them into the pitcher."",""The water level rises, allowing the bird to drink."",""The bird flies away happily.""]}",1882,34.15,"","","","2026-07-05T14:46:55.174139Z"
"aacec48a3ba6aefe",444,"1","The story was about a little bird who was very thirsty on a hot day. She searched for water for a long time but couldn’t find anything to drink. She finally saw a pitcher of water under a bench in a park. The water was too deep for her to reach with her short beak. She looked around and found some pebbles. Using the pebbles, she dropped them one by one into the pitcher, which caused the water level to rise. Once the water was high enough, she was able to drink from it. After quenching her thirst, the bird flew away happily. The bird used problem-solving and resourcefulness to overcome the challenge of drinking the water.","2026-07-05T14:47:40.814201Z","{""choices"":[""bird"",""water"",""pitcher"",""pebbles"",""bench"",""park"",""beak (or beak length)""]}","{""choices"":[""The day is hot."",""The bird is thirsty."",""The bird looks for water for a long time."",""The bird spots a pitcher of water."",""The pitcher is under a bench in a park."",""The water is too deep to reach, the bird’s beak is not long enough."",""The bird finds some pebbles."",""The bird picks up pebbles and drops them into the pitcher."",""The water level rises, allowing the bird to drink."",""The bird flies away happily.""]}",1883,45.206,"","","","2026-07-05T14:47:40.814201Z"
"8fb1aa6e509c08f9",445,"1","The story is about a thirsty bird searching for water on a hot day. She was very tired and close to fainting when she noticed a pitcher of water under a bench in a park. The water was too deep for her to reach with her short beak, so she looked around and found some pebbles. She dropped the pebbles into the pitcher one by one, which raised the water level. Once the water was within reach, she drank it and flew away happily. The bird used the pebbles to make the water level higher so she could access it. The setting was a park, and the main challenge was the depth of the water. The bird's solution was clever and effective.","2026-07-05T14:54:20.304571Z","{""choices"":[""bird"",""water"",""pitcher"",""pebbles"",""bench"",""park"",""beak (or beak length)""]}","{""choices"":[""The day is hot."",""The bird is thirsty."",""The bird looks for water for a long time."",""The bird becomes very tired and is about to faint."",""The bird spots a pitcher of water."",""The pitcher is under a bench in a park."",""The water is too deep to reach, the bird’s beak is not long enough."",""The bird finds some pebbles."",""The bird picks up pebbles and drops them into the pitcher."",""The water level rises, allowing the bird to drink."",""The bird flies away happily.""]}",1884,399.079,"","","","2026-07-05T14:54:20.304571Z"
"fbe8651cdffbb86d",446,"1","The story is about a little bird who was very thirsty and searching for water on a hot day. She flew for a long time and became very tired, almost fainting. While looking for water, she saw a pitcher under a bench in a park. The pitcher had some water inside, but it was too deep for her to reach with her short beak. She looked around and found some pebbles. Using the pebbles, she dropped them one by one into the pitcher, which caused the water level to rise. Once the water was high enough, she was able to drink it. After quenching her thirst, the bird flew away happily. I don’t know the exact time of day or the type of bird, but I remember the bird was small, the pitcher was under a bench, and the pebbles were used to raise the water level.","2026-07-05T14:54:42.783163Z","{""choices"":[""bird"",""water"",""pitcher"",""pebbles"",""bench"",""park"",""beak (or beak length)""]}","{""choices"":[""The day is hot."",""The bird is thirsty."",""The bird looks for water for a long time."",""The bird becomes very tired and is about to faint."",""The bird spots a pitcher of water."",""The pitcher is under a bench in a park."",""The water is too deep to reach, the bird’s beak is not long enough."",""The bird finds some pebbles."",""The bird picks up pebbles and drops them into the pitcher."",""The water level rises, allowing the bird to drink."",""The bird flies away happily.""]}",1885,22.074,"","","","2026-07-05T14:54:42.783163Z"
"b6e897ee8cf608de",447,"1","It was a hot day, and a thirsty bird was searching for water for a long time. She became very tired and was about to faint when she spotted a pitcher of water under a bench in a park. She flew down and sat on the pitcher, but the water was too deep for her to reach with her short beak. She looked around and found some pebbles, which gave her an idea. She dropped the pebbles one by one into the pitcher, raising the water level until she could finally drink. After quenching her thirst, she flew away happily. The bird used the pebbles to make the water accessible, showing cleverness and determination.","2026-07-05T14:55:09.723240Z","{""choices"":[""bird"",""pitcher"",""pebbles"",""bench"",""park"",""beak (or beak length)""]}","{""choices"":[""The day is hot."",""The bird is thirsty."",""The bird looks for water for a long time."",""The bird becomes very tired and is about to faint."",""The bird spots a pitcher of water."",""The pitcher is under a bench in a park."",""The bird flies down and sits on the pitcher."",""The water is too deep to reach, the bird’s beak is not long enough."",""The bird finds some pebbles."",""The bird picks up pebbles and drops them into the pitcher."",""The water level rises, allowing the bird to drink."",""The bird flies away happily.""]}",1886,26.522,"","","","2026-07-05T14:55:09.723240Z"
"f38343524138e4d3",448,"1","The story is about a thirsty bird searching for water on a hot day. She was very tired and almost fainting when she found a pitcher of water under a bench in a park. The water was too deep for her to reach with her short beak, so she looked around and found some pebbles. She dropped the pebbles into the pitcher one by one, which caused the water level to rise. Once the water was within reach, she drank it and flew away happily. The bird used the pebbles to raise the water level, showing cleverness and determination. The setting was a park, and the main challenge was accessing the water. The bird’s actions demonstrated problem-solving and perseverance.","2026-07-05T14:57:07.724896Z","{""choices"":[""bird"",""water"",""pebbles"",""bench"",""park"",""beak (or beak length)""]}","{""choices"":[""The day is hot."",""The bird is thirsty."",""The bird looks for water for a long time."",""The bird becomes very tired and is about to faint."",""The bird spots a pitcher of water."",""The pitcher is under a bench in a park."",""The water is too deep to reach, the bird’s beak is not long enough."",""The bird finds some pebbles."",""The bird picks up pebbles and drops them into the pitcher."",""The water level rises, allowing the bird to drink."",""The bird flies away happily.""]}",1887,117.598,"","","","2026-07-05T14:57:07.724896Z"
"195fbbe46d95ca46",449,"1","The story was about a little bird who was very thirsty on a hot day. She searched for water for a long time and became very tired, almost fainting. She then spotted a pitcher of water under a bench in a park. The water was too deep for her to reach with her short beak. She found some pebbles and started dropping them into the pitcher, which raised the water level. Once the water was within reach, she drank it and flew away happily. The bird used the pebbles to make the water level higher so she could access it. The setting was a park, and the main challenge was the depth of the water. The bird’s solution was clever and resourceful.","2026-07-05T15:02:25.025076Z","{""choices"":[""bird"",""water"",""pitcher"",""pebbles"",""bench"",""park"",""beak (or beak length)""]}","{""choices"":[""The day is hot."",""The bird is thirsty."",""The bird looks for water for a long time."",""The bird spots a pitcher of water."",""The pitcher is under a bench in a park."",""The water is too deep to reach, the bird’s beak is not long enough."",""The bird finds some pebbles."",""The bird picks up pebbles and drops them into the pitcher."",""The water level rises, allowing the bird to drink."",""The bird flies away happily.""]}",1888,80.797,"","","","2026-07-05T15:02:25.025076Z"
"cbe030967d3611a9",450,"1","The story is about a little bird who was very thirsty and had been searching for water for a long time. She became very tired and was about to faint when she noticed a pitcher of water under a bench in a park. She flew down and sat on the pitcher, but the water was too deep for her to reach with her short beak. She looked around and found some pebbles, which gave her an idea. She picked up the pebbles one by one and dropped them into the pitcher, causing the water level to rise. Once the water was within reach, she drank it and flew away happily. The bird used the pebbles to raise the water level so she could drink.","2026-07-05T15:03:01.616644Z","{""choices"":[""bird"",""water"",""pitcher"",""pebbles"",""bench"",""park"",""beak (or beak length)""]}","{""choices"":[""The bird is thirsty."",""The bird looks for water for a long time."",""The bird becomes very tired and is about to faint."",""The bird spots a pitcher of water."",""The pitcher is under a bench in a park."",""The bird flies down and sits on the pitcher."",""The water is too deep to reach, the bird’s beak is not long enough."",""The bird finds some pebbles."",""The bird picks up pebbles and drops them into the pitcher."",""The water level rises, allowing the bird to drink."",""The bird flies away happily.""]}",1889,36.177,"","","","2026-07-05T15:03:01.616644Z"
"a0deca3df713b500",451,"1","The story was about a little bird who was very thirsty on a hot day and had been searching for water for a long time. She became very tired and was about to faint when she saw a pitcher of water under a bench in a park. She flew down and sat on the pitcher, but the water was too deep for her to reach with her short beak. She looked around and found some pebbles, which gave her an idea. She picked up the pebbles one by one and dropped them into the pitcher, causing the water level to rise. Once the water was high enough, she was able to drink it and then flew away happily.","2026-07-05T15:03:22.070389Z","{""choices"":[""bird"",""water"",""pitcher"",""pebbles"",""bench"",""park"",""beak (or beak length)""]}","{""choices"":[""The day is hot."",""The bird is thirsty."",""The bird looks for water for a long time."",""The bird becomes very tired and is about to faint."",""The bird spots a pitcher of water."",""The pitcher is under a bench in a park."",""The bird flies down and sits on the pitcher."",""The water is too deep to reach, the bird’s beak is not long enough."",""The bird finds some pebbles."",""The bird picks up pebbles and drops them into the pitcher."",""The water level rises, allowing the bird to drink."",""The bird flies away happily.""]}",1890,20.041,"","","","2026-07-05T15:03:22.070389Z"
"88931135d35b172b",452,"1","The story was about a little bird who was very thirsty on a hot day and searched for water for a long time. She became very tired and was about to faint when she noticed a pitcher of water under a bench in a park. She flew down and sat on the pitcher, but the water was too deep for her to reach with her short beak. She looked around and found some pebbles, which gave her an idea. She dropped the pebbles one by one into the pitcher, and the water level rose. She was then able to drink the water and flew away happily. The bird used her intelligence and resourcefulness to solve the problem of reaching the water.","2026-07-05T15:03:56.478762Z","{""choices"":[""bird"",""water"",""pitcher"",""pebbles"",""bench"",""park"",""beak (or beak length)""]}","{""choices"":[""The day is hot."",""The bird is thirsty."",""The bird looks for water for a long time."",""The bird becomes very tired and is about to faint."",""The bird spots a pitcher of water."",""The pitcher is under a bench in a park."",""The bird flies down and sits on the pitcher."",""The water is too deep to reach, the bird’s beak is not long enough."",""The bird finds some pebbles."",""The bird picks up pebbles and drops them into the pitcher."",""The water level rises, allowing the bird to drink."",""The bird flies away happily.""]}",1891,33.337,"","","","2026-07-05T15:03:56.480159Z"
"e1fa67adc5ec7811",453,"1","The story was about a little bird who was very thirsty and had been searching for water for a long time. She was exhausted and almost fainting when she saw a pitcher of water under a bench in a park. She sat on the pitcher but couldn’t reach the water because it was too deep for her short beak. She looked around and found some pebbles, which made her think of a solution. She dropped the pebbles one by one into the pitcher, causing the water level to rise. Once the water was within reach, she drank it and flew away happily. The bird used the pebbles to raise the water level, showing cleverness and problem-solving skills. The setting was a park on a hot day, and the bird’s determination and ingenuity helped her find a way to quench her thirst.","2026-07-05T15:05:04.929934Z","{""choices"":[""bird"",""water"",""pitcher"",""pebbles"",""bench"",""park"",""beak (or beak length)""]}","{""choices"":[""The day is hot."",""The bird is thirsty."",""The bird looks for water for a long time."",""The bird becomes very tired and is about to faint."",""The bird spots a pitcher of water."",""The pitcher is under a bench in a park."",""The bird flies down and sits on the pitcher."",""The water is too deep to reach, the bird’s beak is not long enough."",""The bird finds some pebbles."",""The bird picks up pebbles and drops them into the pitcher."",""The water level rises, allowing the bird to drink."",""The bird flies away happily.""]}",1892,66.621,"","","","2026-07-05T15:05:04.929934Z"
"090efd7069fe4985",454,"1","It was a hot day, and a thirsty bird was searching for water for a long time. She became very tired and was about to faint. While looking around, she noticed a pitcher of water under a bench in a park. She flew down and sat on the pitcher, but the water was too deep for her to reach with her short beak. She looked around and found some pebbles, which gave her an idea. She picked up the pebbles one by one and dropped them into the pitcher. As she did, the water level rose, allowing her to finally drink. After quenching her thirst, she flew away happily.","2026-07-05T15:05:57.007480Z","{""choices"":[""bird"",""water"",""pitcher"",""pebbles"",""bench"",""park"",""beak (or beak length)""]}","{""choices"":[""The day is hot."",""The bird is thirsty."",""The bird looks for water for a long time."",""The bird becomes very tired and is about to faint."",""The bird spots a pitcher of water."",""The pitcher is under a bench in a park."",""The bird flies down and sits on the pitcher."",""The water is too deep to reach, the bird’s beak is not long enough."",""The bird finds some pebbles."",""The bird picks up pebbles and drops them into the pitcher."",""The water level rises, allowing the bird to drink."",""The bird flies away happily.""]}",1893,51.627,"","","","2026-07-05T15:05:57.007480Z"
"9a9ad1382b5ebaee",455,"1","The story is about a little bird who was very thirsty on a hot day and searched for water for a long time. She became very tired and was about to faint when she noticed a pitcher of water under a bench in a park. She flew down and sat on the pitcher but couldn’t reach the water because it was too deep for her short beak. She looked around and found some pebbles, which gave her an idea. She began dropping the pebbles one by one into the pitcher, and as the water level rose, she was finally able to drink from it. The bird then flew away happily, having solved her problem through clever thinking and persistence.","2026-07-05T15:06:52.204777Z","{""choices"":[""bird"",""water"",""pitcher"",""pebbles"",""bench"",""park"",""beak (or beak length)""]}","{""choices"":[""The day is hot."",""The bird is thirsty."",""The bird looks for water for a long time."",""The bird becomes very tired and is about to faint."",""The bird spots a pitcher of water."",""The pitcher is under a bench in a park."",""The bird flies down and sits on the pitcher."",""The water is too deep to reach, the bird’s beak is not long enough."",""The bird finds some pebbles."",""The bird picks up pebbles and drops them into the pitcher."",""The water level rises, allowing the bird to drink."",""The bird flies away happily.""]}",1894,54.213,"","","","2026-07-05T15:06:52.204777Z"
"ac01e50aa00f838b",456,"1","The story is about a little bird who was very thirsty and had been searching for water for a long time. She was tired and almost fainting when she saw a pitcher of water under a bench in a park. She flew down and sat on the pitcher but couldn’t reach the water because it was too deep for her. Her beak wasn’t long enough, so she looked around and found some pebbles. She then dropped the pebbles one by one into the pitcher, which raised the water level. Once the water was high enough, she was able to drink it. After quenching her thirst, she flew away happily. The bird used her intelligence and resourcefulness to solve the problem of accessing the water.","2026-07-05T15:07:25.054973Z","{""choices"":[""bird"",""water"",""pitcher"",""pebbles"",""bench"",""park"",""beak (or beak length)""]}","{""choices"":[""The bird is thirsty."",""The bird looks for water for a long time."",""The bird becomes very tired and is about to faint."",""The bird spots a pitcher of water."",""The pitcher is under a bench in a park."",""The bird flies down and sits on the pitcher."",""The water is too deep to reach, the bird’s beak is not long enough."",""The bird finds some pebbles."",""The bird picks up pebbles and drops them into the pitcher."",""The water level rises, allowing the bird to drink."",""The bird flies away happily.""]}",1895,32.227,"","","","2026-07-05T15:07:25.054973Z"
"3019b1fe98a6ebda",457,"1","The story is about a little bird who was very thirsty on a hot day and searched for water for a long time. She was tired and almost fainting when she found a pitcher of water under a bench in a park. The water was too deep for her to reach with her short beak, so she looked around and found some pebbles. She dropped the pebbles one by one into the pitcher, which raised the water level. Once the water was within reach, she drank it and flew away happily. The bird used the pebbles to solve her problem, showing cleverness and determination. The setting was a park, and the main challenge was accessing the water. The bird’s actions demonstrate problem-solving and resourcefulness.","2026-07-05T15:08:31.437207Z","{""choices"":[""bird"",""water"",""pitcher"",""pebbles"",""bench"",""park"",""beak (or beak length)""]}","{""choices"":[""The day is hot."",""The bird is thirsty."",""The bird looks for water for a long time."",""The bird becomes very tired and is about to faint."",""The bird spots a pitcher of water."",""The pitcher is under a bench in a park."",""The water is too deep to reach, the bird’s beak is not long enough."",""The bird finds some pebbles."",""The bird picks up pebbles and drops them into the pitcher."",""The water level rises, allowing the bird to drink."",""The bird flies away happily.""]}",1896,65.937,"","","","2026-07-05T15:08:31.437207Z"
"0789d8cec7990c9a",458,"1","The story is about a little bird who was very thirsty and tired on a hot day. She searched for water for a long time and was about to faint when she saw a pitcher of water under a bench in a park. The water was too deep for her to reach with her short beak, so she looked around and found some pebbles. She dropped the pebbles one by one into the pitcher, which caused the water level to rise. Once the water was high enough, she was able to drink it and then flew away happily. The bird used the pebbles to make the water accessible, showing cleverness and determination.","2026-07-05T15:09:58.083731Z","{""choices"":[""bird"",""water"",""pitcher"",""pebbles"",""bench"",""park"",""beak (or beak length)""]}","{""choices"":[""The day is hot."",""The bird is thirsty."",""The bird looks for water for a long time."",""The bird becomes very tired and is about to faint."",""The bird spots a pitcher of water."",""The pitcher is under a bench in a park."",""The water is too deep to reach, the bird’s beak is not long enough."",""The bird finds some pebbles."",""The bird picks up pebbles and drops them into the pitcher."",""The water level rises, allowing the bird to drink."",""The bird flies away happily.""]}",1897,85.863,"","","","2026-07-05T15:09:58.083731Z"
"7680a3e16d9bcc61",459,"1","The story is about a little bird who was very thirsty on a hot day and searched for water for a long time. She became very tired and was about to faint when she saw a pitcher of water under a bench in a park. She flew down and sat on the pitcher, but the water was too deep for her to reach with her short beak. She looked around and found some pebbles, which gave her an idea. She dropped the pebbles one by one into the pitcher, and as a result, the water level rose. She was then able to drink the water and flew away happily. The bird used the pebbles to make the water level higher so she could access it. The story shows the bird’s cleverness and determination in solving her problem.","2026-07-05T15:10:30.479566Z","{""choices"":[""bird"",""water"",""pitcher"",""pebbles"",""bench"",""park""]}","{""choices"":[""The day is hot."",""The bird is thirsty."",""The bird looks for water for a long time."",""The bird becomes very tired and is about to faint."",""The bird spots a pitcher of water."",""The pitcher is under a bench in a park."",""The water is too deep to reach, the bird’s beak is not long enough."",""The bird finds some pebbles."",""The bird picks up pebbles and drops them into the pitcher."",""The water level rises, allowing the bird to drink."",""The bird flies away happily.""]}",1898,31.948,"","","","2026-07-05T15:10:30.480576Z"
"de8166a2cd6683a0",460,"1","The story was about a little bird who was very thirsty on a hot day and searched for water for a long time. She became tired and almost fainted but then noticed a pitcher of water under a bench in a park. The water was too deep for her to reach with her short beak, so she looked around and found some pebbles. She dropped the pebbles one by one into the pitcher, which caused the water level to rise. Once the water was high enough, she was able to drink from it and then flew away happily. The bird used the pebbles to raise the water level, showing cleverness and determination.","2026-07-05T15:15:36.254324Z","{""choices"":[""bird"",""water"",""pitcher"",""pebbles"",""bench"",""park"",""beak (or beak length)""]}","{""choices"":[""The day is hot."",""The bird is thirsty."",""The bird looks for water for a long time."",""The bird becomes very tired and is about to faint."",""The bird spots a pitcher of water."",""The pitcher is under a bench in a park."",""The bird flies down and sits on the pitcher."",""The water is too deep to reach, the bird’s beak is not long enough."",""The bird finds some pebbles."",""The bird picks up pebbles and drops them into the pitcher."",""The water level rises, allowing the bird to drink."",""The bird flies away happily.""]}",1899,304.73,"","","","2026-07-05T15:15:36.254324Z"
"35ba37a804c12271",461,"1","The story is about a little bird who was very thirsty and had been searching for water for a long time. She was tired and almost fainting when she saw a pitcher of water under a bench in a park. She tried to drink from it but couldn't because the water was too deep for her short beak. She looked around and found some pebbles, which gave her an idea. She dropped the pebbles one by one into the pitcher, causing the water level to rise. Once the water was high enough, she was able to drink it and then flew away happily. The bird used her intelligence and resourcefulness to solve the problem of reaching the water.","2026-07-05T15:16:31.005750Z","{""choices"":[""bird"",""water"",""pitcher"",""pebbles"",""bench"",""park"",""beak (or beak length)""]}","{""choices"":[""The bird is thirsty."",""The bird looks for water for a long time."",""The bird becomes very tired and is about to faint."",""The bird spots a pitcher of water."",""The pitcher is under a bench in a park."",""The water is too deep to reach, the bird’s beak is not long enough."",""The bird finds some pebbles."",""The bird picks up pebbles and drops them into the pitcher."",""The water level rises, allowing the bird to drink."",""The bird flies away happily.""]}",1900,54.359,"","","","2026-07-05T15:16:31.005750Z"
"f3a42df4e0d2b630",462,"1","The story was about a thirsty bird who was searching for water on a hot day. She was very tired and almost fainted when she saw a pitcher of water under a bench in a park. The water was too deep for her to reach with her short beak, so she looked around and found some pebbles. She dropped the pebbles into the pitcher one by one, which raised the water level. Eventually, she was able to drink the water and flew away happily. The bird used the pebbles to make the water level higher so she could access it. The setting was a park, and the main challenge was the depth of the water in the pitcher. The bird’s solution involved using small objects to raise the water level.","2026-07-05T15:18:44.822424Z","{""choices"":[""bird"",""water"",""pitcher"",""pebbles"",""bench"",""park"",""beak (or beak length)""]}","{""choices"":[""The day is hot."",""The bird is thirsty."",""The bird looks for water for a long time."",""The bird becomes very tired and is about to faint."",""The bird spots a pitcher of water."",""The pitcher is under a bench in a park."",""The water is too deep to reach, the bird’s beak is not long enough."",""The bird finds some pebbles."",""The bird picks up pebbles and drops them into the pitcher."",""The water level rises, allowing the bird to drink."",""The bird flies away happily.""]}",1901,133.414,"","","","2026-07-05T15:18:44.822424Z"
"8582e932a77dec79",463,"1","The story was about a little bird who was very thirsty on a hot day and searched for water for a long time. She became very tired and almost fainted. While looking for water, she saw a pitcher under a bench in a park. She flew down and sat on the pitcher, but the water was too deep for her to reach with her short beak. She looked around and found some pebbles, which made her think of a solution. She dropped the pebbles one by one into the pitcher, and as the water level rose, she was finally able to drink from it. After quenching her thirst, she flew away happily. I don’t know the exact time of day or the type of bird, but I remember the main events and the bird’s clever solution to the problem.","2026-07-05T15:21:06.955789Z","{""choices"":[""bird"",""water"",""pitcher"",""pebbles"",""bench"",""park"",""beak (or beak length)""]}","{""choices"":[""The day is hot."",""The bird is thirsty."",""The bird looks for water for a long time."",""The bird becomes very tired and is about to faint."",""The bird spots a pitcher of water."",""The pitcher is under a bench in a park."",""The bird flies down and sits on the pitcher."",""The water is too deep to reach, the bird’s beak is not long enough."",""The bird finds some pebbles."",""The bird picks up pebbles and drops them into the pitcher."",""The water level rises, allowing the bird to drink."",""The bird flies away happily.""]}",1902,141.739,"","","","2026-07-05T15:21:06.955789Z"
"b0f9b61b58cb15f8",464,"1","The story is about a little bird who was very thirsty on a hot day and searched for water for a long time. She became very tired and almost fainted. While looking for water, she saw a pitcher under a bench in a park. The pitcher had some water inside, but it was too deep for her to reach with her short beak. She looked around and found some pebbles, which gave her an idea. She dropped the pebbles one by one into the pitcher, and the water level rose. Eventually, she was able to drink the water and flew away happily.","2026-07-05T15:21:37.399214Z","{""choices"":[""bird"",""water"",""pitcher"",""pebbles"",""bench"",""park"",""beak (or beak length)""]}","{""choices"":[""The day is hot."",""The bird is thirsty."",""The bird looks for water for a long time."",""The bird becomes very tired and is about to faint."",""The bird spots a pitcher of water."",""The pitcher is under a bench in a park."",""The water is too deep to reach, the bird’s beak is not long enough."",""The bird finds some pebbles."",""The bird picks up pebbles and drops them into the pitcher."",""The water level rises, allowing the bird to drink."",""The bird flies away happily.""]}",1903,30.05,"","","","2026-07-05T15:21:37.399214Z"
"5742684ce989c5fc",465,"1","The story was about a little bird who was very thirsty on a hot day and had been searching for water for a long time. She became very tired and was about to faint when she saw a pitcher of water under a bench in a park. She flew down and sat on the pitcher, but the water was too deep for her to reach with her short beak. She looked around and found some pebbles, which gave her an idea. She picked up the pebbles one by one and dropped them into the pitcher, which caused the water level to rise. Once the water was within reach, she was able to drink it and flew away happily.","2026-07-05T15:22:05.166672Z","{""choices"":[""bird"",""water"",""pitcher"",""pebbles"",""bench"",""park"",""beak (or beak length)""]}","{""choices"":[""The day is hot."",""The bird is thirsty."",""The bird looks for water for a long time."",""The bird becomes very tired and is about to faint."",""The bird spots a pitcher of water."",""The pitcher is under a bench in a park."",""The bird flies down and sits on the pitcher."",""The water is too deep to reach, the bird’s beak is not long enough."",""The bird finds some pebbles."",""The bird picks up pebbles and drops them into the pitcher."",""The water level rises, allowing the bird to drink."",""The bird flies away happily.""]}",1904,27.321,"","","","2026-07-05T15:22:05.166672Z"
"46dfb194bd69c579",466,"1","The story was about a little bird who was very thirsty on a hot day and had been searching for water for a long time. She became very tired and was about to faint when she saw a pitcher of water under a bench in a park. She flew down and sat on the pitcher, but the water was too deep for her to reach with her short beak. She looked around and found some pebbles, which gave her an idea. She picked up the pebbles one by one and dropped them into the pitcher, which caused the water level to rise. Once the water was within reach, she was able to drink it and flew away happily. The bird’s cleverness in using the pebbles to raise the water level helped her solve the problem.","2026-07-05T15:22:51.629824Z","{""choices"":[""bird"",""water"",""pitcher"",""pebbles"",""bench"",""park"",""beak (or beak length)""]}","{""choices"":[""The day is hot."",""The bird is thirsty."",""The bird looks for water for a long time."",""The bird becomes very tired and is about to faint."",""The bird spots a pitcher of water."",""The pitcher is under a bench in a park."",""The bird flies down and sits on the pitcher."",""The water is too deep to reach, the bird’s beak is not long enough."",""The bird finds some pebbles."",""The bird picks up pebbles and drops them into the pitcher."",""The water level rises, allowing the bird to drink."",""The bird flies away happily.""]}",1905,45.89,"","","","2026-07-05T15:22:51.629824Z"
"6211320a780be800",467,"1","It was a hot day, and a small bird was searching for water for a long time. She became very tired and was about to faint. While she was resting, she saw a pitcher of water under a bench in a park. She flew down and sat on the pitcher, but the water was too deep for her to reach with her short beak. She looked around and found some pebbles, which made her think. She picked up the pebbles one by one and dropped them into the pitcher. As she did this, the water level rose, allowing her to finally drink. After quenching her thirst, she flew away happily.","2026-07-05T15:23:33.145280Z","{""choices"":[""bird"",""water"",""pitcher"",""pebbles"",""bench"",""park"",""beak (or beak length)""]}","{""choices"":[""The day is hot."",""The bird is thirsty."",""The bird looks for water for a long time."",""The bird becomes very tired and is about to faint."",""The bird spots a pitcher of water."",""The pitcher is under a bench in a park."",""The bird flies down and sits on the pitcher."",""The water is too deep to reach, the bird’s beak is not long enough."",""The bird finds some pebbles."",""The bird picks up pebbles and drops them into the pitcher."",""The water level rises, allowing the bird to drink."",""The bird flies away happily.""]}",1906,41.051,"","","","2026-07-05T15:23:33.145280Z"
"c9bdbb0778bf3f79",468,"1","It was a very hot day, and a little bird was searching for water for a long time. She became very tired and was about to faint when she saw a pitcher of water under a bench in a park. She flew down and sat on the pitcher, but the water was too deep for her to reach. Her beak wasn’t long enough, so she looked around and found some pebbles. She dropped them one by one into the pitcher, which raised the water level. She was then able to drink the water and flew away happily.","2026-07-05T15:24:07.076060Z","{""choices"":[""bird"",""pitcher"",""pebbles"",""bench"",""park"",""beak (or beak length)""]}","{""choices"":[""The day is hot."",""The bird looks for water for a long time."",""The bird becomes very tired and is about to faint."",""The bird spots a pitcher of water."",""The pitcher is under a bench in a park."",""The bird flies down and sits on the pitcher."",""The water is too deep to reach, the bird’s beak is not long enough."",""The bird finds some pebbles."",""The bird picks up pebbles and drops them into the pitcher."",""The water level rises, allowing the bird to drink."",""The bird flies away happily.""]}",1907,32.967,"","","","2026-07-05T15:24:07.076060Z"
"14bdbf8dd374813c",469,"1","The story is about a little bird who was very thirsty on a hot day and searched for water for a long time. She became very tired and almost fainted. While looking for water, she saw a pitcher under a bench in a park. She flew down and sat on the pitcher, but the water was too deep for her to reach with her short beak. She looked around and found some pebbles, which gave her an idea. She dropped the pebbles one by one into the pitcher, and the water level rose. Eventually, she was able to drink the water and flew away happily.","2026-07-05T15:24:51.301489Z","{""choices"":[""bird"",""water"",""pitcher"",""pebbles"",""bench"",""park"",""beak (or beak length)""]}","{""choices"":[""The day is hot."",""The bird is thirsty."",""The bird looks for water for a long time."",""The bird becomes very tired and is about to faint."",""The bird spots a pitcher of water."",""The pitcher is under a bench in a park."",""The bird flies down and sits on the pitcher."",""The water is too deep to reach, the bird’s beak is not long enough."",""The bird finds some pebbles."",""The bird picks up pebbles and drops them into the pitcher."",""The water level rises, allowing the bird to drink."",""The bird flies away happily.""]}",1908,43.481,"","","","2026-07-05T15:24:51.301489Z"
"74e502424e3640ef",470,"1","The story was about a thirsty bird searching for water on a hot day. She was very tired and close to fainting when she found a pitcher of water under a park bench. The water was too deep for her to reach with her short beak, so she looked around and found some pebbles. She dropped the pebbles into the pitcher one by one, which raised the water level. Once the water was high enough, she was able to drink it. After satisfying her thirst, she flew away happily. The bird used her intelligence and patience to solve the problem. The setting was a park, and the main challenge was the depth of the water. The bird's clever solution allowed her to get the water she needed.","2026-07-05T15:25:31.746243Z","{""choices"":[""bird"",""water"",""pitcher"",""pebbles"",""bench"",""park"",""beak (or beak length)""]}","{""choices"":[""The day is hot."",""The bird is thirsty."",""The bird looks for water for a long time."",""The bird becomes very tired and is about to faint."",""The bird spots a pitcher of water."",""The pitcher is under a bench in a park."",""The water is too deep to reach, the bird’s beak is not long enough."",""The bird finds some pebbles."",""The bird picks up pebbles and drops them into the pitcher."",""The water level rises, allowing the bird to drink."",""The bird flies away happily.""]}",1909,39.848,"","","","2026-07-05T15:25:31.747251Z"
"298f4b165998bdff",471,"1","The story was about a little bird who was very thirsty and had been searching for water for a long time. She was exhausted and nearly fainting when she saw a pitcher of water under a bench in a park. She flew down and sat on the pitcher, but the water was too deep for her to reach with her short beak. She looked around and found some pebbles, which made her think of a solution. She dropped the pebbles one by one into the pitcher, and as they sank, the water level rose. Eventually, the water became shallow enough for her to drink. She drank her fill and then flew away happily. The bird used her intelligence and resourcefulness to solve the problem of accessing the water.","2026-07-05T15:26:25.412153Z","{""choices"":[""bird"",""water"",""pitcher"",""pebbles"",""bench"",""park"",""beak (or beak length)""]}","{""choices"":[""The bird is thirsty."",""The bird looks for water for a long time."",""The bird becomes very tired and is about to faint."",""The bird spots a pitcher of water."",""The pitcher is under a bench in a park."",""The bird flies down and sits on the pitcher."",""The water is too deep to reach, the bird’s beak is not long enough."",""The bird finds some pebbles."",""The bird picks up pebbles and drops them into the pitcher."",""The water level rises, allowing the bird to drink."",""The bird flies away happily.""]}",1910,13.749,"","","","2026-07-05T15:26:25.412153Z"
"e3b29d009d743d78",472,"1","The story was about a little bird who was very thirsty and had been searching for water for a long time. She was tired and almost fainting when she saw a pitcher of water under a bench in a park. She flew down and sat on the pitcher but couldn’t reach the water because it was too deep for her beak. She looked around and found some pebbles, which made her think of a solution. She dropped the pebbles one by one into the pitcher, and as they sank, the water level rose. Eventually, she was able to drink the water and flew away happily. The bird used the pebbles to raise the water level so she could access it. She was very clever and resourceful in finding a way to get the water she needed.","2026-07-05T15:27:19.194193Z","{""choices"":[""bird"",""water"",""pitcher"",""pebbles"",""bench"",""park"",""beak (or beak length)""]}","{""choices"":[""The bird is thirsty."",""The bird looks for water for a long time."",""The bird becomes very tired and is about to faint."",""The bird spots a pitcher of water."",""The pitcher is under a bench in a park."",""The bird flies down and sits on the pitcher."",""The water is too deep to reach, the bird’s beak is not long enough."",""The bird finds some pebbles."",""The bird picks up pebbles and drops them into the pitcher."",""The water level rises, allowing the bird to drink."",""The bird flies away happily.""]}",1911,53.346,"","","","2026-07-05T15:27:19.194193Z"
"d6d0f0bbeeef090a",473,"1","The story was about a thirsty bird searching for water on a hot day. She was very tired and almost fainting when she saw a pitcher of water under a bench in a park. The water was too deep for her to reach with her short beak, so she looked around and found some pebbles. She dropped them one by one into the pitcher, which raised the water level. Once the water was high enough, she was able to drink it. After quenching her thirst, she flew away happily. The bird used the pebbles to make the water level higher so she could access it. The pitcher was placed under a bench, and the bird was determined to find a way to drink. The story shows her cleverness and perseverance.","2026-07-05T15:27:51.429224Z","{""choices"":[""bird"",""water"",""pitcher"",""pebbles"",""bench"",""park"",""beak (or beak length)""]}","{""choices"":[""The day is hot."",""The bird is thirsty."",""The bird looks for water for a long time."",""The bird becomes very tired and is about to faint."",""The bird spots a pitcher of water."",""The pitcher is under a bench in a park."",""The water is too deep to reach, the bird’s beak is not long enough."",""The bird finds some pebbles."",""The bird picks up pebbles and drops them into the pitcher."",""The water level rises, allowing the bird to drink."",""The bird flies away happily.""]}",1912,31.698,"","","","2026-07-05T15:27:51.429224Z"
"55ecd445df6d85fe",474,"1","It was a hot day, and a thirsty bird was searching for water for a long time. She was very tired and almost fainting when she saw a pitcher of water under a bench in a park. She flew down and sat on the pitcher, but the water was too deep for her to reach with her short beak. She looked around and found some pebbles, which gave her an idea. She picked up each pebble and dropped it into the pitcher, causing the water level to rise. Eventually, she was able to drink the water and flew away happily.","2026-07-05T15:28:20.402804Z","{""choices"":[""bird"",""water"",""pitcher"",""pebbles"",""bench"",""park"",""beak (or beak length)""]}","{""choices"":[""The day is hot."",""The bird is thirsty."",""The bird looks for water for a long time."",""The bird becomes very tired and is about to faint."",""The bird spots a pitcher of water."",""The pitcher is under a bench in a park."",""The bird flies down and sits on the pitcher."",""The water is too deep to reach, the bird’s beak is not long enough."",""The bird finds some pebbles."",""The bird picks up pebbles and drops them into the pitcher."",""The water level rises, allowing the bird to drink."",""The bird flies away happily.""]}",1913,28.452,"","","","2026-07-05T15:28:20.403802Z"
"1df8afb375db6660",475,"1","It was a hot day, and a little bird was very thirsty and tired, searching for water for a long time. She was about to faint when she saw a pitcher of water under a bench in a park. She flew down and sat on the pitcher, but the water was too deep for her to reach with her short beak. She looked around and found some pebbles, which gave her an idea. She picked up the pebbles one by one and dropped them into the pitcher, which caused the water level to rise. Once the water was high enough, she was able to drink it. After drinking, she flew away happily. I don’t know the exact time of day or the color of the bird, but I remember the bird was thirsty, tired, and used pebbles to raise the water level so she could drink.","2026-07-05T15:29:05.884745Z","{""choices"":[""bird"",""water"",""pitcher"",""pebbles"",""bench"",""park"",""beak (or beak length)""]}","{""choices"":[""The day is hot."",""The bird is thirsty."",""The bird looks for water for a long time."",""The bird becomes very tired and is about to faint."",""The bird spots a pitcher of water."",""The pitcher is under a bench in a park."",""The bird flies down and sits on the pitcher."",""The water is too deep to reach, the bird’s beak is not long enough."",""The bird finds some pebbles."",""The bird picks up pebbles and drops them into the pitcher."",""The water level rises, allowing the bird to drink."",""The bird flies away happily.""]}",1914,44.93,"","","","2026-07-05T15:29:05.884745Z"
"a4f1f1b06844e2c4",476,"1","A little bird was very thirsty on a hot day and searched for water for a long time. She was tired and almost fainted but then saw a pitcher of water under a bench in a park. The water was too deep for her to reach because her beak wasn’t long enough. She looked around and found some pebbles, which gave her an idea. She dropped the pebbles one by one into the pitcher, and the water level rose. Eventually, she was able to drink the water and flew away happily. The story shows her determination and cleverness in finding a way to get the water she needed.","2026-07-05T15:29:42.721566Z","{""choices"":[""bird"",""water"",""pitcher"",""pebbles"",""bench"",""park"",""beak (or beak length)""]}","{""choices"":[""The day is hot."",""The bird is thirsty."",""The bird looks for water for a long time."",""The bird becomes very tired and is about to faint."",""The bird spots a pitcher of water."",""The pitcher is under a bench in a park."",""The water is too deep to reach, the bird’s beak is not long enough."",""The bird finds some pebbles."",""The bird picks up pebbles and drops them into the pitcher."",""The water level rises, allowing the bird to drink."",""The bird flies away happily.""]}",1915,36.346,"","","","2026-07-05T15:29:42.721566Z"
"00810b15446476f2",477,"1","It was a hot day, and a thirsty bird was searching for water for a long time. She became very tired and was about to faint. While looking around, she noticed a pitcher of water under a bench in a park. She flew down and sat on the pitcher, but the water was too deep for her to reach with her short beak. She looked around and found some pebbles. Using them, she dropped each one into the pitcher, which caused the water level to rise. Eventually, she was able to drink the water and flew away happily.","2026-07-05T15:30:16.819870Z","{""choices"":[""bird"",""water"",""pitcher"",""pebbles"",""bench"",""park"",""beak (or beak length)""]}","{""choices"":[""The day is hot."",""The bird is thirsty."",""The bird looks for water for a long time."",""The bird becomes very tired and is about to faint."",""The bird spots a pitcher of water."",""The pitcher is under a bench in a park."",""The bird flies down and sits on the pitcher."",""The water is too deep to reach, the bird’s beak is not long enough."",""The bird finds some pebbles."",""The bird picks up pebbles and drops them into the pitcher."",""The water level rises, allowing the bird to drink."",""The bird flies away happily.""]}",1916,33.49,"","","","2026-07-05T15:30:16.820870Z"
"0c40571ff093f733",478,"1","It was a hot day, and a little bird was very thirsty and tired, searching for water for a long time. She was so exhausted she was about to faint. Then she saw a pitcher of water under a bench in a park. She flew down and sat on the pitcher, but the water was too deep for her to reach with her short beak. She looked around and found some pebbles, which made her think. She started dropping the pebbles one by one into the pitcher, and as she did, the water level rose. Eventually, the water was at a level she could reach, so she drank it and flew away happily.","2026-07-05T15:31:24.393044Z","{""choices"":[""bird"",""water"",""pitcher"",""pebbles"",""bench"",""park"",""beak (or beak length)""]}","{""choices"":[""The day is hot."",""The bird is thirsty."",""The bird looks for water for a long time."",""The bird becomes very tired and is about to faint."",""The bird spots a pitcher of water."",""The pitcher is under a bench in a park."",""The bird flies down and sits on the pitcher."",""The water is too deep to reach, the bird’s beak is not long enough."",""The bird finds some pebbles."",""The bird picks up pebbles and drops them into the pitcher."",""The water level rises, allowing the bird to drink."",""The bird flies away happily.""]}",1917,66.781,"","","","2026-07-05T15:31:24.393044Z"
"004983f2ebf3d342",479,"1","The story was about a little bird who was very thirsty on a hot day. She searched for water for a long time and became tired, almost fainting. She then saw a pitcher of water under a bench in a park. The water was too deep for her to reach with her short beak. She found some pebbles and dropped them into the pitcher, which raised the water level. She was able to drink the water and flew away happily. I don’t know the exact location of the park or the bird's species, but I remember she used pebbles to make the water accessible.","2026-07-05T15:33:07.946255Z","{""choices"":[""bird"",""water"",""pitcher"",""pebbles"",""bench"",""park"",""beak (or beak length)""]}","{""choices"":[""The day is hot."",""The bird is thirsty."",""The bird looks for water for a long time."",""The bird becomes very tired and is about to faint."",""The bird spots a pitcher of water."",""The pitcher is under a bench in a park."",""The water is too deep to reach, the bird’s beak is not long enough."",""The bird finds some pebbles."",""The bird picks up pebbles and drops them into the pitcher."",""The water level rises, allowing the bird to drink."",""The bird flies away happily.""]}",1918,103.133,"","","","2026-07-05T15:33:07.946255Z"
"08ab51c4bcf6d716",480,"1","The story was about a little bird who was very thirsty on a hot day and had been searching for water for a long time. She became very tired and almost fainted but then saw a pitcher of water under a bench in a park. She flew down and sat on the pitcher, but the water was too deep for her to reach with her short beak. She looked around and found some pebbles, which gave her an idea. She dropped the pebbles one by one into the pitcher, and as they settled, the water level rose. This allowed her to drink the water, and she flew away happily. The bird used the pebbles to raise the water level so she could access it.","2026-07-05T15:33:42.326489Z","{""choices"":[""bird"",""water"",""pitcher"",""pebbles"",""bench"",""park"",""beak (or beak length)""]}","{""choices"":[""The day is hot."",""The bird is thirsty."",""The bird looks for water for a long time."",""The bird becomes very tired and is about to faint."",""The bird spots a pitcher of water."",""The pitcher is under a bench in a park."",""The bird flies down and sits on the pitcher."",""The water is too deep to reach, the bird’s beak is not long enough."",""The bird finds some pebbles."",""The bird picks up pebbles and drops them into the pitcher."",""The water level rises, allowing the bird to drink."",""The bird flies away happily.""]}",1919,33.962,"","","","2026-07-05T15:33:42.326489Z"
"fbcc214774f05979",481,"1","The story was about a thirsty bird who was searching for water on a hot day. She was very tired and almost fainting when she found a pitcher of water under a bench in a park. The water was too deep for her to reach with her short beak, so she looked around and found some pebbles. She dropped the pebbles into the pitcher one by one, which raised the water level. Once the water was within reach, she drank it and flew away happily. The bird used the pebbles to solve the problem, showing clever thinking. I don’t know the exact location of the park or the type of bird, but the main details are clear. I don’t know if there were other birds around or how long she had been searching for water.","2026-07-05T15:34:25.713139Z","{""choices"":[""bird"",""water"",""pitcher"",""pebbles"",""bench"",""park"",""beak (or beak length)""]}","{""choices"":[""The day is hot."",""The bird is thirsty."",""The bird becomes very tired and is about to faint."",""The bird spots a pitcher of water."",""The pitcher is under a bench in a park."",""The water is too deep to reach, the bird’s beak is not long enough."",""The bird finds some pebbles."",""The bird picks up pebbles and drops them into the pitcher."",""The bird flies away happily.""]}",1920,42.959,"","","","2026-07-05T15:34:25.713139Z"
"fe0daf76a6c0a82a",482,"1","The story was about a little bird who was very thirsty on a hot day. She searched for water for a long time and became very tired, almost fainting. She finally spotted a pitcher of water under a bench in a park and flew down to sit on it. However, the water was too deep for her to reach with her short beak. She looked around and found some pebbles, which gave her an idea. She dropped the pebbles one by one into the pitcher, raising the water level until she could finally drink. After quenching her thirst, she flew away happily. The bird used the pebbles to make the water level higher so she could access it.","2026-07-05T15:36:32.420096Z","{""choices"":[""bird"",""water"",""pitcher"",""pebbles"",""bench"",""park"",""beak (or beak length)""]}","{""choices"":[""The day is hot."",""The bird is thirsty."",""The bird looks for water for a long time."",""The bird becomes very tired and is about to faint."",""The bird spots a pitcher of water."",""The pitcher is under a bench in a park."",""The bird flies down and sits on the pitcher."",""The water is too deep to reach, the bird’s beak is not long enough."",""The bird finds some pebbles."",""The bird picks up pebbles and drops them into the pitcher."",""The water level rises, allowing the bird to drink."",""The bird flies away happily.""]}",1921,126.318,"","","","2026-07-05T15:36:32.420096Z"
"7c81aadd82c606c1",483,"1","It was a hot day, and a thirsty bird was searching for water but couldn't find any. She was very tired and almost fainting when she saw a pitcher of water under a bench in a park. She flew down and sat on the pitcher, but the water was too deep for her to reach with her short beak. She looked around and found some pebbles. She dropped them one by one into the pitcher, which made the water level rise. Eventually, she could reach the water and drank it. She then flew away happily. I don’t know the exact location of the park or the bird’s name, but I remember the bird was thirsty, tired, and used pebbles to raise the water level so she could drink.","2026-07-05T15:37:17.619952Z","{""choices"":[""bird"",""water"",""pitcher"",""pebbles"",""bench"",""park"",""beak (or beak length)""]}","{""choices"":[""The day is hot."",""The bird is thirsty."",""The bird becomes very tired and is about to faint."",""The bird spots a pitcher of water."",""The pitcher is under a bench in a park."",""The bird flies down and sits on the pitcher."",""The water is too deep to reach, the bird’s beak is not long enough."",""The bird finds some pebbles."",""The bird picks up pebbles and drops them into the pitcher."",""The water level rises, allowing the bird to drink."",""The bird flies away happily.""]}",1922,44.789,"","","","2026-07-05T15:37:17.619952Z"
"60ff6fbaa1c380a5",484,"1","The story was about a little bird who was very thirsty on a hot day and had been searching for water for a long time. She became very tired and almost fainted. While looking around, she saw a pitcher of water under a bench in a park. She flew down and sat on the pitcher, but the water was too deep for her to reach with her short beak. She looked around and found some pebbles, which made her think of a solution. She dropped the pebbles one by one into the pitcher, and as the water level rose, she was finally able to drink from it. After quenching her thirst, she flew away happily.","2026-07-05T15:38:44.050809Z","{""choices"":[""bird"",""water"",""pitcher"",""pebbles"",""bench"",""park"",""beak (or beak length)""]}","{""choices"":[""The day is hot."",""The bird is thirsty."",""The bird looks for water for a long time."",""The bird becomes very tired and is about to faint."",""The bird spots a pitcher of water."",""The pitcher is under a bench in a park."",""The bird flies down and sits on the pitcher."",""The water is too deep to reach, the bird’s beak is not long enough."",""The bird finds some pebbles."",""The bird picks up pebbles and drops them into the pitcher."",""The water level rises, allowing the bird to drink."",""The bird flies away happily.""]}",1923,85.757,"","","","2026-07-05T15:38:44.050809Z"
"88affc35a4046761",485,"1","The story was about a little bird who was very thirsty on a hot day and had been searching for water for a long time. She became very tired and almost fainted. While she was looking around, she saw a pitcher of water under a bench in a park. She flew down and sat on the pitcher, but the water was too deep for her to reach with her short beak. She looked around and found some pebbles, which made her think of a solution. She dropped the pebbles one by one into the pitcher, and the water level rose. Eventually, she was able to drink the water and flew away happily.","2026-07-05T15:39:23.351283Z","{""choices"":[""bird"",""water"",""pitcher"",""pebbles"",""bench"",""park"",""beak (or beak length)""]}","{""choices"":[""The day is hot."",""The bird is thirsty."",""The bird looks for water for a long time."",""The bird becomes very tired and is about to faint."",""The bird spots a pitcher of water."",""The pitcher is under a bench in a park."",""The bird flies down and sits on the pitcher."",""The water is too deep to reach, the bird’s beak is not long enough."",""The bird finds some pebbles."",""The bird picks up pebbles and drops them into the pitcher."",""The water level rises, allowing the bird to drink."",""The bird flies away happily.""]}",1924,38.839,"","","","2026-07-05T15:39:23.351283Z"
"d4ca3e13bac51d26",486,"1","The story was about a little bird who was very thirsty and had been searching for water for a long time. It was a hot day, and she was so tired she was about to faint. She found a pitcher of water under a bench in a park but couldn't reach it because the water was too deep for her short beak. She looked around and found some pebbles, which gave her an idea. She dropped the pebbles one by one into the pitcher, and the water level rose until she could finally drink. She then flew away happily. I don’t know the bird’s name or what happened after she drank, but I remember she used pebbles to raise the water level.","2026-07-05T15:40:10.249994Z","{""choices"":[""bird"",""water"",""pitcher"",""pebbles"",""bench"",""park"",""beak (or beak length)""]}","{""choices"":[""The day is hot."",""The bird is thirsty."",""The bird looks for water for a long time."",""The bird becomes very tired and is about to faint."",""The bird spots a pitcher of water."",""The pitcher is under a bench in a park."",""The water is too deep to reach, the bird’s beak is not long enough."",""The bird finds some pebbles."",""The bird picks up pebbles and drops them into the pitcher."",""The water level rises, allowing the bird to drink."",""The bird flies away happily.""]}",1925,46.108,"","","","2026-07-05T15:40:10.249994Z"
"9edc6bad4bcf8e05",487,"1","The story is about a little bird who was very thirsty and tired on a hot day. She searched for water for a long time but couldn't find any. She saw a pitcher of water under a bench in a park, but the water was too deep for her to reach with her short beak. She looked around and found some pebbles. She used the pebbles to raise the water level by dropping them one by one into the pitcher. Once the water level rose enough, she was able to drink from the pitcher. She then flew away happily, satisfied and refreshed.","2026-07-05T15:42:13.597136Z","{""choices"":[""bird"",""water"",""pitcher"",""pebbles"",""bench"",""park"",""beak (or beak length)""]}","{""choices"":[""The day is hot."",""The bird is thirsty."",""The bird looks for water for a long time."",""The bird becomes very tired and is about to faint."",""The bird spots a pitcher of water."",""The pitcher is under a bench in a park."",""The water is too deep to reach, the bird’s beak is not long enough."",""The bird finds some pebbles."",""The bird picks up pebbles and drops them into the pitcher."",""The water level rises, allowing the bird to drink."",""The bird flies away happily.""]}",1926,122.034,"","","","2026-07-05T15:42:13.597136Z"
"f55275897ac0066c",488,"1","The story is about a little bird who was very thirsty and tired on a hot day. She was searching for water for a long time and was about to faint. She eventually spotted a pitcher of water under a bench in a park. She flew down and sat on the pitcher, but the water was too deep for her to reach with her beak. She looked around and saw some pebbles, which gave her an idea. She picked up the pebbles one by one and dropped them into the pitcher. As she continued doing this, the water level rose, allowing her to reach the water and drink from it. She then flew away happily, having solved her problem with some clever thinking and a little help from the pebbles.","2026-07-05T15:42:55.857698Z","{""choices"":[""bird"",""water"",""pitcher"",""pebbles"",""bench"",""park"",""beak (or beak length)""]}","{""choices"":[""The day is hot."",""The bird is thirsty."",""The bird looks for water for a long time."",""The bird becomes very tired and is about to faint."",""The bird spots a pitcher of water."",""The pitcher is under a bench in a park."",""The bird flies down and sits on the pitcher."",""The water is too deep to reach, the bird’s beak is not long enough."",""The bird finds some pebbles."",""The bird picks up pebbles and drops them into the pitcher."",""The water level rises, allowing the bird to drink."",""The bird flies away happily.""]}",1927,40.725,"","","","2026-07-05T15:42:55.857698Z"
"68d5de4fa4137a37",489,"1","The story is about a thirsty bird searching for water on a hot day. She was very tired and almost fainting from dehydration. While exploring a park, she noticed a pitcher of water under a bench. Although the water was visible, it was too deep for her to reach with her beak. She looked around and saw some pebbles. Using the pebbles, she dropped them one by one into the pitcher, which caused the water level to rise. Once the water was at a suitable height, she was able to drink from the pitcher. After quenching her thirst, the bird flew away happily, satisfied and refreshed.","2026-07-05T15:53:15.274504Z","{""choices"":[""bird"",""water"",""pitcher"",""pebbles"",""bench"",""park"",""beak (or beak length)""]}","{""choices"":[""The day is hot."",""The bird is thirsty."",""The bird looks for water for a long time."",""The bird becomes very tired and is about to faint."",""The bird spots a pitcher of water."",""The pitcher is under a bench in a park."",""The water is too deep to reach, the bird’s beak is not long enough."",""The bird finds some pebbles."",""The bird picks up pebbles and drops them into the pitcher."",""The water level rises, allowing the bird to drink."",""The bird flies away happily.""]}",1928,618.722,"","","","2026-07-05T15:53:15.274504Z"
"1a7a5b41e8d02365",490,"1","The story is about a little bird who was very thirsty and tired on a hot day. She was searching for water for a long time and was about to faint when she spotted a pitcher of water under a bench in a park. She flew down and sat on the pitcher, but the water was too deep for her to reach with her beak. She looked around and saw some pebbles, which gave her an idea. She picked up the pebbles one by one and dropped them into the pitcher. As she added more pebbles, the water level rose, allowing her to finally drink from the pitcher. After quenching her thirst, the bird flew away happily, satisfied with her solution to the problem.","2026-07-05T15:53:53.417603Z","{""choices"":[""bird"",""water"",""pitcher"",""pebbles"",""bench"",""park"",""beak (or beak length)""]}","{""choices"":[""The day is hot."",""The bird is thirsty."",""The bird looks for water for a long time."",""The bird becomes very tired and is about to faint."",""The bird spots a pitcher of water."",""The pitcher is under a bench in a park."",""The bird flies down and sits on the pitcher."",""The water is too deep to reach, the bird’s beak is not long enough."",""The bird finds some pebbles."",""The bird picks up pebbles and drops them into the pitcher."",""The water level rises, allowing the bird to drink."",""The bird flies away happily.""]}",1929,37.749,"","","","2026-07-05T15:53:53.417603Z"
"c33c14ca66f10317",491,"1","The story is about a little bird who was very thirsty and tired on a hot day. She searched for water for a long time but couldn't find any. While looking around, she spotted a pitcher of water under a bench in a park. She flew down and sat on the pitcher, but the water was too deep for her to reach with her beak. She looked around and noticed some pebbles nearby. She picked up the pebbles one by one and dropped them into the pitcher. As she added more pebbles, the water level rose, allowing her to finally drink from the pitcher. After quenching her thirst, she flew away happily, satisfied with her solution to the problem.","2026-07-05T15:54:52.001219Z","{""choices"":[""bird"",""water"",""pitcher"",""pebbles"",""bench"",""park"",""beak (or beak length)""]}","{""choices"":[""The day is hot."",""The bird is thirsty."",""The bird looks for water for a long time."",""The bird spots a pitcher of water."",""The pitcher is under a bench in a park."",""The bird flies down and sits on the pitcher."",""The water is too deep to reach, the bird’s beak is not long enough."",""The bird finds some pebbles."",""The bird picks up pebbles and drops them into the pitcher."",""The water level rises, allowing the bird to drink."",""The bird flies away happily.""]}",1930,58.118,"","","","2026-07-05T15:54:52.001219Z"
"bfd6970592669574",492,"1","The story is about a little bird who was very thirsty and tired on a hot day. She searched for water for a long time but couldn’t find any. While she was about to faint, she noticed a pitcher of water under a bench in a park. She flew down and sat on the pitcher, but the water was too deep for her to reach with her short beak. She looked around and saw some pebbles. She picked up the pebbles one by one and dropped them into the pitcher. As the pebbles sank, the water level rose, allowing her to finally drink from the pitcher. After quenching her thirst, the bird flew away happily, satisfied and refreshed.","2026-07-05T15:55:47.089502Z","{""choices"":[""bird"",""water"",""pitcher"",""pebbles"",""bench"",""park"",""beak (or beak length)""]}","{""choices"":[""The day is hot."",""The bird is thirsty."",""The bird looks for water for a long time."",""The bird becomes very tired and is about to faint."",""The bird spots a pitcher of water."",""The pitcher is under a bench in a park."",""The bird flies down and sits on the pitcher."",""The water is too deep to reach, the bird’s beak is not long enough."",""The bird finds some pebbles."",""The bird picks up pebbles and drops them into the pitcher."",""The water level rises, allowing the bird to drink."",""The bird flies away happily.""]}",1931,54.612,"","","","2026-07-05T15:55:47.089502Z"
"971a9d160a56ebdd",493,"1","It was a very hot day, and a little bird was very thirsty, searching for water for a long time. She became tired and was about to faint. While looking around, she suddenly noticed a pitcher of water under a bench in a park. She flew down and perched on the pitcher. Although she could see some water inside, it was too deep for her to reach with her beak. She looked around and saw some pebbles. She picked up the pebbles one by one and dropped them into the pitcher. As she added more pebbles, the water level rose, allowing her to finally reach the water with her beak. She drank happily and then flew away.","2026-07-05T15:56:39.582965Z","{""choices"":[""bird"",""water"",""pitcher"",""pebbles"",""bench"",""park"",""beak (or beak length)""]}","{""choices"":[""The day is hot."",""The bird is thirsty."",""The bird looks for water for a long time."",""The bird becomes very tired and is about to faint."",""The bird spots a pitcher of water."",""The pitcher is under a bench in a park."",""The bird flies down and sits on the pitcher."",""The water is too deep to reach, the bird’s beak is not long enough."",""The bird finds some pebbles."",""The bird picks up pebbles and drops them into the pitcher."",""The water level rises, allowing the bird to drink."",""The bird flies away happily.""]}",1932,51.454,"","","","2026-07-05T15:56:39.582965Z"
"f5282d9bf7c7a789",494,"1","The story is about a thirsty bird searching for water on a hot day. She became very tired and was about to faint but then noticed a pitcher of water under a bench in a park. She flew down, sat on the pitcher, and saw some water inside, though it was too deep for her to reach with her beak. She looked around and found pebbles, which gave her an idea. She picked up the pebbles one by one and dropped them into the pitcher, causing the water level to rise. Once the water was within reach, she drank it and flew away happily. The story highlights the bird's determination and problem-solving skills as she used the pebbles to raise the water level.","2026-07-05T15:58:12.406354Z","{""choices"":[""bird"",""water"",""pitcher"",""pebbles"",""bench"",""park"",""beak (or beak length)""]}","{""choices"":[""The day is hot."",""The bird is thirsty."",""The bird looks for water for a long time."",""The bird becomes very tired and is about to faint."",""The bird spots a pitcher of water."",""The pitcher is under a bench in a park."",""The bird flies down and sits on the pitcher."",""The water is too deep to reach, the bird’s beak is not long enough."",""The bird finds some pebbles."",""The bird picks up pebbles and drops them into the pitcher."",""The water level rises, allowing the bird to drink."",""The bird flies away happily.""]}",1933,92.279,"","","","2026-07-05T15:58:12.406354Z"
"7137fa6c40025199",495,"1","The story is about a little bird who was very thirsty and tired on a hot day. She searched for water for a long time but couldn’t find any. She eventually saw a pitcher of water under a bench in a park. She flew down and sat on the pitcher, but the water was too deep for her to reach with her short beak. She looked around and noticed some pebbles. She picked up the pebbles one by one and dropped them into the pitcher. As the pebbles settled, the water level rose, allowing the bird to drink. After quenching her thirst, she flew away happily.","2026-07-05T15:59:31.273407Z","{""choices"":[""bird"",""water"",""pitcher"",""pebbles"",""bench"",""park"",""beak (or beak length)""]}","{""choices"":[""The day is hot."",""The bird is thirsty."",""The bird looks for water for a long time."",""The bird becomes very tired and is about to faint."",""The bird spots a pitcher of water."",""The pitcher is under a bench in a park."",""The bird flies down and sits on the pitcher."",""The water is too deep to reach, the bird’s beak is not long enough."",""The bird finds some pebbles."",""The bird picks up pebbles and drops them into the pitcher."",""The water level rises, allowing the bird to drink."",""The bird flies away happily.""]}",1934,78.251,"","","","2026-07-05T15:59:31.273407Z"
"3f5cee714124527e",496,"1","The story is about a little bird who was very thirsty and exhausted on a hot day. She searched for water for a long time but couldn’t find any. Finally, she saw a pitcher of water under a bench in a park. She flew down and sat on the pitcher, but the water was too deep for her to reach with her short beak. She looked around and saw some pebbles. She picked up the pebbles one by one and dropped them into the pitcher. As she added more pebbles, the water level rose, allowing her to drink from the pitcher. Once she had quenished her thirst, she flew away happily. The story shows the bird’s determination and cleverness in finding a way to access the water.","2026-07-05T16:00:28.221181Z","{""choices"":[""bird"",""water"",""pitcher"",""pebbles"",""bench"",""park"",""beak (or beak length)""]}","{""choices"":[""The day is hot."",""The bird is thirsty."",""The bird looks for water for a long time."",""The bird becomes very tired and is about to faint."",""The bird spots a pitcher of water."",""The pitcher is under a bench in a park."",""The bird flies down and sits on the pitcher."",""The water is too deep to reach, the bird’s beak is not long enough."",""The bird finds some pebbles."",""The bird picks up pebbles and drops them into the pitcher."",""The water level rises, allowing the bird to drink."",""The bird flies away happily.""]}",1935,56.566,"","","","2026-07-05T16:00:28.221181Z"
"5a5493eb792b3be6",497,"1","I remember a little bird who was very thirsty and tired on a hot day. She was searching for water for a long time and was about to faint. She saw a pitcher of water under a bench in a park. She flew down and sat on the pitcher, but the water was too deep for her to reach with her beak. She looked around and found some pebbles. She picked up the pebbles one by one and dropped them into the pitcher. As she added more pebbles, the water level rose, allowing her to finally drink from the pitcher. She flew away happily after quenching her thirst. I don’t know the exact time of day or the color of the bird’s feathers, but I remember the pitcher was under a bench in a park.","2026-07-05T16:01:07.095659Z","{""choices"":[""bird"",""water"",""pitcher"",""pebbles"",""bench"",""park"",""beak (or beak length)""]}","{""choices"":[""The day is hot."",""The bird is thirsty."",""The bird looks for water for a long time."",""The bird becomes very tired and is about to faint."",""The bird spots a pitcher of water."",""The pitcher is under a bench in a park."",""The bird flies down and sits on the pitcher."",""The water is too deep to reach, the bird’s beak is not long enough."",""The bird finds some pebbles."",""The bird picks up pebbles and drops them into the pitcher."",""The water level rises, allowing the bird to drink."",""The bird flies away happily.""]}",1936,38.407,"","","","2026-07-05T16:01:07.095659Z"
"c72e46ecc063aee7",498,"1","The story is about a little bird who was very thirsty and tired on a hot day. She was searching for water for a long time and was about to faint. While looking around, she noticed a pitcher of water under a bench in a park. She flew down and sat on the pitcher, but the water was too deep for her to reach with her beak. She looked around and saw some pebbles, which gave her an idea. She picked up the pebbles one by one and dropped them into the pitcher. As she added more pebbles, the water level rose, allowing her to finally drink from the pitcher. After quenching her thirst, she flew away happily.","2026-07-05T16:01:50.308060Z","{""choices"":[""bird"",""water"",""pitcher"",""pebbles"",""bench"",""park"",""beak (or beak length)""]}","{""choices"":[""The day is hot."",""The bird is thirsty."",""The bird looks for water for a long time."",""The bird becomes very tired and is about to faint."",""The bird spots a pitcher of water."",""The pitcher is under a bench in a park."",""The bird flies down and sits on the pitcher."",""The water is too deep to reach, the bird’s beak is not long enough."",""The bird finds some pebbles."",""The bird picks up pebbles and drops them into the pitcher."",""The water level rises, allowing the bird to drink."",""The bird flies away happily.""]}",1937,42.175,"","","","2026-07-05T16:01:50.308060Z"
"20a0eb5bfebfb66e",499,"1","The story is about a little bird who was very thirsty and tired on a hot day. She was searching for water for a long time and was about to faint. While looking around, she noticed a pitcher of water under a bench in a park. She flew down and sat on the pitcher, but the water was too deep for her to reach with her short beak. She looked around and saw some pebbles, which gave her an idea. She picked up the pebbles one by one and dropped them into the pitcher. As she continued doing this, the water level rose, allowing her to finally drink from the pitcher. After quenching her thirst, she flew away happily, satisfied and refreshed.","2026-07-05T16:02:36.909793Z","{""choices"":[""bird"",""water"",""pitcher"",""pebbles"",""bench"",""park"",""beak (or beak length)""]}","{""choices"":[""The day is hot."",""The bird is thirsty."",""The bird looks for water for a long time."",""The bird becomes very tired and is about to faint."",""The bird spots a pitcher of water."",""The pitcher is under a bench in a park."",""The bird flies down and sits on the pitcher."",""The water is too deep to reach, the bird’s beak is not long enough."",""The bird finds some pebbles."",""The bird picks up pebbles and drops them into the pitcher."",""The water level rises, allowing the bird to drink."",""The bird flies away happily.""]}",1938,45.969,"","","","2026-07-05T16:02:36.909793Z"
"08655487b5c3f2b9",500,"1","The story is about a little bird who was very thirsty and tired on a hot day. She was searching for water for a long time but couldn’t find any. She finally spotted a pitcher of water under a bench in a park. She flew down and sat on the pitcher, but the water was too deep for her to reach with her short beak. She looked around and saw some pebbles, which gave her an idea. She picked up the pebbles one by one and dropped them into the pitcher. As she added more pebbles, the water level rose, allowing her to drink from the pitcher. Once she had quenched her thirst, she flew away happily.","2026-07-05T16:04:27.698506Z","{""choices"":[""bird"",""water"",""pitcher"",""pebbles"",""bench"",""park"",""beak (or beak length)""]}","{""choices"":[""The day is hot."",""The bird is thirsty."",""The bird looks for water for a long time."",""The bird spots a pitcher of water."",""The pitcher is under a bench in a park."",""The bird flies down and sits on the pitcher."",""The water is too deep to reach, the bird’s beak is not long enough."",""The bird finds some pebbles."",""The bird picks up pebbles and drops them into the pitcher."",""The water level rises, allowing the bird to drink."",""The bird flies away happily.""]}",1939,109.949,"","","","2026-07-05T16:04:27.698506Z"
"e8c7779dd0d6b1a0",501,"1","The story is about a little bird who was very thirsty and tired on a hot day. She was searching for water for a long time but couldn’t find any. Eventually, she saw a pitcher of water under a bench in a park. She flew down and sat on the pitcher, but the water was too deep for her to reach with her beak. She looked around and found some pebbles, which gave her an idea. She picked up the pebbles one by one and dropped them into the pitcher. As she added more pebbles, the water level rose, allowing her to drink from the pitcher. Once she had quenched her thirst, she flew away happily. I don’t know the exact time of day or the color of the bird, but I remember the setting was a park. I don’t know how many pebbles she used, but it was enough to raise the water level.","2026-07-05T16:05:32.509960Z","{""choices"":[""bird"",""water"",""pitcher"",""pebbles"",""bench"",""park"",""beak (or beak length)""]}","{""choices"":[""The day is hot."",""The bird is thirsty."",""The bird looks for water for a long time."",""The bird spots a pitcher of water."",""The pitcher is under a bench in a park."",""The bird flies down and sits on the pitcher."",""The water is too deep to reach, the bird’s beak is not long enough."",""The bird finds some pebbles."",""The bird picks up pebbles and drops them into the pitcher."",""The water level rises, allowing the bird to drink."",""The bird flies away happily.""]}",1940,64.064,"","","","2026-07-05T16:05:32.509960Z"
"9f7ae44b4b31fd65",502,"1","It was a hot day, and a thirsty bird was searching for water for a long time. She became very tired and was about to faint. While she was looking around, she suddenly noticed a pitcher of water under a bench in a park. She flew down and perched on the pitcher. Although she could see some water inside, it was too deep for her to reach with her beak. She looked around and saw some pebbles nearby. She picked up the pebbles one by one and dropped them into the pitcher. As she continued doing this, the water level rose, allowing her to finally reach the water with her beak. She drank deeply and then flew away happily, satisfied and refreshed.","2026-07-05T16:06:14.579372Z","{""choices"":[""bird"",""water"",""pitcher"",""pebbles"",""bench"",""park"",""beak (or beak length)""]}","{""choices"":[""The day is hot."",""The bird is thirsty."",""The bird looks for water for a long time."",""The bird becomes very tired and is about to faint."",""The bird spots a pitcher of water."",""The pitcher is under a bench in a park."",""The bird flies down and sits on the pitcher."",""The water is too deep to reach, the bird’s beak is not long enough."",""The bird finds some pebbles."",""The bird picks up pebbles and drops them into the pitcher."",""The water level rises, allowing the bird to drink."",""The bird flies away happily.""]}",1941,41.641,"","","","2026-07-05T16:06:14.579372Z"
"9a8a77a8e6221492",503,"1","The story is about a little bird who was very thirsty on a hot day and had been searching for water for a long time. She became so tired she was about to faint. While searching, she noticed a pitcher of water under a bench in a park. She flew down and sat on the pitcher, but the water was too deep for her to reach with her beak. She looked around and saw some pebbles, which gave her an idea. She picked up the pebbles one by one and dropped them into the pitcher. As she did this, the water level rose, allowing her to finally drink from the pitcher. After quenching her thirst, she flew away happily.","2026-07-05T16:07:08.647816Z","{""choices"":[""bird"",""water"",""pitcher"",""pebbles"",""bench"",""park"",""beak (or beak length)""]}","{""choices"":[""The day is hot."",""The bird is thirsty."",""The bird looks for water for a long time."",""The bird becomes very tired and is about to faint."",""The bird spots a pitcher of water."",""The pitcher is under a bench in a park."",""The bird flies down and sits on the pitcher."",""The water is too deep to reach, the bird’s beak is not long enough."",""The bird finds some pebbles."",""The bird picks up pebbles and drops them into the pitcher."",""The water level rises, allowing the bird to drink."",""The bird flies away happily.""]}",1942,53.578,"","","","2026-07-05T16:07:08.647816Z"
"fd0b7df51029544c",504,"1","The story is about a little bird who was very thirsty on a hot day and had been searching for water for a long time. She became so tired she was about to faint. While looking around, she noticed a pitcher of water under a bench in a park. She flew down and sat on the pitcher, but the water was too deep for her to reach with her beak. She looked around and saw some pebbles, which gave her an idea. She picked up the pebbles one by one and dropped them into the pitcher. As she added more pebbles, the water level rose, allowing her to finally drink from the pitcher. After quenching her thirst, the bird flew away happily, satisfied with her success.","2026-07-05T16:07:34.502974Z","{""choices"":[""bird"",""water"",""pitcher"",""pebbles"",""bench"",""park"",""beak (or beak length)""]}","{""choices"":[""The day is hot."",""The bird is thirsty."",""The bird looks for water for a long time."",""The bird becomes very tired and is about to faint."",""The bird spots a pitcher of water."",""The pitcher is under a bench in a park."",""The bird flies down and sits on the pitcher."",""The water is too deep to reach, the bird’s beak is not long enough."",""The bird finds some pebbles."",""The bird picks up pebbles and drops them into the pitcher."",""The water level rises, allowing the bird to drink."",""The bird flies away happily.""]}",1943,25.327,"","","","2026-07-05T16:07:34.502974Z"
"8eac65fb3663bc94",505,"1","The story is about a little bird who was very thirsty and tired on a hot day. She was searching for water for a long time and was about to faint when she spotted a pitcher of water under a bench in a park. She flew down and sat on the pitcher, but the water was too deep for her to reach with her beak. She looked around and found some pebbles, which gave her an idea. She picked up the pebbles one by one and dropped them into the pitcher. As she added more pebbles, the water level rose, allowing her to drink from the pitcher. Once she had quenched her thirst, she flew away happily.","2026-07-05T16:07:54.293225Z","{""choices"":[""bird"",""water"",""pitcher"",""pebbles"",""bench"",""park"",""beak (or beak length)""]}","{""choices"":[""The day is hot."",""The bird is thirsty."",""The bird looks for water for a long time."",""The bird becomes very tired and is about to faint."",""The bird spots a pitcher of water."",""The pitcher is under a bench in a park."",""The bird flies down and sits on the pitcher."",""The water is too deep to reach, the bird’s beak is not long enough."",""The bird finds some pebbles."",""The bird picks up pebbles and drops them into the pitcher."",""The water level rises, allowing the bird to drink."",""The bird flies away happily.""]}",1944,19.358,"","","","2026-07-05T16:07:54.293225Z"
"a485f9521d6a9fcc",506,"1","The story is about a little bird who was very thirsty and tired on a hot day. She searched for water for a long time but couldn't find any. She spotted a pitcher of water under a bench in a park. She flew down and sat on the pitcher, but the water was too deep for her to reach with her beak. She looked around and found some pebbles. She picked up the pebbles one by one and dropped them into the pitcher. As she added more pebbles, the water level rose, allowing her to drink from the pitcher. After quenching her thirst, she flew away happily. I don’t know the exact color of the bird or the time of day beyond it being hot. I don’t know if there were other birds nearby or if the park was busy. I don’t know.","2026-07-05T16:08:22.198166Z","{""choices"":[""bird"",""water"",""pitcher"",""pebbles"",""bench"",""park"",""beak (or beak length)""]}","{""choices"":[""The day is hot."",""The bird is thirsty."",""The bird looks for water for a long time."",""The bird spots a pitcher of water."",""The pitcher is under a bench in a park."",""The bird flies down and sits on the pitcher."",""The water is too deep to reach, the bird’s beak is not long enough."",""The bird finds some pebbles."",""The bird picks up pebbles and drops them into the pitcher."",""The water level rises, allowing the bird to drink."",""The bird flies away happily.""]}",1945,26.868,"","","","2026-07-05T16:08:22.198166Z"
"845cc6bd73cc1785",507,"1","The story is about a little bird who was very thirsty and tired on a hot day. She was searching for water for a long time and was about to faint. She finally saw a pitcher of water under a bench in a park. She flew down and sat on the pitcher, but the water was too deep for her to reach with her beak. She looked around and found some pebbles. She picked up the pebbles one by one and dropped them into the pitcher. As she added more pebbles, the water level rose, allowing her to drink from the pitcher. She then flew away happily after quenching her thirst.","2026-07-05T16:08:48.638744Z","{""choices"":[""bird"",""water"",""pitcher"",""pebbles"",""bench"",""park"",""beak (or beak length)""]}","{""choices"":[""The day is hot."",""The bird is thirsty."",""The bird looks for water for a long time."",""The bird becomes very tired and is about to faint."",""The bird spots a pitcher of water."",""The pitcher is under a bench in a park."",""The bird flies down and sits on the pitcher."",""The water is too deep to reach, the bird’s beak is not long enough."",""The bird finds some pebbles."",""The bird picks up pebbles and drops them into the pitcher."",""The water level rises, allowing the bird to drink."",""The bird flies away happily.""]}",1946,25.896,"","","","2026-07-05T16:08:48.638744Z"
"e1878e6390ccd241",508,"1","The story is about a little bird who was very thirsty and tired on a hot day. She was searching for water for a long time and was about to faint when she saw a pitcher of water under a bench in a park. She flew down, sat on the pitcher, and noticed some water inside, but it was too deep for her to reach with her short beak. She looked around and found some pebbles, which gave her an idea. She picked up the pebbles one by one and dropped them into the pitcher, causing the water level to rise. Once the water was at a suitable height, she was able to drink from it. After quenching her thirst, she flew away happily. I don’t know the exact location of the park or the color of the pitcher, but I remember the bird’s actions and the problem she faced.","2026-07-05T16:09:23.710744Z","{""choices"":[""bird"",""water"",""pitcher"",""pebbles"",""bench"",""park"",""beak (or beak length)""]}","{""choices"":[""The day is hot."",""The bird is thirsty."",""The bird looks for water for a long time."",""The bird becomes very tired and is about to faint."",""The bird spots a pitcher of water."",""The pitcher is under a bench in a park."",""The bird flies down and sits on the pitcher."",""The water is too deep to reach, the bird’s beak is not long enough."",""The bird finds some pebbles."",""The bird picks up pebbles and drops them into the pitcher."",""The water level rises, allowing the bird to drink."",""The bird flies away happily.""]}",1947,34.416,"","","","2026-07-05T16:09:23.710744Z"
"c42ffb52722449f8",509,"1","The story is about a little bird who was very thirsty and tired on a hot day. She searched for water for a long time but couldn’t find any. While looking around, she noticed a pitcher of water under a bench in a park. She flew down and sat on the pitcher, but the water was too deep for her to reach with her beak. She looked around and saw some pebbles. She picked up the pebbles one by one and dropped them into the pitcher. As she added more pebbles, the water level rose, allowing her to drink from the pitcher. After quenching her thirst, she flew away happily. I don’t know the exact color of the bird or the specific location of the park, but I remember the key details about her struggle, the pitcher, the pebbles, and how she solved the problem.","2026-07-05T16:09:59.766010Z","{""choices"":[""bird"",""water"",""pitcher"",""pebbles"",""bench"",""park"",""beak (or beak length)""]}","{""choices"":[""The day is hot."",""The bird is thirsty."",""The bird looks for water for a long time."",""The bird spots a pitcher of water."",""The pitcher is under a bench in a park."",""The bird flies down and sits on the pitcher."",""The water is too deep to reach, the bird’s beak is not long enough."",""The bird finds some pebbles."",""The bird picks up pebbles and drops them into the pitcher."",""The water level rises, allowing the bird to drink."",""The bird flies away happily.""]}",1948,35.446,"","","","2026-07-05T16:09:59.766010Z"
"c99637b7b940af06",510,"1","I remember a little bird who was very thirsty on a hot day and was struggling to find water for a long time. She was so tired she was about to faint when she suddenly saw a pitcher of water under a bench in a park. She flew down and sat on the pitcher, but the water was too deep for her to reach with her short beak. She looked around and found some pebbles, which gave her an idea. She picked up the pebbles one by one and dropped them into the pitcher. As she did, the water level rose, allowing her to finally drink from the pitcher. She flew away happily after quenching her thirst. I don’t know the exact location of the park or the type of bird, but I remember the pitcher, the pebbles, and the process of raising the water level.","2026-07-05T16:10:21.102988Z","{""choices"":[""bird"",""water"",""pitcher"",""pebbles"",""bench"",""park"",""beak (or beak length)""]}","{""choices"":[""The day is hot."",""The bird is thirsty."",""The bird looks for water for a long time."",""The bird becomes very tired and is about to faint."",""The bird spots a pitcher of water."",""The pitcher is under a bench in a park."",""The bird flies down and sits on the pitcher."",""The water is too deep to reach, the bird’s beak is not long enough."",""The bird finds some pebbles."",""The bird picks up pebbles and drops them into the pitcher."",""The water level rises, allowing the bird to drink."",""The bird flies away happily.""]}",1949,20.93,"","","","2026-07-05T16:10:21.102988Z"
"0a6290a3f09a3845",511,"1","It was a hot day, and a thirsty bird was searching for water for a long time. She became very tired and was about to faint. While looking around, she suddenly noticed a pitcher of water under a bench in a park. She flew down and perched on the pitcher. Although she could see some water inside, it was too deep for her to reach with her beak. She looked around and saw some pebbles nearby. She picked up the pebbles one by one and dropped them into the pitcher. As she continued, the water level rose, allowing her to reach the water with her beak. Once she had drunk her fill, she flew away happily, satisfied and refreshed.","2026-07-05T16:19:37.331321Z","{""choices"":[""bird"",""water""]}","{""choices"":[""The day is hot."",""The bird is thirsty."",""The bird looks for water for a long time."",""The bird becomes very tired and is about to faint."",""The bird spots a pitcher of water."",""The pitcher is under a bench in a park."",""The bird flies down and sits on the pitcher."",""The water is too deep to reach, the bird’s beak is not long enough."",""The bird finds some pebbles."",""The bird picks up pebbles and drops them into the pitcher."",""The water level rises, allowing the bird to drink."",""The bird flies away happily.""]}",1950,555.704,"","","","2026-07-05T16:19:37.331321Z"
"23e183a8a3b764ee",512,"1","The story was about a little bird who was very thirsty on a hot day. She searched for water for a long time and became very tired, almost fainting. She found a pitcher of water under a bench in a park but couldn’t reach it because the water was too deep for her beak. She looked around and found some pebbles, which gave her an idea. She dropped the pebbles one by one into the pitcher, and the water level rose. Eventually, she was able to drink the water and flew away happily. The bird used the pebbles to raise the water level so she could access it. She was thirsty, tired, and happy after finding the water.","2026-07-05T16:23:16.602485Z","{""choices"":[""bird"",""water"",""pitcher"",""pebbles"",""bench""]}","{""choices"":[""The day is hot."",""The bird is thirsty."",""The bird looks for water for a long time."",""The bird becomes very tired and is about to faint."",""The bird spots a pitcher of water."",""The pitcher is under a bench in a park."",""The water is too deep to reach, the bird’s beak is not long enough."",""The bird finds some pebbles."",""The bird picks up pebbles and drops them into the pitcher."",""The water level rises, allowing the bird to drink."",""The bird flies away happily.""]}",1951,218.799,"","","","2026-07-05T16:23:16.602485Z"
"860119a954365359",513,"1","The story was about a little bird who was very thirsty on a hot day. She looked for water for a long time and was almost fainting from tiredness. She found a pitcher of water under a bench in a park but couldn’t reach it because the water was too deep for her beak. She looked around and found some pebbles, which made her think of a solution. She dropped the pebbles one by one into the pitcher, which raised the water level. This allowed her to drink the water. She then flew away happily. I don’t know if there were other birds or if the pitcher was full or empty to begin with. I don’t know.","2026-07-05T16:25:35.592296Z","{""choices"":[""bird"",""water"",""pitcher"",""pebbles"",""bench"",""park"",""beak (or beak length)""]}","{""choices"":[""The day is hot."",""The bird is thirsty."",""The bird looks for water for a long time."",""The bird becomes very tired and is about to faint."",""The bird spots a pitcher of water."",""The pitcher is under a bench in a park."",""The water is too deep to reach, the bird’s beak is not long enough."",""The bird finds some pebbles."",""The bird picks up pebbles and drops them into the pitcher."",""The water level rises, allowing the bird to drink."",""The bird flies away happily.""]}",1952,138.589,"","","","2026-07-05T16:25:35.592296Z"
"4b3202b712286e4a",514,"1","The story was about a little bird who was very thirsty on a hot day and had been searching for water for a long time. She became very tired and almost fainted. While resting, she saw a pitcher of water under a bench in a park. Although she could see the water, it was too deep for her to reach with her short beak. She looked around and found some pebbles, which made her think of a solution. She dropped the pebbles one by one into the pitcher, and as they sank, the water level rose. This allowed her to drink the water. After satisfying her thirst, she flew away happily.","2026-07-05T16:25:54.909914Z","{""choices"":[""bird"",""water"",""pitcher"",""pebbles"",""bench"",""park"",""beak (or beak length)""]}","{""choices"":[""The day is hot."",""The bird is thirsty."",""The bird looks for water for a long time."",""The bird becomes very tired and is about to faint."",""The bird spots a pitcher of water."",""The pitcher is under a bench in a park."",""The water is too deep to reach, the bird’s beak is not long enough."",""The bird finds some pebbles."",""The bird picks up pebbles and drops them into the pitcher."",""The water level rises, allowing the bird to drink."",""The bird flies away happily.""]}",1953,18.842,"","","","2026-07-05T16:25:54.909914Z"
"2cfe066e7f0a42bf",515,"1","The story was about a little bird who was very thirsty on a hot day. She searched for water for a long time and became very tired, almost fainting. She found a pitcher of water under a bench in a park but couldn't reach it because the water was too deep for her beak. She looked around and found some pebbles, which gave her an idea. She dropped the pebbles one by one into the pitcher, and as they sank, the water level rose. This allowed her to drink the water. She then flew away happily.","2026-07-05T16:26:15.278880Z","{""choices"":[""bird"",""water"",""pitcher"",""pebbles"",""bench"",""park"",""beak (or beak length)""]}","{""choices"":[""The day is hot."",""The bird is thirsty."",""The bird looks for water for a long time."",""The bird becomes very tired and is about to faint."",""The bird spots a pitcher of water."",""The pitcher is under a bench in a park."",""The water is too deep to reach, the bird’s beak is not long enough."",""The bird picks up pebbles and drops them into the pitcher."",""The water level rises, allowing the bird to drink."",""The bird flies away happily.""]}",1954,19.402,"","","","2026-07-05T16:26:15.278880Z"
"5784abc2212311e6",516,"1","It was a hot day, and a thirsty bird was searching for water for a long time. She became very tired and was about to faint when she saw a pitcher of water under a bench in a park. She flew down and sat on the pitcher, but the water was too deep for her to reach with her short beak. She looked around and found some pebbles, which gave her an idea. She picked up the pebbles one by one and dropped them into the pitcher, which raised the water level. This allowed her to drink the water, and she flew away happily.","2026-07-05T16:27:36.874639Z","{""choices"":[""bird"",""water"",""pitcher"",""pebbles"",""bench"",""park"",""beak (or beak length)""]}","{""choices"":[""The day is hot."",""The bird is thirsty."",""The bird looks for water for a long time."",""The bird becomes very tired and is about to faint."",""The bird spots a pitcher of water."",""The pitcher is under a bench in a park."",""The bird flies down and sits on the pitcher."",""The water is too deep to reach, the bird’s beak is not long enough."",""The bird finds some pebbles."",""The bird picks up pebbles and drops them into the pitcher."",""The water level rises, allowing the bird to drink."",""The bird flies away happily.""]}",1955,80.846,"","","","2026-07-05T16:27:36.874639Z"
"0d3a8f039b3d7773",517,"1","The story was about a little bird who was very thirsty on a hot day. She searched for water for a long time and became very tired, almost fainting. She found a pitcher of water under a bench in a park but couldn’t reach it because the water was too deep for her beak. She looked around and found some pebbles, which gave her an idea. She dropped the pebbles one by one into the pitcher, and the water level rose until she could finally drink. She then flew away happily.","2026-07-05T16:27:51.740887Z","{""choices"":[""bird"",""water"",""pitcher"",""pebbles"",""bench"",""park"",""beak (or beak length)""]}","{""choices"":[""The day is hot."",""The bird is thirsty."",""The bird looks for water for a long time."",""The bird becomes very tired and is about to faint."",""The bird spots a pitcher of water."",""The pitcher is under a bench in a park."",""The water is too deep to reach, the bird’s beak is not long enough."",""The bird finds some pebbles."",""The bird picks up pebbles and drops them into the pitcher."",""The water level rises, allowing the bird to drink."",""The bird flies away happily.""]}",1956,14.43,"","","","2026-07-05T16:27:51.740887Z"
"896e45dc31afce47",518,"1","The story was about a little bird who was very thirsty and had been searching for water for a long time. It was a hot day, and she was so tired she was about to faint. She found a pitcher of water under a bench in a park, but the water was too deep for her to reach with her short beak. She looked around and found some pebbles, which made her think. She dropped the pebbles one by one into the pitcher, and the water level rose until she could finally drink. She then flew away happily. I don’t know exactly how many pebbles she used, but she kept dropping them until the water was at a level she could reach.","2026-07-05T16:28:08.169765Z","{""choices"":[""bird"",""water"",""pitcher"",""pebbles"",""bench"",""park"",""beak (or beak length)""]}","{""choices"":[""The day is hot."",""The bird is thirsty."",""The bird looks for water for a long time."",""The bird becomes very tired and is about to faint."",""The bird spots a pitcher of water."",""The pitcher is under a bench in a park."",""The water is too deep to reach, the bird’s beak is not long enough."",""The bird finds some pebbles."",""The bird picks up pebbles and drops them into the pitcher."",""The water level rises, allowing the bird to drink."",""The bird flies away happily.""]}",1957,15.492,"","","","2026-07-05T16:28:08.169765Z"
"7be539a818787310",519,"1","It was a hot day, and a thirsty bird was searching for water for a long time. She was very tired and almost fainting when she saw a pitcher of water under a bench in a park. She flew down and sat on the pitcher but couldn’t reach the water because it was too deep for her beak. She looked around and found some pebbles, which gave her an idea. She picked up the pebbles one by one and dropped them into the pitcher. The water level rose, allowing her to drink. She then flew away happily.","2026-07-05T16:28:26.574619Z","{""choices"":[""bird"",""water"",""pitcher"",""pebbles"",""bench"",""park"",""beak (or beak length)""]}","{""choices"":[""The day is hot."",""The bird is thirsty."",""The bird looks for water for a long time."",""The bird becomes very tired and is about to faint."",""The bird spots a pitcher of water."",""The pitcher is under a bench in a park."",""The bird flies down and sits on the pitcher."",""The water is too deep to reach, the bird’s beak is not long enough."",""The bird finds some pebbles."",""The bird picks up pebbles and drops them into the pitcher."",""The water level rises, allowing the bird to drink."",""The bird flies away happily.""]}",1958,17.82,"","","","2026-07-05T16:28:26.574619Z"
"2e2bca8caef1f0cd",520,"1","The story was about a thirsty bird who was looking for water on a hot day. She was very tired and almost fainted but then saw a pitcher of water under a bench in a park. The water was too deep for her to reach with her short beak, so she looked around and found some pebbles. She dropped the pebbles into the pitcher one by one, which caused the water level to rise. Eventually, she was able to drink the water and flew away happily. The bird used the pebbles to make the water accessible. The setting was a park with a bench, and the bird was the only character mentioned. I don’t know the bird’s name or species.","2026-07-05T16:28:56.560193Z","{""choices"":[""bird"",""water"",""pitcher"",""pebbles"",""bench"",""park"",""beak (or beak length)""]}","{""choices"":[""The day is hot."",""The bird is thirsty."",""The bird looks for water for a long time."",""The bird becomes very tired and is about to faint."",""The bird spots a pitcher of water."",""The pitcher is under a bench in a park."",""The water is too deep to reach, the bird’s beak is not long enough."",""The bird finds some pebbles."",""The bird picks up pebbles and drops them into the pitcher."",""The water level rises, allowing the bird to drink."",""The bird flies away happily.""]}",1959,29.028,"","","","2026-07-05T16:28:56.560193Z"
"bfca85dcb6c28b06",521,"1","The story was about a little bird who was very thirsty on a hot day. She searched for water for a long time and was almost fainting from exhaustion. She found a pitcher of water under a bench in a park but couldn’t reach it because the water was too deep for her beak. She looked around and found some pebbles, which gave her an idea. She dropped the pebbles one by one into the pitcher, which raised the water level until she could drink. After drinking, she flew away happily. The pitcher was in a park, and she sat on it while trying to reach the water. The pebbles were the key to solving her problem. I don’t know if there were other birds or if the pitcher was full or empty. I don’t know.","2026-07-05T16:29:23.574113Z","{""choices"":[""bird"",""water"",""pitcher"",""pebbles"",""bench"",""park"",""beak (or beak length)""]}","{""choices"":[""The day is hot."",""The bird is thirsty."",""The bird looks for water for a long time."",""The bird becomes very tired and is about to faint."",""The bird spots a pitcher of water."",""The pitcher is under a bench in a park."",""The bird flies down and sits on the pitcher."",""The water is too deep to reach, the bird’s beak is not long enough."",""The bird finds some pebbles."",""The bird picks up pebbles and drops them into the pitcher."",""The water level rises, allowing the bird to drink."",""The bird flies away happily.""]}",1960,26.024,"","","","2026-07-05T16:29:23.574113Z"
"0c148d6c7cde351f",522,"1","The story was about a little bird who was very thirsty on a hot day. She looked for water for a long time and got very tired, almost fainting. Then she saw a pitcher of water under a bench in a park. She flew down and sat on it, but the water was too deep for her to reach with her short beak. She looked around and found some pebbles. She dropped them one by one into the pitcher, and the water level rose. Soon she could drink the water. She flew away happily. The bird used pebbles to raise the water level so she could drink. The pitcher was under a bench in a park. The bird was thirsty and tired before she found the water. She had to think of a way to get the water out.","2026-07-05T16:30:04.426640Z","{""choices"":[""bird"",""water"",""pitcher"",""pebbles"",""bench"",""park"",""beak (or beak length)""]}","{""choices"":[""The day is hot."",""The bird is thirsty."",""The bird looks for water for a long time."",""The bird becomes very tired and is about to faint."",""The bird spots a pitcher of water."",""The pitcher is under a bench in a park."",""The bird flies down and sits on the pitcher."",""The water is too deep to reach, the bird’s beak is not long enough."",""The bird finds some pebbles."",""The bird picks up pebbles and drops them into the pitcher."",""The water level rises, allowing the bird to drink."",""The bird flies away happily.""]}",1961,19.264,"","","","2026-07-05T16:30:04.426640Z"
"16d73b0e69e7c8f8",523,"1","The story was about a little bird who was very thirsty on a hot day. She had been searching for water for a long time and was very tired, almost fainting from the heat. She spotted a pitcher of water under a bench in a park and flew down to it. The water was too deep for her to reach with her short beak, so she looked around and found some pebbles. She dropped them one by one into the pitcher, which raised the water level until she could finally drink. After quenching her thirst, she flew away happily. I don’t know if there were other birds or if the pitcher was full or empty to start with.","2026-07-05T16:36:09.948141Z","{""choices"":[""bird"",""water"",""pitcher"",""pebbles"",""bench"",""park"",""beak (or beak length)""]}","{""choices"":[""The day is hot."",""The bird is thirsty."",""The bird looks for water for a long time."",""The bird becomes very tired and is about to faint."",""The bird spots a pitcher of water."",""The pitcher is under a bench in a park."",""The water is too deep to reach, the bird’s beak is not long enough."",""The bird finds some pebbles."",""The bird picks up pebbles and drops them into the pitcher."",""The water level rises, allowing the bird to drink."",""The bird flies away happily.""]}",1962,365.105,"","","","2026-07-05T16:36:09.948141Z"
"7e3e708779cce5f0",524,"1","The story was about a little bird who was very thirsty on a hot day and searched for water for a long time. She became tired and almost fainted but then saw a pitcher of water under a bench in a park. She flew down and sat on the pitcher, but the water was too deep for her to reach with her short beak. She looked around and found some pebbles, which gave her an idea. She dropped the pebbles one by one into the pitcher, and the water level rose until she could finally drink it. She then flew away happily. I don’t know if there were other birds around or how long she took to find the pebbles.","2026-07-05T16:36:40.844655Z","{""choices"":[""bird"",""water"",""pitcher"",""pebbles"",""bench"",""park"",""beak (or beak length)""]}","{""choices"":[""The day is hot."",""The bird is thirsty."",""The bird looks for water for a long time."",""The bird becomes very tired and is about to faint."",""The bird spots a pitcher of water."",""The pitcher is under a bench in a park."",""The bird flies down and sits on the pitcher."",""The water is too deep to reach, the bird’s beak is not long enough."",""The bird finds some pebbles."",""The bird picks up pebbles and drops them into the pitcher."",""The water level rises, allowing the bird to drink."",""The bird flies away happily.""]}",1963,30.459,"","","","2026-07-05T16:36:40.844655Z"
"77b66a13657d4138",525,"1","The story was about a little bird who was very thirsty on a hot day and had been searching for water for a long time. She was tired and almost fainting when she found a pitcher of water under a bench in a park. The water was too deep for her to reach with her short beak, so she looked around and found some pebbles. She dropped the pebbles one by one into the pitcher, which caused the water level to rise. Eventually, she was able to drink the water and flew away happily. The bird used the pebbles to raise the water level so she could access it. She was very clever and persistent in finding a way to get the water she needed.","2026-07-05T16:37:05.750110Z","{""choices"":[""bird"",""water"",""pitcher"",""pebbles"",""bench"",""park"",""beak (or beak length)""]}","{""choices"":[""The day is hot."",""The bird is thirsty."",""The bird looks for water for a long time."",""The bird becomes very tired and is about to faint."",""The bird spots a pitcher of water."",""The pitcher is under a bench in a park."",""The water is too deep to reach, the bird’s beak is not long enough."",""The bird finds some pebbles."",""The bird picks up pebbles and drops them into the pitcher."",""The water level rises, allowing the bird to drink."",""The bird flies away happily.""]}",1964,30.342,"","","","2026-07-05T16:37:21.679652Z"
"0756f8f887591188",527,"1","It was a very hot day, and a little bird was looking for water but couldn't find any. She got really tired and almost fainted. Then she saw a pitcher of water under a bench in a park. She flew down and sat on it, but the water was too deep for her to reach with her short beak. She looked around and found some pebbles. She started dropping them into the pitcher one by one, and the water level rose until she could finally drink. She flew away happy after getting the water she needed.","2026-07-05T16:38:06.516127Z","{""choices"":[""bird"",""water"",""pitcher"",""pebbles"",""bench"",""park"",""beak (or beak length)""]}","{""choices"":[""The day is hot."",""The bird is thirsty."",""The bird looks for water for a long time."",""The bird becomes very tired and is about to faint."",""The bird spots a pitcher of water."",""The pitcher is under a bench in a park."",""The bird flies down and sits on the pitcher."",""The water is too deep to reach, the bird’s beak is not long enough."",""The bird finds some pebbles."",""The bird picks up pebbles and drops them into the pitcher."",""The water level rises, allowing the bird to drink."",""The bird flies away happily.""]}",1965,35.684,"","","","2026-07-05T16:38:06.516127Z"
"dd29f0af30c2b17c",528,"1","The story was about a little bird who was very thirsty on a hot day and had been searching for water for a long time. She became very tired and almost fainted. While looking around, she saw a pitcher of water under a bench in a park. She flew down and sat on the pitcher, but the water was too deep for her to reach with her short beak. She looked around and found some pebbles, which gave her an idea. She dropped the pebbles one by one into the pitcher, and the water level rose until she could finally drink it. After quenching her thirst, she flew away happily. I don’t know if there were other birds around or if the pitcher was full or empty to begin with. I don’t know the exact time of day or how long it took her to drop all the pebbles.","2026-07-05T16:40:21.455748Z","{""choices"":[""bird"",""water"",""pitcher"",""pebbles"",""bench"",""park"",""beak (or beak length)""]}","{""choices"":[""The day is hot."",""The bird is thirsty."",""The bird looks for water for a long time."",""The bird becomes very tired and is about to faint."",""The bird spots a pitcher of water."",""The pitcher is under a bench in a park."",""The bird flies down and sits on the pitcher."",""The water is too deep to reach, the bird’s beak is not long enough."",""The bird finds some pebbles."",""The bird picks up pebbles and drops them into the pitcher."",""The water level rises, allowing the bird to drink."",""The bird flies away happily.""]}",1966,15.036,"","","","2026-07-05T16:40:21.455748Z"
"2c3ae213716f612a",529,"1","It was a hot day, and a thirsty bird was searching for water for a long time. She became very tired and was about to faint when she saw a pitcher of water under a bench in a park. The water was inside the pitcher, but it was too deep for her to reach with her short beak. She looked around and found some pebbles, which gave her an idea. She dropped the pebbles one by one into the pitcher, raising the water level until she could finally drink. After satisfying her thirst, she flew away happily, having solved her problem with clever thinking.","2026-07-05T16:41:31.958855Z","{""choices"":[""bird"",""water"",""pitcher"",""pebbles"",""bench"",""park"",""beak (or beak length)""]}","{""choices"":[""The day is hot."",""The bird is thirsty."",""The bird looks for water for a long time."",""The bird becomes very tired and is about to faint."",""The bird spots a pitcher of water."",""The pitcher is under a bench in a park."",""The water is too deep to reach, the bird’s beak is not long enough."",""The bird finds some pebbles."",""The bird picks up pebbles and drops them into the pitcher."",""The water level rises, allowing the bird to drink."",""The bird flies away happily.""]}",1967,69.918,"","","","2026-07-05T16:41:31.958855Z"
"50efcf9bc52b713c",530,"1","The story was about a little bird who was very thirsty on a hot day. She looked for water for a long time and became very tired, almost fainting. She found a pitcher of water under a bench in a park but couldn't reach it because the water was too deep for her short beak. She looked around and found some pebbles, which made her think of a solution. She dropped the pebbles one by one into the pitcher, and the water level rose until she could finally drink from it. After quenching her thirst, she flew away happily. The bird used the pebbles to raise the water level so she could access it.","2026-07-05T16:47:59.165323Z","{""choices"":[""bird"",""water"",""pitcher"",""pebbles"",""bench"",""park"",""beak (or beak length)""]}","{""choices"":[""The day is hot."",""The bird is thirsty."",""The bird looks for water for a long time."",""The bird becomes very tired and is about to faint."",""The bird spots a pitcher of water."",""The pitcher is under a bench in a park."",""The water is too deep to reach, the bird’s beak is not long enough."",""The bird finds some pebbles."",""The bird picks up pebbles and drops them into the pitcher."",""The water level rises, allowing the bird to drink."",""The bird flies away happily.""]}",1968,386.543,"","","","2026-07-05T16:47:59.165323Z"
"2161942e52a23578",531,"1","It was a very hot day, and a little bird was very thirsty and tired, searching for water for a long time. She was so exhausted she was about to faint. Then she saw a pitcher of water under a bench in a park. She flew down and sat on the pitcher, but the water was too deep for her to reach with her short beak. She looked around and found some pebbles. She picked them up one by one and dropped them into the pitcher. As she added more pebbles, the water level rose, and soon she could reach the water with her beak. She drank happily and then flew away.","2026-07-05T16:48:20.739624Z","{""choices"":[""bird"",""water"",""pitcher"",""pebbles"",""bench"",""park"",""beak (or beak length)""]}","{""choices"":[""The day is hot."",""The bird is thirsty."",""The bird looks for water for a long time."",""The bird becomes very tired and is about to faint."",""The bird spots a pitcher of water."",""The pitcher is under a bench in a park."",""The bird flies down and sits on the pitcher."",""The water is too deep to reach, the bird’s beak is not long enough."",""The bird finds some pebbles."",""The bird picks up pebbles and drops them into the pitcher."",""The water level rises, allowing the bird to drink."",""The bird flies away happily.""]}",1969,21.163,"","","","2026-07-05T16:48:20.739624Z"
"1f39e9e369bf45dd",532,"1","The story was about a little bird who was very thirsty on a hot day and searched for water for a long time. She became tired and almost fainted but then saw a pitcher of water under a bench in a park. She sat on the pitcher but couldn’t reach the water because it was too deep for her beak. She looked around and found some pebbles, which made her think of a solution. She dropped the pebbles one by one into the pitcher, and the water level rose until she could finally drink it. She then flew away happily.","2026-07-05T16:48:51.090007Z","{""choices"":[""bird"",""water"",""pitcher"",""pebbles"",""bench"",""park"",""beak (or beak length)""]}","{""choices"":[""The day is hot."",""The bird is thirsty."",""The bird looks for water for a long time."",""The bird becomes very tired and is about to faint."",""The bird spots a pitcher of water."",""The pitcher is under a bench in a park."",""The bird flies down and sits on the pitcher."",""The water is too deep to reach, the bird’s beak is not long enough."",""The bird finds some pebbles."",""The bird picks up pebbles and drops them into the pitcher."",""The water level rises, allowing the bird to drink."",""The bird flies away happily.""]}",1970,29.691,"","","","2026-07-05T16:48:51.090007Z"
"962a612238eccf99",533,"1","The story was about a little bird who was very thirsty on a hot day and had been searching for water for a long time. She became very tired and almost fainted. While looking around, she saw a pitcher of water under a bench in a park. She flew down and sat on the pitcher, but the water was too deep for her to reach with her short beak. She looked around and found some pebbles, which gave her an idea. She dropped the pebbles one by one into the pitcher, and the water level rose until she could finally drink from it. After quenching her thirst, she flew away happily. I don’t know if there were other birds around or if the pitcher was full or empty to begin with.","2026-07-05T16:49:43.556937Z","{""choices"":[""bird"",""water"",""pitcher"",""pebbles"",""bench"",""park"",""beak (or beak length)""]}","{""choices"":[""The day is hot."",""The bird is thirsty."",""The bird looks for water for a long time."",""The bird becomes very tired and is about to faint."",""The bird spots a pitcher of water."",""The pitcher is under a bench in a park."",""The bird flies down and sits on the pitcher."",""The water is too deep to reach, the bird’s beak is not long enough."",""The bird finds some pebbles."",""The bird picks up pebbles and drops them into the pitcher."",""The water level rises, allowing the bird to drink."",""The bird flies away happily.""]}",1971,51.617,"","","","2026-07-05T16:49:43.556937Z"
"9efd1afa572715be",534,"1","The story was about a little bird who was very thirsty on a hot day and had been searching for water for a long time. She became very tired and almost fainted. While resting, she saw a pitcher of water under a bench in a park. The water was inside, but it was too deep for her to reach with her short beak. She looked around and found some pebbles, which made her think of a solution. She dropped the pebbles one by one into the pitcher, and as they sank, the water level rose. This allowed her to drink the water. After satisfying her thirst, she flew away happily. The bird used her intelligence and resourcefulness to solve the problem. I don’t know if there were other animals around or how long it took her to find the pebbles.","2026-07-05T16:50:27.766685Z","{""choices"":[""bird"",""water"",""pitcher"",""pebbles"",""bench"",""park"",""beak (or beak length)""]}","{""choices"":[""The day is hot."",""The bird is thirsty."",""The bird looks for water for a long time."",""The bird becomes very tired and is about to faint."",""The bird spots a pitcher of water."",""The pitcher is under a bench in a park."",""The water is too deep to reach, the bird’s beak is not long enough."",""The bird finds some pebbles."",""The bird picks up pebbles and drops them into the pitcher."",""The water level rises, allowing the bird to drink."",""The bird flies away happily.""]}",1972,43.79,"","","","2026-07-05T16:50:27.766685Z"
"0cd8c1bc060716fe",535,"1","It was a hot day, and a thirsty bird was searching for water for a long time. She became very tired and was about to faint. While looking around, she noticed a pitcher of water under a bench in a park. She flew down and sat on the pitcher, but the water was too deep for her to reach with her short beak. She looked around and found some pebbles, which gave her an idea. She began dropping the pebbles one by one into the pitcher, and as the water level rose, she was finally able to drink. After quenching her thirst, she flew away happily.","2026-07-05T16:51:03.816429Z","{""choices"":[""bird"",""water"",""pitcher"",""pebbles"",""bench"",""park"",""beak (or beak length)""]}","{""choices"":[""The day is hot."",""The bird is thirsty."",""The bird looks for water for a long time."",""The bird becomes very tired and is about to faint."",""The bird spots a pitcher of water."",""The pitcher is under a bench in a park."",""The bird flies down and sits on the pitcher."",""The water is too deep to reach, the bird’s beak is not long enough."",""The bird finds some pebbles."",""The bird picks up pebbles and drops them into the pitcher."",""The water level rises, allowing the bird to drink."",""The bird flies away happily.""]}",1973,35.61,"","","","2026-07-05T16:51:03.816429Z"
"9b706a401405cc89",536,"1","The story was about a little bird who was very thirsty on a hot day. She looked for water for a long time and became very tired, almost fainting. Then she saw a pitcher of water under a bench in a park. She flew down and sat on it, but the water was too deep for her to reach with her short beak. She looked around and found some pebbles, which gave her an idea. She dropped the pebbles one by one into the pitcher, and the water level rose. Soon, she could reach the water and drank it. She flew away happily. I don’t remember if there were any other details, but that’s what I remember.","2026-07-05T16:51:24.993641Z","{""choices"":[""bird"",""water"",""pitcher"",""pebbles"",""bench"",""park"",""beak (or beak length)""]}","{""choices"":[""The day is hot."",""The bird is thirsty."",""The bird looks for water for a long time."",""The bird becomes very tired and is about to faint."",""The bird spots a pitcher of water."",""The pitcher is under a bench in a park."",""The bird flies down and sits on the pitcher."",""The water is too deep to reach, the bird’s beak is not long enough."",""The bird finds some pebbles."",""The bird picks up pebbles and drops them into the pitcher."",""The water level rises, allowing the bird to drink."",""The bird flies away happily.""]}",1974,20.572,"","","","2026-07-05T16:51:24.994135Z"
"008a0295237bc03c",537,"1","The story was about a little bird who was very thirsty and had been searching for water for a long time. It was a hot day, and she was so tired she was about to faint. She found a pitcher of water under a bench in a park but couldn’t reach it because the water was too deep for her short beak. She looked around and found some pebbles, then dropped them one by one into the pitcher. As the pebbles sank, the water level rose, and she was finally able to drink. She flew away happily after getting the water she needed.","2026-07-05T16:51:49.455135Z","{""choices"":[""bird"",""water"",""pitcher"",""pebbles"",""bench"",""park"",""beak (or beak length)""]}","{""choices"":[""The day is hot."",""The bird is thirsty."",""The bird looks for water for a long time."",""The bird becomes very tired and is about to faint."",""The bird spots a pitcher of water."",""The pitcher is under a bench in a park."",""The water is too deep to reach, the bird’s beak is not long enough."",""The bird finds some pebbles."",""The bird picks up pebbles and drops them into the pitcher."",""The water level rises, allowing the bird to drink."",""The bird flies away happily.""]}",1975,23.979,"","","","2026-07-05T16:51:49.455135Z"
"cbd00532eb87dba7",538,"1","The story was about a little bird who was very thirsty on a hot day and had been searching for water for a long time. She became very tired and almost fainted. While looking around, she saw a pitcher of water under a bench in a park. She flew down and sat on the pitcher, but the water was too deep for her to reach with her short beak. She looked around and found some pebbles, which gave her an idea. She dropped the pebbles one by one into the pitcher, and as the water level rose, she was finally able to drink from it. After quenching her thirst, she flew away happily.","2026-07-05T16:52:57.785960Z","{""choices"":[""bird"",""water"",""pitcher"",""pebbles"",""bench"",""park"",""beak (or beak length)""]}","{""choices"":[""The day is hot."",""The bird is thirsty."",""The bird looks for water for a long time."",""The bird becomes very tired and is about to faint."",""The bird spots a pitcher of water."",""The pitcher is under a bench in a park."",""The bird flies down and sits on the pitcher."",""The water is too deep to reach, the bird’s beak is not long enough."",""The bird finds some pebbles."",""The bird picks up pebbles and drops them into the pitcher."",""The water level rises, allowing the bird to drink."",""The bird flies away happily.""]}",1976,67.571,"","","","2026-07-05T16:52:57.785960Z"
"ffcb2076b2a0402d",539,"1","The story was about a little bird who was very thirsty on a hot day and had been searching for water for a long time. She became very tired and almost fainted. While resting, she saw a pitcher of water under a bench in a park. The water was inside, but it was too deep for her to reach with her short beak. She looked around and found some pebbles, which gave her an idea. She dropped the pebbles one by one into the pitcher, causing the water level to rise. Eventually, she was able to drink the water and flew away happily. The bird used the pebbles to make the water level higher so she could access it. She was thirsty, tired, and happy after finding the water.","2026-07-05T16:54:44.272827Z","{""choices"":[""bird"",""water"",""pitcher"",""pebbles"",""bench"",""park"",""beak (or beak length)""]}","{""choices"":[""The day is hot."",""The bird is thirsty."",""The bird looks for water for a long time."",""The bird becomes very tired and is about to faint."",""The bird spots a pitcher of water."",""The pitcher is under a bench in a park."",""The water is too deep to reach, the bird’s beak is not long enough."",""The bird finds some pebbles."",""The bird picks up pebbles and drops them into the pitcher."",""The water level rises, allowing the bird to drink."",""The bird flies away happily.""]}",1977,106.016,"","","","2026-07-05T16:54:44.272827Z"
"ae6a211d4f7a3e0a",540,"1","It was a hot day, and a thirsty bird was searching for water for a long time. She became very tired and was about to faint. While resting, she noticed a pitcher of water under a bench in a park. She flew down and sat on the pitcher, but the water was too deep for her to reach with her short beak. She looked around and found some pebbles, which gave her an idea. She picked up the pebbles one by one and dropped them into the pitcher. As the water level rose, she was able to drink it. After quenching her thirst, she flew away happily.","2026-07-05T16:55:08.549937Z","{""choices"":[""bird"",""water"",""pitcher"",""pebbles"",""bench"",""park"",""beak (or beak length)""]}","{""choices"":[""The day is hot."",""The bird is thirsty."",""The bird looks for water for a long time."",""The bird becomes very tired and is about to faint."",""The bird spots a pitcher of water."",""The pitcher is under a bench in a park."",""The bird flies down and sits on the pitcher."",""The water is too deep to reach, the bird’s beak is not long enough."",""The bird finds some pebbles."",""The bird picks up pebbles and drops them into the pitcher."",""The water level rises, allowing the bird to drink."",""The bird flies away happily.""]}",1978,23.629,"","","","2026-07-05T16:55:08.549937Z"
"cee5fb5d412bb213",541,"1","It was a very hot day, and a little bird was searching for water but couldn’t find any. She became very tired and almost fainted from the heat. While she was resting, she noticed a pitcher of water under a bench in a park. She flew down and sat on the pitcher, but the water was too deep for her to reach with her short beak. She looked around and found some pebbles. She then began dropping the pebbles one by one into the pitcher, which caused the water level to rise. Eventually, the water was high enough for her to drink. After quenching her thirst, she flew away happily, satisfied with her clever solution to the problem.","2026-07-05T17:15:16.899204Z","{""choices"":[""bird"",""water"",""pitcher"",""pebbles"",""bench"",""beak (or beak length)""]}","{""choices"":[""The day is hot."",""The bird is thirsty."",""The bird looks for water for a long time."",""The bird becomes very tired and is about to faint."",""The bird spots a pitcher of water."",""The pitcher is under a bench in a park."",""The bird flies down and sits on the pitcher."",""The water is too deep to reach, the bird’s beak is not long enough."",""The bird finds some pebbles."",""The bird picks up pebbles and drops them into the pitcher."",""The water level rises, allowing the bird to drink."",""The bird flies away happily.""]}",1979,358.789,"","","","2026-07-05T17:15:16.899204Z"
"5f6d782b10aeeffe",542,"1","It was a hot day, and a thirsty bird was searching for water for a long time. She was very tired and almost fainted. Then she saw a pitcher of water under a bench in a park. She flew down and sat on the pitcher, but the water was too deep for her to reach with her short beak. She looked around and found some pebbles. She picked them up one by one and dropped them into the pitcher. The water level rose, allowing her to drink. She flew away happily after quenching her thirst.","2026-07-05T17:15:39.891066Z","{""choices"":[""bird"",""water"",""pitcher"",""pebbles"",""bench"",""park"",""beak (or beak length)""]}","{""choices"":[""The day is hot."",""The bird is thirsty."",""The bird looks for water for a long time."",""The bird becomes very tired and is about to faint."",""The bird spots a pitcher of water."",""The pitcher is under a bench in a park."",""The bird flies down and sits on the pitcher."",""The water is too deep to reach, the bird’s beak is not long enough."",""The bird finds some pebbles."",""The bird picks up pebbles and drops them into the pitcher."",""The water level rises, allowing the bird to drink."",""The bird flies away happily.""]}",1980,22.363,"","","","2026-07-05T17:15:39.891066Z"
"6c11c546ebbe389b",543,"1","It was a very hot day, and a small bird was searching for water but couldn't find any. She was very tired and almost fainted from the heat. While resting, she saw a pitcher of water under a bench in a park. She flew down and sat on the pitcher, but the water was too deep for her to reach with her short beak. She looked around and found some pebbles. She decided to use them, and one by one, she dropped the pebbles into the pitcher. As the pebbles settled, the water level rose, and she was finally able to drink. After quenching her thirst, she flew away happily.","2026-07-05T17:16:09.166685Z","{""choices"":[""bird"",""water"",""pitcher"",""pebbles"",""bench"",""park"",""beak (or beak length)""]}","{""choices"":[""The day is hot."",""The bird is thirsty."",""The bird becomes very tired and is about to faint."",""The bird spots a pitcher of water."",""The pitcher is under a bench in a park."",""The bird flies down and sits on the pitcher."",""The water is too deep to reach, the bird’s beak is not long enough."",""The bird finds some pebbles."",""The bird picks up pebbles and drops them into the pitcher."",""The water level rises, allowing the bird to drink."",""The bird flies away happily.""]}",1981,28.504,"","","","2026-07-05T17:16:09.166685Z"
"12f77e67b04c3d67",544,"1","It was a hot day, and a little bird was very thirsty and tired, searching for water for a long time. She was so exhausted she was about to faint. Then she saw a pitcher of water under a bench in a park. She flew down and sat on the pitcher, but the water was too deep for her to reach with her short beak. She looked around and found some pebbles. She picked them up one by one and dropped them into the pitcher. The water level rose, and she was able to drink from it. She flew away happy after getting the water she needed.","2026-07-05T17:16:33.445243Z","{""choices"":[""bird"",""water"",""pitcher"",""pebbles"",""bench"",""park"",""beak (or beak length)""]}","{""choices"":[""The day is hot."",""The bird is thirsty."",""The bird looks for water for a long time."",""The bird becomes very tired and is about to faint."",""The bird spots a pitcher of water."",""The pitcher is under a bench in a park."",""The bird flies down and sits on the pitcher."",""The water is too deep to reach, the bird’s beak is not long enough."",""The bird finds some pebbles."",""The bird picks up pebbles and drops them into the pitcher."",""The water level rises, allowing the bird to drink."",""The bird flies away happily.""]}",1982,23.799,"","","","2026-07-05T17:16:33.445243Z"
"e5807248bb187728",545,"1","The story was about a little bird who was very thirsty on a hot day. She searched for water for a long time and became very tired, almost fainting. She found a pitcher of water under a bench in a park but couldn’t reach it because the water was too deep for her beak. She looked around and found some pebbles, which gave her an idea. She dropped the pebbles one by one into the pitcher, which raised the water level. This allowed her to drink the water, and she flew away happily. The bird used the pebbles to make the water level higher so she could access it. The setting was a park, and the pitcher was under a bench. The bird was small and couldn’t reach the water directly.","2026-07-06T08:14:20.974366Z","{""choices"":[""bird"",""water"",""pitcher"",""pebbles"",""bench"",""park"",""beak (or beak length)""]}","{""choices"":[""The day is hot."",""The bird is thirsty."",""The bird looks for water for a long time."",""The bird becomes very tired and is about to faint."",""The bird spots a pitcher of water."",""The pitcher is under a bench in a park."",""The water is too deep to reach, the bird’s beak is not long enough."",""The bird finds some pebbles."",""The bird picks up pebbles and drops them into the pitcher."",""The water level rises, allowing the bird to drink."",""The bird flies away happily.""]}",1983,50.423,"","","","2026-07-06T08:14:31.887522Z"
"fecca9fe280b3d0e",546,"1","The story was about a little bird who was very thirsty on a hot day and searched for water for a long time. She became very tired and was about to faint. While looking for water, she saw a pitcher under a bench in a park. She flew down and sat on the pitcher, but the water was too deep for her to reach with her short beak. She looked around and found some pebbles. She then dropped the pebbles one by one into the pitcher, which caused the water level to rise. Once the water was within reach, she drank it and flew away happily. The bird used the pebbles to make the water level higher so she could drink.","2026-07-06T08:15:15.969099Z","{""choices"":[""bird"",""water"",""pitcher"",""pebbles"",""bench"",""park"",""beak (or beak length)""]}","{""choices"":[""The day is hot."",""The bird is thirsty."",""The bird looks for water for a long time."",""The bird becomes very tired and is about to faint."",""The bird spots a pitcher of water."",""The pitcher is under a bench in a park."",""The bird flies down and sits on the pitcher."",""The water is too deep to reach, the bird’s beak is not long enough."",""The bird finds some pebbles."",""The bird picks up pebbles and drops them into the pitcher."",""The water level rises, allowing the bird to drink."",""The bird flies away happily.""]}",1984,27.703,"","","","2026-07-06T08:15:15.969099Z"
"66af74e04cd420e3",547,"1","The story was about a thirsty bird who was looking for water on a hot day and became very tired. She eventually found a pitcher of water under a bench in a park but couldn't drink from it because the water was too deep for her beak. She noticed some pebbles nearby and decided to use them. She dropped the pebbles into the pitcher one by one, which caused the water level to rise. Once the water was within reach, she was able to drink it and flew away happily. The bird used the pebbles to raise the water level so she could access the water. The pitcher was under a bench in a park, and the bird was thirsty and tired before finding the water.","2026-07-06T08:15:52.586902Z","{""choices"":[""bird"",""water"",""pitcher"",""pebbles"",""bench"",""park"",""beak (or beak length)""]}","{""choices"":[""The day is hot."",""The bird is thirsty."",""The bird looks for water for a long time."",""The bird becomes very tired and is about to faint."",""The bird spots a pitcher of water."",""The pitcher is under a bench in a park."",""The water is too deep to reach, the bird’s beak is not long enough."",""The bird finds some pebbles."",""The bird picks up pebbles and drops them into the pitcher."",""The water level rises, allowing the bird to drink."",""The bird flies away happily.""]}",1985,43.024,"","","","2026-07-06T08:16:10.935473Z"
"da01fcab124f6d4c",548,"1","The story was about a little bird who was very thirsty on a hot day. She searched for water for a long time and became very tired, almost fainting. Then she saw a pitcher of water under a bench in a park. She flew down and sat on the pitcher, but the water was too deep for her to reach with her short beak. She looked around and found some pebbles, which gave her an idea. She dropped the pebbles one by one into the pitcher, and the water level rose. This allowed her to drink the water. After drinking, she flew away happily. I don’t know the exact location of the park or the type of bird, but I remember the main events clearly.","2026-07-06T08:16:45.128384Z","{""choices"":[""bird"",""water"",""pitcher"",""pebbles"",""bench"",""park"",""beak (or beak length)""]}","{""choices"":[""The day is hot."",""The bird is thirsty."",""The bird looks for water for a long time."",""The bird becomes very tired and is about to faint."",""The bird spots a pitcher of water."",""The pitcher is under a bench in a park."",""The bird flies down and sits on the pitcher."",""The water is too deep to reach, the bird’s beak is not long enough."",""The bird finds some pebbles."",""The bird picks up pebbles and drops them into the pitcher."",""The water level rises, allowing the bird to drink."",""The bird flies away happily.""]}",1986,29.856,"","","","2026-07-06T08:16:45.128384Z"
"33517136da0a38ec",549,"1","The story was about a little bird who was very thirsty on a hot day. She searched for water for a long time and became very tired, almost fainting. She spotted a pitcher of water under a bench in a park but found it too deep for her to reach with her short beak. She looked around and found some pebbles, which gave her an idea. She dropped the pebbles one by one into the pitcher, raising the water level until she could finally drink. After quenching her thirst, she flew away happily. The bird showed determination and cleverness in solving her problem. The setting was a park, and the pitcher was placed under a bench. The bird used the pebbles to make the water accessible.","2026-07-06T08:17:49.961910Z","{""choices"":[""bird"",""water"",""pitcher"",""pebbles"",""bench"",""park"",""beak (or beak length)""]}","{""choices"":[""The day is hot."",""The bird is thirsty."",""The bird looks for water for a long time."",""The bird becomes very tired and is about to faint."",""The bird spots a pitcher of water."",""The pitcher is under a bench in a park."",""The water is too deep to reach, the bird’s beak is not long enough."",""The bird finds some pebbles."",""The bird picks up pebbles and drops them into the pitcher."",""The water level rises, allowing the bird to drink."",""The bird flies away happily.""]}",1987,63.967,"","","","2026-07-06T08:17:49.961910Z"
"6b61cff8ae1c1623",550,"1","The story was about a little bird who was very thirsty on a hot day and looked for water for a long time. She was tired and almost fainted but then saw a pitcher of water under a bench in a park. She flew down and sat on the pitcher, but the water was too deep for her to reach because her beak wasn't long enough. She looked around and found some pebbles, which gave her an idea. She picked up the pebbles one by one and dropped them into the pitcher, which raised the water level. This allowed her to drink the water. She flew away happily after satisfying her thirst.","2026-07-06T08:18:24.105690Z","{""choices"":[""bird"",""water"",""pitcher"",""pebbles"",""bench"",""park"",""beak (or beak length)""]}","{""choices"":[""The day is hot."",""The bird is thirsty."",""The bird looks for water for a long time."",""The bird becomes very tired and is about to faint."",""The bird spots a pitcher of water."",""The pitcher is under a bench in a park."",""The bird flies down and sits on the pitcher."",""The water is too deep to reach, the bird’s beak is not long enough."",""The bird finds some pebbles."",""The bird picks up pebbles and drops them into the pitcher."",""The water level rises, allowing the bird to drink."",""The bird flies away happily.""]}",1988,33.272,"","","","2026-07-06T08:18:24.105690Z"
"49f1bc3262db7cb2",551,"1","The story was about a little bird who was very thirsty on a hot day and had been searching for water for a long time. She became very tired and was about to faint when she saw a pitcher of water under a bench in a park. She flew down and sat on the pitcher, but the water was too deep for her to reach with her short beak. She looked around and found some pebbles, which gave her an idea. She dropped the pebbles one by one into the pitcher, and as they sank, the water level rose. This allowed her to drink the water. After quenching her thirst, she flew away happily. I don’t know the exact color of the bird or the time of day, but I remember the pitcher, the pebbles, and how the water level went up.","2026-07-06T08:19:26.750627Z","{""choices"":[""bird"",""water"",""pitcher"",""pebbles"",""bench"",""park"",""beak (or beak length)""]}","{""choices"":[""The day is hot."",""The bird is thirsty."",""The bird looks for water for a long time."",""The bird becomes very tired and is about to faint."",""The bird spots a pitcher of water."",""The pitcher is under a bench in a park."",""The bird flies down and sits on the pitcher."",""The water is too deep to reach, the bird’s beak is not long enough."",""The bird finds some pebbles."",""The bird picks up pebbles and drops them into the pitcher."",""The water level rises, allowing the bird to drink."",""The bird flies away happily.""]}",1989,61.388,"","","","2026-07-06T08:19:26.750627Z"
"0bb21389412211c9",552,"1","The story was about a little bird who was very thirsty on a hot day. She searched for water for a long time and became very tired, almost fainting. Then she saw a pitcher of water under a bench in a park. She flew down and sat on the pitcher, but the water was too deep for her to reach with her short beak. She looked around and found some pebbles, which gave her an idea. She dropped the pebbles one by one into the pitcher, and the water level rose. This allowed her to drink the water. After satisfying her thirst, she flew away happily. I don’t know the exact time of day or the type of bird, but the main events were clear.","2026-07-06T08:19:58.075190Z","{""choices"":[""bird"",""water"",""pitcher"",""pebbles"",""bench"",""park"",""beak (or beak length)""]}","{""choices"":[""The day is hot."",""The bird is thirsty."",""The bird looks for water for a long time."",""The bird becomes very tired and is about to faint."",""The bird spots a pitcher of water."",""The pitcher is under a bench in a park."",""The bird flies down and sits on the pitcher."",""The water is too deep to reach, the bird’s beak is not long enough."",""The bird finds some pebbles."",""The bird picks up pebbles and drops them into the pitcher."",""The water level rises, allowing the bird to drink."",""The bird flies away happily.""]}",1990,30.342,"","","","2026-07-06T08:19:58.075190Z"
"c0ec6cf07923d1a4",553,"1","The story was about a little bird who was very thirsty on a hot day. She searched for water for a long time and became very tired, almost fainting. She found a pitcher of water under a bench in a park but couldn’t reach it because the water was too deep for her beak. She looked around and found some pebbles, which gave her an idea. She dropped the pebbles one by one into the pitcher, and the water level rose until she could drink from it. She then flew away happily, having solved her problem with some clever thinking and patience.","2026-07-06T08:20:28.596202Z","{""choices"":[""bird"",""water"",""pitcher"",""pebbles"",""bench"",""park"",""beak (or beak length)""]}","{""choices"":[""The day is hot."",""The bird is thirsty."",""The bird looks for water for a long time."",""The bird becomes very tired and is about to faint."",""The bird spots a pitcher of water."",""The pitcher is under a bench in a park."",""The water is too deep to reach, the bird’s beak is not long enough."",""The bird finds some pebbles."",""The bird picks up pebbles and drops them into the pitcher."",""The water level rises, allowing the bird to drink."",""The bird flies away happily.""]}",1991,29.6,"","","","2026-07-06T08:20:28.596202Z"
"a441bf6e4aac2320",554,"1","The story was about a little bird who was very thirsty and had been searching for water for a long time. She became very tired and almost fainted. While she was resting, she saw a pitcher of water under a bench in a park. She flew down and sat on the pitcher, but the water was too deep for her to reach with her short beak. She looked around and found some pebbles, which gave her an idea. She dropped the pebbles one by one into the pitcher, and as they sank, the water level rose. This allowed her to drink the water. After satisfying her thirst, she flew away happily. I don’t know if there were any other details, but that’s what I remember.","2026-07-06T08:21:05.621606Z","{""choices"":[""bird"",""water"",""pitcher"",""pebbles"",""bench"",""park"",""beak (or beak length)""]}","{""choices"":[""The bird is thirsty."",""The bird looks for water for a long time."",""The bird becomes very tired and is about to faint."",""The bird spots a pitcher of water."",""The pitcher is under a bench in a park."",""The bird flies down and sits on the pitcher."",""The water is too deep to reach, the bird’s beak is not long enough."",""The bird finds some pebbles."",""The bird picks up pebbles and drops them into the pitcher."",""The water level rises, allowing the bird to drink."",""The bird flies away happily.""]}",1992,36.053,"","","","2026-07-06T08:21:05.622124Z"
"3c3c590f82700da4",555,"1","The story was about a little bird who was very thirsty on a hot day and had been searching for water for a long time. She became very tired and was about to faint. While resting, she noticed a pitcher of water under a bench in a park. The water was inside, but it was too deep for her to reach with her short beak. She looked around and found some pebbles, which gave her an idea. She dropped the pebbles one by one into the pitcher, and as the water level rose, she was finally able to drink from it. After quenching her thirst, she flew away happily. The bird used the pebbles to raise the water level so she could access it.","2026-07-06T08:21:36.363026Z","{""choices"":[""bird"",""water"",""pitcher"",""pebbles"",""bench"",""park"",""beak (or beak length)""]}","{""choices"":[""The day is hot."",""The bird is thirsty."",""The bird looks for water for a long time."",""The bird becomes very tired and is about to faint."",""The bird spots a pitcher of water."",""The pitcher is under a bench in a park."",""The water is too deep to reach, the bird’s beak is not long enough."",""The bird finds some pebbles."",""The bird picks up pebbles and drops them into the pitcher."",""The water level rises, allowing the bird to drink."",""The bird flies away happily.""]}",1993,29.731,"","","","2026-07-06T08:21:36.363026Z"
"a533a03c3bd4f1d8",556,"1","The story was about a little bird who was very thirsty on a hot day. She searched for water for a long time and became very tired, almost fainting. She found a pitcher of water under a bench in a park but couldn’t reach it because it was too deep for her beak. She looked around and found some pebbles, which gave her an idea. She dropped the pebbles one by one into the pitcher, raising the water level until she could finally drink. After quenching her thirst, she flew away happily. The bird used the pebbles to make the water accessible, showing her cleverness and determination.","2026-07-06T08:22:04.039279Z","{""choices"":[""bird"",""water"",""pitcher"",""pebbles"",""bench"",""park"",""beak (or beak length)""]}","{""choices"":[""The day is hot."",""The bird is thirsty."",""The bird looks for water for a long time."",""The bird becomes very tired and is about to faint."",""The bird spots a pitcher of water."",""The pitcher is under a bench in a park."",""The water is too deep to reach, the bird’s beak is not long enough."",""The bird finds some pebbles."",""The bird picks up pebbles and drops them into the pitcher."",""The water level rises, allowing the bird to drink."",""The bird flies away happily.""]}",1994,26.804,"","","","2026-07-06T08:22:04.039279Z"
"79bbc29022d940f6",557,"1","The story was about a little bird who was very thirsty on a hot day. She searched for water for a long time and became very tired, almost fainting. She found a pitcher of water under a bench in a park but couldn't reach it because the water was too deep for her beak. She looked around and found some pebbles, which gave her an idea. She dropped the pebbles one by one into the pitcher, and the water level rose until she could finally drink. She then flew away happily. The bird used the pebbles to raise the water level so she could access the water. The setting was a park, and the pitcher was under a bench. The bird was determined and clever in finding a way to get the water.","2026-07-06T08:22:34.791742Z","{""choices"":[""bird"",""water"",""pitcher"",""pebbles"",""bench"",""park"",""beak (or beak length)""]}","{""choices"":[""The day is hot."",""The bird is thirsty."",""The bird looks for water for a long time."",""The bird becomes very tired and is about to faint."",""The bird spots a pitcher of water."",""The pitcher is under a bench in a park."",""The water is too deep to reach, the bird’s beak is not long enough."",""The bird finds some pebbles."",""The bird picks up pebbles and drops them into the pitcher."",""The water level rises, allowing the bird to drink."",""The bird flies away happily.""]}",1995,29.917,"","","","2026-07-06T08:22:34.791742Z"
"81d20cfba9a33e39",558,"1","The story was about a little bird who was very thirsty on a hot day. She searched for water for a long time and became very tired, almost fainting. She found a pitcher of water under a bench in a park but couldn't reach it because the water was too deep for her short beak. She looked around and found some pebbles, which gave her an idea. She dropped the pebbles one by one into the pitcher, and as they sank, the water level rose. This allowed her to drink the water. After satisfying her thirst, she flew away happily. The bird used the pebbles to raise the water level so she could access it.","2026-07-06T08:23:02.290276Z","{""choices"":[""bird"",""water"",""pitcher"",""pebbles"",""bench"",""park"",""beak (or beak length)""]}","{""choices"":[""The day is hot."",""The bird is thirsty."",""The bird looks for water for a long time."",""The bird becomes very tired and is about to faint."",""The bird spots a pitcher of water."",""The pitcher is under a bench in a park."",""The water is too deep to reach, the bird’s beak is not long enough."",""The bird finds some pebbles."",""The bird picks up pebbles and drops them into the pitcher."",""The water level rises, allowing the bird to drink."",""The bird flies away happily.""]}",1996,26.661,"","","","2026-07-06T08:23:02.290276Z"
"63681a7355cbc27c",559,"1","It was a very hot day, and a little bird was searching for water for a long time. She was very tired and almost fainted from the heat. While she was looking around, she saw a pitcher of water under a bench in a park. She flew down and sat on the pitcher, but the water was too deep for her to reach with her short beak. She looked around and found some pebbles, which made her think of a solution. She picked up the pebbles one by one and dropped them into the pitcher. As she added more pebbles, the water level rose, and soon she was able to drink from it. After quenching her thirst, she flew away happily, satisfied with her clever solution.","2026-07-06T08:23:53.628739Z","{""choices"":[""bird"",""water"",""pitcher"",""pebbles"",""bench"",""park"",""beak (or beak length)""]}","{""choices"":[""The day is hot."",""The bird is thirsty."",""The bird looks for water for a long time."",""The bird becomes very tired and is about to faint."",""The bird spots a pitcher of water."",""The pitcher is under a bench in a park."",""The bird flies down and sits on the pitcher."",""The water is too deep to reach, the bird’s beak is not long enough."",""The bird finds some pebbles."",""The bird picks up pebbles and drops them into the pitcher."",""The water level rises, allowing the bird to drink."",""The bird flies away happily.""]}",1997,50.466,"","","","2026-07-06T08:23:53.628739Z"
"7264fcf8b370e3a7",560,"1","The story was about a little bird who was very thirsty on a hot day and had been searching for water for a long time. She was tired and almost fainting when she saw a pitcher of water under a bench in a park. She flew down and sat on the pitcher but couldn't reach the water because it was too deep for her beak. She looked around and found some pebbles, which gave her an idea. She dropped the pebbles one by one into the pitcher, and the water level rose until she could finally drink. She then flew away happily.","2026-07-06T08:24:45.303068Z","{""choices"":[""bird"",""water"",""pitcher"",""pebbles"",""bench"",""park"",""beak (or beak length)""]}","{""choices"":[""The day is hot."",""The bird is thirsty."",""The bird looks for water for a long time."",""The bird becomes very tired and is about to faint."",""The bird spots a pitcher of water."",""The pitcher is under a bench in a park."",""The bird flies down and sits on the pitcher."",""The water is too deep to reach, the bird’s beak is not long enough."",""The bird finds some pebbles."",""The bird picks up pebbles and drops them into the pitcher."",""The water level rises, allowing the bird to drink."",""The bird flies away happily.""]}",1998,50.719,"","","","2026-07-06T08:24:45.303068Z"
"dbf9fa58106587a7",561,"1","The story was about a little bird who was very thirsty and had been searching for water for a long time. She was exhausted and almost fainted, but then she saw a pitcher of water under a bench in a park. She flew down and sat on the pitcher, but the water was too deep for her to reach with her short beak. She looked around and found some pebbles, which gave her an idea. She dropped the pebbles one by one into the pitcher, and as they sank, the water level rose. Eventually, she was able to drink the water and flew away happily. The bird used the pebbles to raise the water level so she could access it. I don’t know the exact time of day, but it was described as a hot day. I don’t know the bird’s name or color, but she was small and had a short beak.","2026-07-06T08:25:38.931550Z","{""choices"":[""bird"",""water"",""pitcher"",""pebbles"",""bench"",""park"",""beak (or beak length)""]}","{""choices"":[""The day is hot."",""The bird is thirsty."",""The bird looks for water for a long time."",""The bird becomes very tired and is about to faint."",""The bird spots a pitcher of water."",""The pitcher is under a bench in a park."",""The bird flies down and sits on the pitcher."",""The water is too deep to reach, the bird’s beak is not long enough."",""The bird finds some pebbles."",""The bird picks up pebbles and drops them into the pitcher."",""The water level rises, allowing the bird to drink."",""The bird flies away happily.""]}",1999,52.792,"","","","2026-07-06T08:25:38.931550Z"
"19b1d7d0d27ea129",562,"1","The story was about a little bird who was very thirsty on a hot day and had been searching for water for a long time. She was tired and almost fainted but then saw a pitcher of water under a bench in a park. She flew down and sat on the pitcher, but the water was too deep for her to reach with her short beak. She looked around and found some pebbles, which gave her an idea. She dropped the pebbles one by one into the pitcher, and the water level rose until she could finally drink. She then flew away happily. The bird used pebbles to raise the water level, showing her cleverness and determination.","2026-07-06T08:26:43.962039Z","{""choices"":[""bird"",""water"",""pitcher"",""pebbles"",""bench"",""park"",""beak (or beak length)""]}","{""choices"":[""The day is hot."",""The bird is thirsty."",""The bird looks for water for a long time."",""The bird becomes very tired and is about to faint."",""The bird spots a pitcher of water."",""The pitcher is under a bench in a park."",""The bird flies down and sits on the pitcher."",""The water is too deep to reach, the bird’s beak is not long enough."",""The bird finds some pebbles."",""The bird picks up pebbles and drops them into the pitcher."",""The water level rises, allowing the bird to drink."",""The bird flies away happily.""]}",2000,64.157,"","","","2026-07-06T08:26:43.962039Z"
"7163f2b084889926",563,"1","The story was about a little bird who was very thirsty on a hot day and had been searching for water for a long time. She became very tired and almost fainted. While resting, she saw a pitcher of water under a bench in a park. The water was inside, but it was too deep for her to reach with her short beak. She looked around and found some pebbles, which made her think of a solution. She dropped the pebbles one by one into the pitcher, and as they settled, the water level rose. This allowed her to drink the water. After satisfying her thirst, she flew away happily. The bird used her problem-solving skills to get the water she needed.","2026-07-06T08:28:30.084433Z","{""choices"":[""bird"",""water"",""pitcher"",""pebbles"",""bench"",""park"",""beak (or beak length)""]}","{""choices"":[""The day is hot."",""The bird is thirsty."",""The bird looks for water for a long time."",""The bird becomes very tired and is about to faint."",""The bird spots a pitcher of water."",""The pitcher is under a bench in a park."",""The water is too deep to reach, the bird’s beak is not long enough."",""The bird finds some pebbles."",""The bird picks up pebbles and drops them into the pitcher."",""The water level rises, allowing the bird to drink."",""The bird flies away happily.""]}",2001,105.231,"","","","2026-07-06T08:28:30.084433Z"
"4b06165225acd9bb",564,"1","The story was about a little bird who was very thirsty on a hot day. She looked for water for a long time and was very tired, almost fainting. She found a pitcher of water under a bench in a park, but the water was too deep for her to reach because her beak wasn't long enough. She found some pebbles and dropped them into the pitcher, which raised the water level. This allowed her to drink the water. After drinking, she flew away happily. The bird used the pebbles to make the water level higher so she could access it. The pitcher was under a bench in a park, and the bird was thirsty and tired. She had to think of a way to get the water, and the pebbles helped her do that.","2026-07-06T08:29:26.377439Z","{""choices"":[""bird"",""water"",""pitcher"",""pebbles"",""bench"",""park"",""beak (or beak length)""]}","{""choices"":[""The day is hot."",""The bird is thirsty."",""The bird looks for water for a long time."",""The bird becomes very tired and is about to faint."",""The bird spots a pitcher of water."",""The pitcher is under a bench in a park."",""The water is too deep to reach, the bird’s beak is not long enough."",""The bird finds some pebbles."",""The bird picks up pebbles and drops them into the pitcher."",""The water level rises, allowing the bird to drink."",""The bird flies away happily.""]}",2002,55.415,"","","","2026-07-06T08:29:26.377439Z"
"ec363af8842ac3ec",565,"1","A little bird was very thirsty on a hot day and searched for water for a long time. She became very tired and almost fainted. She found a pitcher of water under a bench in a park but couldn’t reach it because the water was too deep for her beak. She looked around and found some pebbles, which gave her an idea. She dropped the pebbles one by one into the pitcher, and as they settled, the water level rose. This allowed her to drink the water. She then flew away happily. The story shows how the bird used her intelligence and persistence to solve the problem of accessing the water.","2026-07-06T08:30:00.176372Z","{""choices"":[""bird"",""water"",""pitcher"",""pebbles"",""bench"",""park"",""beak (or beak length)""]}","{""choices"":[""The day is hot."",""The bird is thirsty."",""The bird looks for water for a long time."",""The bird becomes very tired and is about to faint."",""The bird spots a pitcher of water."",""The pitcher is under a bench in a park."",""The water is too deep to reach, the bird’s beak is not long enough."",""The bird finds some pebbles."",""The bird picks up pebbles and drops them into the pitcher."",""The water level rises, allowing the bird to drink."",""The bird flies away happily.""]}",2003,32.953,"","","","2026-07-06T08:30:00.176372Z"
"3ab90a4a5b3b459b",566,"1","The story was about a thirsty bird on a hot day who searched for water for a long time until she found a pitcher under a bench in a park. The water was too deep for her to reach with her short beak, so she found some pebbles and dropped them into the pitcher one by one. This caused the water level to rise, allowing her to drink. She then flew away happily. The bird was very tired and close to fainting before finding the pitcher. She used pebbles to raise the water level. The pitcher was under a bench in a park. The bird was thirsty and had been looking for water for a long time.","2026-07-06T08:30:51.477955Z","{""choices"":[""bird"",""water"",""pitcher"",""pebbles"",""bench"",""park"",""beak (or beak length)""]}","{""choices"":[""The day is hot."",""The bird is thirsty."",""The bird looks for water for a long time."",""The bird becomes very tired and is about to faint."",""The bird spots a pitcher of water."",""The pitcher is under a bench in a park."",""The water is too deep to reach, the bird’s beak is not long enough."",""The bird finds some pebbles."",""The bird picks up pebbles and drops them into the pitcher."",""The water level rises, allowing the bird to drink."",""The bird flies away happily.""]}",2004,50.46,"","","","2026-07-06T08:30:51.477955Z"
"ee41baa46ab7f5be",567,"1","The story was about a little bird who was very thirsty on a hot day. She looked for water for a long time and became very tired, almost fainting. She found a pitcher of water under a bench in a park but couldn't reach it because the water was too deep for her beak. She looked around and found some pebbles, which gave her an idea. She dropped the pebbles one by one into the pitcher, and the water level rose until she could drink. She was happy and flew away. I don’t know if there were other animals or what happened after she drank, but that’s what I remember.","2026-07-06T08:34:06.918759Z","{""choices"":[""bird"",""water"",""pitcher"",""pebbles"",""bench"",""park"",""beak (or beak length)""]}","{""choices"":[""The day is hot."",""The bird is thirsty."",""The bird looks for water for a long time."",""The bird becomes very tired and is about to faint."",""The bird spots a pitcher of water."",""The pitcher is under a bench in a park."",""The water is too deep to reach, the bird’s beak is not long enough."",""The bird finds some pebbles."",""The bird picks up pebbles and drops them into the pitcher."",""The water level rises, allowing the bird to drink."",""The bird flies away happily.""]}",2005,194.577,"","","","2026-07-06T08:34:06.918759Z"
"98596ace45ba1644",568,"1","A little bird was very thirsty on a hot day and searched for water for a long time. She was very tired and almost fainted. She found a pitcher of water under a bench in a park and sat on it, but the water was too deep for her to reach. She looked around and found some pebbles, which gave her an idea. She dropped the pebbles one by one into the pitcher, and as they sank, the water level rose. Eventually, she was able to drink the water and flew away happily.","2026-07-06T08:34:48.846217Z","{""choices"":[""bird"",""water"",""pitcher"",""pebbles"",""bench"",""park""]}","{""choices"":[""The day is hot."",""The bird is thirsty."",""The bird looks for water for a long time."",""The bird becomes very tired and is about to faint."",""The bird spots a pitcher of water."",""The pitcher is under a bench in a park."",""The bird flies down and sits on the pitcher."",""The bird finds some pebbles."",""The bird picks up pebbles and drops them into the pitcher."",""The water level rises, allowing the bird to drink."",""The bird flies away happily.""]}",2006,41.049,"","","","2026-07-06T08:34:48.846217Z"
"df328a5e5c041cc5",569,"1","The story was about a little bird who was very thirsty on a hot day. She looked for water for a long time and got very tired. She saw a pitcher of water under a bench in a park but couldn't drink from it because the water was too deep for her beak. She found some pebbles and dropped them into the pitcher, which made the water level rise. Then she could drink the water and flew away happily. She was smart to use the pebbles to get the water she needed. I don’t know if there were other birds or what happened after she drank.","2026-07-06T08:36:30.304120Z","{""choices"":[""bird"",""water"",""pitcher"",""pebbles"",""bench"",""park"",""beak (or beak length)""]}","{""choices"":[""The day is hot."",""The bird is thirsty."",""The bird looks for water for a long time."",""The pitcher is under a bench in a park."",""The bird flies down and sits on the pitcher."",""The water is too deep to reach, the bird’s beak is not long enough."",""The bird finds some pebbles."",""The bird picks up pebbles and drops them into the pitcher."",""The water level rises, allowing the bird to drink."",""The bird flies away happily.""]}",2007,100.488,"","","","2026-07-06T08:36:30.304120Z"
"187baf5ccb217050",570,"1","The story was about a little bird who was very thirsty on a hot day. She had been searching for water for a long time and was very tired, almost fainting. She found a pitcher of water under a bench in a park but couldn’t reach it because the water was too deep for her short beak. She looked around and found some pebbles, which gave her an idea. She dropped the pebbles into the pitcher one by one, and the water level rose until she could drink. After drinking, she flew away happily. I don’t know the exact time of day or the type of bird, but the main details are as described. I don’t know.","2026-07-06T08:37:51.200834Z","{""choices"":[""bird"",""water"",""pitcher"",""pebbles"",""bench"",""park"",""beak (or beak length)""]}","{""choices"":[""The day is hot."",""The bird is thirsty."",""The bird looks for water for a long time."",""The bird becomes very tired and is about to faint."",""The bird spots a pitcher of water."",""The pitcher is under a bench in a park."",""The water is too deep to reach, the bird’s beak is not long enough."",""The bird finds some pebbles."",""The bird picks up pebbles and drops them into the pitcher."",""The water level rises, allowing the bird to drink."",""The bird flies away happily.""]}",2008,80.032,"","","","2026-07-06T08:37:51.200834Z"
"635315c809b0f27a",571,"1","It was a very hot day, and a thirsty bird had been searching for water for a long time. She was exhausted and close to fainting when she found a pitcher of water under a bench in a park. The water was inside, but it was too deep for her to reach with her short beak. She looked around and found some pebbles, which made her think of a solution. She dropped the pebbles one by one into the pitcher, and as they sank, the water level rose. Eventually, she was able to drink the water and flew away happily.","2026-07-06T08:39:02.745179Z","{""choices"":[""bird"",""water"",""pitcher"",""pebbles"",""bench"",""park"",""beak (or beak length)""]}","{""choices"":[""The day is hot."",""The bird is thirsty."",""The bird looks for water for a long time."",""The bird becomes very tired and is about to faint."",""The bird spots a pitcher of water."",""The pitcher is under a bench in a park."",""The water is too deep to reach, the bird’s beak is not long enough."",""The bird finds some pebbles."",""The bird picks up pebbles and drops them into the pitcher."",""The water level rises, allowing the bird to drink."",""The bird flies away happily.""]}",2009,70.633,"","","","2026-07-06T08:39:02.745179Z"
"bd2be24455cc817c",572,"1","A little bird was very thirsty on a hot day and searched for water for a long time. She became very tired and almost fainted. She found a pitcher of water under a bench in a park but couldn't drink from it because the water was too deep for her to reach with her short beak. She looked around and found some pebbles, which gave her an idea. She dropped the pebbles one by one into the pitcher, and the water level rose until she could finally drink. She then flew away happily.","2026-07-06T08:40:15.825585Z","{""choices"":[""bird"",""water"",""pitcher"",""pebbles"",""bench"",""park"",""beak (or beak length)""]}","{""choices"":[""The day is hot."",""The bird is thirsty."",""The bird looks for water for a long time."",""The bird becomes very tired and is about to faint."",""The bird spots a pitcher of water."",""The pitcher is under a bench in a park."",""The water is too deep to reach, the bird’s beak is not long enough."",""The bird finds some pebbles."",""The bird picks up pebbles and drops them into the pitcher."",""The water level rises, allowing the bird to drink."",""The bird flies away happily.""]}",2010,72.159,"","","","2026-07-06T08:40:15.825585Z"
"24f4e3beea47029f",573,"1","The story was about a little bird who was very thirsty on a hot day. She searched for water for a long time and became very tired, almost fainting. Then she saw a pitcher of water under a bench in a park. She flew down and sat on it, but the water was too deep for her to reach with her short beak. She looked around and found some pebbles, which made her think. She dropped the pebbles one by one into the pitcher, and the water level rose until she could finally drink. She then flew away happily. I don’t know the exact time of day or the color of the bird, but I remember she was small and thirsty. I don’t know the name of the park or if there were other animals around.","2026-07-06T08:40:56.735036Z","{""choices"":[""bird"",""water"",""pitcher"",""pebbles"",""bench"",""park"",""beak (or beak length)""]}","{""choices"":[""The day is hot."",""The bird is thirsty."",""The bird looks for water for a long time."",""The bird becomes very tired and is about to faint."",""The bird spots a pitcher of water."",""The pitcher is under a bench in a park."",""The bird flies down and sits on the pitcher."",""The water is too deep to reach, the bird’s beak is not long enough."",""The bird finds some pebbles."",""The bird picks up pebbles and drops them into the pitcher."",""The water level rises, allowing the bird to drink."",""The bird flies away happily.""]}",2011,39.999,"","","","2026-07-06T08:40:56.735036Z"
"33ed672f9d40ec98",574,"1","A little bird was very thirsty on a hot day and searched for water for a long time. She became very tired and was about to faint when she found a pitcher of water under a bench in a park. The water was too deep for her to reach with her short beak, so she looked around and found some pebbles. She dropped the pebbles one by one into the pitcher, which raised the water level until she could drink. After she had her drink, she flew away happily. The bird used the pebbles to make the water level rise so she could access it.","2026-07-06T08:42:45.923200Z","{""choices"":[""bird"",""water"",""pitcher"",""pebbles"",""bench"",""park"",""beak (or beak length)""]}","{""choices"":[""The day is hot."",""The bird is thirsty."",""The bird looks for water for a long time."",""The bird becomes very tired and is about to faint."",""The bird spots a pitcher of water."",""The pitcher is under a bench in a park."",""The water is too deep to reach, the bird’s beak is not long enough."",""The bird finds some pebbles."",""The bird picks up pebbles and drops them into the pitcher."",""The water level rises, allowing the bird to drink."",""The bird flies away happily.""]}",2012,108.276,"","","","2026-07-06T08:42:45.923200Z"
"fdcfe3b16152f1a1",575,"1","The story was about a little bird who was very thirsty on a hot day and looked for water for a long time. She got tired and almost fainted but then saw a pitcher of water under a bench in a park. She flew down and sat on the pitcher, but the water was too deep for her to reach with her short beak. She looked around and found some pebbles, which made her think of a solution. She dropped the pebbles into the pitcher one by one, and the water level rose until she could finally drink it. She then flew away happily. I don’t know if there were other birds or if the pitcher was full or empty at first.","2026-07-06T08:44:59.941262Z","{""choices"":[""bird"",""water"",""pitcher"",""pebbles"",""bench"",""park"",""beak (or beak length)""]}","{""choices"":[""The day is hot."",""The bird is thirsty."",""The bird looks for water for a long time."",""The bird becomes very tired and is about to faint."",""The bird spots a pitcher of water."",""The pitcher is under a bench in a park."",""The bird flies down and sits on the pitcher."",""The water is too deep to reach, the bird’s beak is not long enough."",""The bird finds some pebbles."",""The bird picks up pebbles and drops them into the pitcher."",""The water level rises, allowing the bird to drink."",""The bird flies away happily.""]}",2013,133.134,"","","","2026-07-06T08:44:59.941262Z"
"d74734acf9f88e1f",576,"1","It was a hot day, and a thirsty bird was searching for water for a long time. She became very tired and almost fainted. While she was resting, she noticed a pitcher of water under a bench in a park. She flew down and sat on the pitcher, but the water was too deep for her to reach with her short beak. She looked around and found some pebbles, which made her think of a solution. She dropped the pebbles one by one into the pitcher, and as they sank, the water level rose. Eventually, she was able to drink the water. After satisfying her thirst, she flew away happily.","2026-07-06T08:48:39.820109Z","{""choices"":[""bird"",""water"",""pitcher"",""pebbles"",""bench"",""park"",""beak (or beak length)""]}","{""choices"":[""The day is hot."",""The bird is thirsty."",""The bird looks for water for a long time."",""The bird becomes very tired and is about to faint."",""The bird spots a pitcher of water."",""The pitcher is under a bench in a park."",""The bird flies down and sits on the pitcher."",""The water is too deep to reach, the bird’s beak is not long enough."",""The bird finds some pebbles."",""The bird picks up pebbles and drops them into the pitcher."",""The water level rises, allowing the bird to drink."",""The bird flies away happily.""]}",2014,218.92,"","","","2026-07-06T08:48:39.820109Z"
"ba35286c22ef0e7e",577,"1","The story was about a little bird who was very thirsty on a hot day. She looked for water for a long time and got very tired. She saw a pitcher of water under a bench in a park but couldn't reach it because the water was too deep. She tried to drink from it but her beak wasn't long enough. Then she found some pebbles and decided to drop them into the pitcher. The water level rose, and she was able to drink. She flew away happy. I don’t know the bird’s name or if there were other animals around. I don’t know if the pitcher was big or small, or how long it took her to drop all the pebbles. I don’t know if she shared the water with anyone else.","2026-07-06T08:49:24.519801Z","{""choices"":[""bird"",""water"",""pitcher"",""pebbles"",""bench"",""park"",""beak (or beak length)""]}","{""choices"":[""The day is hot."",""The bird is thirsty."",""The bird looks for water for a long time."",""The bird spots a pitcher of water."",""The pitcher is under a bench in a park."",""The water is too deep to reach, the bird’s beak is not long enough."",""The bird finds some pebbles."",""The bird picks up pebbles and drops them into the pitcher."",""The water level rises, allowing the bird to drink."",""The bird flies away happily.""]}",2015,43.519,"","","","2026-07-06T08:49:24.519801Z"
"73151ea643d99032",578,"1","The story was about a little bird who was very thirsty on a hot day. She searched for water for a long time until she found a pitcher of water under a bench in a park. The water was too deep for her to reach with her short beak, so she looked around and found some pebbles. She dropped the pebbles into the pitcher one by one, which raised the water level. This allowed her to drink the water. After drinking, she flew away happily. The bird was tired and almost fainted before finding the pitcher. She used the pebbles to make the water level higher so she could drink.","2026-07-06T08:50:11.689668Z","{""choices"":[""bird"",""water"",""pitcher"",""pebbles"",""bench"",""park"",""beak (or beak length)""]}","{""choices"":[""The day is hot."",""The bird is thirsty."",""The bird looks for water for a long time."",""The bird becomes very tired and is about to faint."",""The bird spots a pitcher of water."",""The pitcher is under a bench in a park."",""The water is too deep to reach, the bird’s beak is not long enough."",""The bird finds some pebbles."",""The bird picks up pebbles and drops them into the pitcher."",""The water level rises, allowing the bird to drink."",""The bird flies away happily.""]}",2016,46.24,"","","","2026-07-06T08:50:11.689668Z"
"03a66d2d2ccee309",579,"1","The story was about a thirsty bird who was looking for water on a hot day. She was very tired and almost fainted. She found a pitcher of water under a bench in a park but couldn't reach it because the water was too deep for her beak. She looked around and found some pebbles, which gave her an idea. She dropped the pebbles one by one into the pitcher, and the water level rose until she could finally drink. She then flew away happily.","2026-07-06T08:50:46.405023Z","{""choices"":[""bird"",""water"",""pitcher"",""pebbles"",""bench"",""park"",""beak (or beak length)""]}","{""choices"":[""The day is hot."",""The bird is thirsty."",""The bird becomes very tired and is about to faint."",""The bird spots a pitcher of water."",""The pitcher is under a bench in a park."",""The water is too deep to reach, the bird’s beak is not long enough."",""The bird finds some pebbles."",""The bird picks up pebbles and drops them into the pitcher."",""The water level rises, allowing the bird to drink."",""The bird flies away happily.""]}",2017,33.86,"","","","2026-07-06T08:50:46.405023Z"
"5ed2b42d02952cd7",580,"1","The story was about a thirsty bird who was looking for water on a hot day. She was very tired and almost fainted but then saw a pitcher of water under a bench in a park. She couldn't reach the water because it was too deep for her beak. She found some pebbles and dropped them into the pitcher, which raised the water level so she could drink. She then flew away happily. I don’t know the bird's name or what happened after she drank the water, but I remember she used pebbles to make the water level higher so she could drink.","2026-07-07T13:29:20.650854Z","{""choices"":[""bird"",""water"",""pitcher"",""pebbles"",""bench"",""park"",""beak (or beak length)""]}","{""choices"":[""The day is hot."",""The bird is thirsty."",""The bird looks for water for a long time."",""The bird becomes very tired and is about to faint."",""The bird spots a pitcher of water."",""The pitcher is under a bench in a park."",""The water is too deep to reach, the bird’s beak is not long enough."",""The bird finds some pebbles."",""The bird picks up pebbles and drops them into the pitcher."",""The water level rises, allowing the bird to drink."",""The bird flies away happily.""]}",2018,52.305,"","","","2026-07-07T13:29:20.650854Z"
"dbdd1a4867ca9932",581,"1","The story was about a little bird who was very thirsty on a hot day. She had been searching for water for a long time and was very tired, almost fainting from the heat. She found a pitcher of water under a bench in a park but couldn’t reach it because the water was too deep for her small beak. She looked around and found some pebbles, which gave her an idea. She dropped the pebbles one by one into the pitcher, and the water level rose until she could finally drink. She then flew away happily. The bird used the pebbles to raise the water level so she could access it. The pitcher was under a bench in a park.","2026-07-07T13:29:47.343731Z","{""choices"":[""bird"",""water"",""pitcher"",""pebbles"",""bench"",""park"",""beak (or beak length)""]}","{""choices"":[""The day is hot."",""The bird is thirsty."",""The bird looks for water for a long time."",""The bird becomes very tired and is about to faint."",""The bird spots a pitcher of water."",""The pitcher is under a bench in a park."",""The water is too deep to reach, the bird’s beak is not long enough."",""The bird finds some pebbles."",""The bird picks up pebbles and drops them into the pitcher."",""The water level rises, allowing the bird to drink."",""The bird flies away happily.""]}",2019,26.234,"","","","2026-07-07T13:29:47.343731Z"
"c69f8c83fd7f4cc6",582,"1","The story was about a little bird who was very thirsty on a hot day. She looked for water for a long time and became very tired. She found a pitcher of water under a bench in a park, but the water was too deep for her to reach with her short beak. She looked around and found some pebbles, which gave her an idea. She dropped the pebbles one by one into the pitcher, and as they sank, the water level rose. This allowed her to drink the water. She then flew away happily. I don’t know the exact time of day or the type of bird, and I don’t remember if there were other animals around. I don’t know.","2026-07-07T13:30:16.327386Z","{""choices"":[""bird"",""water"",""pitcher"",""pebbles"",""bench"",""park"",""beak (or beak length)""]}","{""choices"":[""The day is hot."",""The bird is thirsty."",""The bird looks for water for a long time."",""The bird spots a pitcher of water."",""The pitcher is under a bench in a park."",""The water is too deep to reach, the bird’s beak is not long enough."",""The bird finds some pebbles."",""The bird picks up pebbles and drops them into the pitcher."",""The water level rises, allowing the bird to drink."",""The bird flies away happily.""]}",2020,28.58,"","","","2026-07-07T13:30:16.327386Z"
"af43910df5ffab34",583,"1","The story was about a little bird who was very thirsty and had been searching for water on a hot day. She flew for a long time and became very tired, almost fainting from exhaustion. She finally found a pitcher of water under a bench in a park, but the water was too deep for her to reach with her short beak. She looked around and found some pebbles, which gave her an idea. She dropped the pebbles into the pitcher one by one, and as the water level rose, she was able to drink it. After satisfying her thirst, she flew away happily, having solved her problem with clever thinking.","2026-07-07T13:30:54.993358Z","{""choices"":[""bird"",""water"",""pitcher"",""pebbles"",""bench"",""park"",""beak (or beak length)""]}","{""choices"":[""The day is hot."",""The bird is thirsty."",""The bird looks for water for a long time."",""The bird becomes very tired and is about to faint."",""The bird spots a pitcher of water."",""The pitcher is under a bench in a park."",""The water is too deep to reach, the bird’s beak is not long enough."",""The bird finds some pebbles."",""The bird picks up pebbles and drops them into the pitcher."",""The water level rises, allowing the bird to drink."",""The bird flies away happily.""]}",2021,38.238,"","","","2026-07-07T13:30:54.993358Z"
"d114cad7bfe72b23",584,"1","The story was about a little bird who was very thirsty on a hot day. She looked for water for a long time and became very tired, almost fainting. Then she saw a pitcher of water under a bench in a park. She flew down and sat on it, but the water was too deep for her to reach with her short beak. She looked around and found some pebbles, which gave her an idea. She dropped the pebbles one by one into the pitcher, and the water level rose until she could finally drink. She then flew away happily. I don’t know if there were other birds or if the pitcher was full or empty at first. I don’t know.","2026-07-07T13:32:23.691657Z","{""choices"":[""bird"",""water"",""pitcher"",""pebbles"",""bench"",""park"",""beak (or beak length)""]}","{""choices"":[""The day is hot."",""The bird is thirsty."",""The bird looks for water for a long time."",""The bird becomes very tired and is about to faint."",""The bird spots a pitcher of water."",""The pitcher is under a bench in a park."",""The bird flies down and sits on the pitcher."",""The water is too deep to reach, the bird’s beak is not long enough."",""The bird finds some pebbles."",""The bird picks up pebbles and drops them into the pitcher."",""The water level rises, allowing the bird to drink."",""The bird flies away happily.""]}",2022,15.135,"","","","2026-07-07T13:32:23.691657Z"
"844ecbf955462354",585,"1","The story was about a little bird who was very thirsty on a hot day. She searched for water for a long time and became very tired. Eventually, she found a pitcher of water under a bench in a park. The water was too deep for her to reach with her short beak. She looked around and found some pebbles, which gave her an idea. She dropped the pebbles one by one into the pitcher, and the water level rose until she could finally drink. She then flew away happily. The bird used her intelligence to solve the problem and get the water she needed.","2026-07-07T13:32:52.858765Z","{""choices"":[""bird"",""water"",""pitcher"",""pebbles"",""bench"",""park"",""beak (or beak length)""]}","{""choices"":[""The day is hot."",""The bird is thirsty."",""The bird looks for water for a long time."",""The bird becomes very tired and is about to faint."",""The bird spots a pitcher of water."",""The pitcher is under a bench in a park."",""The water is too deep to reach, the bird’s beak is not long enough."",""The bird finds some pebbles."",""The bird picks up pebbles and drops them into the pitcher."",""The water level rises, allowing the bird to drink."",""The bird flies away happily.""]}",2023,28.743,"","","","2026-07-07T13:32:52.858765Z"
"8de760d3fc4e4ee2",586,"1","The story was about a little bird who was very thirsty on a hot day. She looked for water for a long time and became very tired. She saw a pitcher of water under a bench in a park but couldn’t reach it because the water was too deep for her short beak. She found some pebbles and decided to drop them into the pitcher one by one. This made the water level rise until she could finally drink from it. She then flew away happily. I don’t know the exact location of the park or the bird’s name, but I remember she was small and needed help to get the water. I don’t know how long she took to drop the pebbles or how much water was in the pitcher at first.","2026-07-07T13:34:35.230564Z","{""choices"":[""bird"",""water"",""pitcher"",""pebbles"",""bench"",""park"",""beak (or beak length)""]}","{""choices"":[""The day is hot."",""The bird is thirsty."",""The bird looks for water for a long time."",""The bird becomes very tired and is about to faint."",""The bird spots a pitcher of water."",""The pitcher is under a bench in a park."",""The water is too deep to reach, the bird’s beak is not long enough."",""The bird finds some pebbles."",""The bird picks up pebbles and drops them into the pitcher."",""The water level rises, allowing the bird to drink."",""The bird flies away happily.""]}",2024,101.941,"","","","2026-07-07T13:34:35.230564Z"
"1a50c0d46366469c",587,"1","The story was about a little bird who was very thirsty on a hot day. She looked for water for a long time and got really tired. She saw a pitcher of water under a bench in a park but couldn’t drink from it because the water was too deep for her beak. She found some pebbles and dropped them into the pitcher, which made the water level rise. Then she could drink the water and flew away happily. The bird used the pebbles to make the water level higher so she could reach it. She was tired at first but then she was happy after she found a way to get the water. I don’t know exactly how many pebbles she used or how long it took, but she was able to drink the water and left the park.","2026-07-07T13:35:58.749603Z","{""choices"":[""bird"",""water"",""pitcher"",""pebbles"",""bench"",""park"",""beak (or beak length)""]}","{""choices"":[""The day is hot."",""The bird is thirsty."",""The bird looks for water for a long time."",""The bird becomes very tired and is about to faint."",""The bird spots a pitcher of water."",""The pitcher is under a bench in a park."",""The water is too deep to reach, the bird’s beak is not long enough."",""The bird finds some pebbles."",""The bird picks up pebbles and drops them into the pitcher."",""The water level rises, allowing the bird to drink."",""The bird flies away happily.""]}",2025,83.093,"","","","2026-07-07T13:35:58.749603Z"
"252b57ebaed7b109",588,"1","The story was about a little bird who was very thirsty on a hot day. She had been looking for water for a long time and was very tired, almost fainting. She saw a pitcher of water under a bench in a park and flew down to check it out. The water was too deep for her to reach with her beak, so she looked around and found some pebbles. She dropped them one by one into the pitcher, which raised the water level. Eventually, she was able to drink the water and flew away happily. The bird used her intelligence to solve the problem and get the water she needed. I think that's all I remember.","2026-07-07T13:38:07.053342Z","{""choices"":[""bird"",""water"",""pitcher"",""pebbles"",""bench"",""park"",""beak (or beak length)""]}","{""choices"":[""The day is hot."",""The bird is thirsty."",""The bird looks for water for a long time."",""The bird becomes very tired and is about to faint."",""The bird spots a pitcher of water."",""The pitcher is under a bench in a park."",""The bird flies down and sits on the pitcher."",""The water is too deep to reach, the bird’s beak is not long enough."",""The bird finds some pebbles."",""The bird picks up pebbles and drops them into the pitcher."",""The water level rises, allowing the bird to drink."",""The bird flies away happily.""]}",2026,127.87,"","","","2026-07-07T13:38:07.053342Z"
"abca566961b17630",589,"1","It was a hot day, and a thirsty bird was looking for water for a long time. She was very tired and almost faint. She found a pitcher of water under a bench in a park, but the water was too deep for her to reach with her short beak. She looked around and found some pebbles, then dropped them one by one into the pitcher. The water level rose, and she was able to drink it. She flew away happily. I don’t know if there were other animals around or how long it took her to find the pebbles. I don’t know.","2026-07-07T13:38:39.918877Z","{""choices"":[""bird"",""water"",""pitcher"",""pebbles"",""bench"",""park"",""beak (or beak length)""]}","{""choices"":[""The day is hot."",""The bird is thirsty."",""The bird looks for water for a long time."",""The bird becomes very tired and is about to faint."",""The bird spots a pitcher of water."",""The pitcher is under a bench in a park."",""The water is too deep to reach, the bird’s beak is not long enough."",""The bird finds some pebbles."",""The bird picks up pebbles and drops them into the pitcher."",""The water level rises, allowing the bird to drink."",""The bird flies away happily.""]}",2027,32.424,"","","","2026-07-07T13:38:39.918877Z"
"4d7499739ad68267",590,"1","The story was about a little bird who was very thirsty on a hot day. She looked for water for a long time and was almost too tired to continue. She found a pitcher of water under a bench in a park, but the water was too deep for her to reach with her short beak. She saw some pebbles nearby and decided to use them. She dropped the pebbles one by one into the pitcher, which made the water level rise. Eventually, she was able to drink the water. The bird then flew away happily.","2026-07-07T13:39:38.653331Z","{""choices"":[""bird"",""water"",""pitcher"",""pebbles"",""bench"",""park"",""beak (or beak length)""]}","{""choices"":[""The day is hot."",""The bird is thirsty."",""The bird looks for water for a long time."",""The bird becomes very tired and is about to faint."",""The bird spots a pitcher of water."",""The pitcher is under a bench in a park."",""The water is too deep to reach, the bird’s beak is not long enough."",""The bird finds some pebbles."",""The bird picks up pebbles and drops them into the pitcher."",""The water level rises, allowing the bird to drink."",""The bird flies away happily.""]}",2028,58.28,"","","","2026-07-07T13:39:38.653331Z"
"db09fbd1984461ef",591,"1","It was a very hot day, and a small bird was very thirsty. She looked for water for a long time and became very tired. She spotted a pitcher of water under a bench in a park and flew down to sit on it. The water was inside, but it was too deep for her to reach with her short beak. She looked around and found some pebbles. She dropped them one by one into the pitcher, which raised the water level. Now she could reach the water and drank it. She was happy and flew away.","2026-07-07T13:40:10.769815Z","{""choices"":[""bird"",""water"",""pitcher"",""pebbles"",""bench"",""park"",""beak (or beak length)""]}","{""choices"":[""The day is hot."",""The bird is thirsty."",""The bird looks for water for a long time."",""The bird becomes very tired and is about to faint."",""The bird spots a pitcher of water."",""The pitcher is under a bench in a park."",""The bird flies down and sits on the pitcher."",""The water is too deep to reach, the bird’s beak is not long enough."",""The bird finds some pebbles."",""The bird picks up pebbles and drops them into the pitcher."",""The water level rises, allowing the bird to drink."",""The bird flies away happily.""]}",2029,31.703,"","","","2026-07-07T13:40:10.769815Z"
"86909dcc208525cf",592,"1","It was a hot day, and a thirsty bird was looking for water for a long time. She was very tired and almost faint. Then she saw a pitcher of water under a bench in a park. She flew down and sat on it, but the water was too deep for her to reach with her beak. She looked around and found some pebbles. She picked them up one by one and dropped them into the pitcher. The water level rose, and she was able to drink it. She flew away happily. I don’t know if there were other animals around or if the pitcher was full or empty before she started. I don’t know.","2026-07-07T13:40:33.857006Z","{""choices"":[""bird"",""water"",""pitcher"",""pebbles"",""bench"",""park"",""beak (or beak length)""]}","{""choices"":[""The day is hot."",""The bird is thirsty."",""The bird looks for water for a long time."",""The bird becomes very tired and is about to faint."",""The bird spots a pitcher of water."",""The pitcher is under a bench in a park."",""The bird flies down and sits on the pitcher."",""The water is too deep to reach, the bird’s beak is not long enough."",""The bird finds some pebbles."",""The bird picks up pebbles and drops them into the pitcher."",""The water level rises, allowing the bird to drink."",""The bird flies away happily.""]}",2030,22.678,"","","","2026-07-07T13:40:33.857006Z"
"3e150e344fe66ce3",593,"1","It was a hot day, and a thirsty bird was looking for water for a long time. She was very tired and almost fainted. She found a pitcher of water under a bench in a park but couldn't reach it because the water was too deep. Her beak wasn't long enough, so she looked around and found some pebbles. She dropped them one by one into the pitcher, which raised the water level. Eventually, she was able to drink the water and flew away happily.","2026-07-07T13:41:05.086162Z","{""choices"":[""bird"",""water"",""pitcher"",""pebbles"",""bench"",""park"",""beak (or beak length)""]}","{""choices"":[""The day is hot."",""The bird is thirsty."",""The bird looks for water for a long time."",""The bird becomes very tired and is about to faint."",""The bird spots a pitcher of water."",""The pitcher is under a bench in a park."",""The water is too deep to reach, the bird’s beak is not long enough."",""The bird finds some pebbles."",""The bird picks up pebbles and drops them into the pitcher."",""The water level rises, allowing the bird to drink."",""The bird flies away happily.""]}",2031,30.798,"","","","2026-07-07T13:41:05.086162Z"
"b41710571d28bc74",594,"1","The story was about a little bird who was very thirsty on a hot day. She looked for water for a long time and finally saw a pitcher of water under a bench in a park. She flew down and sat on it, but the water was too deep for her to reach with her short beak. She looked around and found some pebbles, which gave her an idea. She dropped the pebbles one by one into the pitcher, and soon the water level rose. This allowed her to drink the water, and then she flew away happily. I think that's all I remember.","2026-07-07T13:41:43.101556Z","{""choices"":[""bird"",""water"",""pitcher"",""pebbles"",""bench"",""park"",""beak (or beak length)""]}","{""choices"":[""The day is hot."",""The bird is thirsty."",""The bird looks for water for a long time."",""The bird becomes very tired and is about to faint."",""The bird spots a pitcher of water."",""The pitcher is under a bench in a park."",""The water is too deep to reach, the bird’s beak is not long enough."",""The bird finds some pebbles."",""The bird picks up pebbles and drops them into the pitcher."",""The water level rises, allowing the bird to drink."",""The bird flies away happily.""]}",2032,37.575,"","","","2026-07-07T13:41:43.101556Z"
"f36ac02295a3a66a",595,"1","It was a hot day, and a thirsty bird was looking for water for a long time. She was very tired and almost faint. She saw a pitcher of water under a bench in a park. She flew down and sat on it. The water was inside, but it was too deep for her to reach. Her beak wasn’t long enough. She looked around and found some pebbles. She picked them up one by one and dropped them into the pitcher. The water level rose, and she could now reach it. She drank and flew away happily.","2026-07-07T13:42:58.290322Z","{""choices"":[""bird"",""water"",""pitcher"",""pebbles"",""bench"",""park"",""beak (or beak length)""]}","{""choices"":[""The day is hot."",""The bird is thirsty."",""The bird looks for water for a long time."",""The bird becomes very tired and is about to faint."",""The bird spots a pitcher of water."",""The pitcher is under a bench in a park."",""The bird flies down and sits on the pitcher."",""The water is too deep to reach, the bird’s beak is not long enough."",""The bird finds some pebbles."",""The bird picks up pebbles and drops them into the pitcher."",""The water level rises, allowing the bird to drink."",""The bird flies away happily.""]}",2033,74.765,"","","","2026-07-07T13:42:58.290322Z"
"c54d421f70ba5ca5",596,"1","It was a very hot day, and a small bird was very thirsty and tired, searching for water for a long time. She was about to faint when she saw a pitcher of water under a bench in a park. She flew down and sat on the pitcher, but the water was too deep for her to reach with her short beak. She looked around and found some pebbles, which gave her an idea. She picked up each pebble and dropped it into the pitcher, causing the water level to rise. Eventually, the water was shallow enough for her to drink. She drank the water and then flew away happily.","2026-07-07T13:44:11.017886Z","{""choices"":[""bird"",""water"",""pitcher"",""pebbles"",""bench"",""park"",""beak (or beak length)""]}","{""choices"":[""The day is hot."",""The bird is thirsty."",""The bird looks for water for a long time."",""The bird becomes very tired and is about to faint."",""The bird spots a pitcher of water."",""The pitcher is under a bench in a park."",""The bird flies down and sits on the pitcher."",""The water is too deep to reach, the bird’s beak is not long enough."",""The bird finds some pebbles."",""The bird picks up pebbles and drops them into the pitcher."",""The water level rises, allowing the bird to drink."",""The bird flies away happily.""]}",2034,72.301,"","","","2026-07-07T13:44:11.017886Z"
"f2725243a6af06bc",597,"1","The story was about a small bird who was very thirsty on a hot day. She had been looking for water for a long time and was very tired, almost fainting from the heat. She found a pitcher of water under a bench in a park, but the water was too deep for her to reach with her beak. She looked around and found some pebbles, which gave her an idea. She dropped the pebbles one by one into the pitcher, and the water level rose until she could finally drink. After she had her drink, she flew away happily. I don’t know.","2026-07-07T13:45:38.726729Z","{""choices"":[""bird"",""water"",""pitcher"",""pebbles"",""bench"",""park"",""beak (or beak length)""]}","{""choices"":[""The day is hot."",""The bird is thirsty."",""The bird looks for water for a long time."",""The bird becomes very tired and is about to faint."",""The bird spots a pitcher of water."",""The pitcher is under a bench in a park."",""The water is too deep to reach, the bird’s beak is not long enough."",""The bird finds some pebbles."",""The bird picks up pebbles and drops them into the pitcher."",""The water level rises, allowing the bird to drink."",""The bird flies away happily.""]}",2035,87.3,"","","","2026-07-07T13:45:38.726729Z"
"1546ae3424c8d381",598,"1","Sure. The story was about a little bird who was very thirsty on a hot day. She had been looking for water for a long time and was getting really tired. She spotted a pitcher of water under a bench in a park and flew down to check it out. The water was inside, but it was too deep for her to reach with her beak. She looked around and found some pebbles, which gave her an idea. She dropped them one by one into the pitcher, and soon the water level rose enough for her to drink. After she had her drink, she flew away happily. I don’t remember if there were other animals or people around, but that’s the main part of the story.","2026-07-07T13:46:26.020532Z","{""choices"":[""bird"",""water"",""pitcher"",""pebbles"",""bench"",""park"",""beak (or beak length)""]}","{""choices"":[""The day is hot."",""The bird is thirsty."",""The bird looks for water for a long time."",""The bird becomes very tired and is about to faint."",""The bird spots a pitcher of water."",""The pitcher is under a bench in a park."",""The bird flies down and sits on the pitcher."",""The water is too deep to reach, the bird’s beak is not long enough."",""The bird finds some pebbles."",""The bird picks up pebbles and drops them into the pitcher."",""The water level rises, allowing the bird to drink."",""The bird flies away happily.""]}",2036,46.898,"","","","2026-07-07T13:46:26.020532Z"
"0ecbe41a18307025",599,"1","It was a very hot day, and a thirsty bird was looking for water for a long time. She was very tired and almost faint. She found a pitcher of water under a bench in a park, but the water was too deep for her to reach. She looked around and found some pebbles, then dropped them one by one into the pitcher. The water level rose, and she was able to drink it. She flew away happily.","2026-07-07T13:48:08.765673Z","{""choices"":[""bird"",""water"",""pitcher"",""pebbles"",""bench"",""park""]}","{""choices"":[""The day is hot."",""The bird is thirsty."",""The bird looks for water for a long time."",""The bird becomes very tired and is about to faint."",""The bird spots a pitcher of water."",""The pitcher is under a bench in a park."",""The water is too deep to reach, the bird’s beak is not long enough."",""The bird finds some pebbles."",""The bird picks up pebbles and drops them into the pitcher."",""The water level rises, allowing the bird to drink."",""The bird flies away happily.""]}",2037,102.338,"","","","2026-07-07T13:48:08.765673Z"
"b526db8602d047e0",600,"1","It was a hot day, and a thirsty bird was looking for water for a long time. She was very tired and almost faint. She saw a pitcher of water under a bench in a park. She flew down and sat on the pitcher. The water was inside, but it was too deep for her to reach because her beak wasn’t long enough. She looked around and found some pebbles. She picked them up one by one and dropped them into the pitcher. The water level rose, and she was able to drink it. She flew away happily.","2026-07-07T13:48:43.324888Z","{""choices"":[""bird"",""water"",""pitcher"",""pebbles"",""bench"",""park"",""beak (or beak length)""]}","{""choices"":[""The day is hot."",""The bird is thirsty."",""The bird looks for water for a long time."",""The bird becomes very tired and is about to faint."",""The bird spots a pitcher of water."",""The pitcher is under a bench in a park."",""The bird flies down and sits on the pitcher."",""The water is too deep to reach, the bird’s beak is not long enough."",""The bird finds some pebbles."",""The bird picks up pebbles and drops them into the pitcher."",""The water level rises, allowing the bird to drink."",""The bird flies away happily.""]}",2038,34.14,"","","","2026-07-07T13:48:43.324888Z"
"fe8b444021990a84",601,"1","It was a very hot day, and a little bird was very thirsty and had been looking for water for a long time. She was very tired and almost faint when she saw a pitcher of water under a bench in a park. She flew down and sat on the pitcher, but the water was too deep for her to reach with her beak. She looked around and found some pebbles, which gave her an idea. She dropped the pebbles one by one into the pitcher, and soon the water level rose enough for her to drink. She drank the water and then flew away happily. I don’t know.","2026-07-07T13:49:10.504450Z","{""choices"":[""bird"",""water"",""pitcher"",""pebbles"",""bench"",""park"",""beak (or beak length)""]}","{""choices"":[""The day is hot."",""The bird is thirsty."",""The bird looks for water for a long time."",""The bird becomes very tired and is about to faint."",""The bird spots a pitcher of water."",""The pitcher is under a bench in a park."",""The bird flies down and sits on the pitcher."",""The water is too deep to reach, the bird’s beak is not long enough."",""The bird finds some pebbles."",""The bird picks up pebbles and drops them into the pitcher."",""The water level rises, allowing the bird to drink."",""The bird flies away happily.""]}",2039,26.689,"","","","2026-07-07T13:49:10.504450Z"
"0835eb078a2fa15e",602,"1","Sure. The story was about a little bird who was very thirsty on a hot day. She looked for water for a long time and got really tired. She was about to faint when she saw a pitcher of water under a bench in a park. She flew down and sat on it, but the water was too deep for her to reach with her beak. She looked around and found some pebbles, which gave her an idea. She dropped the pebbles one by one into the pitcher, and the water level rose. Soon, she was able to drink the water. She flew away happily after getting her drink. I don’t remember if there were any other details, but that’s all I can recall.","2026-07-07T13:49:37.817424Z","{""choices"":[""bird"",""water"",""pitcher"",""pebbles"",""bench"",""park"",""beak (or beak length)""]}","{""choices"":[""The day is hot."",""The bird is thirsty."",""The bird looks for water for a long time."",""The bird becomes very tired and is about to faint."",""The bird spots a pitcher of water."",""The pitcher is under a bench in a park."",""The bird flies down and sits on the pitcher."",""The water is too deep to reach, the bird’s beak is not long enough."",""The bird finds some pebbles."",""The bird picks up pebbles and drops them into the pitcher."",""The water level rises, allowing the bird to drink."",""The bird flies away happily.""]}",2040,26.906,"","","","2026-07-07T13:49:37.817424Z"
"4895af4c0bf521f3",603,"1","The story was about a thirsty bird who was looking for water on a hot day. She was very tired and almost fainted. She found a pitcher of water under a bench in a park, but the water was too deep for her to reach with her beak. She found some pebbles and dropped them into the pitcher, which raised the water level so she could drink. She flew away happily after getting her water.","2026-07-07T13:50:09.614433Z","{""choices"":[""bird"",""water"",""pitcher"",""pebbles"",""bench"",""park"",""beak (or beak length)""]}","{""choices"":[""The day is hot."",""The bird is thirsty."",""The bird looks for water for a long time."",""The bird becomes very tired and is about to faint."",""The bird spots a pitcher of water."",""The pitcher is under a bench in a park."",""The water is too deep to reach, the bird’s beak is not long enough."",""The bird finds some pebbles."",""The bird picks up pebbles and drops them into the pitcher."",""The water level rises, allowing the bird to drink."",""The bird flies away happily.""]}",2041,31.367,"","","","2026-07-07T13:50:09.614433Z"
"2cf1ee89fb0f8648",604,"1","It was a hot day, and a thirsty bird was looking for water for a long time. She was very tired and almost fainted. She found a pitcher of water under a bench in a park but couldn't reach it because the water was too deep. She looked around and found some pebbles, which gave her an idea. She dropped the pebbles one by one into the pitcher, and the water level rose until she could drink it. She then flew away happily.","2026-07-07T13:50:44.438075Z","{""choices"":[""bird"",""water"",""pitcher"",""pebbles"",""bench"",""park""]}","{""choices"":[""The day is hot."",""The bird is thirsty."",""The bird looks for water for a long time."",""The bird becomes very tired and is about to faint."",""The bird spots a pitcher of water."",""The pitcher is under a bench in a park."",""The water is too deep to reach, the bird’s beak is not long enough."",""The bird finds some pebbles."",""The bird picks up pebbles and drops them into the pitcher."",""The water level rises, allowing the bird to drink."",""The bird flies away happily.""]}",2042,34.421,"","","","2026-07-07T13:50:44.438075Z"
"9b0e7c4a3bc187b0",605,"1","It was a very hot day, and a little bird was very thirsty. She looked for water for a long time and became very tired. She found a pitcher of water under a bench in a park, but the water was too deep for her to reach. She saw some pebbles nearby and had an idea. She dropped the pebbles one by one into the pitcher, which raised the water level. Soon, she was able to drink the water. She was happy and flew away.","2026-07-07T13:51:46.881814Z","{""choices"":[""bird"",""water"",""pitcher"",""pebbles"",""bench"",""park""]}","{""choices"":[""The day is hot."",""The bird is thirsty."",""The bird looks for water for a long time."",""The bird becomes very tired and is about to faint."",""The bird spots a pitcher of water."",""The pitcher is under a bench in a park."",""The water is too deep to reach, the bird’s beak is not long enough."",""The bird finds some pebbles."",""The bird picks up pebbles and drops them into the pitcher."",""The water level rises, allowing the bird to drink."",""The bird flies away happily.""]}",2043,62.028,"","","","2026-07-07T13:51:46.881814Z"
"06d3243ea49f003d",606,"1","The story was about a little bird who was very thirsty on a hot day. She had been looking for water for a long time and was very tired, almost fainting. She found a pitcher of water under a bench in a park, but the water was too deep for her to reach with her short beak. She looked around and found some pebbles, which gave her an idea. She dropped the pebbles one by one into the pitcher, and the water level rose. Soon, she was able to drink the water. She flew away happily after getting the water she needed. The story showed how the bird used her intelligence to solve the problem. It was a simple but effective solution. I think that’s all I remember.","2026-07-07T13:52:31.578146Z","{""choices"":[""bird"",""water"",""pitcher"",""pebbles"",""bench"",""park"",""beak (or beak length)""]}","{""choices"":[""The day is hot."",""The bird is thirsty."",""The bird looks for water for a long time."",""The bird becomes very tired and is about to faint."",""The bird spots a pitcher of water."",""The pitcher is under a bench in a park."",""The water is too deep to reach, the bird’s beak is not long enough."",""The bird finds some pebbles."",""The bird picks up pebbles and drops them into the pitcher."",""The water level rises, allowing the bird to drink."",""The bird flies away happily.""]}",2044,44.266,"","","","2026-07-07T13:52:31.578146Z"
"6874bddcd286e933",607,"1","I remember the story about a little bird who was very thirsty and tired on a hot day. She had been looking for water for a long time and was about to faint. Then she saw a pitcher of water under a bench in a park. She flew down and sat on it, but the water was too deep for her to reach with her beak. She looked around and found some pebbles, which gave her an idea. She dropped the pebbles one by one into the pitcher, and the water level rose until she could finally drink it. She flew away happily after that. I’m not sure if there were any other details, but that’s all I remember.","2026-07-07T13:53:49.922792Z","{""choices"":[""bird"",""water"",""pitcher"",""pebbles"",""bench"",""park"",""beak (or beak length)""]}","{""choices"":[""The day is hot."",""The bird is thirsty."",""The bird looks for water for a long time."",""The bird becomes very tired and is about to faint."",""The bird spots a pitcher of water."",""The pitcher is under a bench in a park."",""The bird flies down and sits on the pitcher."",""The water is too deep to reach, the bird’s beak is not long enough."",""The bird finds some pebbles."",""The bird picks up pebbles and drops them into the pitcher."",""The water level rises, allowing the bird to drink."",""The bird flies away happily.""]}",2045,77.942,"","","","2026-07-07T13:53:49.922792Z"
"e923a74326b19c11",608,"1","It was a hot day, and a thirsty bird was looking for water for a long time. She was very tired and almost fainted. She saw a pitcher of water under a bench in a park. She flew down and sat on it, but the water was too deep for her to reach with her beak. She looked around and found some pebbles. She picked them up one by one and dropped them into the pitcher. The water level rose, and she was able to drink it. She flew away happily. I don’t know if there were any other animals around or how long it took her to find the pebbles. I don’t know.","2026-07-07T13:57:18.760712Z","{""choices"":[""bird"",""water"",""pitcher"",""pebbles"",""bench"",""park"",""beak (or beak length)""]}","{""choices"":[""The day is hot."",""The bird is thirsty."",""The bird looks for water for a long time."",""The bird becomes very tired and is about to faint."",""The bird spots a pitcher of water."",""The pitcher is under a bench in a park."",""The bird flies down and sits on the pitcher."",""The water is too deep to reach, the bird’s beak is not long enough."",""The bird finds some pebbles."",""The bird picks up pebbles and drops them into the pitcher."",""The water level rises, allowing the bird to drink."",""The bird flies away happily.""]}",2046,208.416,"","","","2026-07-07T13:57:18.760712Z"
"defd4cd3b12a58df",609,"1","The story was about a little bird who was very thirsty on a hot day. She looked for water for a long time and became very tired. She saw a pitcher of water under a bench in a park, but it was too deep for her to reach with her short beak. She found some pebbles and dropped them into the pitcher, which raised the water level so she could drink. She was happy after she got the water. I don’t know the exact details about the park or how long she was looking, but I remember she used pebbles to make the water level higher.","2026-07-07T13:58:14.996832Z","{""choices"":[""bird"",""water"",""pitcher"",""pebbles"",""bench"",""park"",""beak (or beak length)""]}","{""choices"":[""The day is hot."",""The bird is thirsty."",""The bird looks for water for a long time."",""The bird becomes very tired and is about to faint."",""The bird spots a pitcher of water."",""The pitcher is under a bench in a park."",""The water is too deep to reach, the bird’s beak is not long enough."",""The bird finds some pebbles."",""The bird picks up pebbles and drops them into the pitcher."",""The water level rises, allowing the bird to drink.""]}",2047,55.827,"","","","2026-07-07T13:58:14.996832Z"
"7ce41d53535f173f",610,"1","The story was about a little bird who was very thirsty on a hot day. She looked for water for a long time and was almost fainting from tiredness. She found a pitcher of water under a bench in a park, but the water was too deep for her to reach with her short beak. She looked around and found some pebbles, which gave her an idea. She dropped the pebbles into the pitcher one by one, and the water level rose until she could finally drink. She then flew away happily. I don’t know the exact details about the bird’s color or the park’s name, but I remember it was a hot day and she used pebbles to raise the water level. I don’t know.","2026-07-07T14:00:48.360625Z","{""choices"":[""bird"",""water"",""pitcher"",""pebbles"",""bench"",""park"",""beak (or beak length)""]}","{""choices"":[""The day is hot."",""The bird is thirsty."",""The bird looks for water for a long time."",""The bird becomes very tired and is about to faint."",""The bird spots a pitcher of water."",""The pitcher is under a bench in a park."",""The water is too deep to reach, the bird’s beak is not long enough."",""The bird finds some pebbles."",""The bird picks up pebbles and drops them into the pitcher."",""The water level rises, allowing the bird to drink."",""The bird flies away happily.""]}",2048,152.909,"","","","2026-07-07T14:00:48.360625Z"
"8294dbafc136dedf",611,"1","Sure. The story was about a little bird who was very thirsty on a hot day. She had been looking for water for a long time and was getting really tired. She spotted a pitcher of water under a bench in a park and flew down to it. The water was too deep for her to reach, so she looked around and found some pebbles. She dropped them into the pitcher one by one, and soon the water level rose enough for her to drink. She drank the water and then flew away happily. I don’t know.","2026-07-07T14:03:00.526888Z","{""choices"":[""bird"",""water"",""pitcher"",""pebbles"",""bench"",""park""]}","{""choices"":[""The day is hot."",""The bird is thirsty."",""The bird looks for water for a long time."",""The bird becomes very tired and is about to faint."",""The bird spots a pitcher of water."",""The pitcher is under a bench in a park."",""The bird flies down and sits on the pitcher."",""The water is too deep to reach, the bird’s beak is not long enough."",""The bird finds some pebbles."",""The bird picks up pebbles and drops them into the pitcher."",""The water level rises, allowing the bird to drink."",""The bird flies away happily.""]}",2049,131.746,"","","","2026-07-07T14:03:00.526888Z"
"90d80625018427ae",612,"1","Sure. The story was about a little bird who was very thirsty on a hot day. She looked for water for a long time and got really tired. She spotted a pitcher of water under a bench in a park and flew down to check it out. The water was too deep for her to reach with her beak, so she looked around and found some pebbles. She dropped them one by one into the pitcher, which raised the water level. Eventually, she was able to drink the water and flew away happily. The story showed how clever the bird was in finding a way to get the water she needed.","2026-07-07T14:05:04.574213Z","{""choices"":[""bird"",""water"",""pitcher"",""pebbles"",""bench"",""park"",""beak (or beak length)""]}","{""choices"":[""The day is hot."",""The bird is thirsty."",""The bird looks for water for a long time."",""The bird becomes very tired and is about to faint."",""The bird spots a pitcher of water."",""The pitcher is under a bench in a park."",""The bird flies down and sits on the pitcher."",""The water is too deep to reach, the bird’s beak is not long enough."",""The bird finds some pebbles."",""The bird picks up pebbles and drops them into the pitcher."",""The water level rises, allowing the bird to drink."",""The bird flies away happily.""]}",2050,123.631,"","","","2026-07-07T14:05:04.574213Z"
"da685f226197909a",613,"1","The story was about a little bird who was very thirsty on a hot day. She searched for water for a long time and became very tired, almost fainting. She found a pitcher of water under a bench in a park but couldn’t reach it because the water was too deep for her short beak. She looked around and found some pebbles, which gave her an idea. She dropped the pebbles one by one into the pitcher, and the water level rose. This allowed her to drink the water. She then flew away happily. The bird used the pebbles to raise the water level so she could access it. The pitcher was under a bench in a park, and the day was very hot.","2026-07-07T14:05:47.061303Z","{""choices"":[""bird"",""water"",""pitcher"",""pebbles"",""bench"",""park"",""beak (or beak length)""]}","{""choices"":[""The day is hot."",""The bird is thirsty."",""The bird looks for water for a long time."",""The bird becomes very tired and is about to faint."",""The bird spots a pitcher of water."",""The pitcher is under a bench in a park."",""The water is too deep to reach, the bird’s beak is not long enough."",""The bird finds some pebbles."",""The bird picks up pebbles and drops them into the pitcher."",""The water level rises, allowing the bird to drink."",""The bird flies away happily.""]}",2051,42.084,"","","","2026-07-07T14:05:47.061303Z"
"20cc49e6f2d73b19",614,"1","The story was about a little bird who was very thirsty on a hot day and had been searching for water for a long time. She became very tired and almost fainted. While she was looking for water, she saw a pitcher under a bench in a park. She flew down and sat on the pitcher, but the water was too deep for her to reach with her short beak. She looked around and found some pebbles, which gave her an idea. She dropped the pebbles one by one into the pitcher, and as the water level rose, she was finally able to drink. After quenching her thirst, she flew away happily. The bird used the pebbles to raise the water level so she could drink. I don’t know if there were other birds or if the pitcher was full or empty at first.","2026-07-07T14:06:47.368090Z","{""choices"":[""bird"",""water"",""pitcher"",""pebbles"",""bench"",""park"",""beak (or beak length)""]}","{""choices"":[""The day is hot."",""The bird is thirsty."",""The bird looks for water for a long time."",""The bird becomes very tired and is about to faint."",""The bird spots a pitcher of water."",""The pitcher is under a bench in a park."",""The bird flies down and sits on the pitcher."",""The water is too deep to reach, the bird’s beak is not long enough."",""The bird finds some pebbles."",""The bird picks up pebbles and drops them into the pitcher."",""The water level rises, allowing the bird to drink."",""The bird flies away happily.""]}",2052,59.903,"","","","2026-07-07T14:06:47.368090Z"
"56063fb764c75ae0",615,"1","The story was about a little bird who was very thirsty on a hot day. She searched for water for a long time and became very tired, almost fainting. She found a pitcher of water under a bench in a park but couldn’t reach it because the water was too deep for her short beak. She looked around and found some pebbles, which gave her an idea. She dropped the pebbles one by one into the pitcher, and the water level rose until she could finally drink. She then flew away happily.","2026-07-07T14:07:33.550207Z","{""choices"":[""bird"",""water"",""pitcher"",""pebbles"",""bench"",""park"",""beak (or beak length)""]}","{""choices"":[""The day is hot."",""The bird is thirsty."",""The bird looks for water for a long time."",""The bird becomes very tired and is about to faint."",""The bird spots a pitcher of water."",""The pitcher is under a bench in a park."",""The water is too deep to reach, the bird’s beak is not long enough."",""The bird finds some pebbles."",""The bird picks up pebbles and drops them into the pitcher."",""The water level rises, allowing the bird to drink."",""The bird flies away happily.""]}",2053,45.764,"","","","2026-07-07T14:07:33.550207Z"
"822e7bc22251b9a2",616,"1","The story was about a little bird who was very thirsty on a hot day and searched for water for a long time. She became very tired and almost fainted. While looking for water, she found a pitcher under a bench in a park. The pitcher had some water, but it was too deep for her to reach with her short beak. She noticed some pebbles nearby and decided to use them. She dropped the pebbles one by one into the pitcher, which caused the water level to rise. Once the water was high enough, she was able to drink it. After quenching her thirst, she flew away happily. I don’t know the exact time of day or the color of the pitcher, but the main events were clear.","2026-07-07T14:09:11.657697Z","{""choices"":[""bird"",""water"",""pitcher"",""pebbles"",""bench"",""park"",""beak (or beak length)""]}","{""choices"":[""The day is hot."",""The bird is thirsty."",""The bird looks for water for a long time."",""The bird becomes very tired and is about to faint."",""The bird spots a pitcher of water."",""The pitcher is under a bench in a park."",""The water is too deep to reach, the bird’s beak is not long enough."",""The bird finds some pebbles."",""The bird picks up pebbles and drops them into the pitcher."",""The water level rises, allowing the bird to drink."",""The bird flies away happily.""]}",2054,97.663,"","","","2026-07-07T14:09:11.657697Z"
"f7b75d241b4a0253",617,"1","The story was about a little bird who was very thirsty on a hot day. She searched for water for a long time and became very tired, almost fainting. She found a pitcher of water under a bench in a park but couldn't reach it because the water was too deep for her beak. She noticed some pebbles nearby and decided to use them. She dropped the pebbles one by one into the pitcher, which caused the water level to rise. This allowed her to drink the water. She then flew away happily.","2026-07-07T14:09:45.124822Z","{""choices"":[""bird"",""water"",""pitcher"",""pebbles"",""bench"",""park"",""beak (or beak length)""]}","{""choices"":[""The day is hot."",""The bird is thirsty."",""The bird looks for water for a long time."",""The bird becomes very tired and is about to faint."",""The bird spots a pitcher of water."",""The pitcher is under a bench in a park."",""The water is too deep to reach, the bird’s beak is not long enough."",""The bird finds some pebbles."",""The bird picks up pebbles and drops them into the pitcher."",""The water level rises, allowing the bird to drink."",""The bird flies away happily.""]}",2055,33.028,"","","","2026-07-07T14:09:45.124822Z"
"73a1a166f868eeec",618,"1","The story was about a little bird who was very thirsty on a hot day and searched for water for a long time. She became very tired and almost fainted. While looking around, she found a pitcher of water under a bench in a park. The water was inside, but it was too deep for her to reach with her short beak. She noticed some pebbles nearby and decided to use them. She picked up the pebbles one by one and dropped them into the pitcher. This caused the water level to rise, making it possible for her to drink. After quenching her thirst, she flew away happily.","2026-07-07T14:10:23.831544Z","{""choices"":[""bird"",""water"",""pitcher"",""pebbles"",""bench"",""park"",""beak (or beak length)""]}","{""choices"":[""The day is hot."",""The bird is thirsty."",""The bird looks for water for a long time."",""The bird becomes very tired and is about to faint."",""The bird spots a pitcher of water."",""The pitcher is under a bench in a park."",""The water is too deep to reach, the bird’s beak is not long enough."",""The bird finds some pebbles."",""The bird picks up pebbles and drops them into the pitcher."",""The water level rises, allowing the bird to drink."",""The bird flies away happily.""]}",2056,38.085,"","","","2026-07-07T14:10:23.831544Z"
"6ab6bdc80101c38e",619,"1","It was a very hot day, and a little bird was looking for water but couldn't find any. She was very tired and almost fainted from the heat. Then she saw a pitcher of water under a bench in a park. She flew down and sat on the pitcher, but the water was too deep for her to reach with her short beak. She looked around and found some pebbles. She started dropping them into the pitcher one by one, and the water level rose. Soon, she could reach the water and drank it. She flew away happily after getting the water she needed.","2026-07-07T14:11:03.100074Z","{""choices"":[""bird"",""water"",""pitcher"",""pebbles"",""bench"",""park"",""beak (or beak length)""]}","{""choices"":[""The day is hot."",""The bird is thirsty."",""The bird looks for water for a long time."",""The bird becomes very tired and is about to faint."",""The bird spots a pitcher of water."",""The pitcher is under a bench in a park."",""The bird flies down and sits on the pitcher."",""The water is too deep to reach, the bird’s beak is not long enough."",""The bird finds some pebbles."",""The bird picks up pebbles and drops them into the pitcher."",""The water level rises, allowing the bird to drink."",""The bird flies away happily.""]}",2057,38.78,"","","","2026-07-07T14:11:03.100074Z"
"34f8ee44074f85af",620,"1","The story was about a little bird who was very thirsty on a hot day. She searched for water for a long time and became very tired, almost fainting. She found a pitcher of water under a bench in a park but couldn’t reach it because the water was too deep for her beak. She looked around and found some pebbles. She dropped them one by one into the pitcher, which raised the water level. This allowed her to drink the water. She then flew away happily.","2026-07-07T14:14:50.167595Z","{""choices"":[""bird"",""water"",""pitcher"",""pebbles"",""bench"",""park"",""beak (or beak length)""]}","{""choices"":[""The day is hot."",""The bird is thirsty."",""The bird looks for water for a long time."",""The bird becomes very tired and is about to faint."",""The bird spots a pitcher of water."",""The pitcher is under a bench in a park."",""The water is too deep to reach, the bird’s beak is not long enough."",""The bird finds some pebbles."",""The bird picks up pebbles and drops them into the pitcher."",""The water level rises, allowing the bird to drink."",""The bird flies away happily.""]}",2058,226.541,"","","","2026-07-07T14:14:50.167595Z"
"68e36f1138ec058c",621,"1","The story was about a little bird who was very thirsty on a hot day and had been searching for water for a long time. She became very tired and almost fainted. While looking for water, she saw a pitcher under a bench in a park. The pitcher had some water inside, but it was too deep for her to reach with her short beak. She found some pebbles and decided to drop them into the pitcher one by one. As she added more pebbles, the water level rose, allowing her to finally drink the water. After quenching her thirst, she flew away happily.","2026-07-07T14:15:23.900523Z","{""choices"":[""bird"",""water"",""pitcher"",""pebbles"",""bench"",""park"",""beak (or beak length)""]}","{""choices"":[""The day is hot."",""The bird is thirsty."",""The bird looks for water for a long time."",""The bird becomes very tired and is about to faint."",""The bird spots a pitcher of water."",""The pitcher is under a bench in a park."",""The water is too deep to reach, the bird’s beak is not long enough."",""The bird finds some pebbles."",""The bird picks up pebbles and drops them into the pitcher."",""The water level rises, allowing the bird to drink."",""The bird flies away happily.""]}",2059,33.317,"","","","2026-07-07T14:15:23.900523Z"
"6d5136127f367973",622,"1","The story was about a little bird who was very thirsty on a hot day. She searched for water for a long time and became very tired, almost fainting. While looking around, she saw a pitcher of water under a bench in a park. She flew down and sat on the pitcher, but the water was too deep for her to reach with her short beak. She noticed some pebbles nearby and decided to use them. She dropped the pebbles one by one into the pitcher, which caused the water level to rise. This allowed her to drink the water. After quenching her thirst, she flew away happily.","2026-07-07T14:16:06.818968Z","{""choices"":[""bird"",""water"",""pitcher"",""pebbles"",""bench"",""park"",""beak (or beak length)""]}","{""choices"":[""The day is hot."",""The bird is thirsty."",""The bird looks for water for a long time."",""The bird becomes very tired and is about to faint."",""The bird spots a pitcher of water."",""The pitcher is under a bench in a park."",""The bird flies down and sits on the pitcher."",""The water is too deep to reach, the bird’s beak is not long enough."",""The bird finds some pebbles."",""The bird picks up pebbles and drops them into the pitcher."",""The water level rises, allowing the bird to drink."",""The bird flies away happily.""]}",2060,42.505,"","","","2026-07-07T14:16:06.818968Z"
"62ede2259219000f",623,"1","The story was about a little bird who was very thirsty on a hot day. She searched for water for a long time and became very tired, almost fainting. She found a pitcher of water under a bench in a park and sat on it, but the water was too deep for her to reach with her short beak. She looked around and found some pebbles, which gave her an idea. She dropped the pebbles one by one into the pitcher, raising the water level until she could drink. After drinking, she flew away happily. I don’t know the exact color of the bird or the pitcher, but I remember it was a hot day and she used pebbles to raise the water level.","2026-07-07T14:20:14.036132Z","{""choices"":[""bird"",""water"",""pitcher"",""pebbles"",""bench"",""park"",""beak (or beak length)""]}","{""choices"":[""The day is hot."",""The bird looks for water for a long time."",""The bird becomes very tired and is about to faint."",""The bird spots a pitcher of water."",""The pitcher is under a bench in a park."",""The water is too deep to reach, the bird’s beak is not long enough."",""The bird finds some pebbles."",""The bird picks up pebbles and drops them into the pitcher."",""The water level rises, allowing the bird to drink."",""The bird flies away happily.""]}",2061,246.778,"","","","2026-07-07T14:20:14.036132Z"
"4c1989454ed28c01",624,"1","The story was about a little bird who was very thirsty on a hot day. She searched for water for a long time and became very tired, almost fainting. She found a pitcher of water under a bench in a park but couldn't reach it because the water was too deep for her short beak. She looked around and found some pebbles, which gave her an idea. She dropped the pebbles into the pitcher one by one, and the water level rose until she could finally drink. She then flew away happily.","2026-07-07T14:21:21.251645Z","{""choices"":[""bird"",""water"",""pitcher"",""pebbles"",""bench"",""park"",""beak (or beak length)""]}","{""choices"":[""The day is hot."",""The bird is thirsty."",""The bird looks for water for a long time."",""The bird becomes very tired and is about to faint."",""The bird spots a pitcher of water."",""The pitcher is under a bench in a park."",""The water is too deep to reach, the bird’s beak is not long enough."",""The bird finds some pebbles."",""The bird picks up pebbles and drops them into the pitcher."",""The water level rises, allowing the bird to drink."",""The bird flies away happily.""]}",2062,66.707,"","","","2026-07-07T14:21:21.252639Z"
"a4dd9cb08d2bb183",625,"1","It was a hot day, and a thirsty bird was searching for water for a long time. She was very tired and almost fainting when she saw a pitcher of water under a bench in a park. She flew down and sat on the pitcher, but the water was too deep for her to reach with her short beak. She looked around and found some pebbles, which gave her an idea. She picked up the pebbles one by one and dropped them into the pitcher. This caused the water level to rise, allowing her to drink. After quenching her thirst, she flew away happily.","2026-07-07T14:22:06.097223Z","{""choices"":[""bird"",""water"",""pitcher"",""pebbles"",""bench"",""park"",""beak (or beak length)""]}","{""choices"":[""The day is hot."",""The bird is thirsty."",""The bird looks for water for a long time."",""The bird becomes very tired and is about to faint."",""The bird spots a pitcher of water."",""The pitcher is under a bench in a park."",""The bird flies down and sits on the pitcher."",""The water is too deep to reach, the bird’s beak is not long enough."",""The bird finds some pebbles."",""The bird picks up pebbles and drops them into the pitcher."",""The water level rises, allowing the bird to drink."",""The bird flies away happily.""]}",2063,44.193,"","","","2026-07-07T14:22:06.098287Z"
"238d407b63554ec7",626,"1","The story was about a little bird who was very thirsty on a hot day. She searched for water for a long time and became very tired, almost fainting. She found a pitcher of water under a bench in a park but couldn’t reach it because the water was too deep for her beak. She looked around and found some pebbles, which gave her an idea. She dropped the pebbles one by one into the pitcher, and the water level rose until she could drink from it. She then flew away happily.","2026-07-07T14:23:33.108587Z","{""choices"":[""bird"",""water"",""pitcher"",""pebbles"",""bench"",""park"",""beak (or beak length)""]}","{""choices"":[""The day is hot."",""The bird is thirsty."",""The bird looks for water for a long time."",""The bird becomes very tired and is about to faint."",""The bird spots a pitcher of water."",""The pitcher is under a bench in a park."",""The bird flies down and sits on the pitcher."",""The water is too deep to reach, the bird’s beak is not long enough."",""The bird finds some pebbles."",""The bird picks up pebbles and drops them into the pitcher."",""The water level rises, allowing the bird to drink."",""The bird flies away happily.""]}",2064,86.556,"","","","2026-07-07T14:23:33.108587Z"
"a39f725d34e2d0b5",627,"1","The story was about a little bird who was very thirsty on a hot day. She looked for water for a long time and got really tired, almost fainting. Then she saw a pitcher of water under a bench in a park. She flew down and sat on it, but the water was too deep for her to reach with her short beak. She looked around and found some pebbles. She started dropping them into the pitcher one by one, and the water level rose until she could finally drink. She flew away happy after getting the water she needed.","2026-07-07T14:24:05.837585Z","{""choices"":[""bird"",""water"",""pitcher"",""pebbles"",""bench"",""park"",""beak (or beak length)""]}","{""choices"":[""The day is hot."",""The bird is thirsty."",""The bird looks for water for a long time."",""The bird becomes very tired and is about to faint."",""The bird spots a pitcher of water."",""The pitcher is under a bench in a park."",""The bird flies down and sits on the pitcher."",""The water is too deep to reach, the bird’s beak is not long enough."",""The bird finds some pebbles."",""The bird picks up pebbles and drops them into the pitcher."",""The water level rises, allowing the bird to drink."",""The bird flies away happily.""]}",2065,32.323,"","","","2026-07-07T14:24:05.837585Z"
"ca843b09d9b9dae5",628,"1","The story was about a little bird who was very thirsty on a hot day. She searched for water for a long time and became very tired, almost fainting. She found a pitcher of water under a bench in a park but couldn’t reach it because the water was too deep for her beak. She noticed some pebbles nearby and decided to use them. She dropped the pebbles one by one into the pitcher, which caused the water level to rise. Once the water was high enough, she was able to drink it. She then flew away happily. I don’t know the exact location of the park or the bird’s name, but I remember she was small and used pebbles to raise the water level.","2026-07-07T14:25:43.733841Z","{""choices"":[""bird"",""water"",""pitcher"",""pebbles"",""bench"",""park"",""beak (or beak length)""]}","{""choices"":[""The day is hot."",""The bird is thirsty."",""The bird looks for water for a long time."",""The bird becomes very tired and is about to faint."",""The bird spots a pitcher of water."",""The pitcher is under a bench in a park."",""The water is too deep to reach, the bird’s beak is not long enough."",""The bird finds some pebbles."",""The bird picks up pebbles and drops them into the pitcher."",""The water level rises, allowing the bird to drink."",""The bird flies away happily.""]}",2066,42.791,"","","","2026-07-07T14:25:43.733841Z"
"131c2dd1844bdfe7",629,"1","The story was about a little bird who was very thirsty on a hot day and had been searching for water for a long time. She became very tired and almost fainted. While she was resting, she saw a pitcher of water under a bench in a park. The water was too deep for her to reach with her short beak. She looked around and found some pebbles, which gave her an idea. She dropped the pebbles one by one into the pitcher, causing the water level to rise. This allowed her to drink the water, and she flew away happily.","2026-07-07T14:26:36.417010Z","{""choices"":[""bird"",""water"",""pitcher"",""pebbles"",""bench"",""park"",""beak (or beak length)""]}","{""choices"":[""The day is hot."",""The bird is thirsty."",""The bird looks for water for a long time."",""The bird becomes very tired and is about to faint."",""The bird spots a pitcher of water."",""The pitcher is under a bench in a park."",""The water is too deep to reach, the bird’s beak is not long enough."",""The bird finds some pebbles."",""The bird picks up pebbles and drops them into the pitcher."",""The water level rises, allowing the bird to drink."",""The bird flies away happily.""]}",2067,52.218,"","","","2026-07-07T14:26:36.418016Z"
"cf366409126fb0fb",630,"1","The story was about a little bird who was very thirsty on a hot day. She searched for water for a long time and became very tired. She saw a pitcher of water under a bench in a park but couldn't drink from it because the water was too deep for her to reach. She noticed some pebbles nearby and decided to use them. She dropped the pebbles one by one into the pitcher, which caused the water level to rise. This allowed her to drink the water. She then flew away happily. The bird used her intelligence to solve the problem by thinking creatively about how to access the water. The pitcher was under a bench, and the water was deep, but the pebbles helped her reach the water. She was tired and thirsty at the beginning, and she was happy at the end after getting the water she needed.","2026-07-07T14:27:54.530679Z","{""choices"":[""bird"",""water"",""pitcher"",""pebbles"",""bench"",""park""]}","{""choices"":[""The day is hot."",""The bird is thirsty."",""The bird looks for water for a long time."",""The bird becomes very tired and is about to faint."",""The bird spots a pitcher of water."",""The pitcher is under a bench in a park."",""The water is too deep to reach, the bird’s beak is not long enough."",""The bird finds some pebbles."",""The bird picks up pebbles and drops them into the pitcher."",""The water level rises, allowing the bird to drink."",""The bird flies away happily.""]}",2068,77.641,"","","","2026-07-07T14:27:54.530679Z"
"f77e6444b60f2cba",631,"1","The story was about a little bird who was very thirsty on a hot day and searched for water for a long time. She became very tired and almost fainted. While looking for water, she saw a pitcher under a bench in a park. The pitcher had some water, but it was too deep for her to reach with her short beak. She looked around and found some pebbles. She then dropped the pebbles into the pitcher one by one, which caused the water level to rise. This allowed her to drink the water. After satisfying her thirst, she flew away happily. The bird used the pebbles to raise the water level so she could access it.","2026-07-07T14:29:04.345437Z","{""choices"":[""bird"",""water"",""pitcher"",""pebbles"",""bench"",""park"",""beak (or beak length)""]}","{""choices"":[""The day is hot."",""The bird is thirsty."",""The bird looks for water for a long time."",""The bird becomes very tired and is about to faint."",""The bird spots a pitcher of water."",""The pitcher is under a bench in a park."",""The water is too deep to reach, the bird’s beak is not long enough."",""The bird finds some pebbles."",""The bird picks up pebbles and drops them into the pitcher."",""The water level rises, allowing the bird to drink."",""The bird flies away happily.""]}",2069,69.351,"","","","2026-07-07T14:29:04.345437Z"
"fa09d281263b793d",632,"1","The story was about a little bird who was very thirsty on a hot day. She searched for water for a long time and became very tired, almost fainting. She found a pitcher of water under a bench in a park but couldn’t reach it because the water was too deep for her short beak. She noticed some pebbles nearby and decided to use them. She dropped the pebbles one by one into the pitcher, which caused the water level to rise. This allowed her to drink the water. She then flew away happily. I don’t know the bird’s name or the exact location of the park, but the main events were clear. The bird used problem-solving skills to get the water she needed.","2026-07-07T14:29:44.913244Z","{""choices"":[""bird"",""water"",""pitcher"",""pebbles"",""bench"",""park"",""beak (or beak length)""]}","{""choices"":[""The day is hot."",""The bird is thirsty."",""The bird looks for water for a long time."",""The bird becomes very tired and is about to faint."",""The bird spots a pitcher of water."",""The pitcher is under a bench in a park."",""The water is too deep to reach, the bird’s beak is not long enough."",""The bird finds some pebbles."",""The bird picks up pebbles and drops them into the pitcher."",""The water level rises, allowing the bird to drink."",""The bird flies away happily.""]}",2070,40.139,"","","","2026-07-07T14:29:44.913244Z"
"d75cab9b6b5bbfc1",633,"1","The story was about a little bird who was very thirsty on a hot day. She searched for water for a long time and became very tired, almost fainting. She found a pitcher of water under a bench in a park but couldn’t reach it because the water was too deep for her beak. She looked around and found some pebbles. She dropped them one by one into the pitcher, which raised the water level. This allowed her to drink the water. She then flew away happily. I don’t remember if there were other birds or any specific details about the park or the pitcher.","2026-07-07T14:30:28.279579Z","{""choices"":[""bird"",""water"",""pitcher"",""pebbles"",""bench"",""park"",""beak (or beak length)""]}","{""choices"":[""The day is hot."",""The bird is thirsty."",""The bird looks for water for a long time."",""The bird becomes very tired and is about to faint."",""The bird spots a pitcher of water."",""The pitcher is under a bench in a park."",""The water is too deep to reach, the bird’s beak is not long enough."",""The bird finds some pebbles."",""The bird picks up pebbles and drops them into the pitcher."",""The water level rises, allowing the bird to drink."",""The bird flies away happily.""]}",2071,42.739,"","","","2026-07-07T14:30:28.279579Z"
"22e2a194062351da",634,"1","The story was about a little bird who was very thirsty on a hot day. She searched for water for a long time and became very tired, almost fainting. Then she saw a pitcher of water under a bench in a park. She flew down and sat on the pitcher, but the water was too deep for her to reach with her short beak. She looked around and found some pebbles. She dropped them one by one into the pitcher, which raised the water level. This allowed her to drink the water. After drinking, she flew away happily. She used the pebbles to make the water level higher so she could access it. The pitcher was under a bench in a park, and the bird was very tired before she found the water.","2026-07-07T14:31:24.544944Z","{""choices"":[""bird"",""water"",""pitcher"",""pebbles"",""bench"",""park"",""beak (or beak length)""]}","{""choices"":[""The day is hot."",""The bird is thirsty."",""The bird looks for water for a long time."",""The bird becomes very tired and is about to faint."",""The bird spots a pitcher of water."",""The pitcher is under a bench in a park."",""The bird flies down and sits on the pitcher."",""The water is too deep to reach, the bird’s beak is not long enough."",""The bird finds some pebbles."",""The bird picks up pebbles and drops them into the pitcher."",""The water level rises, allowing the bird to drink."",""The bird flies away happily.""]}",2072,55.756,"","","","2026-07-07T14:31:24.544944Z"
"80f360bb80e9024e",635,"1","The story was about a little bird who was very thirsty on a hot day. She looked for water for a long time and became very tired, almost fainting. She found a pitcher of water under a bench in a park but couldn't reach it because the water was too deep for her beak. She found some pebbles and dropped them into the pitcher one by one, which raised the water level until she could drink. She then flew away happily.","2026-07-07T14:45:27.291913Z","{""choices"":[""bird"",""water"",""pitcher"",""pebbles"",""bench"",""park"",""beak (or beak length)""]}","{""choices"":[""The day is hot."",""The bird is thirsty."",""The bird looks for water for a long time."",""The bird becomes very tired and is about to faint."",""The bird spots a pitcher of water."",""The pitcher is under a bench in a park."",""The water is too deep to reach, the bird’s beak is not long enough."",""The bird finds some pebbles."",""The bird picks up pebbles and drops them into the pitcher."",""The water level rises, allowing the bird to drink."",""The bird flies away happily.""]}",2073,842.305,"","","","2026-07-07T14:45:27.291913Z"
"f8ececc0ad90e2d3",636,"1","The story was about a little bird who was very thirsty on a hot day. She searched for water for a long time and got really tired, almost fainting. Then she saw a pitcher of water under a bench in a park. She flew down and sat on it, but the water was too deep for her to reach with her short beak. She looked around and found some pebbles. She dropped them one by one into the pitcher, which made the water level rise. Now she could drink the water. She flew away happy because she found a way to get the water she needed.","2026-07-07T14:47:18.484827Z","{""choices"":[""bird"",""water"",""pitcher"",""pebbles"",""bench"",""park"",""beak (or beak length)""]}","{""choices"":[""The day is hot."",""The bird is thirsty."",""The bird looks for water for a long time."",""The bird becomes very tired and is about to faint."",""The bird spots a pitcher of water."",""The pitcher is under a bench in a park."",""The water is too deep to reach, the bird’s beak is not long enough."",""The bird finds some pebbles."",""The bird picks up pebbles and drops them into the pitcher."",""The water level rises, allowing the bird to drink."",""The bird flies away happily.""]}",2074,110.765,"","","","2026-07-07T14:47:18.484827Z"
"a6b9f2cf0185314d",637,"1","The story was about a little bird who was very thirsty on a hot day. She looked for water for a long time and got really tired, almost fainting. Then she saw a pitcher of water under a bench in a park. She flew down and sat on it, but the water was too deep for her to reach with her short beak. She looked around and found some pebbles. She dropped them one by one into the pitcher, and the water level rose. Soon, she could reach the water and drank it. She flew away happy.","2026-07-07T15:25:35.303354Z","{""choices"":[""bird"",""water"",""pitcher"",""pebbles"",""bench"",""park"",""beak (or beak length)""]}","{""choices"":[""The day is hot."",""The bird is thirsty."",""The bird looks for water for a long time."",""The bird becomes very tired and is about to faint."",""The bird spots a pitcher of water."",""The pitcher is under a bench in a park."",""The bird flies down and sits on the pitcher."",""The water is too deep to reach, the bird’s beak is not long enough."",""The bird finds some pebbles."",""The bird picks up pebbles and drops them into the pitcher."",""The water level rises, allowing the bird to drink."",""The bird flies away happily.""]}",2075,2296.392,"","","","2026-07-07T15:25:35.303354Z"
"19ada4f0cc34597c",638,"1","I remember the story about a little bird who was very thirsty and looked for water for a long time. She was very tired and even thought she might pass out. Then she found a pitcher of water under a bench in a park, but the water was too deep for her to drink. She didn’t have a long beak, so she couldn’t reach the water. She found some pebbles and dropped them into the pitcher, which made the water level rise. That way, she could drink it. She was happy after that. I think that’s all.","2026-07-07T15:25:38.863359Z","","",2076,3.102,"","","","2026-07-07T15:25:38.863359Z"
"475796b2015340ad",639,"1","Long time, I know. So, there was this little bird who was really thirsty. It was a hot day, and she looked and looked for water. She was so tired, she thought she might pass out. Then she saw this pitcher under a bench in a park. She flew down and sat on it, but the water was way too deep for her to drink. She couldn’t reach it with her short beak. So, she found some pebbles and dropped them into the pitcher. The water level went down, and now she could drink. She was so happy and then flew away. That's the story. I think that's it.","2026-07-09T12:00:51.197219Z","{""choices"":[""bird"",""water"",""pitcher"",""pebbles"",""bench"",""park"",""beak (or beak length)""]}","{""choices"":[""The day is hot."",""The bird is thirsty."",""The bird looks for water for a long time."",""The bird becomes very tired and is about to faint."",""The bird spots a pitcher of water."",""The pitcher is under a bench in a park."",""The bird flies down and sits on the pitcher."",""The water is too deep to reach, the bird’s beak is not long enough."",""The bird finds some pebbles."",""The bird picks up pebbles and drops them into the pitcher."",""The bird flies away happily.""]}",2077,56.936,"[{""number"":1}]","","The water level went down","2026-07-09T12:00:51.197219Z"
"ddd7278c88b2ae74",640,"1","I remember the story about a little bird who was very thirsty and looked for water for a long time. It was a hot day, and the bird was very tired and even close to fainting. She found a pitcher of water under a bench in a park, but the water was too deep for her to reach. She had a short beak and couldn’t drink it. She looked around and found some pebbles, which gave her an idea. She dropped the pebbles into the pitcher, and the water level rose. Now she could drink. She was happy and flew away. I think that’s it. I don’t think I remembered everything, but that’s the story.","2026-07-09T12:01:14.545850Z","{""choices"":[""bird"",""water"",""pitcher"",""pebbles"",""bench"",""park"",""beak (or beak length)""]}","{""choices"":[""The day is hot."",""The bird is thirsty."",""The bird looks for water for a long time."",""The bird becomes very tired and is about to faint."",""The bird spots a pitcher of water."",""The pitcher is under a bench in a park."",""The water is too deep to reach, the bird’s beak is not long enough."",""The bird finds some pebbles."",""The bird picks up pebbles and drops them into the pitcher."",""The water level rises, allowing the bird to drink."",""The bird flies away happily.""]}",2078,22.443,"","","","2026-07-09T12:01:14.545850Z"
"5c3ed3c2976d643a",641,"1","I remember that it was a hot day and a little bird was very thirsty. She looked for water for a long time and was very tired. Then she found a pitcher of water under a bench in a park. The water was too deep for her to reach, so she looked around and found some peaks. She dropped the pebbles into the pitcher, and the water level rose. This way, she could drink the water. She was happy and then flew away. I think that's all.","2026-07-09T12:01:50.823603Z","{""choices"":[""bird"",""water"",""pitcher"",""pebbles"",""bench"",""park""]}","{""choices"":[""The day is hot."",""The bird is thirsty."",""The bird looks for water for a long time."",""The bird spots a pitcher of water."",""The pitcher is under a bench in a park."",""The bird finds some pebbles."",""The bird picks up pebbles and drops them into the pitcher."",""The water level rises, allowing the bird to drink."",""The bird flies away happily.""]}",2079,35.844,"","","","2026-07-09T12:01:50.823603Z"
"8b63b3987b5c1b34",642,"1","I remember that it was a hot day and a bird was looking for water. She had been looking for a long time and was very tired and close to fainting. Then she saw a pitcher of water under a bench in a park. She flew down and sat on it, but the water was too deep for her to reach. Her beak wasn't long enough, so she looked around and found some pebbles. She dropped the pebbles into the pitcher, and the water level rose. She could now drink it and flew away happily. I think that's all. I don't know if I got everything right, but that's what I remember.","2026-07-09T12:12:05.825003Z","{""choices"":[""bird"",""water"",""pitcher"",""pebbles"",""bench"",""park"",""beak (or beak length)""]}","{""choices"":[""The day is hot."",""The bird is thirsty."",""The bird looks for water for a long time."",""The bird becomes very tired and is about to faint."",""The bird spots a pitcher of water."",""The pitcher is under a bench in a park."",""The bird flies down and sits on the pitcher."",""The water is too deep to reach, the bird’s beak is not long enough."",""The bird finds some pebbles."",""The bird picks up pebbles and drops them into the pitcher."",""The water level rises, allowing the bird to drink."",""The bird flies away happily.""]}",2080,614.288,"","","","2026-07-09T12:12:05.825003Z"
"399db244224ad774",643,"1","I remember the story about a little bird who was very thirsty and looked for water on a hot day. She was tired and almost fainted when she found a pitcher of water under a bench in a park. The water was too deep for her to reach, so she tried dropping pebbles into it to raise the water level. This worked, and she was able to drink. The bird was smart to think of that idea. She was happy after she found a way to get the water. The pitcher had water, but it was too deep for her to drink. She used pebbles to lower the water level so she could drink. She was very clever and patient.","2026-07-09T12:16:02.211438Z","{""choices"":[""bird"",""water"",""pitcher"",""pebbles"",""bench"",""park""]}","{""choices"":[""The day is hot."",""The bird is thirsty."",""The bird looks for water for a long time."",""The bird becomes very tired and is about to faint."",""The bird spots a pitcher of water."",""The pitcher is under a bench in a park."",""The water is too deep to reach, the bird’s beak is not long enough."",""The bird finds some pebbles."",""The bird picks up pebbles and drops them into the pitcher."",""The water level rises, allowing the bird to drink.""]}",2081,234.648,"","[{""number"":1}]","She used pebbles to lower the water level","2026-07-09T12:16:02.211438Z"
"b997855405d06ece",644,"1","Long time, I know. So there's this little bird, right? And it was a hot day, and she was thirsty. She looked for water for a long time and was really tired, almost fainted. Then she found this pitcher under a bench in the park. There was water inside, but it was too deep for her to drink. She couldn't reach it with her beak. Then she found some pebbles and had an idea. She dropped the pebbles into the pitcher, and the water level rose so she could drink. She was happy and flew away. I think that's it. I don't think I missed much.","2026-07-09T12:17:42.012627Z","{""choices"":[""bird"",""water"",""pitcher"",""pebbles"",""bench"",""park"",""beak (or beak length)""]}","{""choices"":[""The day is hot."",""The bird is thirsty."",""The bird looks for water for a long time."",""The bird becomes very tired and is about to faint."",""The bird spots a pitcher of water."",""The pitcher is under a bench in a park."",""The water is too deep to reach, the bird’s beak is not long enough."",""The bird finds some pebbles."",""The bird picks up pebbles and drops them into the pitcher."",""The water level rises, allowing the bird to drink."",""The bird flies away happily.""]}",2082,99.416,"","","","2026-07-09T12:17:42.012627Z"
"42b4e850b95810a9",645,"1","I remember the story about a little bird who was very thirsty and looked for water on a hot day. She found a pitcher of water under a bench in a park, but the water was too deep for her to drink. She tried dropping pebbles into the pitcher, which raised the water level so she could drink. She was happy after that. I think that's all. I don't know.","2026-07-09T12:18:40.162548Z","{""choices"":[""bird"",""water"",""pitcher"",""pebbles"",""bench"",""park""]}","{""choices"":[""The day is hot."",""The bird is thirsty."",""The bird looks for water for a long time."",""The bird spots a pitcher of water."",""The pitcher is under a bench in a park."",""The water is too deep to reach, the bird’s beak is not long enough."",""The bird picks up pebbles and drops them into the pitcher."",""The water level rises, allowing the bird to drink.""]}",2083,57.73,"","","","2026-07-09T12:18:40.162548Z"
"9b735ed5e180d261",646,"1","I remember the story about a little bird who was very thirsty and looked for water for a long time. It was a hot day, and she was very tired and even thought she might faint. She found a pitcher of water under a bench in a park, but the water was too deep for her to reach. She tried putting in pebbles to raise the water level so she could drink. The bird then successfully drank the water and flew away happily. I think that's all.","2026-07-09T12:19:34.538500Z","{""choices"":[""bird"",""water"",""pitcher"",""pebbles"",""bench"",""park""]}","{""choices"":[""The day is hot."",""The bird is thirsty."",""The bird looks for water for a long time."",""The bird becomes very tired and is about to faint."",""The bird spots a pitcher of water."",""The pitcher is under a bench in a park."",""The bird picks up pebbles and drops them into the pitcher."",""The water level rises, allowing the bird to drink."",""The bird flies away happily.""]}",2084,53.958,"","","","2026-07-09T12:19:34.538500Z"
"05c996e40516008a",647,"1","I remember that it was a hot day and a thirsty bird was looking for water for a long time. She was very tired and almost faint. Then she found a pitcher of water under a bench in a park. The water was too deep for her to reach, so she looked around and found some pebbles. She dropped the pebbles into the pitcher, and the water level rose. She could now drink the water and flew away happily. I don’t remember if there were other animals around or if the pitcher was made of a certain material, but that’s what I remember.","2026-07-09T12:21:52.974711Z","{""choices"":[""bird"",""water"",""pitcher"",""pebbles"",""bench"",""park""]}","{""choices"":[""The day is hot."",""The bird is thirsty."",""The bird looks for water for a long time."",""The bird becomes very tired and is about to faint."",""The bird spots a pitcher of water."",""The pitcher is under a bench in a park."",""The bird finds some pebbles."",""The bird picks up pebbles and drops them into the pitcher."",""The water level rises, allowing the bird to drink."",""The bird flies away happily.""]}",2085,138.038,"","","","2026-07-09T12:21:52.974711Z"
"335667d82e735b5f",648,"1","Long time, neighbor. Let me see... So, there was this little bird, wasn't it? She was really thirsty and had been looking for water for a long time. She was so tired, she thought she might pass out. Then, who should she run into but a pitcher of water sitting under a bench in a park. Now, the water was nice and deep, but her beak just wasn’t long enough to reach it. So, she got smart and found some pebbles. You bet she did. One by one, she dropped them into the pitcher until the water level rose. Then, guess what? She could drink! Talk about resourceful. She had herself a happy little bird. I think that's it. I can't remember if there was anything else, but that's the story.","2026-07-09T12:22:58.659490Z","{""choices"":[""bird"",""water"",""pitcher"",""pebbles"",""bench"",""park"",""beak (or beak length)""]}","{""choices"":[""The bird is thirsty."",""The bird looks for water for a long time."",""The bird becomes very tired and is about to faint."",""The bird spots a pitcher of water."",""The pitcher is under a bench in a park."",""The water is too deep to reach, the bird’s beak is not long enough."",""The bird finds some pebbles."",""The bird picks up pebbles and drops them into the pitcher."",""The water level rises, allowing the bird to drink.""]}",2086,65.248,"","","","2026-07-09T12:22:58.659490Z"
"2ff74865b3f450d2",649,"1","Long time, Frank Thompson. Well, let me see. So, there was this little bird, right? It was a hot day, and she was really thirsty. She looked for water for a long time and got really tired. Then she found this pitcher under a bench in the park. There was water inside, but it was too deep for her to drink. Her beak wasn't long enough, so she couldn't reach the water. Then she found some pebbles and had an idea. She dropped the pebbles into the pitcher, and the water level rose. That way, she could drink it. She was happy and flew away. I think that's it. I don't think I missed anything.","2026-07-09T12:23:27.110777Z","{""choices"":[""bird"",""water"",""pitcher"",""pebbles"",""bench"",""park"",""beak (or beak length)""]}","{""choices"":[""The day is hot."",""The bird looks for water for a long time."",""The bird spots a pitcher of water."",""The pitcher is under a bench in a park."",""The water is too deep to reach, the bird’s beak is not long enough."",""The bird finds some pebbles."",""The bird picks up pebbles and drops them into the pitcher."",""The water level rises, allowing the bird to drink."",""The bird flies away happily.""]}",2087,28.065,"","","","2026-07-09T12:23:27.110777Z"
"a93952b43ce46e04",650,"1","I remember the story about a little bird who was very thirsty and looked for water for a long time. It was a hot day, and the bird was tired and even close to fainting. She found a pitcher of water under a bench in a park, but the water was too deep for her to drink. She looked around and found some pebbles and dropped them into the pitcher. This raised the water level so she could reach it. The bird was happy after she found a way to drink the water. I think that’s all.","2026-07-09T12:24:49.912584Z","{""choices"":[""bird"",""water"",""pitcher"",""pebbles"",""bench"",""park""]}","{""choices"":[""The day is hot."",""The bird is thirsty."",""The bird looks for water for a long time."",""The bird becomes very tired and is about to faint."",""The bird spots a pitcher of water."",""The pitcher is under a bench in a park."",""The bird finds some pebbles."",""The bird picks up pebbles and drops them into the pitcher."",""The water level rises, allowing the bird to drink.""]}",2088,82.41,"","","","2026-07-09T12:24:49.912584Z"
"ebeef2a7f5ab24d2",651,"1","I remember the story about the little bird who was very thirsty and looked for water on a hot day. She was tired and even thought she might faint. Then she found a pitcher of water under a bench in a park, but the water was too deep for her to reach. She didn’t have a long enough beak, so she thought of a clever idea. She dropped pebbles into the pitcher, and the water level rose. That way, she could drink it. She was happy and then flew away. I think that’s it. I don’t think I remembered everything, but that’s what I remember.","2026-07-09T12:29:06.536709Z","{""choices"":[""bird"",""water"",""pitcher"",""pebbles"",""bench"",""park"",""beak (or beak length)""]}","{""choices"":[""The day is hot."",""The bird is thirsty."",""The bird becomes very tired and is about to faint."",""The bird spots a pitcher of water."",""The pitcher is under a bench in a park."",""The water is too deep to reach, the bird’s beak is not long enough."",""The bird picks up pebbles and drops them into the pitcher."",""The water level rises, allowing the bird to drink."",""The bird flies away happily.""]}",2089,256.231,"","","","2026-07-09T12:29:06.536709Z"
"f5fbf51ce59afd29",652,"1","Long time, partner. So there's this little bird, right? She was thirsty and had been looking for water for a long time. She was really tired and even thought she might pass out. Then she saw this pitcher under a bench in the park. There was water inside, but it was too deep for her to drink. Her beak just wasn't long enough. So she found some pebbles and started dropping them into the pitcher. The water level rose, and then she could drink. She was happy and flew away. I think that's it. I don't remember any other details. I mean, the pitcher was under a bench in a park, and the bird used pebbles to lower the water level so she could drink. That's what I remember. I don't think I missed anything important.","2026-07-09T12:36:30.788355Z","{""choices"":[""bird"",""water"",""pitcher"",""pebbles"",""bench"",""park"",""beak (or beak length)""]}","{""choices"":[""The bird is thirsty."",""The bird looks for water for a long time."",""The bird becomes very tired and is about to faint."",""The bird spots a pitcher of water."",""The pitcher is under a bench in a park."",""The water is too deep to reach, the bird’s beak is not long enough."",""The bird finds some pebbles."",""The bird picks up pebbles and drops them into the pitcher."",""The water level rises, allowing the bird to drink."",""The bird flies away happily.""]}",2090,443.835,"","","","2026-07-09T12:36:30.788355Z"
"e24f529222c8b8d8",653,"1","I remember the story about a little bird who was very thirsty and looked for water for a long time. She was very tired and even thought she might faint. Then she found a pitcher of water under a bench in a park. The water was too deep for her to drink, so she looked around and found some pebbles. She dropped the pebbles into the pitcher, and the water level rose until it was easy for her to drink. After that, she flew away happily. I don’t think I missed much.","2026-07-09T12:37:17.328879Z","{""choices"":[""bird"",""water"",""pitcher"",""pebbles"",""bench"",""park"",""beak (or beak length)""]}","{""choices"":[""The bird is thirsty."",""The bird looks for water for a long time."",""The bird becomes very tired and is about to faint."",""The bird spots a pitcher of water."",""The pitcher is under a bench in a park."",""The bird finds some pebbles."",""The bird picks up pebbles and drops them into the pitcher."",""The water level rises, allowing the bird to drink."",""The bird flies away happily.""]}",2091,46.063,"","","","2026-07-09T12:37:17.328879Z"
"328f4aaa16d167dc",654,"1","Long ago, there was a little bird who was very thirsty on a hot day. She had been searching for water for a long time and was very tired. She found a pitcher with water, but it was too deep for her to reach. She looked around and found some pebbles and decided to drop them into the pitcher. The pebbles made the water level rise, and soon the bird could drink. After that, she left happily.","2026-07-09T12:38:07.694691Z","{""choices"":[""bird"",""water"",""pitcher"",""pebbles""]}","{""choices"":[""The day is hot."",""The bird is thirsty."",""The bird looks for water for a long time."",""The bird spots a pitcher of water."",""The bird finds some pebbles."",""The bird picks up pebbles and drops them into the pitcher."",""The water level rises, allowing the bird to drink."",""The bird flies away happily.""]}",2092,49.964,"","","","2026-07-09T12:38:07.694691Z"
"28b5456f71d78296",655,"1","I remember the story about a little bird who was very thirsty and looked for water for a long time. She was very tired and even thought she might pass out. Then she found a pitcher with water, but it was too deep for her to drink. She didn’t have a long beak, so she couldn’t reach the water. She found some pebbles and dropped them into the pitcher, which made the water level rise so she could drink. She was happy after that. I think that’s it. I don’t remember if there was a name for the bird or where exactly the park was, but that’s what I remember.","2026-07-09T12:38:51.048038Z","{""choices"":[""bird"",""water"",""pitcher"",""pebbles"",""beak (or beak length)""]}","{""choices"":[""The bird is thirsty."",""The bird looks for water for a long time."",""The bird becomes very tired and is about to faint."",""The bird spots a pitcher of water."",""The water is too deep to reach, the bird’s beak is not long enough."",""The bird finds some pebbles."",""The bird picks up pebbles and drops them into the pitcher."",""The water level rises, allowing the bird to drink.""]}",2093,42.91,"","","","2026-07-09T12:38:51.048038Z"
"17d7513503f1fdc9",656,"1","Long ago, I remember, there was a little bird who was very thirsty and had been searching for water for a long time. She was very tired and even thought she might faint. Then, she found a pitcher of water under a bench in a park. The water was inside, but it was too deep for her to reach. She didn’t have a long enough beak, so she looked around and found some pebbles. She dropped the pebbles into the pitcher, and the water level rose. That way, she could drink it. She was happy and then flew away. I think that’s it. I don’t remember if there was a name for the bird or where exactly the park was, but that’s the main story.","2026-07-09T12:41:48.574312Z","{""choices"":[""bird"",""water"",""pitcher"",""pebbles"",""bench"",""park"",""beak (or beak length)""]}","{""choices"":[""The bird is thirsty."",""The bird looks for water for a long time."",""The bird becomes very tired and is about to faint."",""The bird spots a pitcher of water."",""The pitcher is under a bench in a park."",""The water is too deep to reach, the bird’s beak is not long enough."",""The bird finds some pebbles."",""The bird picks up pebbles and drops them into the pitcher."",""The water level rises, allowing the bird to drink."",""The bird flies away happily.""]}",2094,177.105,"","","","2026-07-09T12:41:48.574312Z"
"a87621f3192a8d39",657,"1","I remember that it was a hot day and a thirsty bird was looking for water. She had been searching for a long time and was very tired, even close to fainting. Then, she found a pitcher of water under a bench in a park. The water was inside, but it was too deep for her to reach. She didn’t have a long enough beak. She found some pebbles and had an idea. She dropped the pebbles into the pitcher one by one, and the water level rose. That way, she could drink the water. She was happy and then flew away. I think that’s all.","2026-07-09T12:44:00.436839Z","{""choices"":[""bird"",""water"",""pitcher"",""pebbles"",""bench"",""park"",""beak (or beak length)""]}","{""choices"":[""The day is hot."",""The bird is thirsty."",""The bird looks for water for a long time."",""The bird becomes very tired and is about to faint."",""The bird spots a pitcher of water."",""The pitcher is under a bench in a park."",""The water is too deep to reach, the bird’s beak is not long enough."",""The bird finds some pebbles."",""The bird picks up pebbles and drops them into the pitcher."",""The water level rises, allowing the bird to drink."",""The bird flies away happily.""]}",2095,131.394,"","","","2026-07-09T12:44:00.436839Z"
"f7b9290883c8c406",658,"1","I remember the story about the little bird who was very thirsty on a hot day. She looked for water for a long time and was very tired. Then she found a pitcher of water under a bench in a park. The water was too deep for her to reach, so she looked around and found some pebbles. She dropped the pebbles into the pitcher, and the water level rose. This way, she could drink the water. She was happy and then flew away. I think that’s it. I don’t think I missed anything.","2026-07-09T12:45:57.451561Z","{""choices"":[""bird"",""water"",""pitcher"",""pebbles"",""bench"",""park""]}","{""choices"":[""The day is hot."",""The bird is thirsty."",""The bird looks for water for a long time."",""The bird spots a pitcher of water."",""The water is too deep to reach, the bird’s beak is not long enough."",""The bird finds some pebbles."",""The bird picks up pebbles and drops them into the pitcher."",""The water level rises, allowing the bird to drink."",""The bird flies away happily.""]}",2096,116.607,"","","","2026-07-09T12:45:57.451561Z"
"96cb95c46c571493",659,"1","I remember the story about a little bird who was very thirsty and searched for water for a long time. She was very tired and even thought she might faint. Then, she found a pitcher of water under a bench in a park. The water was too deep for her to reach, so she looked around and found some pebbles. She dropped the pebbles into the pitcher, and the water level rose. This way, she could drink the water. She was happy and then flew away. The bird used the pebbles to lower the water level so she could drink. She needed water badly, and this clever trick worked. The pitcher had water, but it was too deep for her to reach. She used the pebbles to make the water level rise so she could drink.","2026-07-09T12:46:24.516663Z","{""choices"":[""bird"",""water"",""pitcher"",""pebbles"",""bench"",""park"",""beak (or beak length)""]}","{""choices"":[""The bird is thirsty."",""The bird looks for water for a long time."",""The bird becomes very tired and is about to faint."",""The bird spots a pitcher of water."",""The pitcher is under a bench in a park."",""The water is too deep to reach, the bird’s beak is not long enough."",""The bird finds some pebbles."",""The bird picks up pebbles and drops them into the pitcher."",""The water level rises, allowing the bird to drink."",""The bird flies away happily.""]}",2097,30.375999999999998,"","[{""number"":1}]","used the pebbles to lower the water level","2026-07-09T12:46:36.389987Z"
"d8f646f101f9d23f",660,"1","I remember the story about a little bird who was very thirsty and had been looking for water for a long time. It was a hot day, and she was very tired and almost faint. She found a pitcher of water under a bench in a park, but the water was too deep for her to drink. She looked around and found some pebbles, which made her think of a clever idea. She dropped the pebbles into the pitcher, and the water level rose. This way, the bird could now drink the water. She was very happy and flew away. I think that’s all I remember.","2026-07-09T12:52:17.937997Z","{""choices"":[""bird"",""water"",""pitcher"",""pebbles"",""bench"",""park""]}","{""choices"":[""The day is hot."",""The bird is thirsty."",""The bird looks for water for a long time."",""The bird becomes very tired and is about to faint."",""The bird spots a pitcher of water."",""The pitcher is under a bench in a park."",""The bird finds some pebbles."",""The bird picks up pebbles and drops them into the pitcher."",""The water level rises, allowing the bird to drink."",""The bird flies away happily.""]}",2098,12.895,"","","","2026-07-09T12:52:17.937997Z"
"f1b9349ea5c11e45",661,"1","I remember the story about the little bird who was very thirsty and had been looking for water for a long time. She was really tired and even thought she might pass out. Then she found a pitcher of water under a bench in a park. The water was nice and deep, but she couldn’t reach it with her short beak. So, she had to think of a clever way to get the water up. She found some pebbles and dropped them into the pitcher one by one. The water level rose until it was just right for her to drink. She was so happy and then she flew away. I think that's it.","2026-07-09T12:53:13.796451Z","{""choices"":[""bird"",""water"",""pitcher"",""pebbles"",""bench"",""park"",""beak (or beak length)""]}","{""choices"":[""The bird is thirsty."",""The bird looks for water for a long time."",""The bird becomes very tired and is about to faint."",""The bird spots a pitcher of water."",""The pitcher is under a bench in a park."",""The bird flies down and sits on the pitcher."",""The water is too deep to reach, the bird’s beak is not long enough."",""The bird finds some pebbles."",""The bird picks up pebbles and drops them into the pitcher."",""The water level rises, allowing the bird to drink.""]}",2099,41.069,"","","","2026-07-09T12:53:13.796451Z"
"c490a8dfed3d06e7",662,"1","Long ago, there was a little bird who was very thirsty on a hot day. She searched for water for a long time until she found a pitcher under a bench in a park. The water inside was too deep for her to drink, so she looked for a solution. She found some pebbles and dropped them into the pitcher. This made the water level rise, allowing her to drink. After that, she flew away happily. The story shows how clever she was in finding a way to get the water she needed. I think that's it. I don't think I missed anything.","2026-07-09T12:56:22.435794Z","{""choices"":[""bird"",""water"",""pitcher"",""pebbles"",""bench"",""park""]}","{""choices"":[""The day is hot."",""The bird is thirsty."",""The bird looks for water for a long time."",""The pitcher is under a bench in a park."",""The bird finds some pebbles."",""The bird picks up pebbles and drops them into the pitcher."",""The water level rises, allowing the bird to drink."",""The bird flies away happily.""]}",2100,188.245,"","","","2026-07-09T12:56:22.435794Z"
"b122d6cfce96ca30",663,"1","The story was about a little bird who was very thirsty on a hot day. She searched for water for a long time and became very tired, almost fainting. She found a pitcher of water under a bench in a park but couldn't reach it because the water was too deep for her short beak. She looked around and found some pebbles, which made her think of a solution. She dropped the pebbles one by one into the pitcher, and the water level rose. This allowed her to drink the water, and she flew away happily. The bird used the pebbles to raise the water level so she could access it.","2026-07-09T12:56:36.953331Z","{""choices"":[""bird"",""water"",""pitcher"",""pebbles"",""bench"",""park"",""beak (or beak length)""]}","{""choices"":[""The day is hot."",""The bird is thirsty."",""The bird looks for water for a long time."",""The bird becomes very tired and is about to faint."",""The bird spots a pitcher of water."",""The pitcher is under a bench in a park."",""The water is too deep to reach, the bird’s beak is not long enough."",""The bird finds some pebbles."",""The bird picks up pebbles and drops them into the pitcher."",""The water level rises, allowing the bird to drink."",""The bird flies away happily.""]}",2101,14.13,"","","","2026-07-09T12:56:36.953331Z"
"0bce4efa07bb3d6d",664,"1","The story was about a little bird who was very thirsty on a hot day. She searched for water for a long time and became very tired, almost fainting. She found a pitcher of water under a bench in a park but couldn't reach it because the water was too deep for her short beak. She looked around and found some pebbles, which gave her an idea. She dropped the pebbles one by one into the pitcher, and the water level rose until she could drink from it. The bird then flew away happily after quenching her thirst.","2026-07-09T12:56:54.356973Z","{""choices"":[""bird"",""water"",""pitcher"",""pebbles"",""bench"",""park"",""beak (or beak length)""]}","{""choices"":[""The day is hot."",""The bird is thirsty."",""The bird looks for water for a long time."",""The bird becomes very tired and is about to faint."",""The bird spots a pitcher of water."",""The pitcher is under a bench in a park."",""The water is too deep to reach, the bird’s beak is not long enough."",""The bird finds some pebbles."",""The bird picks up pebbles and drops them into the pitcher."",""The water level rises, allowing the bird to drink."",""The bird flies away happily.""]}",2102,16.939,"","","","2026-07-09T12:56:54.356973Z"
"ff0835b4dbb08b2b",665,"1","The story was about a little bird who was very thirsty on a hot day and searched for water for a long time. She became tired and almost fainted but then saw a pitcher of water under a bench in a park. She flew down and sat on the pitcher, but the water was too deep for her to reach with her short beak. She looked around and found some pebbles, which gave her an idea. She dropped the pebbles one by one into the pitcher, causing the water level to rise. Once the water was within reach, she drank it and flew away happily. The bird used the pebbles to raise the water level, showing cleverness and problem-solving skills.","2026-07-09T12:58:36.187358Z","{""choices"":[""bird"",""water"",""pitcher"",""pebbles"",""bench"",""park"",""beak (or beak length)""]}","{""choices"":[""The day is hot."",""The bird is thirsty."",""The bird looks for water for a long time."",""The bird becomes very tired and is about to faint."",""The bird spots a pitcher of water."",""The pitcher is under a bench in a park."",""The bird flies down and sits on the pitcher."",""The water is too deep to reach, the bird’s beak is not long enough."",""The bird finds some pebbles."",""The bird picks up pebbles and drops them into the pitcher."",""The water level rises, allowing the bird to drink."",""The bird flies away happily.""]}",2103,100.881,"","","","2026-07-09T12:58:36.187358Z"
"18e02765742df2b6",666,"1","It was a hot day, and a thirsty bird was searching for water for a long time. She became very tired and was about to faint. While looking around, she saw a pitcher of water under a bench in a park. She flew down and sat on the pitcher, but the water was too deep for her to reach with her short beak. She looked around and found some pebbles. She picked them up one by one and dropped them into the pitcher. As the pebbles sank, the water level rose, allowing her to drink. After quenching her thirst, she flew away happily.","2026-07-09T13:05:15.687377Z","{""choices"":[""bird"",""water"",""pitcher"",""pebbles"",""bench"",""park"",""beak (or beak length)""]}","{""choices"":[""The day is hot."",""The bird is thirsty."",""The bird looks for water for a long time."",""The bird becomes very tired and is about to faint."",""The bird spots a pitcher of water."",""The pitcher is under a bench in a park."",""The bird flies down and sits on the pitcher."",""The water is too deep to reach, the bird’s beak is not long enough."",""The bird finds some pebbles."",""The bird picks up pebbles and drops them into the pitcher."",""The water level rises, allowing the bird to drink."",""The bird flies away happily.""]}",2104,399.103,"","","","2026-07-09T13:05:15.687377Z"
"4541e597a75d5be2",667,"1","The story was about a little bird who was very thirsty on a hot day. She searched for water for a long time and became very tired, almost fainting. She then saw a pitcher of water under a bench in a park. The water was inside, but it was too deep for her to reach with her short beak. She looked around and found some pebbles. She dropped them one by one into the pitcher, which caused the water level to rise. Once the water was within reach, she drank it and flew away happily. The bird used the pebbles to make the water level higher so she could drink. She was very clever and resourceful in solving her problem.","2026-07-09T13:05:30.120173Z","{""choices"":[""bird"",""water"",""pitcher"",""pebbles"",""bench"",""park"",""beak (or beak length)""]}","{""choices"":[""The day is hot."",""The bird is thirsty."",""The bird looks for water for a long time."",""The bird becomes very tired and is about to faint."",""The bird spots a pitcher of water."",""The pitcher is under a bench in a park."",""The water is too deep to reach, the bird’s beak is not long enough."",""The bird finds some pebbles."",""The bird picks up pebbles and drops them into the pitcher."",""The water level rises, allowing the bird to drink."",""The bird flies away happily.""]}",2105,14.015,"","","","2026-07-09T13:05:30.120173Z"
"0689d6220cba35ae",668,"1","The story was about a little bird who was very thirsty and had been searching for water for a long time on a hot day. She became very tired and was about to faint when she saw a pitcher of water under a bench in a park. She flew down and sat on the pitcher, but the water was too deep for her to reach with her short beak. She looked around and found some pebbles, which gave her an idea. She picked up the pebbles one by one and dropped them into the pitcher, causing the water level to rise. Once the water was within reach, she was able to drink it and flew away happily.","2026-07-09T13:05:50.407646Z","{""choices"":[""bird"",""water"",""pitcher"",""pebbles"",""bench"",""park"",""beak (or beak length)""]}","{""choices"":[""The day is hot."",""The bird is thirsty."",""The bird looks for water for a long time."",""The bird becomes very tired and is about to faint."",""The bird spots a pitcher of water."",""The pitcher is under a bench in a park."",""The bird flies down and sits on the pitcher."",""The water is too deep to reach, the bird’s beak is not long enough."",""The bird finds some pebbles."",""The bird picks up pebbles and drops them into the pitcher."",""The water level rises, allowing the bird to drink."",""The bird flies away happily.""]}",2106,8.473,"","","","2026-07-09T13:05:50.407646Z"
"ef39cccf154cf594",669,"1","The story was about a little bird who was very thirsty on a hot day. She searched for water for a long time and became very tired, almost fainting. She found a pitcher of water under a bench in a park but couldn’t reach it because the water was too deep for her short beak. She looked around and found some pebbles, which gave her an idea. She dropped the pebbles one by one into the pitcher, and the water level rose until she could finally drink. She then flew away happily. I don’t know the bird’s name or what happened after she drank the water, but I remember she used pebbles to raise the water level.","2026-07-09T13:06:08.126437Z","{""choices"":[""bird"",""water"",""pebbles"",""bench"",""park"",""beak (or beak length)""]}","{""choices"":[""The day is hot."",""The bird is thirsty."",""The bird looks for water for a long time."",""The bird becomes very tired and is about to faint."",""The bird spots a pitcher of water."",""The pitcher is under a bench in a park."",""The water is too deep to reach, the bird’s beak is not long enough."",""The bird finds some pebbles."",""The bird picks up pebbles and drops them into the pitcher."",""The water level rises, allowing the bird to drink."",""The bird flies away happily.""]}",2107,17.169,"","","","2026-07-09T13:06:08.126437Z"
"0cf495bb246f4da9",670,"1","The story was about a little bird who was very thirsty on a hot day and searched for water for a long time. She became so tired she was about to faint but then saw a pitcher of water under a bench in a park. The water was too deep for her to reach with her short beak, so she looked around and found some pebbles. She dropped them one by one into the pitcher, which raised the water level. This allowed her to drink the water, and she flew away happily. The bird used the pebbles to make the water level higher so she could access it. The setting was a park, and the pitcher was under a bench. The bird was determined and clever in finding a way to get the water she needed.","2026-07-09T13:06:26.982058Z","{""choices"":[""bird"",""water"",""pitcher"",""pebbles"",""bench"",""park"",""beak (or beak length)""]}","{""choices"":[""The day is hot."",""The bird is thirsty."",""The bird looks for water for a long time."",""The bird becomes very tired and is about to faint."",""The bird spots a pitcher of water."",""The pitcher is under a bench in a park."",""The water is too deep to reach, the bird’s beak is not long enough."",""The bird finds some pebbles."",""The bird picks up pebbles and drops them into the pitcher."",""The water level rises, allowing the bird to drink."",""The bird flies away happily.""]}",2108,18.192,"","","","2026-07-09T13:06:26.982058Z"
"28f9eab79419bec8",671,"1","The story was about a little bird who was very thirsty on a hot day and had been searching for water for a long time. She became very tired and almost fainted. While looking for water, she saw a pitcher under a bench in a park. The pitcher had some water in it, but it was too deep for her to reach with her short beak. She looked around and found some pebbles, which gave her an idea. She dropped the pebbles one by one into the pitcher, and as the water level rose, she was finally able to drink from it. After quenching her thirst, she flew away happily. The bird used the pebbles to raise the water level so she could access it.","2026-07-09T13:07:06.874261Z","{""choices"":[""bird"",""water"",""pitcher"",""pebbles"",""bench"",""park"",""beak (or beak length)""]}","{""choices"":[""The day is hot."",""The bird is thirsty."",""The bird looks for water for a long time."",""The bird becomes very tired and is about to faint."",""The bird spots a pitcher of water."",""The pitcher is under a bench in a park."",""The water is too deep to reach, the bird’s beak is not long enough."",""The bird finds some pebbles."",""The bird picks up pebbles and drops them into the pitcher."",""The water level rises, allowing the bird to drink."",""The bird flies away happily.""]}",2109,38.946,"","","","2026-07-09T13:07:06.874261Z"
"879a5817d65ae73f",672,"1","The story was about a little bird who was very thirsty on a hot day and searched for water for a long time. She became very tired and almost fainted. She found a pitcher of water under a bench in a park but couldn’t drink from it because the water was too deep for her to reach with her short beak. She looked around and found some pebbles, which made her think of a solution. She dropped the pebbles one by one into the pitcher, which caused the water level to rise. Once the water was within reach, she was able to drink it and flew away happily. The bird used the pebbles to raise the water level so she could access it.","2026-07-09T13:08:17.186622Z","{""choices"":[""bird"",""water"",""pitcher"",""pebbles"",""bench"",""park"",""beak (or beak length)""]}","{""choices"":[""The day is hot."",""The bird is thirsty."",""The bird looks for water for a long time."",""The bird becomes very tired and is about to faint."",""The bird spots a pitcher of water."",""The pitcher is under a bench in a park."",""The water is too deep to reach, the bird’s beak is not long enough."",""The bird finds some pebbles."",""The bird picks up pebbles and drops them into the pitcher."",""The water level rises, allowing the bird to drink."",""The bird flies away happily.""]}",2110,69.883,"","","","2026-07-09T13:08:17.186622Z"
"c209640e2c50ae2c",673,"1","It was a hot day, and a thirsty bird was searching for water for a long time. She became very tired and was about to faint. While she was looking around, she saw a pitcher of water under a bench in a park. She flew down and sat on the pitcher. The water was inside, but it was too deep for her to reach because her beak wasn’t long enough. She looked around and found some pebbles. She picked them up one by one and dropped them into the pitcher. As she added more pebbles, the water level rose. Eventually, she was able to reach the water and drink it. After drinking, she flew away happily.","2026-07-09T13:08:35.899750Z","{""choices"":[""bird"",""water"",""pitcher"",""pebbles"",""bench"",""park"",""beak (or beak length)""]}","{""choices"":[""The day is hot."",""The bird is thirsty."",""The bird looks for water for a long time."",""The bird becomes very tired and is about to faint."",""The bird spots a pitcher of water."",""The pitcher is under a bench in a park."",""The bird flies down and sits on the pitcher."",""The water is too deep to reach, the bird’s beak is not long enough."",""The bird finds some pebbles."",""The bird picks up pebbles and drops them into the pitcher."",""The water level rises, allowing the bird to drink."",""The bird flies away happily.""]}",2111,18.233,"","","","2026-07-09T13:08:35.899750Z"
"c6f73bbad0ed2fa7",674,"1","The story was about a little bird who was very thirsty on a hot day and searched for water for a long time. She became very tired and almost fainted. While looking for water, she saw a pitcher under a bench in a park. She flew down and sat on the pitcher, but the water was too deep for her to reach with her short beak. She noticed some pebbles nearby and decided to use them. She dropped the pebbles one by one into the pitcher, which caused the water level to rise. Once the water was high enough, she was able to drink it. After quenching her thirst, she flew away happily.","2026-07-09T13:08:56.411236Z","{""choices"":[""bird"",""water"",""pitcher"",""pebbles"",""bench"",""park"",""beak (or beak length)""]}","{""choices"":[""The day is hot."",""The bird is thirsty."",""The bird looks for water for a long time."",""The bird becomes very tired and is about to faint."",""The bird spots a pitcher of water."",""The pitcher is under a bench in a park."",""The bird flies down and sits on the pitcher."",""The water is too deep to reach, the bird’s beak is not long enough."",""The bird finds some pebbles."",""The bird picks up pebbles and drops them into the pitcher."",""The water level rises, allowing the bird to drink."",""The bird flies away happily.""]}",2112,19.581,"","","","2026-07-09T13:08:56.411236Z"
"6fb8227dc3aeab42",675,"1","The story was about a little bird who was very thirsty on a hot day and had been searching for water for a long time. She became very tired and was about to faint when she saw a pitcher of water under a bench in a park. She flew down and sat on the pitcher, but the water was too deep for her to reach with her short beak. She looked around and found some pebbles, which gave her an idea. She dropped the pebbles one by one into the pitcher, and as the water level rose, she was finally able to drink from it. After quenching her thirst, she flew away happily. The bird used her problem-solving skills to overcome the challenge of reaching the water.","2026-07-09T13:09:38.321516Z","{""choices"":[""bird"",""water"",""pitcher"",""pebbles"",""bench"",""park"",""beak (or beak length)""]}","{""choices"":[""The day is hot."",""The bird is thirsty."",""The bird looks for water for a long time."",""The bird becomes very tired and is about to faint."",""The bird spots a pitcher of water."",""The pitcher is under a bench in a park."",""The bird flies down and sits on the pitcher."",""The water is too deep to reach, the bird’s beak is not long enough."",""The bird finds some pebbles."",""The bird picks up pebbles and drops them into the pitcher."",""The water level rises, allowing the bird to drink."",""The bird flies away happily.""]}",2113,41.259,"","","","2026-07-09T13:09:38.321516Z"
"359ceaef7e9bdf9c",676,"1","The story was about a little bird who was very thirsty on a hot day. She searched for water for a long time and became very tired, almost fainting. She found a pitcher of water under a bench in a park but couldn’t reach it because the water was too deep for her short beak. She looked around and found some pebbles, which gave her an idea. She dropped the pebbles one by one into the pitcher, causing the water level to rise. Once the water was high enough, she was able to drink it. She then flew away happily. I don’t know the bird’s name or exact appearance, but I remember she was small and struggled to reach the water at first.","2026-07-09T13:10:04.390859Z","{""choices"":[""bird"",""water"",""pitcher"",""pebbles"",""bench"",""park"",""beak (or beak length)""]}","{""choices"":[""The day is hot."",""The bird is thirsty."",""The bird looks for water for a long time."",""The bird becomes very tired and is about to faint."",""The bird spots a pitcher of water."",""The pitcher is under a bench in a park."",""The water is too deep to reach, the bird’s beak is not long enough."",""The bird finds some pebbles."",""The bird picks up pebbles and drops them into the pitcher."",""The water level rises, allowing the bird to drink."",""The bird flies away happily.""]}",2114,25.649,"","","","2026-07-09T13:10:04.390859Z"
"1e010e5ff1803d4d",677,"1","The story was about a little bird who was very thirsty and searching for water on a hot day. She was tired and almost fainting when she saw a pitcher of water under a bench in a park. The water was too deep for her to reach with her short beak, so she looked around and found some pebbles. She dropped the pebbles into the pitcher one by one, which caused the water level to rise. Once the water was high enough, she was able to drink it and then flew away happily. She used the pebbles to make the water accessible. The pitcher was under a bench, and the bird was very thirsty. I don’t know the exact location of the park or the bird’s name.","2026-07-09T13:10:57.492607Z","{""choices"":[""bird"",""water"",""pitcher"",""pebbles"",""bench"",""park"",""beak (or beak length)""]}","{""choices"":[""The day is hot."",""The bird is thirsty."",""The bird looks for water for a long time."",""The bird becomes very tired and is about to faint."",""The bird spots a pitcher of water."",""The pitcher is under a bench in a park."",""The water is too deep to reach, the bird’s beak is not long enough."",""The bird finds some pebbles."",""The bird picks up pebbles and drops them into the pitcher."",""The water level rises, allowing the bird to drink."",""The bird flies away happily.""]}",2115,52.423,"","","","2026-07-09T13:10:57.493249Z"
"4f15f27d2c081d06",678,"1","The story was about a little bird who was very thirsty on a hot day and had been searching for water for a long time. She became very tired and almost fainted. While looking around, she saw a pitcher of water under a bench in a park. She flew down and sat on the pitcher, but the water was too deep for her to reach with her short beak. She looked around and found some pebbles, which gave her an idea. She dropped the pebbles one by one into the pitcher, and the water level rose. This allowed her to drink the water. After quenching her thirst, she flew away happily. I don’t know the exact time of day or the type of bird, but I remember the pitcher, the pebbles, and the bird’s determination.","2026-07-09T13:11:13.924283Z","{""choices"":[""bird"",""water"",""pitcher"",""pebbles"",""bench"",""park"",""beak (or beak length)""]}","{""choices"":[""The day is hot."",""The bird is thirsty."",""The bird looks for water for a long time."",""The bird becomes very tired and is about to faint."",""The bird spots a pitcher of water."",""The pitcher is under a bench in a park."",""The bird flies down and sits on the pitcher."",""The water is too deep to reach, the bird’s beak is not long enough."",""The bird finds some pebbles."",""The bird picks up pebbles and drops them into the pitcher."",""The water level rises, allowing the bird to drink."",""The bird flies away happily.""]}",2116,15.999,"","","","2026-07-09T13:11:13.924283Z"
"989b83536c021730",679,"1","The story was about a little bird who was very thirsty and had been searching for water for a long time. She became very tired and almost fainted. While she was looking for water, she saw a pitcher under a bench in a park. The pitcher had some water in it, but it was too deep for her to reach with her short beak. She looked around and found some pebbles. She then dropped the pebbles one by one into the pitcher, which caused the water level to rise. Once the water was high enough, she was able to drink from it. After drinking, she flew away happily.","2026-07-09T13:11:42.188355Z","{""choices"":[""bird"",""water"",""pitcher"",""pebbles"",""bench"",""park"",""beak (or beak length)""]}","{""choices"":[""The day is hot."",""The bird is thirsty."",""The bird looks for water for a long time."",""The bird becomes very tired and is about to faint."",""The bird spots a pitcher of water."",""The pitcher is under a bench in a park."",""The bird flies down and sits on the pitcher."",""The water is too deep to reach, the bird’s beak is not long enough."",""The bird finds some pebbles."",""The bird picks up pebbles and drops them into the pitcher."",""The water level rises, allowing the bird to drink."",""The bird flies away happily.""]}",2117,27.301,"","","","2026-07-09T13:11:42.188355Z"
"ee55122eab899c35",680,"1","The story was about a little bird who was very thirsty on a hot day. She searched for water for a long time and became very tired, almost fainting. She found a pitcher of water under a bench in a park but couldn't reach it because the water was too deep for her short beak. She looked around and found some pebbles, which gave her an idea. She dropped the pebbles one by one into the pitcher, causing the water level to rise. Once the water was high enough, she was able to drink it. After quenching her thirst, she flew away happily.","2026-07-09T13:12:21.791233Z","{""choices"":[""bird"",""water"",""pitcher"",""pebbles"",""bench"",""park"",""beak (or beak length)""]}","{""choices"":[""The day is hot."",""The bird is thirsty."",""The bird looks for water for a long time."",""The bird becomes very tired and is about to faint."",""The bird spots a pitcher of water."",""The pitcher is under a bench in a park."",""The bird flies down and sits on the pitcher."",""The water is too deep to reach, the bird’s beak is not long enough."",""The bird finds some pebbles."",""The bird picks up pebbles and drops them into the pitcher."",""The water level rises, allowing the bird to drink."",""The bird flies away happily.""]}",2118,39.192,"","","","2026-07-09T13:12:21.791233Z"
"12c2c10c54973dd4",681,"1","The story was about a little bird who was very thirsty on a hot day and had been searching for water for a long time. She became very tired and almost fainted. Then she saw a pitcher of water under a bench in a park. She flew down and sat on the pitcher, but the water was too deep for her to reach with her short beak. She looked around and found some pebbles, which made her think of a solution. She dropped the pebbles one by one into the pitcher, and the water level rose. Eventually, she was able to drink the water and flew away happily. The bird used the pebbles to raise the water level so she could access it.","2026-07-09T13:12:38.507554Z","{""choices"":[""bird"",""water"",""pitcher"",""pebbles"",""bench"",""park"",""beak (or beak length)""]}","{""choices"":[""The day is hot."",""The bird is thirsty."",""The bird looks for water for a long time."",""The bird becomes very tired and is about to faint."",""The bird spots a pitcher of water."",""The pitcher is under a bench in a park."",""The bird flies down and sits on the pitcher."",""The water is too deep to reach, the bird’s beak is not long enough."",""The bird finds some pebbles."",""The bird picks up pebbles and drops them into the pitcher."",""The water level rises, allowing the bird to drink."",""The bird flies away happily.""]}",2119,16.313,"","","","2026-07-09T13:12:38.507554Z"
"4bfcb26058d4361f",682,"1","The story was about a thirsty bird who was looking for water on a hot day. She was very tired and almost faint from the heat. While searching, she spotted a pitcher of water under a bench in a park. She sat on the pitcher but couldn’t reach the water because it was too deep for her beak. She found some pebbles and dropped them into the pitcher, which raised the water level. She was then able to drink the water and flew away happily. The bird used the pebbles to make the water level higher so she could access it. The setting was a park, and the pitcher was under a bench. The bird was thirsty and tired, and she solved the problem by using pebbles.","2026-07-09T13:13:19.665162Z","{""choices"":[""bird"",""water"",""pitcher"",""pebbles"",""bench"",""park"",""beak (or beak length)""]}","{""choices"":[""The day is hot."",""The bird is thirsty."",""The bird becomes very tired and is about to faint."",""The bird spots a pitcher of water."",""The pitcher is under a bench in a park."",""The bird flies down and sits on the pitcher."",""The water is too deep to reach, the bird’s beak is not long enough."",""The bird finds some pebbles."",""The bird picks up pebbles and drops them into the pitcher."",""The water level rises, allowing the bird to drink."",""The bird flies away happily.""]}",2120,40.665,"","","","2026-07-09T13:13:19.665162Z"
"b4ebe510f9dd9f51",683,"1","The story was about a little bird who was very thirsty on a hot day. She searched for water for a long time and became very tired, almost fainting. She found a pitcher of water under a bench in a park but couldn’t reach it because the water was too deep for her short beak. She looked around and found some pebbles, which gave her an idea. She dropped the pebbles one by one into the pitcher, and the water level rose. This allowed her to drink the water. She then flew away happily. I don’t remember if there were other birds or any other details about the setting beyond the park bench and pitcher.","2026-07-09T13:15:17.093040Z","{""choices"":[""bird"",""water"",""pebbles"",""bench"",""park"",""beak (or beak length)""]}","{""choices"":[""The day is hot."",""The bird is thirsty."",""The bird looks for water for a long time."",""The bird becomes very tired and is about to faint."",""The bird spots a pitcher of water."",""The pitcher is under a bench in a park."",""The water is too deep to reach, the bird’s beak is not long enough."",""The bird finds some pebbles."",""The bird picks up pebbles and drops them into the pitcher."",""The water level rises, allowing the bird to drink."",""The bird flies away happily.""]}",2121,117.026,"","","","2026-07-09T13:15:17.093040Z"
"c3dcffa1b8f4a99e",684,"1","The story was about a little bird who was very thirsty and had been searching for water for a long time. She was exhausted and almost fainted but then saw a pitcher of water under a bench in a park. She flew down and sat on the pitcher, but the water was too deep for her to reach with her short beak. She looked around and found some pebbles, which made her think of a solution. She dropped the pebbles one by one into the pitcher, and as they settled, the water level rose. This allowed her to drink the water, and she flew away happily. The bird used her intelligence and problem-solving skills to get the water she needed.","2026-07-09T13:15:52.413542Z","{""choices"":[""bird"",""water"",""pitcher"",""pebbles"",""bench"",""park"",""beak (or beak length)""]}","{""choices"":[""The bird is thirsty."",""The bird looks for water for a long time."",""The bird becomes very tired and is about to faint."",""The bird spots a pitcher of water."",""The pitcher is under a bench in a park."",""The bird flies down and sits on the pitcher."",""The water is too deep to reach, the bird’s beak is not long enough."",""The bird finds some pebbles."",""The bird picks up pebbles and drops them into the pitcher."",""The water level rises, allowing the bird to drink."",""The bird flies away happily.""]}",2122,15.085,"","","","2026-07-09T13:15:52.413542Z"
"e5c70509118ce67e",685,"1","The story was about a little bird who was very thirsty on a hot day and had been searching for water for a long time. She became very tired and almost fainted. While she was looking around, she saw a pitcher of water under a bench in a park. She flew down and sat on the pitcher, but the water was too deep for her to reach with her short beak. She looked around and found some pebbles, which gave her an idea. She began dropping the pebbles one by one into the pitcher, and as they sank, the water level rose. Eventually, the water was at a level she could reach, so she drank it and flew away happily.","2026-07-09T13:17:12.250049Z","{""choices"":[""bird"",""water"",""pitcher"",""pebbles"",""bench"",""park"",""beak (or beak length)""]}","{""choices"":[""The bird is thirsty."",""The bird looks for water for a long time."",""The bird becomes very tired and is about to faint."",""The bird spots a pitcher of water."",""The pitcher is under a bench in a park."",""The bird flies down and sits on the pitcher."",""The water is too deep to reach, the bird’s beak is not long enough."",""The bird finds some pebbles."",""The bird picks up pebbles and drops them into the pitcher."",""The water level rises, allowing the bird to drink."",""The bird flies away happily.""]}",2123,79.375,"","","","2026-07-09T13:17:12.250049Z"
"020e5bdefc35a891",686,"1","The story was about a little bird who was very thirsty on a hot day and had been searching for water for a long time. She was exhausted and almost fainted, but then she saw a pitcher of water under a bench in a park. She flew down and sat on the pitcher, but the water was too deep for her to reach with her short beak. She looked around and found some pebbles, which gave her an idea. She dropped the pebbles one by one into the pitcher, and as the water level rose, she was finally able to drink from it. After quenching her thirst, she flew away happily. The bird used the pebbles to raise the water level so she could access it.","2026-07-09T13:17:47.178766Z","{""choices"":[""bird"",""water"",""pitcher"",""pebbles"",""bench"",""park"",""beak (or beak length)""]}","{""choices"":[""The day is hot."",""The bird is thirsty."",""The bird looks for water for a long time."",""The bird becomes very tired and is about to faint."",""The bird spots a pitcher of water."",""The pitcher is under a bench in a park."",""The bird flies down and sits on the pitcher."",""The water is too deep to reach, the bird’s beak is not long enough."",""The bird finds some pebbles."",""The bird picks up pebbles and drops them into the pitcher."",""The water level rises, allowing the bird to drink."",""The bird flies away happily.""]}",2124,21.5,"","","","2026-07-09T13:17:47.178766Z"
"485823b171795194",687,"1","The story was about a little bird who was very thirsty and had been searching for water for a long time. She was tired and almost fainting when she saw a pitcher of water under a bench in a park. She flew down and sat on the pitcher, but the water was too deep for her to reach with her short beak. She looked around and found some pebbles, which gave her an idea. She dropped the pebbles one by one into the pitcher, and the water level rose. Eventually, she was able to drink the water and flew away happily. The bird used the pebbles to raise the water level so she could access it. I don’t know exactly how many pebbles she used, but it was enough to make the water reach her.","2026-07-09T13:18:09.632957Z","{""choices"":[""bird"",""water"",""pitcher"",""pebbles"",""bench"",""park"",""beak (or beak length)""]}","{""choices"":[""The bird is thirsty."",""The bird looks for water for a long time."",""The bird becomes very tired and is about to faint."",""The bird spots a pitcher of water."",""The pitcher is under a bench in a park."",""The bird flies down and sits on the pitcher."",""The water is too deep to reach, the bird’s beak is not long enough."",""The bird finds some pebbles."",""The bird picks up pebbles and drops them into the pitcher."",""The water level rises, allowing the bird to drink."",""The bird flies away happily.""]}",2125,21.691,"","","","2026-07-09T13:18:09.632957Z"
