"ID","annotation_id","annotator","bot","created_at","entities","events","id","lead_time","updated_at"
"b68377eaceb6dd0e",688,"1","The story is about a thirsty bird searching for water on a hot day. She was very tired and nearly fainting when she found a pitcher of water under a bench in a park. The water was too deep for her to reach with her short beak, so she looked around and found some pebbles. She dropped the pebbles into the pitcher one by one, which caused the water level to rise. Once the water was within reach, she drank it and flew away happily. The bird used the pebbles to raise the water level, showing cleverness and determination. The setting was a park, and the main challenge was accessing the water. The bird’s actions demonstrate problem-solving and resourcefulness.","2026-07-10T08:21:47.233371Z","{""choices"":[""bird"",""water"",""pitcher"",""pebbles"",""bench"",""park"",""beak \/ beak length""]}","{""choices"":[""The day is hot."",""The bird is thirsty."",""The bird becomes very tired and is about to faint."",""The bird spots a pitcher of water."",""The pitcher is under a bench in a park."",""The water is too deep to reach, the bird’s beak is not long enough."",""The bird finds some pebbles."",""The bird picks up pebbles and drops them into the pitcher."",""The water level rises, allowing the bird to drink."",""The bird flies away happily.""]}",2126,332.543,"2026-07-10T08:21:47.233371Z"
"b45c50cd638f3f88",689,"1","The story is about a little bird who was very thirsty on a hot day and searched for water for a long time. She became very tired and was about to faint when she saw a pitcher of water under a bench in a park. She flew down and sat on the pitcher, but the water was too deep for her to reach with her short beak. She looked around and found some pebbles, which gave her an idea. She picked up the pebbles one by one and dropped them into the pitcher, causing the water level to rise. Once the water was within reach, she was able to drink it and flew away happily. The bird’s cleverness in using the pebbles to raise the water level allowed her to quench her thirst.","2026-07-10T08:22:04.699870Z","{""choices"":[""bird"",""water"",""pitcher"",""pebbles"",""bench"",""park"",""beak \/ beak length""]}","{""choices"":[""The day is hot."",""The bird is thirsty."",""The bird looks for water for a long time."",""The bird becomes very tired and is about to faint."",""The bird spots a pitcher of water."",""The pitcher is under a bench in a park."",""The bird flies down and sits on the pitcher."",""The water is too deep to reach, the bird’s beak is not long enough."",""The bird finds some pebbles."",""The bird picks up pebbles and drops them into the pitcher."",""The water level rises, allowing the bird to drink."",""The bird flies away happily.""]}",2127,17.019,"2026-07-10T08:22:04.699870Z"
"a7748adde1db7e07",690,"1","The story is about a little bird who was very thirsty on a hot day and searched for water for a long time. She became tired and almost fainted but then saw a pitcher of water under a bench in a park. She sat on the pitcher but couldn’t reach the water because it was too deep for her short beak. She noticed some pebbles nearby and decided to use them. She dropped the pebbles one by one into the pitcher, which caused the water level to rise. Once the water was within reach, she drank it and flew away happily. The bird’s cleverness in using the pebbles to raise the water level allowed her to quench her thirst.","2026-07-10T08:22:09.250109Z","{""choices"":[""bird"",""water"",""pitcher"",""pebbles"",""bench"",""park"",""beak \/ beak length""]}","{""choices"":[""The day is hot."",""The bird is thirsty."",""The bird looks for water for a long time."",""The bird becomes very tired and is about to faint."",""The bird spots a pitcher of water."",""The pitcher is under a bench in a park."",""The water is too deep to reach, the bird’s beak is not long enough."",""The bird finds some pebbles."",""The bird picks up pebbles and drops them into the pitcher."",""The water level rises, allowing the bird to drink."",""The bird flies away happily.""]}",2128,4.137,"2026-07-10T08:22:09.250109Z"
"4a61492dd69bf489",691,"1","The story is about a little bird who was very thirsty and had been searching for water for a long time. She was tired and almost fainting when she saw a pitcher of water under a bench in a park. She flew down and sat on the pitcher, but the water was too deep for her to reach with her short beak. She looked around and found some pebbles, which gave her an idea. She dropped the pebbles one by one into the pitcher, and the water level rose. This allowed her to drink the water. She then flew away happily. I don’t know the exact time of day or the type of bird, but I remember the setting was a park, and the bird used pebbles to raise the water level.","2026-07-10T11:53:15.312034Z","{""choices"":[""bird"",""water"",""pitcher"",""pebbles"",""bench"",""park"",""beak (or beak length)""]}","{""choices"":[""The bird is thirsty."",""The bird looks for water for a long time."",""The bird becomes very tired and is about to faint."",""The bird spots a pitcher of water."",""The pitcher is under a bench in a park."",""The bird flies down and sits on the pitcher."",""The water is too deep to reach, the bird’s beak is not long enough."",""The bird finds some pebbles."",""The bird picks up pebbles and drops them into the pitcher."",""The water level rises, allowing the bird to drink."",""The bird flies away happily.""]}",2129,12665.61,"2026-07-10T11:53:15.312034Z"
"206a1264a38e8fb8",692,"1","The story is about a little bird who was very thirsty on a hot day and searched for water for a long time. She became very tired and was about to faint when she noticed a pitcher of water under a bench in a park. She flew down and sat on the pitcher but couldn’t drink from it because the water was too deep for her beak. She looked around and found some pebbles, which gave her an idea. She picked up the pebbles one by one and dropped them into the pitcher, causing the water level to rise. Once the water was within reach, she was able to drink it and flew away happily. The bird’s problem was the depth of the water, and she solved it by using pebbles to raise the level.","2026-07-10T11:53:31.975887Z","{""choices"":[""bird"",""water"",""pitcher"",""pebbles"",""bench"",""park"",""beak (or beak length)""]}","{""choices"":[""The day is hot."",""The bird is thirsty."",""The bird looks for water for a long time."",""The bird becomes very tired and is about to faint."",""The bird spots a pitcher of water."",""The pitcher is under a bench in a park."",""The bird flies down and sits on the pitcher."",""The water is too deep to reach, the bird’s beak is not long enough."",""The bird finds some pebbles."",""The bird picks up pebbles and drops them into the pitcher."",""The water level rises, allowing the bird to drink."",""The bird flies away happily.""]}",2130,16.184,"2026-07-10T11:53:31.975887Z"
"a8426571676d8535",693,"1","The story is about a little bird who was very thirsty and searching for water on a hot day. She was tired and almost fainting when she saw a pitcher of water under a bench in a park. She flew down and sat on the pitcher but couldn’t reach the water because it was too deep for her short beak. She looked around and found some pebbles, which gave her an idea. She dropped the pebbles one by one into the pitcher, causing the water level to rise. Once the water was high enough, she was able to drink it. The bird then flew away happily. I don’t know the exact time of day or the type of bird, but I remember the setting was a park, and the bird used pebbles to raise the water level so she could drink.","2026-07-10T12:03:23.965110Z","{""choices"":[""bird"",""water"",""pitcher"",""pebbles"",""bench"",""park"",""beak (or beak length)""]}","{""choices"":[""The day is hot."",""The bird is thirsty."",""The bird becomes very tired and is about to faint."",""The bird spots a pitcher of water."",""The pitcher is under a bench in a park."",""The bird flies down and sits on the pitcher."",""The water is too deep to reach, the bird’s beak is not long enough."",""The bird finds some pebbles."",""The bird picks up pebbles and drops them into the pitcher."",""The water level rises, allowing the bird to drink."",""The bird flies away happily.""]}",2131,591.541,"2026-07-10T12:03:23.965110Z"
"3ac22ffe1f4df9a2",694,"1","The story is about a little bird who was very thirsty and searching for water on a hot day. She was tired and almost fainting when she saw a pitcher of water under a bench in a park. She flew down and sat on the pitcher, but the water was too deep for her to reach with her short beak. She looked around and found some pebbles, which gave her an idea. She started dropping the pebbles into the pitcher one by one, and as the water level rose, she was finally able to drink from it. After quenching her thirst, she flew away happily. The bird used the pebbles to raise the water level, showing cleverness and determination. The setting was a park, and the main elements were the pitcher, the pebbles, and the bird’s effort to get water.","2026-07-10T12:03:40.470374Z","{""choices"":[""bird"",""water"",""pitcher"",""pebbles"",""bench"",""park"",""beak \/ beak length""]}","{""choices"":[""The day is hot."",""The bird is thirsty."",""The bird becomes very tired and is about to faint."",""The bird spots a pitcher of water."",""The pitcher is under a bench in a park."",""The bird flies down and sits on the pitcher."",""The water is too deep to reach, the bird’s beak is not long enough."",""The bird finds some pebbles."",""The bird picks up pebbles and drops them into the pitcher."",""The water level rises, allowing the bird to drink."",""The bird flies away happily.""]}",2132,16.116,"2026-07-10T12:03:40.470374Z"
"aacec48a3ba6aefe",695,"1","The story is about a little bird who was very thirsty and tired on a hot day. She searched for water for a long time but couldn’t find anything to drink. She finally saw a pitcher of water under a bench in a park. The water was too deep for her to reach with her short beak. She looked around and found some pebbles. Using the pebbles, she dropped them one by one into the pitcher, which caused the water level to rise. Once the water was high enough, she was able to drink from it. After quenching her thirst, the bird flew away happily. The bird used problem-solving and resourcefulness to overcome the challenge of drinking the water.","2026-07-10T12:11:27.135364Z","{""choices"":[""bird"",""water"",""pitcher"",""pebbles"",""bench"",""park"",""beak (or beak length)""]}","{""choices"":[""The day is hot."",""The bird is thirsty."",""The bird looks for water for a long time."",""The bird becomes very tired and is about to faint."",""The bird spots a pitcher of water."",""The pitcher is under a bench in a park."",""The water is too deep to reach, the bird’s beak is not long enough."",""The bird finds some pebbles."",""The bird picks up pebbles and drops them into the pitcher."",""The water level rises, allowing the bird to drink."",""The bird flies away happily.""]}",2133,466.273,"2026-07-10T12:11:27.135364Z"
"8fb1aa6e509c08f9",696,"1","The story is about a thirsty bird searching for water on a hot day. She was very tired and close to fainting when she noticed a pitcher of water under a bench in a park. The water was too deep for her to reach with her short beak, so she looked around and found some pebbles. She dropped the pebbles into the pitcher one by one, which raised the water level. Once the water was within reach, she drank it and flew away happily. The bird used the pebbles to make the water level higher so she could access it. The setting was a park, and the main challenge was the depth of the water. The bird's solution was clever and effective.","2026-07-10T14:28:02.996108Z","{""choices"":[""bird"",""water"",""pitcher"",""pebbles"",""bench"",""park"",""beak (or beak length)""]}","{""choices"":[""The day is hot."",""The bird is thirsty."",""The bird becomes very tired and is about to faint."",""The bird spots a pitcher of water."",""The pitcher is under a bench in a park."",""The water is too deep to reach, the bird’s beak is not long enough."",""The bird finds some pebbles."",""The bird picks up pebbles and drops them into the pitcher."",""The water level rises, allowing the bird to drink."",""The bird flies away happily.""]}",2134,8195.369,"2026-07-10T14:28:02.996108Z"
"fbe8651cdffbb86d",697,"1","The story is about a little bird who was very thirsty and searching for water on a hot day. She flew for a long time and became very tired, almost fainting. While looking for water, she saw a pitcher under a bench in a park. The pitcher had some water inside, but it was too deep for her to reach with her short beak. She looked around and found some pebbles. Using the pebbles, she dropped them one by one into the pitcher, which caused the water level to rise. Once the water was high enough, she was able to drink it. After quenching her thirst, the bird flew away happily. I don’t know the exact time of day or the type of bird, but I remember the bird was small, the pitcher was under a bench, and the pebbles were used to raise the water level.","2026-07-10T14:28:12.651260Z","{""choices"":[""bird"",""water"",""pitcher"",""pebbles"",""bench"",""park"",""beak (or beak length)""]}","{""choices"":[""The day is hot."",""The bird is thirsty."",""The bird looks for water for a long time."",""The bird becomes very tired and is about to faint."",""The bird spots a pitcher of water."",""The pitcher is under a bench in a park."",""The water is too deep to reach, the bird’s beak is not long enough."",""The bird finds some pebbles."",""The bird picks up pebbles and drops them into the pitcher."",""The water level rises, allowing the bird to drink."",""The bird flies away happily.""]}",2135,9.232,"2026-07-10T14:28:12.651260Z"
"b6e897ee8cf608de",698,"1","It was a very hot day, and a little bird was searching for water and became very tired. She was about to faint when she saw a pitcher of water under a bench in a park. She flew down and sat on the pitcher, but the water was too deep for her to reach with her short beak. She looked around and found some pebbles. She started dropping them one by one into the pitcher, which caused the water level to rise. Once the water was high enough, she was able to drink it. After quenching her thirst, she flew away happily. The bird used the pebbles to make the water accessible, showing cleverness and determination.","2026-07-10T14:28:20.296186Z","{""choices"":[""bird"",""water"",""pitcher"",""pebbles"",""bench"",""park"",""beak (or beak length)""]}","{""choices"":[""The day is hot."",""The bird is thirsty."",""The bird looks for water for a long time."",""The bird becomes very tired and is about to faint."",""The bird spots a pitcher of water."",""The pitcher is under a bench in a park."",""The bird flies down and sits on the pitcher."",""The water is too deep to reach, the bird’s beak is not long enough."",""The bird finds some pebbles."",""The bird picks up pebbles and drops them into the pitcher."",""The water level rises, allowing the bird to drink."",""The bird flies away happily.""]}",2136,7.134,"2026-07-10T14:28:20.296186Z"
"f38343524138e4d3",699,"1","The story is about a thirsty bird searching for water on a hot day. She was very tired and almost fainting when she found a pitcher of water under a bench in a park. The water was too deep for her to reach with her short beak, so she looked around and found some pebbles. She dropped the pebbles into the pitcher one by one, which caused the water level to rise. Once the water was within reach, she drank it and flew away happily. The bird used the pebbles to raise the water level, showing cleverness and determination. The setting was a park, and the main challenge was accessing the water. The bird’s actions demonstrated problem-solving and perseverance.","2026-07-10T14:28:44.009523Z","{""choices"":[""bird"",""water"",""pitcher"",""pebbles"",""bench"",""park"",""beak (or beak length)""]}","{""choices"":[""The day is hot."",""The bird is thirsty."",""The bird becomes very tired and is about to faint."",""The bird spots a pitcher of water."",""The pitcher is under a bench in a park."",""The water is too deep to reach, the bird’s beak is not long enough."",""The bird finds some pebbles."",""The bird picks up pebbles and drops them into the pitcher."",""The water level rises, allowing the bird to drink."",""The bird flies away happily.""]}",2137,23.303,"2026-07-10T14:28:44.009523Z"
"195fbbe46d95ca46",700,"1","The story was about a thirsty bird searching for water on a hot day. She flew for a long time and became very tired, almost fainting. She then saw a pitcher of water under a bench in a park. The water was too deep for her to reach with her short beak. She found some pebbles and started dropping them into the pitcher, which raised the water level. Once the water was within reach, she drank it and flew away happily. The bird used the pebbles to make the water level higher so she could access it. The setting was a park, and the main challenge was the depth of the water. The bird’s solution was clever and resourceful.","2026-07-10T14:28:47.623644Z","{""choices"":[""bird"",""water"",""pitcher"",""pebbles"",""bench"",""park"",""beak \/ beak length""]}","{""choices"":[""The day is hot."",""The bird is thirsty."",""The bird looks for water for a long time."",""The bird becomes very tired and is about to faint."",""The bird spots a pitcher of water."",""The pitcher is under a bench in a park."",""The water is too deep to reach, the bird’s beak is not long enough."",""The bird finds some pebbles."",""The bird picks up pebbles and drops them into the pitcher."",""The water level rises, allowing the bird to drink."",""The bird flies away happily.""]}",2138,3.194,"2026-07-10T14:28:47.623644Z"
"cbe030967d3611a9",701,"1","The story is about a little bird who was very thirsty and had been searching for water for a long time. She became very tired and was about to faint when she noticed a pitcher of water under a bench in a park. She flew down and sat on the pitcher, but the water was too deep for her to reach with her short beak. She looked around and found some pebbles, which gave her an idea. She picked up the pebbles one by one and dropped them into the pitcher, causing the water level to rise. Once the water was within reach, she drank it and flew away happily. The bird used the pebbles to raise the water level so she could drink.","2026-07-10T14:28:51.987770Z","{""choices"":[""bird"",""water"",""pitcher"",""pebbles"",""bench"",""park"",""beak (or beak length)""]}","{""choices"":[""The bird is thirsty."",""The bird looks for water for a long time."",""The bird becomes very tired and is about to faint."",""The bird spots a pitcher of water."",""The pitcher is under a bench in a park."",""The bird flies down and sits on the pitcher."",""The water is too deep to reach, the bird’s beak is not long enough."",""The bird finds some pebbles."",""The bird picks up pebbles and drops them into the pitcher."",""The water level rises, allowing the bird to drink."",""The bird flies away happily.""]}",2139,3.961,"2026-07-10T14:28:51.987770Z"
"a0deca3df713b500",702,"1","The story was about a little bird who was very thirsty on a hot day and had been searching for water for a long time. She became very tired and was about to faint when she saw a pitcher of water under a bench in a park. She flew down and sat on the pitcher, but the water was too deep for her to reach with her short beak. She looked around and found some pebbles, which gave her an idea. She picked up the pebbles one by one and dropped them into the pitcher, causing the water level to rise. Once the water was high enough, she was able to drink it and then flew away happily.","2026-07-10T14:28:56.486211Z","{""choices"":[""bird"",""water"",""pitcher"",""pebbles"",""bench"",""park"",""beak (or beak length)""]}","{""choices"":[""The day is hot."",""The bird is thirsty."",""The bird looks for water for a long time."",""The bird becomes very tired and is about to faint."",""The bird spots a pitcher of water."",""The pitcher is under a bench in a park."",""The bird flies down and sits on the pitcher."",""The water is too deep to reach, the bird’s beak is not long enough."",""The bird finds some pebbles."",""The bird picks up pebbles and drops them into the pitcher."",""The water level rises, allowing the bird to drink."",""The bird flies away happily.""]}",2140,4.119,"2026-07-10T14:28:56.486211Z"
"88931135d35b172b",703,"1","The story is about a little bird who was very thirsty on a hot day and searched for water for a long time. She became very tired and was about to faint when she noticed a pitcher of water under a bench in a park. She flew down and sat on the pitcher, but the water was too deep for her to reach with her short beak. She looked around and found some pebbles, which gave her an idea. She dropped the pebbles one by one into the pitcher, and the water level rose. She was then able to drink the water and flew away happily. The bird used her intelligence and resourcefulness to solve the problem of reaching the water.","2026-07-10T14:29:00.095506Z","{""choices"":[""bird"",""water"",""pitcher"",""pebbles"",""bench"",""park"",""beak (or beak length)""]}","{""choices"":[""The day is hot."",""The bird is thirsty."",""The bird looks for water for a long time."",""The bird becomes very tired and is about to faint."",""The bird spots a pitcher of water."",""The pitcher is under a bench in a park."",""The bird flies down and sits on the pitcher."",""The water is too deep to reach, the bird’s beak is not long enough."",""The bird finds some pebbles."",""The bird picks up pebbles and drops them into the pitcher."",""The water level rises, allowing the bird to drink."",""The bird flies away happily.""]}",2141,3.226,"2026-07-10T14:29:00.095506Z"
"e1fa67adc5ec7811",704,"1","The story is about a little bird who was very thirsty and had been searching for water for a long time. She was exhausted and almost fainting when she saw a pitcher of water under a bench in a park. She sat on the pitcher but couldn’t reach the water because it was too deep for her short beak. She looked around and found some pebbles, which made her think of a solution. She dropped the pebbles one by one into the pitcher, causing the water level to rise. Once the water was within reach, she drank it and flew away happily. The bird used the pebbles to raise the water level, showing cleverness and problem-solving skills. The setting was a park on a hot day, and the bird’s determination and ingenuity helped her find a way to quench her thirst.","2026-07-10T14:30:55.871664Z","{""choices"":[""bird"",""water"",""pitcher"",""pebbles"",""bench"",""park"",""beak (or beak length)""]}","{""choices"":[""The day is hot."",""The bird is thirsty."",""The bird looks for water for a long time."",""The bird becomes very tired and is about to faint."",""The bird spots a pitcher of water."",""The pitcher is under a bench in a park."",""The water is too deep to reach, the bird’s beak is not long enough."",""The bird finds some pebbles."",""The bird picks up pebbles and drops them into the pitcher."",""The water level rises, allowing the bird to drink."",""The bird flies away happily.""]}",2142,115.377,"2026-07-10T14:30:55.871664Z"
"090efd7069fe4985",705,"1","It was a hot day, and a thirsty bird was searching for water for a long time. She became very tired and was about to faint. While looking around, she noticed a pitcher of water under a bench in a park. She flew down and sat on the pitcher, but the water was too deep for her to reach with her short beak. She looked around and found some pebbles, which gave her an idea. She picked up the pebbles one by one and dropped them into the pitcher. As she did, the water level rose, allowing her to finally drink. After quenching her thirst, she flew away happily.","2026-07-10T14:31:01.245226Z","{""choices"":[""bird"",""water"",""pitcher"",""pebbles"",""bench"",""park"",""beak (or beak length)""]}","{""choices"":[""The day is hot."",""The bird is thirsty."",""The bird looks for water for a long time."",""The bird becomes very tired and is about to faint."",""The bird spots a pitcher of water."",""The pitcher is under a bench in a park."",""The bird flies down and sits on the pitcher."",""The water is too deep to reach, the bird’s beak is not long enough."",""The bird finds some pebbles."",""The bird picks up pebbles and drops them into the pitcher."",""The water level rises, allowing the bird to drink."",""The bird flies away happily.""]}",2143,4.99,"2026-07-10T14:31:01.245226Z"
"9a9ad1382b5ebaee",706,"1","The story is about a little bird who was very thirsty on a hot day and searched for water for a long time. She became very tired and was about to faint when she noticed a pitcher of water under a bench in a park. She flew down and sat on the pitcher but couldn’t reach the water because it was too deep for her short beak. She looked around and found some pebbles, which gave her an idea. She began dropping the pebbles one by one into the pitcher, and as the water level rose, she was finally able to drink from it. The bird then flew away happily, having solved her problem through clever thinking and persistence.","2026-07-10T14:31:05.733729Z","{""choices"":[""bird"",""water"",""pitcher"",""pebbles"",""bench"",""park"",""beak (or beak length)""]}","{""choices"":[""The day is hot."",""The bird is thirsty."",""The bird looks for water for a long time."",""The bird becomes very tired and is about to faint."",""The bird spots a pitcher of water."",""The pitcher is under a bench in a park."",""The bird flies down and sits on the pitcher."",""The water is too deep to reach, the bird’s beak is not long enough."",""The bird finds some pebbles."",""The bird picks up pebbles and drops them into the pitcher."",""The water level rises, allowing the bird to drink."",""The bird flies away happily.""]}",2144,4.06,"2026-07-10T14:31:05.733729Z"
"ac01e50aa00f838b",707,"1","The story is about a little bird who was very thirsty and had been searching for water for a long time. She was tired and almost fainting when she saw a pitcher of water under a bench in a park. She flew down and sat on the pitcher but couldn’t reach the water because it was too deep for her. Her beak wasn’t long enough, so she looked around and found some pebbles. She then dropped the pebbles one by one into the pitcher, which raised the water level. Once the water was high enough, she was able to drink it. After quenching her thirst, she flew away happily. The bird used her intelligence and resourcefulness to solve the problem of accessing the water.","2026-07-10T14:31:08.221194Z","{""choices"":[""bird"",""water"",""pitcher"",""pebbles"",""bench"",""park"",""beak (or beak length)""]}","{""choices"":[""The bird is thirsty."",""The bird looks for water for a long time."",""The bird becomes very tired and is about to faint."",""The bird spots a pitcher of water."",""The pitcher is under a bench in a park."",""The bird flies down and sits on the pitcher."",""The water is too deep to reach, the bird’s beak is not long enough."",""The bird finds some pebbles."",""The bird picks up pebbles and drops them into the pitcher."",""The water level rises, allowing the bird to drink."",""The bird flies away happily.""]}",2145,2.046,"2026-07-10T14:31:08.221194Z"
"3019b1fe98a6ebda",708,"1","The story is about a little bird who was very thirsty and searching for water on a hot day. She was tired and almost fainting when she found a pitcher of water under a bench in a park. The water was too deep for her to reach with her short beak. She looked around and saw some pebbles, which gave her an idea. She dropped the pebbles one by one into the pitcher, which caused the water level to rise. Once the water was within reach, she drank it and flew away happily. The bird used the pebbles to raise the water level, showing cleverness and determination. The setting was a park, and the main challenge was accessing the water. The bird's actions demonstrate problem-solving and resourcefulness.","2026-07-10T14:31:11.249144Z","{""choices"":[""bird"",""water"",""pitcher"",""pebbles"",""bench"",""park"",""beak (or beak length)""]}","{""choices"":[""The day is hot."",""The bird is thirsty."",""The bird becomes very tired and is about to faint."",""The bird spots a pitcher of water."",""The pitcher is under a bench in a park."",""The water is too deep to reach, the bird’s beak is not long enough."",""The bird finds some pebbles."",""The bird picks up pebbles and drops them into the pitcher."",""The water level rises, allowing the bird to drink."",""The bird flies away happily.""]}",2146,2.642,"2026-07-10T14:31:11.249144Z"
"0789d8cec7990c9a",709,"1","The story is about a little bird who was very thirsty and tired on a hot day. She searched for water for a long time and was about to faint when she saw a pitcher of water under a bench in a park. The water was too deep for her to reach with her short beak, so she looked around and found some pebbles. She dropped the pebbles one by one into the pitcher, which caused the water level to rise. Once the water was high enough, she was able to drink it and then flew away happily. The bird used the pebbles to make the water accessible, showing cleverness and determination.","2026-07-10T14:31:17.692888Z","{""choices"":[""bird"",""water"",""pitcher"",""pebbles"",""bench"",""park"",""beak (or beak length)""]}","{""choices"":[""The day is hot."",""The bird is thirsty."",""The bird looks for water for a long time."",""The bird becomes very tired and is about to faint."",""The bird spots a pitcher of water."",""The pitcher is under a bench in a park."",""The water is too deep to reach, the bird’s beak is not long enough."",""The bird finds some pebbles."",""The bird picks up pebbles and drops them into the pitcher."",""The water level rises, allowing the bird to drink."",""The bird flies away happily.""]}",2147,6.023,"2026-07-10T14:31:17.692888Z"
"7680a3e16d9bcc61",710,"1","The story is about a little bird who was very thirsty on a hot day and searched for water for a long time. She became very tired and was about to faint when she saw a pitcher of water under a bench in a park. She flew down and sat on the pitcher, but the water was too deep for her to reach with her short beak. She looked around and found some pebbles, which gave her an idea. She dropped the pebbles one by one into the pitcher, and as a result, the water level rose. She was then able to drink the water and flew away happily. The bird used the pebbles to make the water level higher so she could access it. The story shows the bird’s cleverness and determination in solving her problem.","2026-07-10T14:31:22.606168Z","{""choices"":[""bird"",""water"",""pitcher"",""pebbles"",""bench"",""park"",""beak (or beak length)""]}","{""choices"":[""The day is hot."",""The bird is thirsty."",""The bird looks for water for a long time."",""The bird becomes very tired and is about to faint."",""The bird spots a pitcher of water."",""The pitcher is under a bench in a park."",""The bird flies down and sits on the pitcher."",""The water is too deep to reach, the bird’s beak is not long enough."",""The bird finds some pebbles."",""The bird picks up pebbles and drops them into the pitcher."",""The water level rises, allowing the bird to drink."",""The bird flies away happily.""]}",2148,4.526,"2026-07-10T14:31:22.606168Z"
"de8166a2cd6683a0",711,"1","The story was about a little bird who was very thirsty on a hot day and searched for water for a long time. She became tired and almost fainted but then noticed a pitcher of water under a bench in a park. The water was too deep for her to reach with her short beak, so she looked around and found some pebbles. She dropped the pebbles one by one into the pitcher, which caused the water level to rise. Once the water was high enough, she was able to drink from it and then flew away happily. The bird used the pebbles to raise the water level, showing cleverness and determination.","2026-07-10T14:31:25.796866Z","{""choices"":[""bird"",""water"",""pitcher"",""pebbles"",""bench"",""park"",""beak (or beak length)""]}","{""choices"":[""The day is hot."",""The bird is thirsty."",""The bird looks for water for a long time."",""The bird becomes very tired and is about to faint."",""The bird spots a pitcher of water."",""The pitcher is under a bench in a park."",""The water is too deep to reach, the bird’s beak is not long enough."",""The bird finds some pebbles."",""The bird picks up pebbles and drops them into the pitcher."",""The water level rises, allowing the bird to drink."",""The bird flies away happily.""]}",2149,2.766,"2026-07-10T14:31:25.796866Z"
"35ba37a804c12271",712,"1","The story is about a little bird who was very thirsty and had been searching for water for a long time. She was tired and almost fainting when she saw a pitcher of water under a bench in a park. She tried to drink from it but couldn't because the water was too deep for her short beak. She looked around and found some pebbles, which gave her an idea. She dropped the pebbles one by one into the pitcher, causing the water level to rise. Once the water was high enough, she was able to drink it and then flew away happily. The bird used her intelligence and resourcefulness to solve the problem of reaching the water.","2026-07-10T14:31:29.043882Z","{""choices"":[""bird"",""water"",""pitcher"",""pebbles"",""bench"",""park"",""beak (or beak length)""]}","{""choices"":[""The bird is thirsty."",""The bird looks for water for a long time."",""The bird becomes very tired and is about to faint."",""The bird spots a pitcher of water."",""The pitcher is under a bench in a park."",""The water is too deep to reach, the bird’s beak is not long enough."",""The bird finds some pebbles."",""The bird picks up pebbles and drops them into the pitcher."",""The water level rises, allowing the bird to drink."",""The bird flies away happily.""]}",2150,2.794,"2026-07-10T14:31:29.043882Z"
"f3a42df4e0d2b630",713,"1","The story is about a thirsty bird searching for water on a hot day. She became very tired and was about to faint when she noticed a pitcher of water under a bench in a park. The water was too deep for her to reach with her short beak, so she looked around and found some pebbles. She dropped the pebbles into the pitcher one by one, which caused the water level to rise. Eventually, she was able to drink the water and flew away happily. The bird used the pebbles to make the water level higher so she could access it. The setting was a park, and the main challenge was the depth of the water in the pitcher. The bird’s solution involved using small objects to raise the water level.","2026-07-10T14:31:32.060418Z","{""choices"":[""bird"",""water"",""pitcher"",""pebbles"",""bench"",""park"",""beak (or beak length)""]}","{""choices"":[""The day is hot."",""The bird is thirsty."",""The bird looks for water for a long time."",""The bird becomes very tired and is about to faint."",""The bird spots a pitcher of water."",""The pitcher is under a bench in a park."",""The water is too deep to reach, the bird’s beak is not long enough."",""The bird finds some pebbles."",""The bird picks up pebbles and drops them into the pitcher."",""The water level rises, allowing the bird to drink."",""The bird flies away happily.""]}",2151,11.008000000000001,"2026-07-10T14:31:55.048859Z"
"8582e932a77dec79",715,"1","The story is about a little bird who was very thirsty on a hot day and searched for water for a long time. She became very tired and almost fainted. While looking for water, she saw a pitcher under a bench in a park. She flew down and sat on the pitcher, but the water was too deep for her to reach with her short beak. She looked around and found some pebbles, which made her think of a solution. She dropped the pebbles one by one into the pitcher, and as the water level rose, she was finally able to drink from it. After quenching her thirst, she flew away happily. I don’t know the exact time of day or the type of bird, but I remember the main events and the bird’s clever solution to the problem.","2026-07-10T14:31:42.992974Z","{""choices"":[""bird"",""water"",""pitcher"",""pebbles"",""bench"",""park"",""beak (or beak length)""]}","{""choices"":[""The day is hot."",""The bird is thirsty."",""The bird looks for water for a long time."",""The bird becomes very tired and is about to faint."",""The bird spots a pitcher of water."",""The pitcher is under a bench in a park."",""The bird flies down and sits on the pitcher."",""The water is too deep to reach, the bird’s beak is not long enough."",""The bird finds some pebbles."",""The bird picks up pebbles and drops them into the pitcher."",""The water level rises, allowing the bird to drink."",""The bird flies away happily.""]}",2152,7.488999999999999,"2026-07-10T14:31:42.992974Z"
"b0f9b61b58cb15f8",716,"1","The story is about a little bird who was very thirsty on a hot day and searched for water for a long time. She became very tired and almost fainted. While looking for water, she saw a pitcher under a bench in a park. The pitcher had some water inside, but it was too deep for her to reach with her short beak. She looked around and found some pebbles, which gave her an idea. She dropped the pebbles one by one into the pitcher, and the water level rose. Eventually, she was able to drink the water and flew away happily.","2026-07-10T14:37:37.134099Z","{""choices"":[""bird"",""water"",""pitcher"",""pebbles"",""bench"",""park"",""beak (or beak length)""]}","{""choices"":[""The day is hot."",""The bird is thirsty."",""The bird looks for water for a long time."",""The bird becomes very tired and is about to faint."",""The bird spots a pitcher of water."",""The pitcher is under a bench in a park."",""The water is too deep to reach, the bird’s beak is not long enough."",""The bird finds some pebbles."",""The bird picks up pebbles and drops them into the pitcher."",""The water level rises, allowing the bird to drink."",""The bird flies away happily.""]}",2153,339.213,"2026-07-10T14:37:37.134099Z"
"5742684ce989c5fc",717,"1","The story was about a little bird who was very thirsty on a hot day and had been searching for water for a long time. She became very tired and was about to faint when she saw a pitcher of water under a bench in a park. She flew down and sat on the pitcher, but the water was too deep for her to reach with her short beak. She looked around and found some pebbles, which gave her an idea. She picked up the pebbles one by one and dropped them into the pitcher, which caused the water level to rise. Once the water was within reach, she was able to drink it and flew away happily.","2026-07-10T14:37:43.042802Z","{""choices"":[""bird"",""water"",""pitcher"",""pebbles"",""bench"",""park"",""beak (or beak length)""]}","{""choices"":[""The day is hot."",""The bird is thirsty."",""The bird looks for water for a long time."",""The bird becomes very tired and is about to faint."",""The bird spots a pitcher of water."",""The pitcher is under a bench in a park."",""The bird flies down and sits on the pitcher."",""The water is too deep to reach, the bird’s beak is not long enough."",""The bird finds some pebbles."",""The bird picks up pebbles and drops them into the pitcher."",""The water level rises, allowing the bird to drink."",""The bird flies away happily.""]}",2154,5.497,"2026-07-10T14:37:43.042802Z"
"46dfb194bd69c579",718,"1","The story was about a little bird who was very thirsty on a hot day and had been searching for water for a long time. She became very tired and was about to faint when she saw a pitcher of water under a bench in a park. She flew down and sat on the pitcher, but the water was too deep for her to reach with her short beak. She looked around and found some pebbles, which gave her an idea. She picked up the pebbles one by one and dropped them into the pitcher, which caused the water level to rise. Once the water was within reach, she was able to drink it and flew away happily. The bird’s cleverness in using the pebbles to raise the water level helped her solve the problem.","2026-07-10T14:37:46.676148Z","{""choices"":[""bird"",""water"",""pitcher"",""pebbles"",""bench"",""park"",""beak (or beak length)""]}","{""choices"":[""The day is hot."",""The bird is thirsty."",""The bird looks for water for a long time."",""The bird becomes very tired and is about to faint."",""The bird spots a pitcher of water."",""The pitcher is under a bench in a park."",""The bird flies down and sits on the pitcher."",""The water is too deep to reach, the bird’s beak is not long enough."",""The bird finds some pebbles."",""The bird picks up pebbles and drops them into the pitcher."",""The water level rises, allowing the bird to drink."",""The bird flies away happily.""]}",2155,3.227,"2026-07-10T14:37:46.676148Z"
"6211320a780be800",719,"1","It was a very hot day, and a small bird was searching for water for a long time. She became very tired and was about to faint. While she was resting, she saw a pitcher of water under a bench in a park. She flew down and sat on the pitcher, but the water was too deep for her to reach with her short beak. She looked around and found some pebbles, which made her think. She picked up the pebbles one by one and dropped them into the pitcher. As she did this, the water level rose, allowing her to finally drink. After quenching her thirst, she flew away happily.","2026-07-10T14:37:49.521388Z","{""choices"":[""bird"",""water"",""pitcher"",""pebbles"",""bench"",""park"",""beak (or beak length)""]}","{""choices"":[""The day is hot."",""The bird is thirsty."",""The bird looks for water for a long time."",""The bird becomes very tired and is about to faint."",""The bird spots a pitcher of water."",""The pitcher is under a bench in a park."",""The bird flies down and sits on the pitcher."",""The water is too deep to reach, the bird’s beak is not long enough."",""The bird finds some pebbles."",""The bird picks up pebbles and drops them into the pitcher."",""The water level rises, allowing the bird to drink."",""The bird flies away happily.""]}",2156,2.44,"2026-07-10T14:37:49.521388Z"
"c9bdbb0778bf3f79",720,"1","It was a very hot day, and a little bird was looking for water for a long time. She was very tired and almost fainting when she saw a pitcher of water under a bench in a park. She flew down and sat on the pitcher but couldn’t reach the water because it was too deep for her. Her beak wasn’t long enough, so she looked around and found some pebbles. She dropped them one by one into the pitcher, and the water level rose. She was able to drink the water and then flew away happily.","2026-07-10T14:37:52.407897Z","{""choices"":[""bird"",""water"",""pitcher"",""pebbles"",""bench"",""park"",""beak (or beak length)""]}","{""choices"":[""The day is hot."",""The bird looks for water for a long time."",""The bird becomes very tired and is about to faint."",""The bird spots a pitcher of water."",""The pitcher is under a bench in a park."",""The bird flies down and sits on the pitcher."",""The water is too deep to reach, the bird’s beak is not long enough."",""The bird finds some pebbles."",""The bird picks up pebbles and drops them into the pitcher."",""The water level rises, allowing the bird to drink."",""The bird flies away happily.""]}",2157,2.497,"2026-07-10T14:37:52.407897Z"
"14bdbf8dd374813c",721,"1","The story is about a little bird who was very thirsty on a hot day and searched for water for a long time. She became very tired and almost fainted. While looking for water, she saw a pitcher under a bench in a park. She flew down and sat on the pitcher, but the water was too deep for her to reach with her short beak. She looked around and found some pebbles, which gave her an idea. She dropped the pebbles one by one into the pitcher, and the water level rose. Eventually, she was able to drink the water and flew away happily.","2026-07-10T14:37:55.264380Z","{""choices"":[""bird"",""water"",""pitcher"",""pebbles"",""bench"",""park"",""beak (or beak length)""]}","{""choices"":[""The day is hot."",""The bird is thirsty."",""The bird looks for water for a long time."",""The bird becomes very tired and is about to faint."",""The bird spots a pitcher of water."",""The pitcher is under a bench in a park."",""The bird flies down and sits on the pitcher."",""The water is too deep to reach, the bird’s beak is not long enough."",""The bird finds some pebbles."",""The bird picks up pebbles and drops them into the pitcher."",""The water level rises, allowing the bird to drink."",""The bird flies away happily.""]}",2158,2.482,"2026-07-10T14:37:55.264380Z"
"74e502424e3640ef",722,"1","The story is about a thirsty bird searching for water on a hot day. She was very tired and close to fainting when she discovered a pitcher of water under a park bench. The water was too deep for her to reach with her short beak. She found some pebbles and dropped them into the pitcher, which raised the water level. This allowed her to drink the water and then fly away happily. The bird used the pebbles to make the water accessible. The setting was a park, and the main challenge was the depth of the water. The bird's solution was clever and effective. She worked patiently to solve the problem. The story shows determination and ingenuity.","2026-07-10T14:38:11.310759Z","{""choices"":[""bird"",""water"",""pitcher"",""pebbles"",""bench"",""park"",""beak (or beak length)""]}","{""choices"":[""The day is hot."",""The bird is thirsty."",""The bird looks for water for a long time."",""The bird becomes very tired and is about to faint."",""The bird spots a pitcher of water."",""The pitcher is under a bench in a park."",""The water is too deep to reach, the bird’s beak is not long enough."",""The bird finds some pebbles."",""The bird picks up pebbles and drops them into the pitcher."",""The water level rises, allowing the bird to drink."",""The bird flies away happily.""]}",2159,15.552,"2026-07-10T14:38:11.310759Z"
"298f4b165998bdff",723,"1","The story is about a little bird who was very thirsty and had been searching for water for a long time. She was exhausted and nearly fainting when she saw a pitcher of water under a bench in a park. She flew down and sat on the pitcher, but the water was too deep for her to reach with her short beak. She looked around and found some pebbles, which made her think of a solution. She dropped the pebbles one by one into the pitcher, and as they sank, the water level rose. Eventually, the water became shallow enough for her to drink. She drank her fill and then flew away happily. The bird used her intelligence and resourcefulness to solve the problem of accessing the water.","2026-07-10T14:38:16.357943Z","{""choices"":[""bird"",""water"",""pitcher"",""pebbles"",""bench"",""park"",""beak (or beak length)""]}","{""choices"":[""The bird is thirsty."",""The bird looks for water for a long time."",""The bird becomes very tired and is about to faint."",""The bird spots a pitcher of water."",""The pitcher is under a bench in a park."",""The bird flies down and sits on the pitcher."",""The water is too deep to reach, the bird’s beak is not long enough."",""The bird finds some pebbles."",""The bird picks up pebbles and drops them into the pitcher."",""The water level rises, allowing the bird to drink."",""The bird flies away happily.""]}",2160,4.628,"2026-07-10T14:38:16.357943Z"
"e3b29d009d743d78",724,"1","The story was about a little bird who was very thirsty and had been searching for water for a long time. She was tired and almost fainting when she saw a pitcher of water under a bench in a park. She flew down and sat on the pitcher but couldn’t reach the water because it was too deep for her beak. She looked around and found some pebbles, which made her think of a solution. She dropped the pebbles one by one into the pitcher, and as they sank, the water level rose. Eventually, she was able to drink the water and flew away happily. The bird used the pebbles to raise the water level so she could access it. She was very clever and resourceful in finding a way to get the water she needed.","2026-07-10T14:38:24.224712Z","{""choices"":[""bird"",""water"",""pitcher"",""pebbles"",""bench"",""park"",""beak (or beak length)""]}","{""choices"":[""The bird is thirsty."",""The bird looks for water for a long time."",""The bird becomes very tired and is about to faint."",""The bird spots a pitcher of water."",""The pitcher is under a bench in a park."",""The bird flies down and sits on the pitcher."",""The water is too deep to reach, the bird’s beak is not long enough."",""The bird finds some pebbles."",""The bird picks up pebbles and drops them into the pitcher."",""The water level rises, allowing the bird to drink."",""The bird flies away happily.""]}",2161,7.443,"2026-07-10T14:38:24.224712Z"
"d6d0f0bbeeef090a",725,"1","The story is about a thirsty bird searching for water on a hot day. She became very tired and almost fainted but then noticed a pitcher of water under a bench in a park. The water was too deep for her to reach with her short beak. She found some pebbles and dropped them into the pitcher, which raised the water level. She was then able to drink the water and flew away happily. She used the pebbles to make the water level higher so she could access it. The pitcher was placed under a bench, and the bird was determined to find a way to drink. The story shows her cleverness and perseverance.","2026-07-10T14:38:31.352449Z","{""choices"":[""bird"",""water"",""pitcher"",""pebbles"",""bench"",""park"",""beak (or beak length)""]}","{""choices"":[""The day is hot."",""The bird is thirsty."",""The bird looks for water for a long time."",""The bird becomes very tired and is about to faint."",""The bird spots a pitcher of water."",""The pitcher is under a bench in a park."",""The water is too deep to reach, the bird’s beak is not long enough."",""The bird finds some pebbles."",""The bird picks up pebbles and drops them into the pitcher."",""The water level rises, allowing the bird to drink."",""The bird flies away happily.""]}",2162,6.709,"2026-07-10T14:38:31.352449Z"
"55ecd445df6d85fe",726,"1","It was a hot day, and a thirsty bird was searching for water for a long time. She was very tired and almost fainting when she saw a pitcher of water under a bench in a park. She flew down and sat on the pitcher, but the water was too deep for her to reach with her short beak. She looked around and found some pebbles, which made her think. She picked up each pebble and dropped it into the pitcher, causing the water level to rise. Eventually, she could drink the water and flew away happily.","2026-07-10T14:38:39.779908Z","{""choices"":[""bird"",""water"",""pitcher"",""pebbles"",""bench"",""park"",""beak (or beak length)""]}","{""choices"":[""The day is hot."",""The bird is thirsty."",""The bird looks for water for a long time."",""The bird becomes very tired and is about to faint."",""The bird spots a pitcher of water."",""The pitcher is under a bench in a park."",""The bird flies down and sits on the pitcher."",""The water is too deep to reach, the bird’s beak is not long enough."",""The bird finds some pebbles."",""The bird picks up pebbles and drops them into the pitcher."",""The water level rises, allowing the bird to drink."",""The bird flies away happily.""]}",2163,8.012,"2026-07-10T14:38:39.779908Z"
"1df8afb375db6660",727,"1","It was a very hot day, and a little bird was very thirsty and tired, searching for water for a long time. She was about to faint when she saw a pitcher of water under a bench in a park. She flew down and sat on the pitcher, but the water was too deep for her to reach with her short beak. She looked around and found some pebbles, which gave her an idea. She picked up the pebbles one by one and dropped them into the pitcher, which caused the water level to rise. Once the water was high enough, she was able to drink it. After drinking, she flew away happily. I don’t know the exact time of day or the color of the bird, but I remember the bird was thirsty, tired, and used pebbles to raise the water level so she could drink.","2026-07-10T14:58:41.654838Z","{""choices"":[""bird"",""water"",""pitcher"",""pebbles"",""bench"",""park"",""beak (or beak length)""]}","{""choices"":[""The day is hot."",""The bird is thirsty."",""The bird looks for water for a long time."",""The bird becomes very tired and is about to faint."",""The bird spots a pitcher of water."",""The pitcher is under a bench in a park."",""The bird flies down and sits on the pitcher."",""The water is too deep to reach, the bird’s beak is not long enough."",""The bird finds some pebbles."",""The bird picks up pebbles and drops them into the pitcher."",""The water level rises, allowing the bird to drink."",""The bird flies away happily.""]}",2164,1201.407,"2026-07-10T14:58:41.654838Z"
"a4f1f1b06844e2c4",728,"1","I remember a little bird who was very thirsty and searching for water on a hot day. She was tired and almost fainted but then saw a pitcher of water under a bench in a park. The water was too deep for her to reach because her beak wasn’t long enough. She looked around and found some pebbles, which made her think of a solution. She dropped the pebbles one by one into the pitcher, and the water level rose. Eventually, she was able to drink the water and flew away happy. The story shows her determination and cleverness in finding a way to get the water she needed.","2026-07-10T14:58:50.351801Z","{""choices"":[""bird"",""water"",""pitcher"",""pebbles"",""bench"",""park"",""beak (or beak length)""]}","{""choices"":[""The day is hot."",""The bird is thirsty."",""The bird looks for water for a long time."",""The bird becomes very tired and is about to faint."",""The bird spots a pitcher of water."",""The pitcher is under a bench in a park."",""The water is too deep to reach, the bird’s beak is not long enough."",""The bird finds some pebbles."",""The bird picks up pebbles and drops them into the pitcher."",""The water level rises, allowing the bird to drink."",""The bird flies away happily.""]}",2165,7.804,"2026-07-10T14:58:50.351801Z"
"00810b15446476f2",729,"1","It was a hot day, and a thirsty bird was searching for water for a long time. She became very tired and was about to faint. While looking around, she noticed a pitcher of water under a bench in a park. She flew down and sat on the pitcher, but the water was too deep for her to reach with her short beak. She looked around and found some pebbles. Using them, she dropped each one into the pitcher, which caused the water level to rise. Eventually, she was able to drink the water and flew away happily.","2026-07-10T14:58:54.235941Z","{""choices"":[""bird"",""water"",""pitcher"",""pebbles"",""bench"",""park"",""beak (or beak length)""]}","{""choices"":[""The day is hot."",""The bird is thirsty."",""The bird looks for water for a long time."",""The bird becomes very tired and is about to faint."",""The bird spots a pitcher of water."",""The pitcher is under a bench in a park."",""The bird flies down and sits on the pitcher."",""The water is too deep to reach, the bird’s beak is not long enough."",""The bird finds some pebbles."",""The bird picks up pebbles and drops them into the pitcher."",""The water level rises, allowing the bird to drink."",""The bird flies away happily.""]}",2166,2.946,"2026-07-10T14:58:54.235941Z"
"0c40571ff093f733",730,"1","It was a very hot day, and a little bird was very thirsty and tired, searching for water for a long time. She was so exhausted she was about to faint. Then she saw a pitcher of water under a bench in a park. She flew down and sat on the pitcher, but the water was too deep for her to reach with her short beak. She looked around and found some pebbles, which made her think. She started dropping the pebbles one by one into the pitcher, and as she did, the water level rose. Eventually, the water was at a level she could reach, so she drank it and flew away happily.","2026-07-10T14:58:57.386356Z","{""choices"":[""bird"",""water"",""pitcher"",""pebbles"",""bench"",""park"",""beak (or beak length)""]}","{""choices"":[""The day is hot."",""The bird is thirsty."",""The bird looks for water for a long time."",""The bird becomes very tired and is about to faint."",""The bird spots a pitcher of water."",""The pitcher is under a bench in a park."",""The bird flies down and sits on the pitcher."",""The water is too deep to reach, the bird’s beak is not long enough."",""The bird finds some pebbles."",""The bird picks up pebbles and drops them into the pitcher."",""The water level rises, allowing the bird to drink."",""The bird flies away happily.""]}",2167,2.319,"2026-07-10T14:58:57.386356Z"
"004983f2ebf3d342",731,"1","The story was about a little bird who was very thirsty on a hot day. She searched for water for a long time and became tired, almost fainting. She then saw a pitcher of water under a bench in a park. The water was too deep for her to reach with her short beak. She found some pebbles and dropped them into the pitcher, which raised the water level. She was able to drink the water and flew away happily. I don’t know the exact location of the park or the bird's species, but I remember she used pebbles to make the water accessible.","2026-07-10T14:59:11.989912Z","{""choices"":[""bird"",""water"",""pitcher"",""pebbles"",""bench"",""park"",""beak (or beak length)""]}","{""choices"":[""The day is hot."",""The bird is thirsty."",""The bird looks for water for a long time."",""The bird becomes very tired and is about to faint."",""The bird spots a pitcher of water."",""The pitcher is under a bench in a park."",""The water is too deep to reach, the bird’s beak is not long enough."",""The bird finds some pebbles."",""The bird picks up pebbles and drops them into the pitcher."",""The water level rises, allowing the bird to drink."",""The bird flies away happily.""]}",2168,13.778,"2026-07-10T14:59:11.989912Z"
"08ab51c4bcf6d716",732,"1","The story was about a little bird who was very thirsty on a hot day and had been searching for water for a long time. She became very tired and almost fainted but then saw a pitcher of water under a bench in a park. She flew down and sat on the pitcher, but the water was too deep for her to reach with her short beak. She looked around and found some pebbles, which gave her an idea. She dropped the pebbles one by one into the pitcher, and as they settled, the water level rose. This allowed her to drink the water, and she flew away happily. The bird used the pebbles to raise the water level so she could access it.","2026-07-10T14:59:15.902645Z","{""choices"":[""bird"",""water"",""pitcher"",""pebbles"",""bench"",""park"",""beak (or beak length)""]}","{""choices"":[""The day is hot."",""The bird is thirsty."",""The bird looks for water for a long time."",""The bird becomes very tired and is about to faint."",""The bird spots a pitcher of water."",""The pitcher is under a bench in a park."",""The bird flies down and sits on the pitcher."",""The water is too deep to reach, the bird’s beak is not long enough."",""The bird finds some pebbles."",""The bird picks up pebbles and drops them into the pitcher."",""The water level rises, allowing the bird to drink."",""The bird flies away happily.""]}",2169,2.82,"2026-07-10T14:59:15.902645Z"
"fbcc214774f05979",733,"1","The story was about a thirsty bird searching for water on a hot day. She was very tired and almost fainting when she found a pitcher of water under a bench in a park. The water was too deep for her to reach with her short beak. She looked around and found some pebbles, which made her think of a solution. She dropped the pebbles into the pitcher one by one, causing the water level to rise. Once the water was within reach, she drank it and flew away happily. The bird used the pebbles to raise the water level, showing clever problem-solving. I don’t know the exact location of the park or the type of bird, but the main details are clear. I don’t know if there were other birds around or how long she had been searching for water.","2026-07-10T14:59:23.147526Z","{""choices"":[""bird"",""water"",""pitcher"",""pebbles"",""bench"",""park"",""beak (or beak length)""]}","{""choices"":[""The day is hot."",""The bird is thirsty."",""The bird looks for water for a long time."",""The bird becomes very tired and is about to faint."",""The bird spots a pitcher of water."",""The pitcher is under a bench in a park."",""The water is too deep to reach, the bird’s beak is not long enough."",""The bird finds some pebbles."",""The bird picks up pebbles and drops them into the pitcher."",""The water level rises, allowing the bird to drink."",""The bird flies away happily.""]}",2170,6.348,"2026-07-10T14:59:23.147526Z"
"fe0daf76a6c0a82a",734,"1","The story was about a thirsty bird who was looking for water on a hot day. She was very tired and almost fainting when she saw a pitcher of water under a bench in a park. She sat on the pitcher but couldn’t reach the water because it was too deep for her beak. She found some pebbles and dropped them into the pitcher one by one, which raised the water level. She was then able to drink the water and flew away happily. The bird used the pebbles to make the water level higher so she could access it. The pitcher was under a bench, and the water was inside it. The bird was thirsty, tired, and eventually successful in getting the water she needed.","2026-07-10T15:02:26.453245Z","{""choices"":[""bird"",""water"",""pitcher"",""pebbles"",""bench"",""park"",""beak (or beak length)""]}","{""choices"":[""The day is hot."",""The bird is thirsty."",""The bird looks for water for a long time."",""The bird becomes very tired and is about to faint."",""The bird spots a pitcher of water."",""The pitcher is under a bench in a park."",""The water is too deep to reach, the bird’s beak is not long enough."",""The bird finds some pebbles."",""The bird picks up pebbles and drops them into the pitcher."",""The water level rises, allowing the bird to drink."",""The bird flies away happily.""]}",2171,182.423,"2026-07-10T15:02:26.459582Z"
"7c81aadd82c606c1",735,"1","It was a very hot day, and a little bird was looking for water but couldn't find any. She was tired and almost fainting when she saw a pitcher of water under a bench in a park. She flew down and sat on the pitcher, but the water was too deep for her to reach with her short beak. She looked around and found some pebbles. She dropped them one by one into the pitcher, which made the water level rise. Eventually, she could reach the water and drank it. She then flew away happily. I don’t know the exact location of the park or the bird’s name, but I remember the bird was thirsty, tired, and used pebbles to raise the water level so she could drink.","2026-07-10T15:02:34.302743Z","{""choices"":[""bird"",""water"",""pitcher"",""pebbles"",""bench"",""park"",""beak (or beak length)""]}","{""choices"":[""The day is hot."",""The bird is thirsty."",""The bird looks for water for a long time."",""The bird becomes very tired and is about to faint."",""The bird spots a pitcher of water."",""The pitcher is under a bench in a park."",""The bird flies down and sits on the pitcher."",""The water is too deep to reach, the bird’s beak is not long enough."",""The bird finds some pebbles."",""The bird picks up pebbles and drops them into the pitcher."",""The water level rises, allowing the bird to drink."",""The bird flies away happily.""]}",2172,6.936,"2026-07-10T15:02:34.302743Z"
"60ff6fbaa1c380a5",736,"1","The story is about a little bird who was very thirsty on a hot day and had been searching for water for a long time. She became very tired and almost fainted. While looking around, she saw a pitcher of water under a bench in a park. She flew down and sat on the pitcher, but the water was too deep for her to reach with her short beak. She looked around and found some pebbles, which made her think of a solution. She dropped the pebbles one by one into the pitcher, and as the water level rose, she was finally able to drink from it. After quenching her thirst, she flew away happily.","2026-07-10T15:02:39.160145Z","{""choices"":[""bird"",""water"",""pitcher"",""pebbles"",""bench"",""park"",""beak (or beak length)""]}","{""choices"":[""The day is hot."",""The bird is thirsty."",""The bird looks for water for a long time."",""The bird becomes very tired and is about to faint."",""The bird spots a pitcher of water."",""The pitcher is under a bench in a park."",""The bird flies down and sits on the pitcher."",""The water is too deep to reach, the bird’s beak is not long enough."",""The bird finds some pebbles."",""The bird picks up pebbles and drops them into the pitcher."",""The water level rises, allowing the bird to drink."",""The bird flies away happily.""]}",2173,3.766,"2026-07-10T15:02:39.160145Z"
"88affc35a4046761",737,"1","The story was about a little bird who was very thirsty on a hot day and had been searching for water for a long time. She became very tired and almost fainted. While she was looking around, she saw a pitcher of water under a bench in a park. She flew down and sat on the pitcher, but the water was too deep for her to reach with her short beak. She looked around and found some pebbles, which made her think of a solution. She dropped the pebbles one by one into the pitcher, and the water level rose. Eventually, she was able to drink the water and flew away happily.","2026-07-10T15:02:42.366127Z","{""choices"":[""bird"",""water"",""pitcher"",""pebbles"",""bench"",""park"",""beak (or beak length)""]}","{""choices"":[""The day is hot."",""The bird is thirsty."",""The bird looks for water for a long time."",""The bird becomes very tired and is about to faint."",""The bird spots a pitcher of water."",""The pitcher is under a bench in a park."",""The bird flies down and sits on the pitcher."",""The water is too deep to reach, the bird’s beak is not long enough."",""The bird finds some pebbles."",""The bird picks up pebbles and drops them into the pitcher."",""The water level rises, allowing the bird to drink."",""The bird flies away happily.""]}",2174,2.357,"2026-07-10T15:02:42.372499Z"
"d4ca3e13bac51d26",738,"1","The story was about a little bird who was very thirsty and had been searching for water for a long time. It was a hot day, and she was so tired she was about to faint. She found a pitcher of water under a bench in a park but couldn't reach it because the water was too deep for her short beak. She looked around and found some pebbles, which gave her an idea. She dropped the pebbles one by one into the pitcher, and the water level rose until she could finally drink. She then flew away happily. I don’t know the bird’s name or what happened after she drank, but I remember she used pebbles to raise the water level.","2026-07-10T15:02:56.144011Z","{""choices"":[""bird"",""water"",""pitcher"",""pebbles"",""bench"",""park"",""beak (or beak length)""]}","{""choices"":[""The day is hot."",""The bird is thirsty."",""The bird looks for water for a long time."",""The bird becomes very tired and is about to faint."",""The bird spots a pitcher of water."",""The pitcher is under a bench in a park."",""The water is too deep to reach, the bird’s beak is not long enough."",""The bird finds some pebbles."",""The bird picks up pebbles and drops them into the pitcher."",""The water level rises, allowing the bird to drink."",""The bird flies away happily.""]}",2175,12.893,"2026-07-10T15:02:56.144011Z"
"9edc6bad4bcf8e05",739,"1","The story is about a little bird who was very thirsty and tired on a hot day. She searched for water for a long time but couldn't find any. She saw a pitcher of water under a bench in a park, but the water was too deep for her to reach with her short beak. She looked around and found some pebbles. She used the pebbles to raise the water level by dropping them one by one into the pitcher. Once the water level rose enough, she was able to drink from the pitcher. She then flew away happily, satisfied and refreshed.","2026-07-10T15:03:15.313321Z","{""choices"":[""bird"",""water"",""pitcher"",""pebbles"",""bench"",""park"",""beak (or beak length)""]}","{""choices"":[""The day is hot."",""The bird is thirsty."",""The bird looks for water for a long time."",""The bird becomes very tired and is about to faint."",""The bird spots a pitcher of water."",""The pitcher is under a bench in a park."",""The water is too deep to reach, the bird’s beak is not long enough."",""The bird finds some pebbles."",""The bird picks up pebbles and drops them into the pitcher."",""The water level rises, allowing the bird to drink."",""The bird flies away happily.""]}",2176,18.248,"2026-07-10T15:03:15.313321Z"
"f55275897ac0066c",740,"1","The story is about a little bird who was very thirsty and tired on a hot day. She was searching for water for a long time and was about to faint. She eventually spotted a pitcher of water under a bench in a park. She flew down and sat on the pitcher, but the water was too deep for her to reach with her beak. She looked around and saw some pebbles, which gave her an idea. She picked up the pebbles one by one and dropped them into the pitcher. As she continued doing this, the water level rose, allowing her to reach the water and drink from it. She then flew away happily, having solved her problem with some clever thinking and a little help from the pebbles.","2026-07-10T15:03:19.959244Z","{""choices"":[""bird"",""water"",""pitcher"",""pebbles"",""bench"",""park"",""beak (or beak length)""]}","{""choices"":[""The day is hot."",""The bird is thirsty."",""The bird looks for water for a long time."",""The bird becomes very tired and is about to faint."",""The bird spots a pitcher of water."",""The pitcher is under a bench in a park."",""The bird flies down and sits on the pitcher."",""The water is too deep to reach, the bird’s beak is not long enough."",""The bird finds some pebbles."",""The bird picks up pebbles and drops them into the pitcher."",""The water level rises, allowing the bird to drink."",""The bird flies away happily.""]}",2177,3.707,"2026-07-10T15:03:19.959244Z"
"68d5de4fa4137a37",741,"1","The story is about a thirsty bird searching for water on a hot day. She was very tired and almost fainting from dehydration. While exploring a park, she noticed a pitcher of water under a bench. Although the water was visible, it was too deep for her to reach with her beak. She looked around and saw some pebbles. Using the pebbles, she dropped them one by one into the pitcher, which caused the water level to rise. Once the water was at a suitable height, she was able to drink from the pitcher. After quenching her thirst, the bird flew away happily, satisfied and refreshed.","2026-07-10T15:06:45.990045Z","{""choices"":[""bird"",""water"",""pitcher"",""pebbles"",""bench"",""park"",""beak (or beak length)""]}","{""choices"":[""The day is hot."",""The bird is thirsty."",""The bird looks for water for a long time."",""The bird becomes very tired and is about to faint."",""The bird spots a pitcher of water."",""The pitcher is under a bench in a park."",""The water is too deep to reach, the bird’s beak is not long enough."",""The bird finds some pebbles."",""The bird picks up pebbles and drops them into the pitcher."",""The water level rises, allowing the bird to drink."",""The bird flies away happily.""]}",2178,205.197,"2026-07-10T15:06:45.990045Z"
"1a7a5b41e8d02365",742,"1","The story is about a little bird who was very thirsty and tired on a hot day. She was searching for water for a long time and was about to faint when she spotted a pitcher of water under a bench in a park. She flew down and sat on the pitcher, but the water was too deep for her to reach with her beak. She looked around and saw some pebbles, which gave her an idea. She picked up the pebbles one by one and dropped them into the pitcher. As she added more pebbles, the water level rose, allowing her to finally drink from the pitcher. After quenching her thirst, the bird flew away happily, satisfied with her solution to the problem.","2026-07-10T15:06:51.569365Z","{""choices"":[""bird"",""water"",""pitcher"",""pebbles"",""bench"",""park"",""beak (or beak length)""]}","{""choices"":[""The day is hot."",""The bird is thirsty."",""The bird looks for water for a long time."",""The bird becomes very tired and is about to faint."",""The bird spots a pitcher of water."",""The pitcher is under a bench in a park."",""The bird flies down and sits on the pitcher."",""The water is too deep to reach, the bird’s beak is not long enough."",""The bird finds some pebbles."",""The bird picks up pebbles and drops them into the pitcher."",""The water level rises, allowing the bird to drink."",""The bird flies away happily.""]}",2179,4.626,"2026-07-10T15:06:51.569365Z"
"c33c14ca66f10317",743,"1","The story is about a little bird who was very thirsty and tired on a hot day. She searched for water for a long time but couldn't find any. While looking around, she spotted a pitcher of water under a bench in a park. She flew down and sat on the pitcher, but the water was too deep for her to reach with her beak. She looked around and noticed some pebbles nearby. She picked up the pebbles one by one and dropped them into the pitcher. As she added more pebbles, the water level rose, allowing her to finally drink from the pitcher. After quenching her thirst, she flew away happily, satisfied with her solution to the problem.","2026-07-10T15:06:58.619738Z","{""choices"":[""bird"",""water"",""pitcher"",""pebbles"",""bench"",""park"",""beak (or beak length)""]}","{""choices"":[""The day is hot."",""The bird is thirsty."",""The bird looks for water for a long time."",""The bird becomes very tired and is about to faint."",""The bird spots a pitcher of water."",""The pitcher is under a bench in a park."",""The bird flies down and sits on the pitcher."",""The water is too deep to reach, the bird’s beak is not long enough."",""The bird finds some pebbles."",""The bird picks up pebbles and drops them into the pitcher."",""The water level rises, allowing the bird to drink."",""The bird flies away happily.""]}",2180,6.17,"2026-07-10T15:06:58.619738Z"
"bfd6970592669574",744,"1","The story is about a little bird who was very thirsty and tired on a hot day. She searched for water for a long time but couldn’t find any. While she was about to faint, she noticed a pitcher of water under a bench in a park. She flew down and sat on the pitcher, but the water was too deep for her to reach with her short beak. She looked around and saw some pebbles. She picked up the pebbles one by one and dropped them into the pitcher. As the pebbles sank, the water level rose, allowing her to finally drink from the pitcher. After quenching her thirst, the bird flew away happily, satisfied and refreshed.","2026-07-10T15:07:02.366407Z","{""choices"":[""bird"",""water"",""pitcher"",""pebbles"",""bench"",""park"",""beak (or beak length)""]}","{""choices"":[""The day is hot."",""The bird is thirsty."",""The bird looks for water for a long time."",""The bird becomes very tired and is about to faint."",""The bird spots a pitcher of water."",""The pitcher is under a bench in a park."",""The bird flies down and sits on the pitcher."",""The water is too deep to reach, the bird’s beak is not long enough."",""The bird finds some pebbles."",""The bird picks up pebbles and drops them into the pitcher."",""The water level rises, allowing the bird to drink."",""The bird flies away happily.""]}",2181,2.708,"2026-07-10T15:07:02.366407Z"
"971a9d160a56ebdd",745,"1","It was a very hot day, and a little bird was very thirsty, searching for water for a long time. She became tired and was about to faint. While looking around, she suddenly noticed a pitcher of water under a bench in a park. She flew down and perched on the pitcher. Although she could see some water inside, it was too deep for her to reach with her beak. She looked around and saw some pebbles. She picked up the pebbles one by one and dropped them into the pitcher. As she added more pebbles, the water level rose, allowing her to finally reach the water with her beak. She drank happily and then flew away.","2026-07-10T15:07:06.440424Z","{""choices"":[""bird"",""water"",""pitcher"",""pebbles"",""bench"",""park"",""beak (or beak length)""]}","{""choices"":[""The day is hot."",""The bird is thirsty."",""The bird looks for water for a long time."",""The bird becomes very tired and is about to faint."",""The bird spots a pitcher of water."",""The pitcher is under a bench in a park."",""The bird flies down and sits on the pitcher."",""The water is too deep to reach, the bird’s beak is not long enough."",""The bird finds some pebbles."",""The bird picks up pebbles and drops them into the pitcher."",""The water level rises, allowing the bird to drink."",""The bird flies away happily.""]}",2182,3.225,"2026-07-10T15:07:06.440424Z"
"f5282d9bf7c7a789",746,"1","The story is about a thirsty bird searching for water on a hot day. She became very tired and was about to faint but then noticed a pitcher of water under a bench in a park. She flew down, sat on the pitcher, and saw some water inside, though it was too deep for her to reach with her beak. She looked around and found pebbles, which gave her an idea. She picked up the pebbles one by one and dropped them into the pitcher, causing the water level to rise. Once the water was within reach, she drank it and flew away happily. The story highlights the bird's determination and problem-solving skills as she used the pebbles to raise the water level.","2026-07-10T15:07:23.970842Z","{""choices"":[""bird"",""water"",""pitcher"",""pebbles"",""bench"",""park"",""beak (or beak length)""]}","{""choices"":[""The day is hot."",""The bird is thirsty."",""The bird looks for water for a long time."",""The bird becomes very tired and is about to faint."",""The bird spots a pitcher of water."",""The pitcher is under a bench in a park."",""The bird flies down and sits on the pitcher."",""The water is too deep to reach, the bird’s beak is not long enough."",""The bird finds some pebbles."",""The bird picks up pebbles and drops them into the pitcher."",""The water level rises, allowing the bird to drink."",""The bird flies away happily.""]}",2183,16.659,"2026-07-10T15:07:23.970842Z"
"7137fa6c40025199",747,"1","The story is about a little bird who was very thirsty and tired on a hot day. She searched for water for a long time but couldn’t find any. She eventually saw a pitcher of water under a bench in a park. She flew down and sat on the pitcher, but the water was too deep for her to reach with her short beak. She looked around and noticed some pebbles. She picked up the pebbles one by one and dropped them into the pitcher. As the pebbles settled, the water level rose, allowing the bird to drink. After quenching her thirst, she flew away happily.","2026-07-10T15:09:25.881979Z","{""choices"":[""bird"",""water"",""pitcher"",""pebbles"",""bench"",""park"",""beak (or beak length)""]}","{""choices"":[""The day is hot."",""The bird is thirsty."",""The bird looks for water for a long time."",""The bird becomes very tired and is about to faint."",""The bird spots a pitcher of water."",""The pitcher is under a bench in a park."",""The bird flies down and sits on the pitcher."",""The water is too deep to reach, the bird’s beak is not long enough."",""The bird finds some pebbles."",""The bird picks up pebbles and drops them into the pitcher."",""The water level rises, allowing the bird to drink."",""The bird flies away happily.""]}",2184,121.022,"2026-07-10T15:09:25.885859Z"
"3f5cee714124527e",748,"1","The story is about a little bird who was very thirsty and exhausted on a hot day. She searched for water for a long time but couldn’t find any. Finally, she saw a pitcher of water under a bench in a park. She flew down and sat on the pitcher, but the water was too deep for her to reach with her short beak. She looked around and saw some pebbles. She picked up the pebbles one by one and dropped them into the pitcher. As she added more pebbles, the water level rose, allowing her to drink from the pitcher. Once she had quenished her thirst, she flew away happily. The story shows the bird’s determination and cleverness in finding a way to access the water.","2026-07-10T15:09:44.648744Z","{""choices"":[""bird"",""water"",""pitcher"",""pebbles"",""bench"",""park"",""beak (or beak length)""]}","{""choices"":[""The day is hot."",""The bird is thirsty."",""The bird looks for water for a long time."",""The bird becomes very tired and is about to faint."",""The bird spots a pitcher of water."",""The pitcher is under a bench in a park."",""The bird flies down and sits on the pitcher."",""The water is too deep to reach, the bird’s beak is not long enough."",""The bird finds some pebbles."",""The bird picks up pebbles and drops them into the pitcher."",""The water level rises, allowing the bird to drink."",""The bird flies away happily.""]}",2185,17.823,"2026-07-10T15:09:44.648744Z"
"5a5493eb792b3be6",749,"1","I remember a little bird who was very thirsty and tired on a hot day. She was searching for water for a long time and was about to faint. She saw a pitcher of water under a bench in a park. She flew down and sat on the pitcher, but the water was too deep for her to reach with her beak. She looked around and found some pebbles. She picked up the pebbles one by one and dropped them into the pitcher. As she added more pebbles, the water level rose, allowing her to finally drink from the pitcher. She flew away happily after quenching her thirst. I don’t know the exact time of day or the color of the bird’s feathers, but I remember the pitcher was under a bench in a park.","2026-07-10T15:09:48.202780Z","{""choices"":[""bird"",""water"",""pitcher"",""pebbles"",""bench"",""park"",""beak (or beak length)""]}","{""choices"":[""The day is hot."",""The bird is thirsty."",""The bird looks for water for a long time."",""The bird becomes very tired and is about to faint."",""The bird spots a pitcher of water."",""The pitcher is under a bench in a park."",""The bird flies down and sits on the pitcher."",""The water is too deep to reach, the bird’s beak is not long enough."",""The bird finds some pebbles."",""The bird picks up pebbles and drops them into the pitcher."",""The water level rises, allowing the bird to drink."",""The bird flies away happily.""]}",2186,2.658,"2026-07-10T15:09:48.202780Z"
"c72e46ecc063aee7",750,"1","The story is about a little bird who was very thirsty and tired on a hot day. She was searching for water for a long time and was about to faint. While looking around, she noticed a pitcher of water under a bench in a park. She flew down and sat on the pitcher, but the water was too deep for her to reach with her beak. She looked around and saw some pebbles, which gave her an idea. She picked up the pebbles one by one and dropped them into the pitcher. As she added more pebbles, the water level rose, allowing her to finally drink from the pitcher. After quenching her thirst, she flew away happily.","2026-07-10T15:09:51.686455Z","{""choices"":[""bird"",""water"",""pitcher"",""pebbles"",""bench"",""park"",""beak (or beak length)""]}","{""choices"":[""The day is hot."",""The bird is thirsty."",""The bird looks for water for a long time."",""The bird becomes very tired and is about to faint."",""The bird spots a pitcher of water."",""The pitcher is under a bench in a park."",""The bird flies down and sits on the pitcher."",""The water is too deep to reach, the bird’s beak is not long enough."",""The bird finds some pebbles."",""The bird picks up pebbles and drops them into the pitcher."",""The water level rises, allowing the bird to drink."",""The bird flies away happily.""]}",2187,2.572,"2026-07-10T15:09:51.686455Z"
"20a0eb5bfebfb66e",751,"1","The story is about a little bird who was very thirsty and tired on a hot day. She was searching for water for a long time and was about to faint. While looking around, she noticed a pitcher of water under a bench in a park. She flew down and sat on the pitcher, but the water was too deep for her to reach with her short beak. She looked around and saw some pebbles, which gave her an idea. She picked up the pebbles one by one and dropped them into the pitcher. As she continued doing this, the water level rose, allowing her to finally drink from the pitcher. After quenching her thirst, she flew away happily, satisfied and refreshed.","2026-07-10T15:09:57.881271Z","{""choices"":[""bird"",""water"",""pitcher"",""pebbles"",""bench"",""park"",""beak (or beak length)""]}","{""choices"":[""The day is hot."",""The bird is thirsty."",""The bird looks for water for a long time."",""The bird becomes very tired and is about to faint."",""The bird spots a pitcher of water."",""The pitcher is under a bench in a park."",""The bird flies down and sits on the pitcher."",""The water is too deep to reach, the bird’s beak is not long enough."",""The bird finds some pebbles."",""The bird picks up pebbles and drops them into the pitcher."",""The water level rises, allowing the bird to drink."",""The bird flies away happily.""]}",2188,5.305,"2026-07-10T15:09:57.881271Z"
"08655487b5c3f2b9",752,"1","The story is about a little bird who was very thirsty and tired on a hot day. She was searching for water for a long time but couldn’t find any. She finally spotted a pitcher of water under a bench in a park. She flew down and sat on the pitcher, but the water was too deep for her to reach with her short beak. She looked around and saw some pebbles, which gave her an idea. She picked up the pebbles one by one and dropped them into the pitcher. As she added more pebbles, the water level rose, allowing her to drink from the pitcher. Once she had quenched her thirst, she flew away happily.","2026-07-10T15:10:24.352715Z","{""choices"":[""bird"",""water"",""pitcher"",""pebbles"",""bench"",""park"",""beak (or beak length)""]}","{""choices"":[""The day is hot."",""The bird is thirsty."",""The bird looks for water for a long time."",""The bird spots a pitcher of water."",""The pitcher is under a bench in a park."",""The bird flies down and sits on the pitcher."",""The water is too deep to reach, the bird’s beak is not long enough."",""The bird finds some pebbles."",""The bird picks up pebbles and drops them into the pitcher."",""The water level rises, allowing the bird to drink."",""The bird flies away happily.""]}",2189,25.654,"2026-07-10T15:10:24.352715Z"
"e8c7779dd0d6b1a0",753,"1","The story is about a little bird who was very thirsty and tired on a hot day. She was searching for water for a long time but couldn’t find any. Eventually, she saw a pitcher of water under a bench in a park. She flew down and sat on the pitcher, but the water was too deep for her to reach with her beak. She looked around and found some pebbles, which gave her an idea. She picked up the pebbles one by one and dropped them into the pitcher. As she added more pebbles, the water level rose, allowing her to drink from the pitcher. Once she had quenched her thirst, she flew away happily. I don’t know the exact time of day or the color of the bird, but I remember the setting was a park. I don’t know how many pebbles she used, but it was enough to raise the water level.","2026-07-10T15:10:39.239467Z","{""choices"":[""bird"",""water"",""pitcher"",""pebbles"",""bench"",""park"",""beak (or beak length)""]}","{""choices"":[""The day is hot."",""The bird is thirsty."",""The bird looks for water for a long time."",""The bird becomes very tired and is about to faint."",""The bird spots a pitcher of water."",""The pitcher is under a bench in a park."",""The bird flies down and sits on the pitcher."",""The water is too deep to reach, the bird’s beak is not long enough."",""The bird finds some pebbles."",""The bird picks up pebbles and drops them into the pitcher."",""The water level rises, allowing the bird to drink."",""The bird flies away happily.""]}",2190,13.915,"2026-07-10T15:10:39.239467Z"
"9f7ae44b4b31fd65",754,"1","It was a very hot day, and a thirsty bird was searching for water for a long time. She became very tired and was about to faint. While she was looking around, she suddenly noticed a pitcher of water under a bench in a park. She flew down and perched on the pitcher. Although she could see some water inside, it was too deep for her to reach with her beak. She looked around and saw some pebbles nearby. She picked up the pebbles one by one and dropped them into the pitcher. As she continued doing this, the water level rose, allowing her to finally reach the water with her beak. She drank deeply and then flew away happily, satisfied and refreshed.","2026-07-10T15:10:42.043658Z","{""choices"":[""bird"",""water"",""pitcher"",""pebbles"",""bench"",""park"",""beak (or beak length)""]}","{""choices"":[""The day is hot."",""The bird is thirsty."",""The bird looks for water for a long time."",""The bird becomes very tired and is about to faint."",""The bird spots a pitcher of water."",""The pitcher is under a bench in a park."",""The bird flies down and sits on the pitcher."",""The water is too deep to reach, the bird’s beak is not long enough."",""The bird finds some pebbles."",""The bird picks up pebbles and drops them into the pitcher."",""The water level rises, allowing the bird to drink."",""The bird flies away happily.""]}",2191,1.863,"2026-07-10T15:10:42.043658Z"
"9a8a77a8e6221492",755,"1","The story is about a little bird who was very thirsty on a hot day and had been searching for water for a long time. She became so tired she was about to faint. While searching, she noticed a pitcher of water under a bench in a park. She flew down and sat on the pitcher, but the water was too deep for her to reach with her beak. She looked around and saw some pebbles, which gave her an idea. She picked up the pebbles one by one and dropped them into the pitcher. As she did this, the water level rose, allowing her to finally drink from the pitcher. After quenching her thirst, she flew away happily.","2026-07-10T15:10:45.376724Z","{""choices"":[""bird"",""water"",""pitcher"",""pebbles"",""bench"",""park"",""beak (or beak length)""]}","{""choices"":[""The day is hot."",""The bird is thirsty."",""The bird looks for water for a long time."",""The bird becomes very tired and is about to faint."",""The bird spots a pitcher of water."",""The pitcher is under a bench in a park."",""The bird flies down and sits on the pitcher."",""The water is too deep to reach, the bird’s beak is not long enough."",""The bird finds some pebbles."",""The bird picks up pebbles and drops them into the pitcher."",""The water level rises, allowing the bird to drink."",""The bird flies away happily.""]}",2192,2.454,"2026-07-10T15:10:45.376724Z"
"fd0b7df51029544c",756,"1","The story is about a little bird who was very thirsty on a hot day and had been searching for water for a long time. She became so tired she was about to faint. While looking around, she noticed a pitcher of water under a bench in a park. She flew down and sat on the pitcher, but the water was too deep for her to reach with her beak. She looked around and saw some pebbles, which gave her an idea. She picked up the pebbles one by one and dropped them into the pitcher. As she added more pebbles, the water level rose, allowing her to finally drink from the pitcher. After quenching her thirst, the bird flew away happily, satisfied with her success.","2026-07-10T15:11:07.218935Z","{""choices"":[""bird"",""water"",""pitcher"",""pebbles"",""bench"",""park"",""beak (or beak length)""]}","{""choices"":[""The day is hot."",""The bird is thirsty."",""The bird looks for water for a long time."",""The bird becomes very tired and is about to faint."",""The bird spots a pitcher of water."",""The pitcher is under a bench in a park."",""The bird flies down and sits on the pitcher."",""The water is too deep to reach, the bird’s beak is not long enough."",""The bird finds some pebbles."",""The bird picks up pebbles and drops them into the pitcher."",""The water level rises, allowing the bird to drink."",""The bird flies away happily.""]}",2193,21.008,"2026-07-10T15:11:07.218935Z"
"8eac65fb3663bc94",757,"1","The story is about a little bird who was very thirsty and tired on a hot day. She was searching for water for a long time and was about to faint when she spotted a pitcher of water under a bench in a park. She flew down and sat on the pitcher, but the water was too deep for her to reach with her beak. She looked around and found some pebbles, which gave her an idea. She picked up the pebbles one by one and dropped them into the pitcher. As she added more pebbles, the water level rose, allowing her to drink from the pitcher. Once she had quenched her thirst, she flew away happily.","2026-07-10T15:11:14.391247Z","{""choices"":[""bird"",""water"",""pitcher"",""pebbles"",""bench"",""park"",""beak (or beak length)""]}","{""choices"":[""The day is hot."",""The bird is thirsty."",""The bird looks for water for a long time."",""The bird becomes very tired and is about to faint."",""The bird spots a pitcher of water."",""The pitcher is under a bench in a park."",""The bird flies down and sits on the pitcher."",""The water is too deep to reach, the bird’s beak is not long enough."",""The bird finds some pebbles."",""The bird picks up pebbles and drops them into the pitcher."",""The water level rises, allowing the bird to drink."",""The bird flies away happily.""]}",2194,6.26,"2026-07-10T15:11:14.391247Z"
"a485f9521d6a9fcc",758,"1","The story is about a little bird who was very thirsty and tired on a hot day. She searched for water for a long time but couldn't find any. She spotted a pitcher of water under a bench in a park. She flew down and sat on the pitcher, but the water was too deep for her to reach with her beak. She looked around and found some pebbles. She picked up the pebbles one by one and dropped them into the pitcher. As she added more pebbles, the water level rose, allowing her to drink from the pitcher. After quenching her thirst, she flew away happily. I don’t know the exact color of the bird or the time of day beyond it being hot. I don’t know if there were other birds nearby or if the park was busy. I don’t know.","2026-07-10T15:11:46.276857Z","{""choices"":[""bird"",""water"",""pitcher"",""pebbles"",""bench"",""park"",""beak (or beak length)""]}","{""choices"":[""The day is hot."",""The bird is thirsty."",""The bird looks for water for a long time."",""The bird becomes very tired and is about to faint."",""The bird spots a pitcher of water."",""The pitcher is under a bench in a park."",""The bird flies down and sits on the pitcher."",""The water is too deep to reach, the bird’s beak is not long enough."",""The bird finds some pebbles."",""The bird picks up pebbles and drops them into the pitcher."",""The water level rises, allowing the bird to drink."",""The bird flies away happily.""]}",2195,30.968,"2026-07-10T15:11:46.276857Z"
"845cc6bd73cc1785",759,"1","The story is about a little bird who was very thirsty and tired on a hot day. She was searching for water for a long time and was about to faint. She finally saw a pitcher of water under a bench in a park. She flew down and sat on the pitcher, but the water was too deep for her to reach with her beak. She looked around and found some pebbles. She picked up the pebbles one by one and dropped them into the pitcher. As she added more pebbles, the water level rose, allowing her to drink from the pitcher. She then flew away happily after quenching her thirst.","2026-07-10T15:11:51.424730Z","{""choices"":[""bird"",""water"",""pitcher"",""pebbles"",""bench"",""park"",""beak (or beak length)""]}","{""choices"":[""The day is hot."",""The bird is thirsty."",""The bird looks for water for a long time."",""The bird becomes very tired and is about to faint."",""The bird spots a pitcher of water."",""The pitcher is under a bench in a park."",""The bird flies down and sits on the pitcher."",""The water is too deep to reach, the bird’s beak is not long enough."",""The bird finds some pebbles."",""The bird picks up pebbles and drops them into the pitcher."",""The water level rises, allowing the bird to drink."",""The bird flies away happily.""]}",2196,4.193,"2026-07-10T15:11:51.424730Z"
"e1878e6390ccd241",760,"1","The story is about a little bird who was very thirsty and tired on a hot day. She was searching for water for a long time and was about to faint when she saw a pitcher of water under a bench in a park. She flew down, sat on the pitcher, and noticed some water inside, but it was too deep for her to reach with her short beak. She looked around and found some pebbles, which gave her an idea. She picked up the pebbles one by one and dropped them into the pitcher, causing the water level to rise. Once the water was at a suitable height, she was able to drink from it. After quenching her thirst, she flew away happily. I don’t know the exact location of the park or the color of the pitcher, but I remember the bird’s actions and the problem she faced.","2026-07-10T15:11:54.794084Z","{""choices"":[""bird"",""water"",""pitcher"",""pebbles"",""bench"",""park"",""beak (or beak length)""]}","{""choices"":[""The day is hot."",""The bird is thirsty."",""The bird looks for water for a long time."",""The bird becomes very tired and is about to faint."",""The bird spots a pitcher of water."",""The pitcher is under a bench in a park."",""The bird flies down and sits on the pitcher."",""The water is too deep to reach, the bird’s beak is not long enough."",""The bird finds some pebbles."",""The bird picks up pebbles and drops them into the pitcher."",""The water level rises, allowing the bird to drink."",""The bird flies away happily.""]}",2197,2.537,"2026-07-10T15:11:54.794084Z"
"c42ffb52722449f8",761,"1","The story is about a little bird who was very thirsty and tired on a hot day. She searched for water for a long time but couldn’t find any. While looking around, she noticed a pitcher of water under a bench in a park. She flew down and sat on the pitcher, but the water was too deep for her to reach with her beak. She looked around and saw some pebbles. She picked up the pebbles one by one and dropped them into the pitcher. As she added more pebbles, the water level rose, allowing her to drink from the pitcher. After quenching her thirst, she flew away happily. I don’t know the exact color of the bird or the specific location of the park, but I remember the key details about her struggle, the pitcher, the pebbles, and how she solved the problem.","2026-07-10T15:11:58.961757Z","{""choices"":[""bird"",""water"",""pitcher"",""pebbles"",""bench"",""park"",""beak (or beak length)""]}","{""choices"":[""The day is hot."",""The bird is thirsty."",""The bird looks for water for a long time."",""The bird becomes very tired and is about to faint."",""The bird spots a pitcher of water."",""The pitcher is under a bench in a park."",""The bird flies down and sits on the pitcher."",""The water is too deep to reach, the bird’s beak is not long enough."",""The bird finds some pebbles."",""The bird picks up pebbles and drops them into the pitcher."",""The water level rises, allowing the bird to drink."",""The bird flies away happily.""]}",2198,3.294,"2026-07-10T15:11:58.961757Z"
"c99637b7b940af06",762,"1","I remember a little bird who was very thirsty on a hot day and was struggling to find water for a long time. She was so tired she was about to faint when she suddenly saw a pitcher of water under a bench in a park. She flew down and sat on the pitcher, but the water was too deep for her to reach with her short beak. She looked around and found some pebbles, which gave her an idea. She picked up the pebbles one by one and dropped them into the pitcher. As she did, the water level rose, allowing her to finally drink from the pitcher. She flew away happily after quenching her thirst. I don’t know the exact location of the park or the type of bird, but I remember the pitcher, the pebbles, and the process of raising the water level.","2026-07-10T15:12:05.094048Z","{""choices"":[""bird"",""water"",""pitcher"",""pebbles"",""bench"",""park"",""beak (or beak length)""]}","{""choices"":[""The day is hot."",""The bird is thirsty."",""The bird looks for water for a long time."",""The bird becomes very tired and is about to faint."",""The bird spots a pitcher of water."",""The pitcher is under a bench in a park."",""The bird flies down and sits on the pitcher."",""The water is too deep to reach, the bird’s beak is not long enough."",""The bird finds some pebbles."",""The bird picks up pebbles and drops them into the pitcher."",""The water level rises, allowing the bird to drink."",""The bird flies away happily.""]}",2199,5.27,"2026-07-10T15:12:05.094048Z"
"0a6290a3f09a3845",763,"1","It was a very hot day, and a thirsty bird was searching for water for a long time. She became very tired and was about to faint. While looking around, she suddenly noticed a pitcher of water under a bench in a park. She flew down and perched on the pitcher. Although she could see some water inside, it was too deep for her to reach with her beak. She looked around and saw some pebbles nearby. She picked up the pebbles one by one and dropped them into the pitcher. As she continued, the water level rose, allowing her to reach the water with her beak. Once she had drank her fill, she flew away happily, satisfied and refreshed.","2026-07-10T15:12:08.164511Z","{""choices"":[""bird"",""water"",""pitcher"",""pebbles"",""bench"",""park"",""beak (or beak length)""]}","{""choices"":[""The day is hot."",""The bird is thirsty."",""The bird looks for water for a long time."",""The bird becomes very tired and is about to faint."",""The bird spots a pitcher of water."",""The pitcher is under a bench in a park."",""The bird flies down and sits on the pitcher."",""The water is too deep to reach, the bird’s beak is not long enough."",""The bird finds some pebbles."",""The bird picks up pebbles and drops them into the pitcher."",""The water level rises, allowing the bird to drink."",""The bird flies away happily.""]}",2200,2.168,"2026-07-10T15:12:08.164511Z"
"23e183a8a3b764ee",764,"1","The story was about a little bird who was very thirsty on a hot day. She searched for water for a long time and became very tired, almost fainting. She found a pitcher of water under a bench in a park but couldn’t reach it because the water was too deep for her beak. She looked around and found some pebbles, which made her think. She dropped the pebbles one by one into the pitcher, and the water level rose. Eventually, she was able to drink the water and flew away happily. The bird used the pebbles to raise the water level so she could access it. She was thirsty, tired, and happy after finding the water.","2026-07-10T15:12:17.127223Z","{""choices"":[""bird"",""water"",""pitcher"",""pebbles"",""bench"",""park"",""beak (or beak length)""]}","{""choices"":[""The day is hot."",""The bird is thirsty."",""The bird looks for water for a long time."",""The bird becomes very tired and is about to faint."",""The bird spots a pitcher of water."",""The pitcher is under a bench in a park."",""The water is too deep to reach, the bird’s beak is not long enough."",""The bird finds some pebbles."",""The bird picks up pebbles and drops them into the pitcher."",""The water level rises, allowing the bird to drink."",""The bird flies away happily.""]}",2201,8.058,"2026-07-10T15:12:17.127223Z"
"860119a954365359",765,"1","The story was about a little bird who was very thirsty on a hot day. She looked for water for a long time and was almost fainting from tiredness. She found a pitcher of water under a bench in a park but couldn’t reach it because the water was too deep for her beak. She looked around and found some pebbles, which made her think of a solution. She dropped the pebbles one by one into the pitcher, which raised the water level. This allowed her to drink the water. She then flew away happily. I don’t know if there were other birds or if the pitcher was full or empty to begin with. I don’t know.","2026-07-10T15:12:54.882793Z","{""choices"":[""bird"",""water"",""pitcher"",""pebbles"",""bench"",""park"",""beak (or beak length)""]}","{""choices"":[""The day is hot."",""The bird is thirsty."",""The bird looks for water for a long time."",""The bird becomes very tired and is about to faint."",""The bird spots a pitcher of water."",""The pitcher is under a bench in a park."",""The water is too deep to reach, the bird’s beak is not long enough."",""The bird finds some pebbles."",""The bird picks up pebbles and drops them into the pitcher."",""The water level rises, allowing the bird to drink."",""The bird flies away happily.""]}",2202,36.74,"2026-07-10T15:12:54.882793Z"
"4b3202b712286e4a",766,"1","The story was about a little bird who was very thirsty on a hot day and had been searching for water for a long time. She became very tired and almost fainted. While resting, she saw a pitcher of water under a bench in a park. Although she could see the water, it was too deep for her to reach with her short beak. She looked around and found some pebbles, which made her think of a solution. She dropped the pebbles one by one into the pitcher, and as they sank, the water level rose. This allowed her to drink the water. After satisfying her thirst, she flew away happily. I don’t know.","2026-07-10T15:13:01.771054Z","{""choices"":[""bird"",""water"",""pitcher"",""pebbles"",""bench"",""park"",""beak \/ beak length""]}","{""choices"":[""The day is hot."",""The bird is thirsty."",""The bird looks for water for a long time."",""The bird becomes very tired and is about to faint."",""The bird spots a pitcher of water."",""The pitcher is under a bench in a park."",""The water is too deep to reach, the bird’s beak is not long enough."",""The bird finds some pebbles."",""The bird picks up pebbles and drops them into the pitcher."",""The water level rises, allowing the bird to drink."",""The bird flies away happily.""]}",2203,5.988,"2026-07-10T15:13:01.771054Z"
"2cfe066e7f0a42bf",767,"1","The story was about a little bird who was very thirsty on a hot day. She searched for water for a long time and became very tired, almost fainting. She found a pitcher of water under a bench in a park but couldn't reach it because the water was too deep for her beak. She looked around and found some pebbles, which made her think of a solution. She dropped the pebbles one by one into the pitcher, and as they sank, the water level rose. This allowed her to drink the water. She then flew away happily. I don’t know.","2026-07-10T15:13:47.953193Z","{""choices"":[""bird"",""water"",""pitcher"",""pebbles"",""bench"",""park"",""beak (or beak length)""]}","{""choices"":[""The day is hot."",""The bird is thirsty."",""The bird looks for water for a long time."",""The bird becomes very tired and is about to faint."",""The bird spots a pitcher of water."",""The pitcher is under a bench in a park."",""The bird flies down and sits on the pitcher."",""The water is too deep to reach, the bird’s beak is not long enough."",""The bird finds some pebbles."",""The bird picks up pebbles and drops them into the pitcher."",""The water level rises, allowing the bird to drink."",""The bird flies away happily.""]}",2204,45.243,"2026-07-10T15:13:47.953193Z"
"5784abc2212311e6",768,"1","It was a hot day, and a thirsty bird was searching for water for a long time. She became very tired and was about to faint when she saw a pitcher of water under a bench in a park. She flew down and sat on the pitcher, but the water was too deep for her to reach with her short beak. She looked around and found some pebbles, which made her think. She picked up the pebbles one by one and dropped them into the pitcher, which raised the water level. This allowed her to drink the water, and she flew away happily.","2026-07-10T15:13:51.858077Z","{""choices"":[""bird"",""water"",""pitcher"",""pebbles"",""bench"",""park"",""beak (or beak length)""]}","{""choices"":[""The day is hot."",""The bird is thirsty."",""The bird looks for water for a long time."",""The bird becomes very tired and is about to faint."",""The bird spots a pitcher of water."",""The pitcher is under a bench in a park."",""The bird flies down and sits on the pitcher."",""The water is too deep to reach, the bird’s beak is not long enough."",""The bird finds some pebbles."",""The bird picks up pebbles and drops them into the pitcher."",""The water level rises, allowing the bird to drink."",""The bird flies away happily.""]}",2205,2.943,"2026-07-10T15:13:51.858077Z"
"0d3a8f039b3d7773",769,"1","The story was about a little bird who was very thirsty on a hot day. She searched for water for a long time and became very tired, almost fainting. She found a pitcher of water under a bench in a park but couldn’t reach it because the water was too deep for her beak. She looked around and found some pebbles, which made her think. She dropped the pebbles one by one into the pitcher, and the water level rose until she could finally drink. She then flew away happily. I don’t know.","2026-07-10T15:13:57.596257Z","{""choices"":[""bird"",""water"",""pitcher"",""pebbles"",""bench"",""park"",""beak (or beak length)""]}","{""choices"":[""The day is hot."",""The bird is thirsty."",""The bird looks for water for a long time."",""The bird becomes very tired and is about to faint."",""The bird spots a pitcher of water."",""The pitcher is under a bench in a park."",""The water is too deep to reach, the bird’s beak is not long enough."",""The bird finds some pebbles."",""The bird picks up pebbles and drops them into the pitcher."",""The water level rises, allowing the bird to drink."",""The bird flies away happily.""]}",2206,4.879,"2026-07-10T15:13:57.596257Z"
"896e45dc31afce47",770,"1","The story was about a little bird who was very thirsty and had been searching for water for a long time. It was a hot day, and she was so tired she was about to faint. She found a pitcher of water under a bench in a park, but the water was too deep for her to reach with her short beak. She looked around and found some pebbles, which made her think. She dropped the pebbles one by one into the pitcher, and the water level rose until she could finally drink. She then flew away happily. I don’t know exactly how many pebbles she used, but she kept dropping them until the water was at a level she could reach.","2026-07-10T15:14:06.583683Z","{""choices"":[""bird"",""water"",""pitcher"",""pebbles"",""bench"",""park"",""beak (or beak length)""]}","{""choices"":[""The day is hot."",""The bird is thirsty."",""The bird looks for water for a long time."",""The bird becomes very tired and is about to faint."",""The bird spots a pitcher of water."",""The pitcher is under a bench in a park."",""The water is too deep to reach, the bird’s beak is not long enough."",""The bird finds some pebbles."",""The bird picks up pebbles and drops them into the pitcher."",""The water level rises, allowing the bird to drink."",""The bird flies away happily.""]}",2207,8.133,"2026-07-10T15:14:06.583683Z"
"7be539a818787310",771,"1","It was a hot day, and a thirsty bird was searching for water for a long time. She was very tired and almost fainting when she saw a pitcher of water under a bench in a park. She flew down and sat on the pitcher but couldn’t reach the water because it was too deep for her beak. She looked around and found some pebbles, which made her think. She picked up the pebbles one by one and dropped them into the pitcher. The water level rose, allowing her to drink. She then flew away happily.","2026-07-10T15:14:31.088580Z","{""choices"":[""bird"",""water"",""pitcher"",""pebbles"",""bench"",""park"",""beak (or beak length)""]}","{""choices"":[""The day is hot."",""The bird is thirsty."",""The bird looks for water for a long time."",""The bird becomes very tired and is about to faint."",""The bird spots a pitcher of water."",""The pitcher is under a bench in a park."",""The bird flies down and sits on the pitcher."",""The water is too deep to reach, the bird’s beak is not long enough."",""The bird finds some pebbles."",""The bird picks up pebbles and drops them into the pitcher."",""The water level rises, allowing the bird to drink."",""The bird flies away happily.""]}",2208,23.62,"2026-07-10T15:14:31.088580Z"
"2e2bca8caef1f0cd",772,"1","The story was about a thirsty bird who was searching for water on a hot day. She became very tired and almost fainted but then saw a pitcher of water under a bench in a park. The water was too deep for her to reach with her short beak, so she looked around and found some pebbles. She dropped the pebbles into the pitcher one by one, which caused the water level to rise. Eventually, she was able to drink the water and flew away happily. The bird used the pebbles to make the water accessible. I don’t know the exact time of day, but it was described as a hot day. The setting was a park with a bench, and the bird was the only character mentioned. I don’t know the bird’s name or species.","2026-07-10T15:14:59.528869Z","{""choices"":[""bird"",""water"",""pitcher"",""pebbles"",""bench"",""park"",""beak (or beak length)""]}","{""choices"":[""The day is hot."",""The bird is thirsty."",""The bird looks for water for a long time."",""The bird becomes very tired and is about to faint."",""The bird spots a pitcher of water."",""The pitcher is under a bench in a park."",""The water is too deep to reach, the bird’s beak is not long enough."",""The bird finds some pebbles."",""The bird picks up pebbles and drops them into the pitcher."",""The water level rises, allowing the bird to drink."",""The bird flies away happily.""]}",2209,27.558,"2026-07-10T15:14:59.528869Z"
"bfca85dcb6c28b06",773,"1","The story was about a thirsty bird looking for water on a hot day. She was very tired and almost fainted but then saw a pitcher of water under a bench in a park. The water was too deep for her to reach because her beak wasn’t long enough. She found some pebbles and dropped them into the pitcher one by one, which raised the water level until she could drink. She then flew away happily. The bird used the pebbles to make the water level higher so she could access it. The pitcher was in a park, and she sat on it while trying to drink. The pebbles were the key to solving her problem. I don’t know if there were other birds or if the pitcher was full or empty. I don’t know.","2026-07-10T15:15:05.515980Z","{""choices"":[""bird"",""water"",""pitcher"",""pebbles"",""bench"",""park"",""beak (or beak length)""]}","{""choices"":[""The day is hot."",""The bird is thirsty."",""The bird looks for water for a long time."",""The bird becomes very tired and is about to faint."",""The bird spots a pitcher of water."",""The pitcher is under a bench in a park."",""The water is too deep to reach, the bird’s beak is not long enough."",""The bird finds some pebbles."",""The bird picks up pebbles and drops them into the pitcher."",""The water level rises, allowing the bird to drink."",""The bird flies away happily.""]}",2210,5.07,"2026-07-10T15:15:05.515980Z"
"0c148d6c7cde351f",774,"1","The story was about a little bird who was very thirsty on a hot day. She looked for water for a long time and got very tired, almost fainting. Then she saw a pitcher of water under a bench in a park. She flew down and sat on it, but the water was too deep for her to reach with her short beak. She looked around and found some pebbles. She dropped them one by one into the pitcher, and the water level rose. Soon she could drink the water. She flew away happily. The bird used pebbles to raise the water level so she could drink. The pitcher was under a bench in a park. The bird was thirsty and tired before she found the water. She had to think of a way to get the water out.","2026-07-10T15:15:11.151850Z","{""choices"":[""bird"",""water"",""pitcher"",""pebbles"",""bench"",""park"",""beak (or beak length)""]}","{""choices"":[""The day is hot."",""The bird is thirsty."",""The bird looks for water for a long time."",""The bird becomes very tired and is about to faint."",""The bird spots a pitcher of water."",""The pitcher is under a bench in a park."",""The bird flies down and sits on the pitcher."",""The water is too deep to reach, the bird’s beak is not long enough."",""The bird finds some pebbles."",""The bird picks up pebbles and drops them into the pitcher."",""The water level rises, allowing the bird to drink."",""The bird flies away happily.""]}",2211,4.762,"2026-07-10T15:15:11.151850Z"
"16d73b0e69e7c8f8",775,"1","The story was about a thirsty bird who was looking for water on a hot day. She was very tired and almost fainted but then saw a pitcher of water under a bench in a park. She flew down and sat on the pitcher, but the water was too deep for her to reach with her short beak. She looked around and found some pebbles, which made her think. She dropped the pebbles into the pitcher one by one, and the water level rose until she could finally drink. She then flew away happily. I don’t know if there were other birds or if the pitcher was full or empty to start with.","2026-07-10T15:15:16.307365Z","{""choices"":[""bird"",""water"",""pitcher"",""pebbles"",""bench"",""park"",""beak (or beak length)""]}","{""choices"":[""The day is hot."",""The bird is thirsty."",""The bird looks for water for a long time."",""The bird becomes very tired and is about to faint."",""The bird spots a pitcher of water."",""The pitcher is under a bench in a park."",""The bird flies down and sits on the pitcher."",""The water is too deep to reach, the bird’s beak is not long enough."",""The bird finds some pebbles."",""The bird picks up pebbles and drops them into the pitcher."",""The water level rises, allowing the bird to drink."",""The bird flies away happily.""]}",2212,4.292,"2026-07-10T15:15:16.307365Z"
"7e3e708779cce5f0",776,"1","The story was about a little bird who was very thirsty on a hot day and searched for water for a long time. She became tired and almost fainted but then saw a pitcher of water under a bench in a park. She flew down and sat on the pitcher, but the water was too deep for her to reach with her short beak. She looked around and found some pebbles, which gave her an idea. She dropped the pebbles one by one into the pitcher, and the water level rose until she could finally drink it. She then flew away happily. I don’t know if there were other birds around or how long she took to find the pebbles.","2026-07-10T15:15:25.192029Z","{""choices"":[""bird"",""water"",""pitcher"",""pebbles"",""bench"",""park"",""beak (or beak length)""]}","{""choices"":[""The day is hot."",""The bird is thirsty."",""The bird looks for water for a long time."",""The bird becomes very tired and is about to faint."",""The bird spots a pitcher of water."",""The pitcher is under a bench in a park."",""The bird flies down and sits on the pitcher."",""The water is too deep to reach, the bird’s beak is not long enough."",""The bird finds some pebbles."",""The bird picks up pebbles and drops them into the pitcher."",""The water level rises, allowing the bird to drink."",""The bird flies away happily.""]}",2213,8.005,"2026-07-10T15:15:25.192029Z"
"77b66a13657d4138",777,"1","The story was about a little bird who was very thirsty on a hot day and had been searching for water for a long time. She was tired and almost fainting when she found a pitcher of water under a bench in a park. The water was too deep for her to reach with her short beak, so she looked around and found some pebbles. She dropped the pebbles one by one into the pitcher, which caused the water level to rise. Eventually, she was able to drink the water and flew away happily. The bird used the pebbles to raise the water level so she could access it. She was very clever and persistent in finding a way to get the water she needed.","2026-07-10T15:16:02.041475Z","{""choices"":[""bird"",""water"",""pitcher"",""pebbles"",""bench"",""park"",""beak (or beak length)""]}","{""choices"":[""The day is hot."",""The bird is thirsty."",""The bird looks for water for a long time."",""The bird becomes very tired and is about to faint."",""The bird spots a pitcher of water."",""The pitcher is under a bench in a park."",""The water is too deep to reach, the bird’s beak is not long enough."",""The bird finds some pebbles."",""The bird picks up pebbles and drops them into the pitcher."",""The water level rises, allowing the bird to drink."",""The bird flies away happily.""]}",2214,35.869,"2026-07-10T15:16:02.041475Z"
"0756f8f887591188",778,"1","It was a very hot day, and a little bird was looking for water but couldn't find any. She got really tired and almost fainted. Then she saw a pitcher of water under a bench in a park. She flew down and sat on it, but the water was too deep for her to reach with her short beak. She looked around and found some pebbles. She started dropping them into the pitcher one by one, and the water level rose until she could finally drink. She flew away happy after getting the water she needed.","2026-07-10T15:16:04.947257Z","{""choices"":[""bird"",""water"",""pitcher"",""pebbles"",""bench"",""park"",""beak (or beak length)""]}","{""choices"":[""The day is hot."",""The bird becomes very tired and is about to faint."",""The bird spots a pitcher of water."",""The pitcher is under a bench in a park."",""The bird flies down and sits on the pitcher."",""The water is too deep to reach, the bird’s beak is not long enough."",""The bird finds some pebbles."",""The bird picks up pebbles and drops them into the pitcher."",""The water level rises, allowing the bird to drink."",""The bird flies away happily.""]}",2215,1.823,"2026-07-10T15:16:04.947257Z"
"dd29f0af30c2b17c",779,"1","The story was about a little bird who was very thirsty on a hot day and had been searching for water for a long time. She became very tired and almost fainted. While looking around, she saw a pitcher of water under a bench in a park. She flew down and sat on the pitcher, but the water was too deep for her to reach with her short beak. She looked around and found some pebbles, which gave her an idea. She dropped the pebbles one by one into the pitcher, and the water level rose until she could finally drink it. After quenching her thirst, she flew away happily. I don’t know if there were other birds around or if the pitcher was full or empty to begin with. I don’t know the exact time of day or how long it took her to drop all the pebbles.","2026-07-10T15:16:07.721739Z","{""choices"":[""bird"",""water"",""pitcher"",""pebbles"",""bench"",""park"",""beak (or beak length)""]}","{""choices"":[""The day is hot."",""The bird is thirsty."",""The bird looks for water for a long time."",""The bird becomes very tired and is about to faint."",""The bird spots a pitcher of water."",""The pitcher is under a bench in a park."",""The bird flies down and sits on the pitcher."",""The water is too deep to reach, the bird’s beak is not long enough."",""The bird finds some pebbles."",""The bird picks up pebbles and drops them into the pitcher."",""The water level rises, allowing the bird to drink."",""The bird flies away happily.""]}",2216,1.785,"2026-07-10T15:16:07.721739Z"
"2c3ae213716f612a",780,"1","It was a very hot day, and a little bird was very thirsty and tired after searching for water. She nearly fainted but then saw a pitcher of water under a bench in a park. The water was inside, but it was too deep for her to reach with her short beak. She looked around and found some pebbles, which made her think. She dropped the pebbles one by one into the pitcher, and the water level rose until she could finally drink. She flew away happy after getting the water she needed.","2026-07-10T15:16:22.138886Z","{""choices"":[""bird"",""water"",""pitcher"",""pebbles"",""bench"",""park"",""beak (or beak length)""]}","{""choices"":[""The day is hot."",""The bird is thirsty."",""The bird becomes very tired and is about to faint."",""The bird spots a pitcher of water."",""The pitcher is under a bench in a park."",""The water is too deep to reach, the bird’s beak is not long enough."",""The bird finds some pebbles."",""The bird picks up pebbles and drops them into the pitcher."",""The water level rises, allowing the bird to drink."",""The bird flies away happily.""]}",2217,13.435,"2026-07-10T15:16:22.138886Z"
"50efcf9bc52b713c",781,"1","The story was about a little bird who was very thirsty on a hot day. She looked for water for a long time and became very tired, almost fainting. She found a pitcher of water under a bench in a park but couldn't reach it because the water was too deep for her short beak. She looked around and found some pebbles, which made her think of a solution. She dropped the pebbles one by one into the pitcher, and the water level rose until she could finally drink from it. After quenching her thirst, she flew away happily. The bird used the pebbles to raise the water level so she could access it.","2026-07-10T15:18:34.796670Z","{""choices"":[""bird"",""water"",""pitcher"",""pebbles"",""bench"",""park"",""beak (or beak length)""]}","{""choices"":[""The day is hot."",""The bird is thirsty."",""The bird looks for water for a long time."",""The bird becomes very tired and is about to faint."",""The bird spots a pitcher of water."",""The pitcher is under a bench in a park."",""The water is too deep to reach, the bird’s beak is not long enough."",""The bird finds some pebbles."",""The bird picks up pebbles and drops them into the pitcher."",""The water level rises, allowing the bird to drink."",""The bird flies away happily.""]}",2218,131.677,"2026-07-10T15:18:34.796670Z"
"2161942e52a23578",782,"1","It was a very hot day, and a little bird was very thirsty and tired, searching for water for a long time. She was so exhausted she was about to faint. Then she saw a pitcher of water under a bench in a park. She flew down and sat on the pitcher, but the water was too deep for her to reach with her short beak. She looked around and found some pebbles. She picked them up one by one and dropped them into the pitcher. As she added more pebbles, the water level rose, and soon she could reach the water with her beak. She drank happily and then flew away.","2026-07-10T15:18:37.661420Z","{""choices"":[""bird"",""water"",""pitcher"",""pebbles"",""bench"",""park"",""beak (or beak length)""]}","{""choices"":[""The day is hot."",""The bird is thirsty."",""The bird looks for water for a long time."",""The bird becomes very tired and is about to faint."",""The bird spots a pitcher of water."",""The pitcher is under a bench in a park."",""The bird flies down and sits on the pitcher."",""The water is too deep to reach, the bird’s beak is not long enough."",""The bird finds some pebbles."",""The bird picks up pebbles and drops them into the pitcher."",""The water level rises, allowing the bird to drink."",""The bird flies away happily.""]}",2219,1.923,"2026-07-10T15:18:37.661420Z"
"1f39e9e369bf45dd",783,"1","The story was about a little bird who was very thirsty on a hot day and searched for water for a long time. She became tired and almost fainted but then saw a pitcher of water under a bench in a park. She sat on the pitcher but couldn’t reach the water because it was too deep for her beak. She looked around and found some pebbles, which made her think of a solution. She dropped the pebbles one by one into the pitcher, and the water level rose until she could finally drink it. She then flew away happily. I don’t know.","2026-07-10T15:18:41.320011Z","{""choices"":[""bird"",""water"",""pitcher"",""pebbles"",""bench"",""park"",""beak (or beak length)""]}","{""choices"":[""The day is hot."",""The bird is thirsty."",""The bird looks for water for a long time."",""The bird becomes very tired and is about to faint."",""The bird spots a pitcher of water."",""The pitcher is under a bench in a park."",""The water is too deep to reach, the bird’s beak is not long enough."",""The bird finds some pebbles."",""The bird picks up pebbles and drops them into the pitcher."",""The water level rises, allowing the bird to drink."",""The bird flies away happily.""]}",2220,2.745,"2026-07-10T15:18:41.320011Z"
"962a612238eccf99",784,"1","The story was about a little bird who was very thirsty on a hot day and had been searching for water for a long time. She became very tired and almost fainted. While looking around, she saw a pitcher of water under a bench in a park. She flew down and sat on the pitcher, but the water was too deep for her to reach with her short beak. She looked around and found some pebbles, which gave her an idea. She dropped the pebbles one by one into the pitcher, and the water level rose until she could finally drink from it. After quenching her thirst, she flew away happily. I don’t know if there were other birds around or if the pitcher was full or empty to begin with.","2026-07-10T15:18:46.692249Z","{""choices"":[""bird"",""water"",""pitcher"",""pebbles"",""bench"",""park"",""beak (or beak length)""]}","{""choices"":[""The day is hot."",""The bird is thirsty."",""The bird looks for water for a long time."",""The bird becomes very tired and is about to faint."",""The bird spots a pitcher of water."",""The pitcher is under a bench in a park."",""The bird flies down and sits on the pitcher."",""The water is too deep to reach, the bird’s beak is not long enough."",""The bird finds some pebbles."",""The bird picks up pebbles and drops them into the pitcher."",""The water level rises, allowing the bird to drink."",""The bird flies away happily.""]}",2221,4.527,"2026-07-10T15:18:46.692249Z"
"9efd1afa572715be",785,"1","The story was about a little bird who was very thirsty on a hot day and had been searching for water for a long time. She became very tired and almost fainted. While resting, she saw a pitcher of water under a bench in a park. The water was inside, but it was too deep for her to reach with her short beak. She looked around and found some pebbles, which made her think of a solution. She dropped the pebbles one by one into the pitcher, and as they sank, the water level rose. This allowed her to drink the water. After satisfying her thirst, she flew away happily. The bird used her intelligence and resourcefulness to solve the problem. I don’t know if there were other animals around or how long it took her to find the pebbles.","2026-07-10T15:18:54.491493Z","{""choices"":[""bird"",""water"",""pitcher"",""pebbles"",""bench"",""park"",""beak (or beak length)""]}","{""choices"":[""The day is hot."",""The bird is thirsty."",""The bird looks for water for a long time."",""The bird becomes very tired and is about to faint."",""The bird spots a pitcher of water."",""The pitcher is under a bench in a park."",""The water is too deep to reach, the bird’s beak is not long enough."",""The bird finds some pebbles."",""The bird picks up pebbles and drops them into the pitcher."",""The water level rises, allowing the bird to drink."",""The bird flies away happily.""]}",2222,6.862,"2026-07-10T15:18:54.491493Z"
"0cd8c1bc060716fe",786,"1","It was a hot day, and a thirsty bird was searching for water for a long time. She became very tired and was about to faint. While looking around, she noticed a pitcher of water under a bench in a park. She flew down and sat on the pitcher, but the water was too deep for her to reach with her short beak. She looked around and found some pebbles, which made her think. She began dropping the pebbles one by one into the pitcher, and as the water level rose, she was finally able to drink. After quenching her thirst, she flew away happily.","2026-07-10T15:19:00.214837Z","{""choices"":[""bird"",""water"",""pitcher"",""pebbles"",""bench"",""park"",""beak (or beak length)""]}","{""choices"":[""The day is hot."",""The bird is thirsty."",""The bird looks for water for a long time."",""The bird becomes very tired and is about to faint."",""The bird spots a pitcher of water."",""The pitcher is under a bench in a park."",""The bird flies down and sits on the pitcher."",""The water is too deep to reach, the bird’s beak is not long enough."",""The bird finds some pebbles."",""The bird picks up pebbles and drops them into the pitcher."",""The water level rises, allowing the bird to drink."",""The bird flies away happily.""]}",2223,4.831,"2026-07-10T15:19:00.214837Z"
"9b706a401405cc89",787,"1","The story was about a little bird who was very thirsty on a hot day. She looked for water for a long time and got really tired, almost fainting. Then she saw a pitcher of water under a bench in a park. She flew down and sat on it, but the water was too deep for her to reach with her short beak. She looked around and found some pebbles, which made her think. She dropped the pebbles one by one into the pitcher, and the water level rose. Soon, she could reach the water and drank it. She flew away happy. I don’t know if there were any other details, but that’s what I remember.","2026-07-10T15:19:03.421985Z","{""choices"":[""bird"",""water"",""pitcher"",""pebbles"",""bench"",""park"",""beak (or beak length)""]}","{""choices"":[""The day is hot."",""The bird is thirsty."",""The bird looks for water for a long time."",""The bird becomes very tired and is about to faint."",""The bird spots a pitcher of water."",""The pitcher is under a bench in a park."",""The bird flies down and sits on the pitcher."",""The water is too deep to reach, the bird’s beak is not long enough."",""The bird finds some pebbles."",""The bird picks up pebbles and drops them into the pitcher."",""The water level rises, allowing the bird to drink."",""The bird flies away happily.""]}",2224,2.304,"2026-07-10T15:19:03.421985Z"
"008a0295237bc03c",788,"1","The story was about a little bird who was very thirsty and had been searching for water for a long time. It was a hot day, and she was so tired she was about to faint. She found a pitcher of water under a bench in a park but couldn’t reach it because the water was too deep for her short beak. She looked around and found some pebbles, then dropped them one by one into the pitcher. As the pebbles sank, the water level rose, and she was finally able to drink. She flew away happily after getting the water she needed. I don’t know.","2026-07-10T15:19:08.677362Z","{""choices"":[""bird"",""water"",""pitcher"",""pebbles"",""bench"",""park"",""beak (or beak length)""]}","{""choices"":[""The day is hot."",""The bird is thirsty."",""The bird looks for water for a long time."",""The bird becomes very tired and is about to faint."",""The bird spots a pitcher of water."",""The pitcher is under a bench in a park."",""The water is too deep to reach, the bird’s beak is not long enough."",""The bird finds some pebbles."",""The bird picks up pebbles and drops them into the pitcher."",""The water level rises, allowing the bird to drink."",""The bird flies away happily.""]}",2225,4.337,"2026-07-10T15:19:08.677362Z"
"cbd00532eb87dba7",789,"1","The story was about a little bird who was very thirsty on a hot day and had been searching for water for a long time. She became very tired and almost fainted. While looking around, she saw a pitcher of water under a bench in a park. She flew down and sat on the pitcher, but the water was too deep for her to reach with her short beak. She looked around and found some pebbles, which made her think of a solution. She dropped the pebbles one by one into the pitcher, and as the water level rose, she was finally able to drink from it. After quenching her thirst, she flew away happily.","2026-07-10T15:19:12.743894Z","{""choices"":[""bird"",""water"",""pitcher"",""pebbles"",""bench"",""park"",""beak (or beak length)""]}","{""choices"":[""The day is hot."",""The bird is thirsty."",""The bird looks for water for a long time."",""The bird becomes very tired and is about to faint."",""The bird spots a pitcher of water."",""The pitcher is under a bench in a park."",""The bird flies down and sits on the pitcher."",""The water is too deep to reach, the bird’s beak is not long enough."",""The bird finds some pebbles."",""The bird picks up pebbles and drops them into the pitcher."",""The water level rises, allowing the bird to drink."",""The bird flies away happily.""]}",2226,3.202,"2026-07-10T15:19:12.743894Z"
"ffcb2076b2a0402d",790,"1","The story was about a little bird who was very thirsty on a hot day and had been searching for water for a long time. She became very tired and almost fainted. While resting, she saw a pitcher of water under a bench in a park. The water was inside, but it was too deep for her to reach with her short beak. She looked around and found some pebbles, which gave her an idea. She dropped the pebbles one by one into the pitcher, causing the water level to rise. Eventually, she was able to drink the water and flew away happily. The bird used the pebbles to make the water level higher so she could access it. She was thirsty, tired, and happy after finding the water.","2026-07-10T15:19:17.047641Z","{""choices"":[""bird"",""water"",""pitcher"",""pebbles"",""bench"",""park"",""beak (or beak length)""]}","{""choices"":[""The day is hot."",""The bird is thirsty."",""The bird looks for water for a long time."",""The bird becomes very tired and is about to faint."",""The bird spots a pitcher of water."",""The pitcher is under a bench in a park."",""The water is too deep to reach, the bird’s beak is not long enough."",""The bird finds some pebbles."",""The bird picks up pebbles and drops them into the pitcher."",""The water level rises, allowing the bird to drink."",""The bird flies away happily.""]}",2227,3.402,"2026-07-10T15:19:17.047641Z"
"ae6a211d4f7a3e0a",791,"1","It was a hot day, and a thirsty bird was searching for water for a long time. She became very tired and was about to faint. While she was resting, she noticed a pitcher of water under a bench in a park. She flew down and sat on the pitcher, but the water was too deep for her to reach with her short beak. She looked around and found some pebbles, which gave her an idea. She picked up the pebbles one by one and dropped them into the pitcher. As she added more pebbles, the water level rose, allowing her to drink. After quenching her thirst, she flew away happily.","2026-07-10T15:19:26.360298Z","{""choices"":[""bird"",""water"",""pitcher"",""pebbles"",""bench"",""park"",""beak (or beak length)""]}","{""choices"":[""The day is hot."",""The bird is thirsty."",""The bird looks for water for a long time."",""The bird becomes very tired and is about to faint."",""The bird spots a pitcher of water."",""The pitcher is under a bench in a park."",""The bird flies down and sits on the pitcher."",""The water is too deep to reach, the bird’s beak is not long enough."",""The bird finds some pebbles."",""The bird picks up pebbles and drops them into the pitcher."",""The water level rises, allowing the bird to drink."",""The bird flies away happily.""]}",2228,8.375,"2026-07-10T15:19:26.367478Z"
"cee5fb5d412bb213",792,"1","It was a very hot day, and a little bird was searching for water but couldn’t find any. She became very tired and almost fainted from the heat. While she was resting, she noticed a pitcher of water under a bench in a park. She flew down and sat on the pitcher, but the water was too deep for her to reach with her short beak. She looked around and found some pebbles. She then began dropping the pebbles one by one into the pitcher, which caused the water level to rise. Eventually, the water was high enough for her to drink. After quenching her thirst, she flew away happily, satisfied with her clever solution to the problem.","2026-07-10T15:19:29.854817Z","{""choices"":[""bird"",""water"",""pitcher"",""pebbles"",""bench"",""park"",""beak (or beak length)""]}","{""choices"":[""The day is hot."",""The bird is thirsty."",""The bird becomes very tired and is about to faint."",""The bird spots a pitcher of water."",""The pitcher is under a bench in a park."",""The bird flies down and sits on the pitcher."",""The water is too deep to reach, the bird’s beak is not long enough."",""The bird finds some pebbles."",""The bird picks up pebbles and drops them into the pitcher."",""The water level rises, allowing the bird to drink."",""The bird flies away happily.""]}",2229,2.57,"2026-07-10T15:19:29.854817Z"
"5f6d782b10aeeffe",793,"1","It was a hot day, and a thirsty bird was searching for water for a long time. She was very tired and almost fainted. Then she saw a pitcher of water under a bench in a park. She flew down and sat on the pitcher, but the water was too deep for her to reach with her short beak. She looked around and found some pebbles. She picked them up one by one and dropped them into the pitcher. The water level rose, allowing her to drink. She flew away happily after quenching her thirst.","2026-07-10T15:19:34.151738Z","{""choices"":[""bird"",""water"",""pitcher"",""pebbles"",""bench"",""park"",""beak (or beak length)""]}","{""choices"":[""The day is hot."",""The bird is thirsty."",""The bird looks for water for a long time."",""The bird becomes very tired and is about to faint."",""The bird spots a pitcher of water."",""The pitcher is under a bench in a park."",""The bird flies down and sits on the pitcher."",""The water is too deep to reach, the bird’s beak is not long enough."",""The bird finds some pebbles."",""The bird picks up pebbles and drops them into the pitcher."",""The water level rises, allowing the bird to drink."",""The bird flies away happily.""]}",2230,3.407,"2026-07-10T15:19:34.151738Z"
"6c11c546ebbe389b",794,"1","It was a very hot day, and a small bird was searching for water, but she couldn't find any. She was very tired and almost fainted from the heat. While she was resting, she saw a pitcher of water under a bench in a park. She flew down and sat on the pitcher, but the water was too deep for her to reach with her short beak. She looked around and found some pebbles. She decided to use them, and one by one, she dropped the pebbles into the pitcher. As the pebbles settled, the water level rose, and she was finally able to drink. After quenching her thirst, she flew away happily.","2026-07-10T15:19:39.790733Z","{""choices"":[""bird"",""water"",""pitcher"",""pebbles"",""bench"",""park"",""beak (or beak length)""]}","{""choices"":[""The day is hot."",""The bird is thirsty."",""The bird looks for water for a long time."",""The bird becomes very tired and is about to faint."",""The bird spots a pitcher of water."",""The pitcher is under a bench in a park."",""The bird flies down and sits on the pitcher."",""The water is too deep to reach, the bird’s beak is not long enough."",""The bird finds some pebbles."",""The bird picks up pebbles and drops them into the pitcher."",""The water level rises, allowing the bird to drink."",""The bird flies away happily.""]}",2231,4.79,"2026-07-10T15:19:39.790733Z"
"12f77e67b04c3d67",795,"1","It was a very hot day, and a little bird was very thirsty and tired, searching for water for a long time. She was so exhausted she was about to faint. Then she saw a pitcher of water under a bench in a park. She flew down and sat on the pitcher, but the water was too deep for her to reach with her short beak. She looked around and found some pebbles. She picked them up one by one and dropped them into the pitcher. The water level rose, and she was able to drink from it. She flew away happy after getting the water she needed.","2026-07-10T15:19:43.996590Z","{""choices"":[""bird"",""water"",""pitcher"",""pebbles"",""bench"",""park"",""beak (or beak length)""]}","{""choices"":[""The day is hot."",""The bird is thirsty."",""The bird looks for water for a long time."",""The bird becomes very tired and is about to faint."",""The bird spots a pitcher of water."",""The pitcher is under a bench in a park."",""The bird flies down and sits on the pitcher."",""The water is too deep to reach, the bird’s beak is not long enough."",""The bird finds some pebbles."",""The bird picks up pebbles and drops them into the pitcher."",""The water level rises, allowing the bird to drink."",""The bird flies away happily.""]}",2232,3.302,"2026-07-10T15:19:43.996590Z"
"e5807248bb187728",796,"1","The story was about a little bird who was very thirsty on a hot day. She searched for water for a long time and became very tired, almost fainting. She found a pitcher of water under a bench in a park but couldn’t reach it because the water was too deep for her beak. She looked around and found some pebbles, which gave her an idea. She dropped the pebbles one by one into the pitcher, which raised the water level. This allowed her to drink the water, and she flew away happily. The bird used the pebbles to make the water level higher so she could access it. The setting was a park, and the pitcher was under a bench. The bird was small and couldn’t reach the water directly.","2026-07-10T15:19:50.276985Z","{""choices"":[""bird"",""water"",""pitcher"",""pebbles"",""bench"",""park"",""beak (or beak length)""]}","{""choices"":[""The day is hot."",""The bird is thirsty."",""The bird looks for water for a long time."",""The bird becomes very tired and is about to faint."",""The bird spots a pitcher of water."",""The pitcher is under a bench in a park."",""The water is too deep to reach, the bird’s beak is not long enough."",""The bird finds some pebbles."",""The bird picks up pebbles and drops them into the pitcher."",""The water level rises, allowing the bird to drink."",""The bird flies away happily.""]}",2233,5.314,"2026-07-10T15:19:50.276985Z"
"fecca9fe280b3d0e",797,"1","The story is about a little bird who was very thirsty on a hot day and searched for water for a long time. She became very tired and was about to faint. While looking for water, she saw a pitcher under a bench in a park. She flew down and sat on the pitcher, but the water was too deep for her to reach with her short beak. She looked around and found some pebbles. She then dropped the pebbles one by one into the pitcher, which caused the water level to rise. Once the water was within reach, she drank it and flew away happily. The bird used the pebbles to make the water level higher so she could drink.","2026-07-10T15:20:00.038116Z","{""choices"":[""bird"",""water"",""pitcher"",""pebbles"",""bench"",""park"",""beak (or beak length)""]}","{""choices"":[""The day is hot."",""The bird is thirsty."",""The bird looks for water for a long time."",""The bird becomes very tired and is about to faint."",""The bird spots a pitcher of water."",""The pitcher is under a bench in a park."",""The bird flies down and sits on the pitcher."",""The water is too deep to reach, the bird’s beak is not long enough."",""The bird finds some pebbles."",""The bird picks up pebbles and drops them into the pitcher."",""The water level rises, allowing the bird to drink."",""The bird flies away happily.""]}",2234,8.889,"2026-07-10T15:20:00.038116Z"
"66af74e04cd420e3",798,"1","The story is about a thirsty bird who was looking for water on a hot day and became very tired. She eventually found a pitcher of water under a bench in a park but couldn't drink from it because the water was too deep for her beak. She noticed some pebbles nearby and decided to use them. She dropped the pebbles into the pitcher one by one, which caused the water level to rise. Once the water was within reach, she was able to drink it and flew away happily. The bird used the pebbles to raise the water level so she could access the water. The pitcher was under a bench in a park, and the bird was thirsty and tired before finding the water.","2026-07-10T15:20:09.502720Z","{""choices"":[""bird"",""water"",""pitcher"",""pebbles"",""bench"",""park"",""beak (or beak length)""]}","{""choices"":[""The day is hot."",""The bird is thirsty."",""The bird looks for water for a long time."",""The bird becomes very tired and is about to faint."",""The bird spots a pitcher of water."",""The pitcher is under a bench in a park."",""The water is too deep to reach, the bird’s beak is not long enough."",""The bird finds some pebbles."",""The bird picks up pebbles and drops them into the pitcher."",""The water level rises, allowing the bird to drink."",""The bird flies away happily.""]}",2235,8.492,"2026-07-10T15:20:09.502720Z"
"da01fcab124f6d4c",799,"1","The story was about a little bird who was very thirsty on a hot day. She searched for water for a long time and became very tired, almost fainting. Then she saw a pitcher of water under a bench in a park. She flew down and sat on the pitcher, but the water was too deep for her to reach with her short beak. She looked around and found some pebbles, which gave her an idea. She dropped the pebbles one by one into the pitcher, and the water level rose. This allowed her to drink the water. After drinking, she flew away happily. I don’t know the exact location of the park or the type of bird, but I remember the main events clearly.","2026-07-10T15:20:13.159895Z","{""choices"":[""bird"",""water"",""pitcher"",""pebbles"",""bench"",""park"",""beak (or beak length)""]}","{""choices"":[""The day is hot."",""The bird is thirsty."",""The bird looks for water for a long time."",""The bird becomes very tired and is about to faint."",""The bird spots a pitcher of water."",""The pitcher is under a bench in a park."",""The bird flies down and sits on the pitcher."",""The water is too deep to reach, the bird’s beak is not long enough."",""The bird finds some pebbles."",""The bird picks up pebbles and drops them into the pitcher."",""The water level rises, allowing the bird to drink."",""The bird flies away happily.""]}",2236,2.755,"2026-07-10T15:20:13.159895Z"
"33517136da0a38ec",800,"1","The story was about a thirsty bird searching for water on a hot day. She became very tired and almost fainted but then saw a pitcher of water under a bench in a park. The water was too deep for her to reach because her beak wasn’t long enough. She found some pebbles and dropped them one by one into the pitcher, which caused the water level to rise. This allowed her to drink the water and then she flew away happily. The bird used the pebbles to raise the water level so she could access it. The setting was a park, and the pitcher was under a bench. The bird was determined and resourceful in finding a way to get the water she needed.","2026-07-10T15:20:24.670043Z","{""choices"":[""bird"",""water"",""pitcher"",""pebbles"",""bench"",""park"",""beak (or beak length)""]}","{""choices"":[""The day is hot."",""The bird is thirsty."",""The bird looks for water for a long time."",""The bird becomes very tired and is about to faint."",""The bird spots a pitcher of water."",""The pitcher is under a bench in a park."",""The water is too deep to reach, the bird’s beak is not long enough."",""The bird finds some pebbles."",""The bird picks up pebbles and drops them into the pitcher."",""The water level rises, allowing the bird to drink."",""The bird flies away happily.""]}",2237,10.444,"2026-07-10T15:20:24.670043Z"
"6b61cff8ae1c1623",801,"1","The story was about a little bird who was very thirsty on a hot day and looked for water for a long time. She was tired and almost fainted but then saw a pitcher of water under a bench in a park. She flew down and sat on the pitcher, but the water was too deep for her to reach because her beak wasn't long enough. She looked around and found some pebbles, which gave her an idea. She picked up the pebbles one by one and dropped them into the pitcher, which raised the water level. This allowed her to drink the water. She flew away happily after satisfying her thirst.","2026-07-10T15:20:30.081463Z","{""choices"":[""bird"",""water"",""pitcher"",""pebbles"",""bench"",""park"",""beak (or beak length)""]}","{""choices"":[""The day is hot."",""The bird is thirsty."",""The bird looks for water for a long time."",""The bird becomes very tired and is about to faint."",""The bird spots a pitcher of water."",""The pitcher is under a bench in a park."",""The bird flies down and sits on the pitcher."",""The water is too deep to reach, the bird’s beak is not long enough."",""The bird finds some pebbles."",""The bird picks up pebbles and drops them into the pitcher."",""The water level rises, allowing the bird to drink."",""The bird flies away happily.""]}",2238,4.374,"2026-07-10T15:20:30.081463Z"
"49f1bc3262db7cb2",802,"1","The story was about a little bird who was very thirsty on a hot day and had been searching for water for a long time. She became very tired and was about to faint when she saw a pitcher of water under a bench in a park. She flew down and sat on the pitcher, but the water was too deep for her to reach with her short beak. She looked around and found some pebbles, which gave her an idea. She dropped the pebbles one by one into the pitcher, and as they sank, the water level rose. This allowed her to drink the water. After quenching her thirst, she flew away happily. I don’t know the exact color of the bird or the time of day, but I remember the pitcher, the pebbles, and how the water level went up.","2026-07-10T15:21:53.743778Z","{""choices"":[""bird"",""water"",""pitcher"",""pebbles"",""bench"",""park"",""beak (or beak length)""]}","{""choices"":[""The day is hot."",""The bird is thirsty."",""The bird looks for water for a long time."",""The bird becomes very tired and is about to faint."",""The bird spots a pitcher of water."",""The pitcher is under a bench in a park."",""The bird flies down and sits on the pitcher."",""The water is too deep to reach, the bird’s beak is not long enough."",""The bird finds some pebbles."",""The bird picks up pebbles and drops them into the pitcher."",""The water level rises, allowing the bird to drink."",""The bird flies away happily.""]}",2239,82.714,"2026-07-10T15:21:53.743778Z"
"0bb21389412211c9",803,"1","The story was about a little bird who was very thirsty on a hot day. She searched for water for a long time and became very tired, almost fainting. Then she saw a pitcher of water under a bench in a park. She flew down and sat on the pitcher, but the water was too deep for her to reach with her short beak. She looked around and found some pebbles, which made her think of a solution. She dropped the pebbles one by one into the pitcher, and the water level rose. This allowed her to drink the water. After satisfying her thirst, she flew away happily. I don’t know the exact time of day or the type of bird, but the main events were clear.","2026-07-10T15:21:58.333264Z","{""choices"":[""bird"",""water"",""pitcher"",""pebbles"",""bench"",""park"",""beak (or beak length)""]}","{""choices"":[""The day is hot."",""The bird is thirsty."",""The bird looks for water for a long time."",""The bird becomes very tired and is about to faint."",""The bird spots a pitcher of water."",""The pitcher is under a bench in a park."",""The bird flies down and sits on the pitcher."",""The water is too deep to reach, the bird’s beak is not long enough."",""The bird finds some pebbles."",""The bird picks up pebbles and drops them into the pitcher."",""The water level rises, allowing the bird to drink."",""The bird flies away happily.""]}",2240,3.675,"2026-07-10T15:21:58.333264Z"
"c0ec6cf07923d1a4",804,"1","The story was about a little bird who was very thirsty on a hot day. She searched for water for a long time and became very tired, almost fainting. She found a pitcher of water under a bench in a park but couldn’t reach it because the water was too deep for her beak. She looked around and found some pebbles, which made her think of a solution. She dropped the pebbles one by one into the pitcher, and the water level rose until she could drink from it. She then flew away happily, having solved her problem with some clever thinking and patience.","2026-07-10T15:22:05.900077Z","{""choices"":[""bird"",""water"",""pitcher"",""pebbles"",""bench"",""park"",""beak (or beak length)""]}","{""choices"":[""The day is hot."",""The bird is thirsty."",""The bird looks for water for a long time."",""The bird becomes very tired and is about to faint."",""The bird spots a pitcher of water."",""The pitcher is under a bench in a park."",""The water is too deep to reach, the bird’s beak is not long enough."",""The bird finds some pebbles."",""The bird picks up pebbles and drops them into the pitcher."",""The water level rises, allowing the bird to drink."",""The bird flies away happily.""]}",2241,6.602,"2026-07-10T15:22:05.900077Z"
"a441bf6e4aac2320",805,"1","The story was about a little bird who was very thirsty and had been searching for water for a long time. She became very tired and almost fainted. While she was resting, she saw a pitcher of water under a bench in a park. She flew down and sat on the pitcher, but the water was too deep for her to reach with her short beak. She looked around and found some pebbles, which gave her an idea. She dropped the pebbles one by one into the pitcher, and as they sank, the water level rose. This allowed her to drink the water. After satisfying her thirst, she flew away happily. I don’t know if there were any other details, but that’s what I remember.","2026-07-10T15:22:12.360798Z","{""choices"":[""bird"",""water"",""pitcher"",""pebbles"",""bench"",""park"",""beak (or beak length)""]}","{""choices"":[""The bird is thirsty."",""The bird looks for water for a long time."",""The bird becomes very tired and is about to faint."",""The bird spots a pitcher of water."",""The pitcher is under a bench in a park."",""The bird flies down and sits on the pitcher."",""The water is too deep to reach, the bird’s beak is not long enough."",""The bird finds some pebbles."",""The bird picks up pebbles and drops them into the pitcher."",""The water level rises, allowing the bird to drink."",""The bird flies away happily.""]}",2242,5.394,"2026-07-10T15:22:12.360798Z"
"3c3c590f82700da4",806,"1","The story was about a little bird who was very thirsty on a hot day and had been searching for water for a long time. She became very tired and was about to faint. While resting, she noticed a pitcher of water under a bench in a park. The water was inside, but it was too deep for her to reach with her short beak. She looked around and found some pebbles, which made her think of a solution. She dropped the pebbles one by one into the pitcher, and as the water level rose, she was finally able to drink from it. After quenching her thirst, she flew away happily. The bird used the pebbles to raise the water level so she could access it.","2026-07-10T15:22:16.278508Z","{""choices"":[""bird"",""water"",""pitcher"",""pebbles"",""bench"",""park"",""beak (or beak length)""]}","{""choices"":[""The day is hot."",""The bird is thirsty."",""The bird looks for water for a long time."",""The bird becomes very tired and is about to faint."",""The bird spots a pitcher of water."",""The pitcher is under a bench in a park."",""The water is too deep to reach, the bird’s beak is not long enough."",""The bird finds some pebbles."",""The bird picks up pebbles and drops them into the pitcher."",""The water level rises, allowing the bird to drink."",""The bird flies away happily.""]}",2243,2.904,"2026-07-10T15:22:16.278508Z"
"a533a03c3bd4f1d8",807,"1","The story was about a thirsty bird on a hot day who searched for water for a long time and became very tired. She almost fainted but then saw a pitcher of water under a bench in a park. She sat on the pitcher but couldn’t reach the water because it was too deep for her beak. She found some pebbles and dropped them into the pitcher one by one, which raised the water level. This allowed her to drink the water and then she flew away happily. The bird used the pebbles to make the water level higher so she could access it. The pitcher was under a bench, and the bird was very thirsty and tired before finding the water.","2026-07-10T15:22:20.717589Z","{""choices"":[""bird"",""water"",""pitcher"",""pebbles"",""bench"",""park"",""beak (or beak length)""]}","{""choices"":[""The day is hot."",""The bird is thirsty."",""The bird looks for water for a long time."",""The bird becomes very tired and is about to faint."",""The bird spots a pitcher of water."",""The pitcher is under a bench in a park."",""The water is too deep to reach, the bird’s beak is not long enough."",""The bird finds some pebbles."",""The bird picks up pebbles and drops them into the pitcher."",""The water level rises, allowing the bird to drink."",""The bird flies away happily.""]}",2244,3.51,"2026-07-10T15:22:20.717589Z"
"79bbc29022d940f6",808,"1","The story was about a little bird who was very thirsty on a hot day. She searched for water for a long time and became very tired, almost fainting. She found a pitcher of water under a bench in a park but couldn't reach it because the water was too deep for her beak. She looked around and found some pebbles, which gave her an idea. She dropped the pebbles one by one into the pitcher, and the water level rose until she could finally drink. She then flew away happily. The bird used the pebbles to raise the water level so she could access the water. The setting was a park, and the pitcher was under a bench. The bird was determined and clever in finding a way to get the water.","2026-07-10T15:22:28.810565Z","{""choices"":[""bird"",""water"",""pitcher"",""pebbles"",""bench"",""park"",""beak (or beak length)""]}","{""choices"":[""The day is hot."",""The bird is thirsty."",""The bird looks for water for a long time."",""The bird becomes very tired and is about to faint."",""The bird spots a pitcher of water."",""The pitcher is under a bench in a park."",""The water is too deep to reach, the bird’s beak is not long enough."",""The bird finds some pebbles."",""The bird picks up pebbles and drops them into the pitcher."",""The water level rises, allowing the bird to drink."",""The bird flies away happily.""]}",2245,7.159,"2026-07-10T15:22:28.810565Z"
"81d20cfba9a33e39",809,"1","The story was about a little bird who was very thirsty on a hot day. She searched for water for a long time and became very tired, almost fainting. She found a pitcher of water under a bench in a park but couldn't reach it because the water was too deep for her short beak. She looked around and found some pebbles, which made her think of a solution. She dropped the pebbles one by one into the pitcher, and as they sank, the water level rose. This allowed her to drink the water. After satisfying her thirst, she flew away happily. The bird used the pebbles to raise the water level so she could access it.","2026-07-10T15:22:32.656726Z","{""choices"":[""bird"",""water"",""pitcher"",""pebbles"",""bench"",""park"",""beak (or beak length)""]}","{""choices"":[""The day is hot."",""The bird is thirsty."",""The bird looks for water for a long time."",""The bird becomes very tired and is about to faint."",""The bird spots a pitcher of water."",""The pitcher is under a bench in a park."",""The water is too deep to reach, the bird’s beak is not long enough."",""The bird finds some pebbles."",""The bird picks up pebbles and drops them into the pitcher."",""The water level rises, allowing the bird to drink."",""The bird flies away happily.""]}",2246,2.873,"2026-07-10T15:22:32.656726Z"
"63681a7355cbc27c",810,"1","It was a very hot day, and a little bird was searching for water for a long time. She was very tired and almost fainted from the heat. While she was looking around, she saw a pitcher of water under a bench in a park. She flew down and sat on the pitcher, but the water was too deep for her to reach with her short beak. She looked around and found some pebbles, which made her think of a solution. She picked up the pebbles one by one and dropped them into the pitcher. As she added more pebbles, the water level rose, and soon she was able to drink from it. After quenching her thirst, she flew away happily, satisfied with her clever solution.","2026-07-10T15:22:35.599174Z","{""choices"":[""bird"",""water"",""pitcher"",""pebbles"",""bench"",""park"",""beak (or beak length)""]}","{""choices"":[""The day is hot."",""The bird is thirsty."",""The bird looks for water for a long time."",""The bird becomes very tired and is about to faint."",""The bird spots a pitcher of water."",""The pitcher is under a bench in a park."",""The bird flies down and sits on the pitcher."",""The water is too deep to reach, the bird’s beak is not long enough."",""The bird finds some pebbles."",""The bird picks up pebbles and drops them into the pitcher."",""The water level rises, allowing the bird to drink."",""The bird flies away happily.""]}",2247,1.966,"2026-07-10T15:22:35.599174Z"
"7264fcf8b370e3a7",811,"1","The story was about a little bird who was very thirsty on a hot day and had been searching for water for a long time. She was tired and almost fainting when she saw a pitcher of water under a bench in a park. She flew down and sat on the pitcher but couldn't reach the water because it was too deep for her beak. She looked around and found some pebbles, which gave her an idea. She dropped the pebbles one by one into the pitcher, and the water level rose until she could finally drink. She then flew away happily.","2026-07-10T15:22:39.188984Z","{""choices"":[""bird"",""water"",""pitcher"",""pebbles"",""bench"",""park"",""beak (or beak length)""]}","{""choices"":[""The day is hot."",""The bird is thirsty."",""The bird looks for water for a long time."",""The bird becomes very tired and is about to faint."",""The bird spots a pitcher of water."",""The pitcher is under a bench in a park."",""The bird flies down and sits on the pitcher."",""The water is too deep to reach, the bird’s beak is not long enough."",""The bird finds some pebbles."",""The bird picks up pebbles and drops them into the pitcher."",""The water level rises, allowing the bird to drink."",""The bird flies away happily.""]}",2248,2.653,"2026-07-10T15:22:39.188984Z"
"dbf9fa58106587a7",812,"1","The story was about a little bird who was very thirsty and had been searching for water for a long time. She was exhausted and almost fainted, but then she saw a pitcher of water under a bench in a park. She flew down and sat on the pitcher, but the water was too deep for her to reach with her short beak. She looked around and found some pebbles, which made her think of a solution. She dropped the pebbles one by one into the pitcher, and as they sank, the water level rose. Eventually, she was able to drink the water and flew away happily. The bird used the pebbles to raise the water level so she could access it. I don’t know the exact time of day, but it was described as a hot day. I don’t know the bird’s name or color, but she was small and had a short beak.","2026-07-10T15:22:43.242139Z","{""choices"":[""bird"",""water"",""pitcher"",""pebbles"",""bench"",""park"",""beak (or beak length)""]}","{""choices"":[""The day is hot."",""The bird is thirsty."",""The bird looks for water for a long time."",""The bird becomes very tired and is about to faint."",""The bird spots a pitcher of water."",""The pitcher is under a bench in a park."",""The bird flies down and sits on the pitcher."",""The water is too deep to reach, the bird’s beak is not long enough."",""The bird finds some pebbles."",""The bird picks up pebbles and drops them into the pitcher."",""The water level rises, allowing the bird to drink."",""The bird flies away happily.""]}",2249,3.159,"2026-07-10T15:22:43.242139Z"
"19b1d7d0d27ea129",813,"1","The story was about a little bird who was very thirsty on a hot day and had been searching for water for a long time. She was tired and almost fainted but then saw a pitcher of water under a bench in a park. She flew down and sat on the pitcher, but the water was too deep for her to reach with her short beak. She looked around and found some pebbles, which gave her an idea. She dropped the pebbles one by one into the pitcher, and the water level rose until she could finally drink. She then flew away happily. I don’t know the exact color of the bird or the type of park, but it was a sunny day, and the bird used pebbles to raise the water level.","2026-07-10T15:22:46.565669Z","{""choices"":[""bird"",""water"",""pitcher"",""pebbles"",""bench"",""park"",""beak (or beak length)""]}","{""choices"":[""The day is hot."",""The bird is thirsty."",""The bird looks for water for a long time."",""The bird becomes very tired and is about to faint."",""The bird spots a pitcher of water."",""The pitcher is under a bench in a park."",""The bird flies down and sits on the pitcher."",""The water is too deep to reach, the bird’s beak is not long enough."",""The bird finds some pebbles."",""The bird picks up pebbles and drops them into the pitcher."",""The water level rises, allowing the bird to drink."",""The bird flies away happily.""]}",2250,2.365,"2026-07-10T15:22:46.565669Z"
"7163f2b084889926",814,"1","The story was about a little bird who was very thirsty on a hot day and had been searching for water for a long time. She became very tired and almost fainted. While resting, she saw a pitcher of water under a bench in a park. The water was inside, but it was too deep for her to reach with her short beak. She looked around and found some pebbles, which made her think of a solution. She dropped the pebbles one by one into the pitcher, and as they settled, the water level rose. This allowed her to drink the water. After satisfying her thirst, she flew away happily. The bird used her problem-solving skills to get the water she needed.","2026-07-10T15:22:54.307309Z","{""choices"":[""bird"",""water"",""pitcher"",""pebbles"",""bench"",""park"",""beak (or beak length)""]}","{""choices"":[""The day is hot."",""The bird is thirsty."",""The bird looks for water for a long time."",""The bird becomes very tired and is about to faint."",""The bird spots a pitcher of water."",""The pitcher is under a bench in a park."",""The water is too deep to reach, the bird’s beak is not long enough."",""The bird finds some pebbles."",""The bird picks up pebbles and drops them into the pitcher."",""The water level rises, allowing the bird to drink."",""The bird flies away happily.""]}",2251,6.844,"2026-07-10T15:22:54.307309Z"
"4b06165225acd9bb",815,"1","The story was about a thirsty bird who was looking for water on a hot day. She was very tired and almost fainting when she found a pitcher of water under a bench in a park. The water was too deep for her to reach because her beak wasn't long enough. She found some pebbles and dropped them into the pitcher, which raised the water level so she could drink. She then flew away happily. The bird used the pebbles to make the water level higher so she could access it. The pitcher was under a bench in a park, and the bird was thirsty and tired. She had to think of a way to get the water, and the pebbles helped her do that.","2026-07-10T15:25:44.009614Z","{""choices"":[""bird"",""water"",""pitcher"",""pebbles"",""bench"",""park"",""beak (or beak length)""]}","{""choices"":[""The day is hot."",""The bird is thirsty."",""The bird looks for water for a long time."",""The bird becomes very tired and is about to faint."",""The bird spots a pitcher of water."",""The pitcher is under a bench in a park."",""The water is too deep to reach, the bird’s beak is not long enough."",""The bird finds some pebbles."",""The bird picks up pebbles and drops them into the pitcher."",""The water level rises, allowing the bird to drink."",""The bird flies away happily.""]}",2252,168.774,"2026-07-10T15:25:44.009614Z"
"ec363af8842ac3ec",816,"1","The story was about a thirsty bird who was looking for water on a hot day and became very tired. She found a pitcher of water under a bench in a park but couldn’t reach it because the water was too deep for her beak. She looked around and found some pebbles, which made her think of a solution. She dropped the pebbles into the pitcher one by one, and as they settled, the water level rose. This allowed her to drink the water, and she left happily. The bird’s determination and cleverness helped her overcome the challenge of accessing the water. She used the pebbles to raise the water level so she could drink. The story shows how problem-solving and persistence can lead to success.","2026-07-10T15:25:57.574667Z","{""choices"":[""bird"",""water"",""pitcher"",""pebbles"",""bench"",""park"",""beak (or beak length)""]}","{""choices"":[""The day is hot."",""The bird is thirsty."",""The bird looks for water for a long time."",""The bird becomes very tired and is about to faint."",""The bird spots a pitcher of water."",""The pitcher is under a bench in a park."",""The water is too deep to reach, the bird’s beak is not long enough."",""The bird finds some pebbles."",""The bird picks up pebbles and drops them into the pitcher."",""The water level rises, allowing the bird to drink."",""The bird flies away happily.""]}",2253,14.347,"2026-07-10T15:26:02.264038Z"
"3ab90a4a5b3b459b",817,"1","The story was about a thirsty bird on a hot day who searched for water for a long time until she found a pitcher under a bench in a park. The water was too deep for her to reach with her short beak, so she found some pebbles and dropped them into the pitcher one by one. This caused the water level to rise, allowing her to drink. She then flew away happily. The bird was very tired and close to fainting before finding the pitcher. She used pebbles to raise the water level. The pitcher was under a bench in a park. The bird was thirsty and had been looking for water for a long time.","2026-07-10T15:26:11.659396Z","{""choices"":[""bird"",""water"",""pitcher"",""pebbles"",""bench"",""park"",""beak (or beak length)""]}","{""choices"":[""The day is hot."",""The bird is thirsty."",""The bird looks for water for a long time."",""The bird becomes very tired and is about to faint."",""The bird spots a pitcher of water."",""The pitcher is under a bench in a park."",""The water is too deep to reach, the bird’s beak is not long enough."",""The bird finds some pebbles."",""The bird picks up pebbles and drops them into the pitcher."",""The water level rises, allowing the bird to drink."",""The bird flies away happily.""]}",2254,3.548,"2026-07-10T15:26:11.659396Z"
"ee41baa46ab7f5be",818,"1","The story was about a little bird who was very thirsty on a hot day. She searched for water for a long time and became very tired, even close to fainting. She found a pitcher of water under a bench in a park but couldn’t reach it because the water was too deep for her beak. She looked around and found some pebbles, which made her think of a solution. She dropped the pebbles into the pitcher one by one, and the water level rose until she could finally drink. She then flew away happily. I don’t know if there were other birds or what happened after she drank, but that’s what I remember.","2026-07-10T15:26:19.167733Z","{""choices"":[""bird"",""water"",""pitcher"",""pebbles"",""bench"",""park"",""beak (or beak length)""]}","{""choices"":[""The day is hot."",""The bird is thirsty."",""The bird looks for water for a long time."",""The bird becomes very tired and is about to faint."",""The bird spots a pitcher of water."",""The pitcher is under a bench in a park."",""The water is too deep to reach, the bird’s beak is not long enough."",""The bird finds some pebbles."",""The bird picks up pebbles and drops them into the pitcher."",""The water level rises, allowing the bird to drink."",""The bird flies away happily.""]}",2255,6.604,"2026-07-10T15:26:19.167733Z"
"98596ace45ba1644",819,"1","The story was about a thirsty bird who was searching for water on a hot day. She had been looking for a long time and was very tired, even close to fainting. Then she saw a pitcher of water under a bench in a park. She flew down and sat on it, but the water was too deep for her to reach with her short beak. She looked around and found some pebbles, which made her think of a solution. She dropped the pebbles one by one into the pitcher, and as they sank, the water level rose. Eventually, she could drink the water and flew away happily.","2026-07-10T15:26:23.321157Z","{""choices"":[""bird"",""water"",""pitcher"",""pebbles"",""bench"",""park"",""beak (or beak length)""]}","{""choices"":[""The day is hot."",""The bird is thirsty."",""The bird looks for water for a long time."",""The bird becomes very tired and is about to faint."",""The bird spots a pitcher of water."",""The pitcher is under a bench in a park."",""The bird flies down and sits on the pitcher."",""The water is too deep to reach, the bird’s beak is not long enough."",""The bird finds some pebbles."",""The bird picks up pebbles and drops them into the pitcher."",""The water level rises, allowing the bird to drink."",""The bird flies away happily.""]}",2256,3.193,"2026-07-10T15:26:23.321157Z"
"df328a5e5c041cc5",820,"1","The story was about a little bird who was very thirsty on a hot day. She looked for water for a long time and got very tired. She saw a pitcher of water under a bench in a park but couldn't drink from it because the water was too deep for her beak. She found some pebbles and dropped them into the pitcher, which made the water level rise. Then she could drink the water and flew away happily. She was smart to use the pebbles to get the water she needed. I don’t know if there were other birds or what happened after she drank.","2026-07-10T15:26:38.091174Z","{""choices"":[""bird"",""water"",""pitcher"",""pebbles"",""bench"",""park"",""beak (or beak length)""]}","{""choices"":[""The day is hot."",""The bird is thirsty."",""The bird looks for water for a long time."",""The bird becomes very tired and is about to faint."",""The bird spots a pitcher of water."",""The pitcher is under a bench in a park."",""The water is too deep to reach, the bird’s beak is not long enough."",""The bird finds some pebbles."",""The bird picks up pebbles and drops them into the pitcher."",""The water level rises, allowing the bird to drink."",""The bird flies away happily.""]}",2257,13.652,"2026-07-10T15:26:38.091174Z"
"187baf5ccb217050",821,"1","The story was about a thirsty bird who was looking for water on a hot day. She was very tired and almost fainting when she found a pitcher of water under a bench in a park. The water was too deep for her to reach with her short beak, so she looked around and found some pebbles. She dropped the pebbles into the pitcher, which raised the water level until she could drink. She then flew away happily. I don’t know the exact time of day or the type of bird, but the main details are there. I don’t know if there were other animals around or if the pitcher was made of glass or clay. I don’t know.","2026-07-10T15:26:41.908412Z","{""choices"":[""bird"",""water"",""pitcher"",""pebbles"",""bench"",""park"",""beak (or beak length)""]}","{""choices"":[""The day is hot."",""The bird is thirsty."",""The bird becomes very tired and is about to faint."",""The bird spots a pitcher of water."",""The pitcher is under a bench in a park."",""The water is too deep to reach, the bird’s beak is not long enough."",""The bird finds some pebbles."",""The bird picks up pebbles and drops them into the pitcher."",""The water level rises, allowing the bird to drink."",""The bird flies away happily.""]}",2258,2.861,"2026-07-10T15:26:41.908412Z"
"635315c809b0f27a",822,"1","It was a very hot day, and a thirsty bird had been searching for water for a long time. She was exhausted and close to fainting when she found a pitcher of water under a bench in a park. The water was inside, but it was too deep for her to reach with her short beak. She looked around and found some pebbles, which made her think of a solution. She dropped the pebbles one by one into the pitcher, and as they sank, the water level rose. Eventually, she was able to drink the water and flew away happily.","2026-07-10T15:27:21.990970Z","{""choices"":[""bird"",""water"",""pitcher"",""pebbles"",""bench"",""park"",""beak (or beak length)""]}","{""choices"":[""The day is hot."",""The bird is thirsty."",""The bird looks for water for a long time."",""The bird becomes very tired and is about to faint."",""The bird spots a pitcher of water."",""The pitcher is under a bench in a park."",""The water is too deep to reach, the bird’s beak is not long enough."",""The bird finds some pebbles."",""The bird picks up pebbles and drops them into the pitcher."",""The water level rises, allowing the bird to drink."",""The bird flies away happily.""]}",2259,39.126,"2026-07-10T15:27:21.990970Z"
"bd2be24455cc817c",823,"1","The story was about a little bird who was very thirsty on a hot day. She searched for water for a long time and became very tired, almost fainting. She found a pitcher of water under a bench in a park but couldn't drink from it because the water was too deep for her to reach with her short beak. She looked around and found some pebbles, which made her think. She dropped the pebbles one by one into the pitcher, and the water level rose until she could finally drink. She then flew away happily. I don’t know.","2026-07-10T15:27:27.629012Z","{""choices"":[""bird"",""water"",""pitcher"",""pebbles"",""bench"",""park"",""beak (or beak length)""]}","{""choices"":[""The day is hot."",""The bird is thirsty."",""The bird looks for water for a long time."",""The bird becomes very tired and is about to faint."",""The bird spots a pitcher of water."",""The pitcher is under a bench in a park."",""The water is too deep to reach, the bird’s beak is not long enough."",""The bird finds some pebbles."",""The bird picks up pebbles and drops them into the pitcher."",""The water level rises, allowing the bird to drink."",""The bird flies away happily.""]}",2260,4.32,"2026-07-10T15:27:27.629012Z"
"24f4e3beea47029f",824,"1","The story was about a little bird who was very thirsty on a hot day. She searched for water for a long time and became very tired, almost fainting. Then she saw a pitcher of water under a bench in a park. She flew down and sat on it, but the water was too deep for her to reach with her short beak. She looked around and found some pebbles, which made her think. She dropped the pebbles one by one into the pitcher, and the water level rose until she could finally drink. She then flew away happily. I don’t know the exact time of day or the color of the bird, but I remember she was small and thirsty. I don’t know the name of the park or if there were other animals around.","2026-07-10T15:27:34.317493Z","{""choices"":[""bird"",""water"",""pitcher"",""pebbles"",""bench"",""park"",""beak (or beak length)""]}","{""choices"":[""The day is hot."",""The bird is thirsty."",""The bird looks for water for a long time."",""The bird becomes very tired and is about to faint."",""The bird spots a pitcher of water."",""The pitcher is under a bench in a park."",""The bird flies down and sits on the pitcher."",""The water is too deep to reach, the bird’s beak is not long enough."",""The bird finds some pebbles."",""The bird picks up pebbles and drops them into the pitcher."",""The water level rises, allowing the bird to drink."",""The bird flies away happily.""]}",2261,5.586,"2026-07-10T15:27:34.317493Z"
"33ed672f9d40ec98",825,"1","The story was about a thirsty bird who was searching for water on a hot day and became very tired. She found a pitcher of water under a bench but couldn’t reach it because the water was too deep for her beak. She looked around and found some pebbles, which made her think of a solution. She dropped the pebbles into the pitcher one by one, and the water level rose until she could finally drink. She then flew away happily. The bird used the pebbles to raise the water level so she could access it. I don’t know.","2026-07-10T15:27:58.402339Z","{""choices"":[""bird"",""water"",""pitcher"",""pebbles"",""bench"",""beak \/ beak length""]}","{""choices"":[""The day is hot."",""The bird is thirsty."",""The bird looks for water for a long time."",""The bird becomes very tired and is about to faint."",""The bird spots a pitcher of water."",""The water is too deep to reach, the bird’s beak is not long enough."",""The bird finds some pebbles."",""The bird picks up pebbles and drops them into the pitcher."",""The water level rises, allowing the bird to drink."",""The bird flies away happily.""]}",2262,23.102,"2026-07-10T15:27:58.402339Z"
"fdcfe3b16152f1a1",826,"1","The story was about a little bird who was very thirsty on a hot day and looked for water for a long time. She got tired and almost fainted but then saw a pitcher of water under a bench in a park. She flew down and sat on the pitcher, but the water was too deep for her to reach with her short beak. She looked around and found some pebbles, which made her think of a solution. She dropped the pebbles into the pitcher one by one, and the water level rose until she could finally drink it. She then flew away happily. I don’t know if there were other birds or if the pitcher was full or empty at first.","2026-07-10T15:28:03.715496Z","{""choices"":[""bird"",""water"",""pitcher"",""pebbles"",""bench"",""park"",""beak (or beak length)""]}","{""choices"":[""The day is hot."",""The bird is thirsty."",""The bird looks for water for a long time."",""The bird becomes very tired and is about to faint."",""The bird spots a pitcher of water."",""The pitcher is under a bench in a park."",""The bird flies down and sits on the pitcher."",""The water is too deep to reach, the bird’s beak is not long enough."",""The bird finds some pebbles."",""The bird picks up pebbles and drops them into the pitcher."",""The water level rises, allowing the bird to drink."",""The bird flies away happily.""]}",2263,4.289,"2026-07-10T15:28:03.715496Z"
"d74734acf9f88e1f",827,"1","It was a hot day, and a thirsty bird was searching for water for a long time. She became very tired and almost fainted. While she was resting, she noticed a pitcher of water under a bench in a park. She flew down and sat on the pitcher, but the water was too deep for her to reach with her short beak. She looked around and found some pebbles, which made her think of a solution. She dropped the pebbles one by one into the pitcher, and as they sank, the water level rose. Eventually, she was able to drink the water. After satisfying her thirst, she flew away happily.","2026-07-10T15:28:07.479580Z","{""choices"":[""bird"",""water"",""pitcher"",""pebbles"",""bench"",""park"",""beak (or beak length)""]}","{""choices"":[""The day is hot."",""The bird is thirsty."",""The bird looks for water for a long time."",""The bird becomes very tired and is about to faint."",""The bird spots a pitcher of water."",""The pitcher is under a bench in a park."",""The bird flies down and sits on the pitcher."",""The water is too deep to reach, the bird’s beak is not long enough."",""The bird finds some pebbles."",""The bird picks up pebbles and drops them into the pitcher."",""The water level rises, allowing the bird to drink."",""The bird flies away happily.""]}",2264,2.792,"2026-07-10T15:28:07.479580Z"
"ba35286c22ef0e7e",828,"1","The story was about a little bird who was very thirsty on a hot day. She looked for water for a long time and got very tired. She saw a pitcher of water under a bench in a park but couldn't reach it because the water was too deep. She tried to drink from it but her beak wasn't long enough. Then she found some pebbles and decided to drop them into the pitcher. The water level rose, and she was able to drink. She flew away happy. I don’t know the bird’s name or if there were other animals around. I don’t know if the pitcher was big or small, or how long it took her to drop all the pebbles. I don’t know if she shared the water with anyone else.","2026-07-10T15:28:19.072096Z","{""choices"":[""bird"",""water"",""pitcher"",""pebbles"",""bench"",""park"",""beak (or beak length)""]}","{""choices"":[""The day is hot."",""The bird is thirsty."",""The bird looks for water for a long time."",""The bird becomes very tired and is about to faint."",""The bird spots a pitcher of water."",""The pitcher is under a bench in a park."",""The water is too deep to reach, the bird’s beak is not long enough."",""The bird finds some pebbles."",""The bird picks up pebbles and drops them into the pitcher."",""The water level rises, allowing the bird to drink."",""The bird flies away happily.""]}",2265,10.642,"2026-07-10T15:28:19.072096Z"
"73151ea643d99032",829,"1","The story was about a thirsty bird on a hot day who searched for water for a long time until she found a pitcher under a bench in a park. She couldn’t drink from it because the water was too deep for her beak. She found some pebbles and dropped them into the pitcher, which raised the water level so she could drink. She then flew away happily. The bird was tired and almost fainted before finding the pitcher. She used the pebbles to make the water level higher. The pitcher was under a bench in a park. The bird was thirsty and looked for water for a long time. She used pebbles to raise the water level so she could drink.","2026-07-10T15:28:35.016140Z","{""choices"":[""bird"",""water"",""pitcher"",""pebbles"",""bench"",""park"",""beak (or beak length)""]}","{""choices"":[""The day is hot."",""The bird is thirsty."",""The bird looks for water for a long time."",""The bird becomes very tired and is about to faint."",""The bird spots a pitcher of water."",""The pitcher is under a bench in a park."",""The water is too deep to reach, the bird’s beak is not long enough."",""The bird finds some pebbles."",""The bird picks up pebbles and drops them into the pitcher."",""The water level rises, allowing the bird to drink."",""The bird flies away happily.""]}",2266,14.893,"2026-07-10T15:28:35.016140Z"
"03a66d2d2ccee309",830,"1","The story was about a thirsty bird who was looking for water on a hot day. She was very tired and almost fainted. She found a pitcher of water under a bench in a park but couldn't reach it because the water was too deep for her beak. She looked around and found some pebbles, which made her think of a solution. She dropped the pebbles into the pitcher one by one, and the water level rose until she could finally drink. She then flew away happily.","2026-07-10T15:28:43.353937Z","{""choices"":[""bird"",""water"",""pitcher"",""pebbles"",""bench"",""park"",""beak (or beak length)""]}","{""choices"":[""The day is hot."",""The bird is thirsty."",""The bird looks for water for a long time."",""The bird becomes very tired and is about to faint."",""The bird spots a pitcher of water."",""The pitcher is under a bench in a park."",""The water is too deep to reach, the bird’s beak is not long enough."",""The bird finds some pebbles."",""The bird picks up pebbles and drops them into the pitcher."",""The water level rises, allowing the bird to drink."",""The bird flies away happily.""]}",2267,7.307,"2026-07-10T15:28:43.353937Z"
"5ed2b42d02952cd7",831,"1","The story was about a thirsty bird who was looking for water on a hot day. She was very tired and almost fainted but then saw a pitcher of water under a bench in a park. She couldn't reach the water because it was too deep for her beak. She found some pebbles and dropped them into the pitcher, which raised the water level so she could drink. She then flew away happily. I don’t know the bird's name or what happened after she drank the water, but I remember she used pebbles to make the water level higher so she could drink.","2026-07-10T15:28:55.019383Z","{""choices"":[""bird"",""water"",""pitcher"",""pebbles"",""bench"",""park"",""beak (or beak length)""]}","{""choices"":[""The day is hot."",""The bird is thirsty."",""The bird becomes very tired and is about to faint."",""The bird spots a pitcher of water."",""The pitcher is under a bench in a park."",""The water is too deep to reach, the bird’s beak is not long enough."",""The bird finds some pebbles."",""The bird picks up pebbles and drops them into the pitcher."",""The water level rises, allowing the bird to drink."",""The bird flies away happily.""]}",2268,10.71,"2026-07-10T15:28:55.019383Z"
"dbdd1a4867ca9932",832,"1","The story was about a thirsty bird who was looking for water on a hot day. She was very tired and almost faint from the heat. She found a pitcher of water under a bench in a park but couldn’t reach the water because it was too deep for her small beak. She looked around and found some pebbles, which made her think of a solution. She dropped the pebbles one by one into the pitcher, and the water level rose until she could finally drink. She then flew away happily. The bird used the pebbles to raise the water level so she could access it. She was very thirsty and had been searching for water for a long time. The pitcher was under a bench in a park.","2026-07-10T15:29:02.115749Z","{""choices"":[""bird"",""water"",""pitcher"",""pebbles"",""bench"",""park"",""beak (or beak length)""]}","{""choices"":[""The day is hot."",""The bird is thirsty."",""The bird looks for water for a long time."",""The bird becomes very tired and is about to faint."",""The bird spots a pitcher of water."",""The pitcher is under a bench in a park."",""The water is too deep to reach, the bird’s beak is not long enough."",""The bird finds some pebbles."",""The bird picks up pebbles and drops them into the pitcher."",""The water level rises, allowing the bird to drink."",""The bird flies away happily.""]}",2269,6.059,"2026-07-10T15:29:02.115749Z"
"c69f8c83fd7f4cc6",833,"1","The story was about a little bird who was very thirsty on a hot day. She searched for water for a long time and became very tired. She found a pitcher of water under a bench in a park, but the water was too deep for her to reach with her short beak. She looked around and found some pebbles, which made her think of a solution. She dropped the pebbles into the pitcher one by one, and as they sank, the water level rose. This allowed her to drink the water. She then flew away happily. I don’t know the exact time of day or the type of bird, and I don’t remember if there were other animals around. I don’t know.","2026-07-10T15:29:10.155792Z","{""choices"":[""bird"",""water"",""pitcher"",""pebbles"",""bench"",""park"",""beak (or beak length)""]}","{""choices"":[""The day is hot."",""The bird is thirsty."",""The bird looks for water for a long time."",""The bird becomes very tired and is about to faint."",""The bird spots a pitcher of water."",""The pitcher is under a bench in a park."",""The water is too deep to reach, the bird’s beak is not long enough."",""The bird finds some pebbles."",""The bird picks up pebbles and drops them into the pitcher."",""The water level rises, allowing the bird to drink."",""The bird flies away happily.""]}",2270,6.908,"2026-07-10T15:29:10.155792Z"
"af43910df5ffab34",834,"1","The story was about a little bird who was very thirsty and looked for water on a hot day. She flew for a long time and got very tired, almost fainting. Then she saw a pitcher of water under a bench in a park. She sat on the pitcher but couldn't drink because the water was too deep for her to reach with her short beak. She found some pebbles and decided to drop them into the pitcher. As she added more pebbles, the water level rose until she could finally drink. After that, she flew away happily.","2026-07-10T15:30:05.579250Z","{""choices"":[""bird"",""water"",""pitcher"",""pebbles"",""bench"",""park"",""beak (or beak length)""]}","{""choices"":[""The day is hot."",""The bird is thirsty."",""The bird looks for water for a long time."",""The bird becomes very tired and is about to faint."",""The bird spots a pitcher of water."",""The pitcher is under a bench in a park."",""The water is too deep to reach, the bird’s beak is not long enough."",""The bird finds some pebbles."",""The bird picks up pebbles and drops them into the pitcher."",""The water level rises, allowing the bird to drink."",""The bird flies away happily.""]}",2271,54.253,"2026-07-10T15:30:05.579250Z"
"d114cad7bfe72b23",835,"1","The story was about a little bird who was very thirsty on a hot day. She looked for water for a long time and became very tired, almost fainting. Then she saw a pitcher of water under a bench in a park. She flew down and sat on it, but the water was too deep for her to reach with her short beak. She looked around and found some pebbles, which made her think of a plan. She dropped the pebbles one by one into the pitcher, and the water level rose until she could finally drink. She then flew away happily. I don’t know if there were other birds or if the pitcher was full or empty at first. I don’t know.","2026-07-10T15:30:10.319179Z","{""choices"":[""bird"",""water"",""pitcher"",""pebbles"",""bench"",""park"",""beak (or beak length)""]}","{""choices"":[""The day is hot."",""The bird is thirsty."",""The bird looks for water for a long time."",""The bird becomes very tired and is about to faint."",""The bird spots a pitcher of water."",""The pitcher is under a bench in a park."",""The bird flies down and sits on the pitcher."",""The water is too deep to reach, the bird’s beak is not long enough."",""The bird finds some pebbles."",""The bird picks up pebbles and drops them into the pitcher."",""The water level rises, allowing the bird to drink."",""The bird flies away happily.""]}",2272,3.762,"2026-07-10T15:30:10.319179Z"
"844ecbf955462354",836,"1","The story was about a little bird who was very thirsty on a hot day. She searched for water for a long time and became very tired. Eventually, she found a pitcher of water under a bench in a park. The water was too deep for her to reach with her short beak. She looked around and found some pebbles, which made her think of a solution. She dropped the pebbles into the pitcher one by one, and the water level rose until she could finally drink. She then flew away happily. The bird used her intelligence to solve the problem and get the water she needed.","2026-07-10T15:30:28.106493Z","{""choices"":[""bird"",""water"",""pitcher"",""pebbles"",""bench"",""park"",""beak (or beak length)""]}","{""choices"":[""The day is hot."",""The bird is thirsty."",""The bird looks for water for a long time."",""The bird becomes very tired and is about to faint."",""The bird spots a pitcher of water."",""The pitcher is under a bench in a park."",""The water is too deep to reach, the bird’s beak is not long enough."",""The bird finds some pebbles."",""The bird picks up pebbles and drops them into the pitcher."",""The water level rises, allowing the bird to drink."",""The bird flies away happily.""]}",2273,16.674,"2026-07-10T15:30:28.106493Z"
"8de760d3fc4e4ee2",837,"1","The story was about a little bird who was very thirsty on a hot day. She looked for water for a long time and became very tired. She saw a pitcher of water under a bench in a park but couldn’t reach it because the water was too deep for her short beak. She found some pebbles and decided to drop them into the pitcher one by one. This made the water level rise until she could finally drink from it. She then flew away happily. I don’t know the exact location of the park or the bird’s name, but I remember she was small and needed help to get the water. I don’t know how long she took to drop the pebbles or how much water was in the pitcher at first.","2026-07-10T15:30:37.866963Z","{""choices"":[""bird"",""water"",""pitcher"",""pebbles"",""bench"",""park"",""beak (or beak length)""]}","{""choices"":[""The day is hot."",""The bird is thirsty."",""The bird looks for water for a long time."",""The bird becomes very tired and is about to faint."",""The bird spots a pitcher of water."",""The pitcher is under a bench in a park."",""The water is too deep to reach, the bird’s beak is not long enough."",""The bird finds some pebbles."",""The bird picks up pebbles and drops them into the pitcher."",""The water level rises, allowing the bird to drink."",""The bird flies away happily.""]}",2274,8.64,"2026-07-10T15:30:37.866963Z"
"1a50c0d46366469c",838,"1","The story was about a little bird who was very thirsty on a hot day. She looked for water for a long time and got really tired. She saw a pitcher of water under a bench in a park but couldn’t drink from it because the water was too deep for her beak. She found some pebbles and dropped them into the pitcher, which made the water level rise. Then she could drink the water and flew away happily. The bird used the pebbles to make the water level higher so she could reach it. She was tired at first but then she was happy after she found a way to get the water. I don’t know exactly how many pebbles she used or how long it took, but she was able to drink the water and left the park.","2026-07-10T15:30:47.590624Z","{""choices"":[""bird"",""water"",""pitcher"",""pebbles"",""bench"",""park"",""beak (or beak length)""]}","{""choices"":[""The day is hot."",""The bird is thirsty."",""The bird looks for water for a long time."",""The bird becomes very tired and is about to faint."",""The bird spots a pitcher of water."",""The pitcher is under a bench in a park."",""The water is too deep to reach, the bird’s beak is not long enough."",""The bird finds some pebbles."",""The bird picks up pebbles and drops them into the pitcher."",""The water level rises, allowing the bird to drink."",""The bird flies away happily.""]}",2275,8.7,"2026-07-10T15:30:47.590624Z"
"252b57ebaed7b109",839,"1","Okay, let me try to remember. The story was about a little bird who was very thirsty on a hot day. She looked for water for a long time and got really tired, almost fainting. Then she saw a pitcher of water under a bench in a park. She flew down and sat on it, but the water was too deep for her to reach with her beak. She looked around and found some pebbles, which made her think. She started dropping the pebbles into the pitcher, and the water level went up. Eventually, she could drink the water and flew away happily. I think that's it. I don’t know if there were any other details, but that's all I remember.","2026-07-10T15:30:55.765509Z","{""choices"":[""bird"",""water"",""pitcher"",""pebbles"",""bench"",""park"",""beak (or beak length)""]}","{""choices"":[""The day is hot."",""The bird is thirsty."",""The bird looks for water for a long time."",""The bird becomes very tired and is about to faint."",""The bird spots a pitcher of water."",""The pitcher is under a bench in a park."",""The bird flies down and sits on the pitcher."",""The water is too deep to reach, the bird’s beak is not long enough."",""The bird finds some pebbles."",""The bird picks up pebbles and drops them into the pitcher."",""The water level rises, allowing the bird to drink."",""The bird flies away happily.""]}",2276,7.121,"2026-07-10T15:30:55.765509Z"
"abca566961b17630",840,"1","It was a hot day, and a thirsty bird was looking for water for a long time. She was very tired and almost faint. She found a pitcher of water under a bench in a park, but the water was too deep for her to reach with her short beak. She looked around and found some pebbles, then dropped them one by one into the pitcher. The water level rose, and she was able to drink it. She flew away happily. I don’t know if there were other animals around or how long it took her to find the pebbles. I don’t know.","2026-07-10T15:31:01.273020Z","{""choices"":[""bird"",""water"",""pitcher"",""pebbles"",""bench"",""park"",""beak (or beak length)""]}","{""choices"":[""The day is hot."",""The bird is thirsty."",""The bird looks for water for a long time."",""The bird becomes very tired and is about to faint."",""The bird spots a pitcher of water."",""The pitcher is under a bench in a park."",""The water is too deep to reach, the bird’s beak is not long enough."",""The bird finds some pebbles."",""The bird picks up pebbles and drops them into the pitcher."",""The water level rises, allowing the bird to drink."",""The bird flies away happily.""]}",2277,4.561,"2026-07-10T15:31:01.273020Z"
"4d7499739ad68267",841,"1","The story was about a little bird who was very thirsty on a hot day. She looked for water for a long time and was almost too tired to continue. She found a pitcher of water under a bench in a park, but the water was too deep for her to reach with her short beak. She saw some pebbles nearby and decided to use them. She dropped the pebbles one by one into the pitcher, which made the water level rise. Eventually, she was able to drink the water. The bird then flew away happily. I don’t know.","2026-07-10T15:31:15.038393Z","{""choices"":[""bird"",""water"",""pitcher"",""pebbles"",""bench"",""park"",""beak (or beak length)""]}","{""choices"":[""The day is hot."",""The bird is thirsty."",""The bird looks for water for a long time."",""The bird becomes very tired and is about to faint."",""The bird spots a pitcher of water."",""The pitcher is under a bench in a park."",""The water is too deep to reach, the bird’s beak is not long enough."",""The bird finds some pebbles."",""The bird picks up pebbles and drops them into the pitcher."",""The water level rises, allowing the bird to drink."",""The bird flies away happily.""]}",2278,12.824,"2026-07-10T15:31:15.038393Z"
"db09fbd1984461ef",842,"1","It was a hot day, and a thirsty bird was looking for water for a long time. She was very tired and almost fainted. She saw a pitcher of water under a bench in a park. She flew down and sat on it, but the water was too deep for her to reach with her short beak. She looked around and found some pebbles, then she dropped them one by one into the pitcher. The water level rose, and she was able to drink it. She flew away happily.","2026-07-10T15:32:52.331842Z","{""choices"":[""bird"",""water"",""pitcher"",""pebbles"",""bench"",""park"",""beak (or beak length)""]}","{""choices"":[""The day is hot."",""The bird is thirsty."",""The bird looks for water for a long time."",""The bird becomes very tired and is about to faint."",""The bird spots a pitcher of water."",""The pitcher is under a bench in a park."",""The bird flies down and sits on the pitcher."",""The water is too deep to reach, the bird’s beak is not long enough."",""The bird finds some pebbles."",""The bird picks up pebbles and drops them into the pitcher."",""The water level rises, allowing the bird to drink."",""The bird flies away happily.""]}",2279,96.261,"2026-07-10T15:32:52.331842Z"
"86909dcc208525cf",843,"1","It was a hot day, and a thirsty bird was looking for water for a long time. She was very tired and almost faint. Then she saw a pitcher of water under a bench in a park. She flew down and sat on it, but the water was too deep for her to reach with her beak. She looked around and found some pebbles. She picked them up one by one and dropped them into the pitcher. The water level rose, and she was able to drink it. She flew away happily. I don’t know the name of the bird or how long she was looking for water. I don’t know if there were other animals around or if the pitcher was full or empty before she started. I don’t know.","2026-07-10T15:32:57.974916Z","{""choices"":[""bird"",""water"",""pitcher"",""pebbles"",""bench"",""park"",""beak (or beak length)""]}","{""choices"":[""The day is hot."",""The bird is thirsty."",""The bird looks for water for a long time."",""The bird becomes very tired and is about to faint."",""The bird spots a pitcher of water."",""The pitcher is under a bench in a park."",""The bird flies down and sits on the pitcher."",""The water is too deep to reach, the bird’s beak is not long enough."",""The bird finds some pebbles."",""The bird picks up pebbles and drops them into the pitcher."",""The water level rises, allowing the bird to drink."",""The bird flies away happily.""]}",2280,4.66,"2026-07-10T15:32:57.974916Z"
"3e150e344fe66ce3",844,"1","It was a hot day, and a thirsty bird was looking for water for a long time. She was very tired and almost fainted. She found a pitcher of water under a bench in a park but couldn't reach it because the water was too deep. Her beak wasn't long enough, so she looked around and found some pebbles. She dropped them one by one into the pitcher, which raised the water level. Eventually, she was able to drink the water and flew away happily. I don’t know.","2026-07-10T15:33:02.570963Z","{""choices"":[""bird"",""water"",""pitcher"",""pebbles"",""bench"",""park"",""beak (or beak length)""]}","{""choices"":[""The day is hot."",""The bird is thirsty."",""The bird looks for water for a long time."",""The bird becomes very tired and is about to faint."",""The bird spots a pitcher of water."",""The pitcher is under a bench in a park."",""The water is too deep to reach, the bird’s beak is not long enough."",""The bird finds some pebbles."",""The bird picks up pebbles and drops them into the pitcher."",""The water level rises, allowing the bird to drink."",""The bird flies away happily.""]}",2281,3.661,"2026-07-10T15:33:02.570963Z"
"b41710571d28bc74",845,"1","The story was about a little bird who was very thirsty and tired on a hot day. She looked for water for a long time and finally saw a pitcher of water under a bench in a park. She flew down and sat on it, but the water was too deep for her to reach with her short beak. She looked around and found some pebbles, which made her think. She dropped the pebbles into the pitcher one by one, and soon the water level rose. This allowed her to drink the water, and then she flew away happily. I think that's all I remember.","2026-07-10T15:33:08.412293Z","{""choices"":[""bird"",""water"",""pitcher"",""pebbles"",""bench"",""park"",""beak (or beak length)""]}","{""choices"":[""The day is hot."",""The bird is thirsty."",""The bird looks for water for a long time."",""The bird becomes very tired and is about to faint."",""The bird spots a pitcher of water."",""The pitcher is under a bench in a park."",""The bird flies down and sits on the pitcher."",""The water is too deep to reach, the bird’s beak is not long enough."",""The bird finds some pebbles."",""The bird picks up pebbles and drops them into the pitcher."",""The water level rises, allowing the bird to drink."",""The bird flies away happily.""]}",2282,4.854,"2026-07-10T15:33:08.412293Z"
"f36ac02295a3a66a",846,"1","It was a hot day, and a thirsty bird was looking for water for a long time. She was very tired and almost faint. She saw a pitcher of water under a bench in a park. She flew down and sat on it. The water was inside, but it was too deep for her to reach. Her beak wasn’t long enough. She looked around and found some pebbles. She picked them up one by one and dropped them into the pitcher. The water level rose, and she could now reach it. She drank and flew away happily. I don’t know.","2026-07-10T15:33:14.231992Z","{""choices"":[""bird"",""water"",""pitcher"",""pebbles"",""bench"",""park"",""beak (or beak length)""]}","{""choices"":[""The day is hot."",""The bird is thirsty."",""The bird looks for water for a long time."",""The bird becomes very tired and is about to faint."",""The bird spots a pitcher of water."",""The pitcher is under a bench in a park."",""The bird flies down and sits on the pitcher."",""The water is too deep to reach, the bird’s beak is not long enough."",""The bird finds some pebbles."",""The bird picks up pebbles and drops them into the pitcher."",""The water level rises, allowing the bird to drink."",""The bird flies away happily.""]}",2283,4.954,"2026-07-10T15:33:14.231992Z"
"c54d421f70ba5ca5",847,"1","It was a very hot day, and a little bird was very thirsty and tired, searching for water for a long time. She was about to faint when she saw a pitcher of water under a bench in a park. She flew down and sat on the pitcher, but the water was too deep for her to reach with her short beak. She looked around and found some pebbles, which made her think. She picked up each pebble and dropped it into the pitcher, causing the water level to rise. Eventually, the water was shallow enough for her to drink. She drank the water and then flew away happily. I don’t know.","2026-07-10T15:33:22.590703Z","{""choices"":[""bird"",""water"",""pitcher"",""pebbles"",""bench"",""park"",""beak (or beak length)""]}","{""choices"":[""The day is hot."",""The bird is thirsty."",""The bird looks for water for a long time."",""The bird becomes very tired and is about to faint."",""The bird spots a pitcher of water."",""The pitcher is under a bench in a park."",""The bird flies down and sits on the pitcher."",""The water is too deep to reach, the bird’s beak is not long enough."",""The bird finds some pebbles."",""The bird picks up pebbles and drops them into the pitcher."",""The water level rises, allowing the bird to drink."",""The bird flies away happily.""]}",2284,7.456,"2026-07-10T15:33:22.590703Z"
"f2725243a6af06bc",848,"1","The story was about a thirsty bird who was looking for water on a hot day. She was very tired and almost faint from the heat. She found a pitcher of water under a bench in a park, but the water was too deep for her to reach with her beak. She looked around and found some pebbles, which made her think. She dropped the pebbles into the pitcher one by one, and the water level rose. Eventually, she was able to drink the water. She then flew away happily. I don’t know.","2026-07-10T15:33:28.320578Z","{""choices"":[""bird"",""water"",""pitcher"",""pebbles"",""bench"",""park"",""beak (or beak length)""]}","{""choices"":[""The day is hot."",""The bird is thirsty."",""The bird becomes very tired and is about to faint."",""The bird spots a pitcher of water."",""The pitcher is under a bench in a park."",""The water is too deep to reach, the bird’s beak is not long enough."",""The bird finds some pebbles."",""The bird picks up pebbles and drops them into the pitcher."",""The water level rises, allowing the bird to drink."",""The bird flies away happily.""]}",2285,4.773,"2026-07-10T15:33:28.320578Z"
"1546ae3424c8d381",849,"1","Okay, let me think. So there was a little bird who was really thirsty on a hot day. She was looking for water for a long time and got really tired, almost fainting. Then she saw a pitcher of water under a bench in a park. She flew down and sat on it, but the water was too deep for her to reach with her beak. She looked around and found some pebbles. She had an idea and started dropping them one by one into the pitcher. The water level rose, and soon she could drink it. She flew away happy. I don’t know if there were other birds or if the pitcher was big or small. I think that’s all.","2026-07-10T15:33:31.787134Z","{""choices"":[""bird"",""water"",""pitcher"",""pebbles"",""bench"",""park"",""beak (or beak length)""]}","{""choices"":[""The day is hot."",""The bird is thirsty."",""The bird looks for water for a long time."",""The bird becomes very tired and is about to faint."",""The bird spots a pitcher of water."",""The pitcher is under a bench in a park."",""The bird flies down and sits on the pitcher."",""The water is too deep to reach, the bird’s beak is not long enough."",""The bird finds some pebbles."",""The bird picks up pebbles and drops them into the pitcher."",""The water level rises, allowing the bird to drink."",""The bird flies away happily.""]}",2286,2.588,"2026-07-10T15:33:31.787134Z"
"0ecbe41a18307025",850,"1","It was a hot day, and a thirsty bird was looking for water for a long time. She was very tired and almost faint. She found a pitcher of water under a bench in a park but couldn't reach it because the water was too deep. She looked around and found some pebbles, then dropped them one by one into the pitcher. The water level rose, and she was able to drink it. She flew away happily. I don’t know.","2026-07-10T15:33:36.263703Z","{""choices"":[""bird"",""water"",""pitcher"",""pebbles"",""bench"",""park"",""beak (or beak length)""]}","{""choices"":[""The day is hot."",""The bird is thirsty."",""The bird looks for water for a long time."",""The bird becomes very tired and is about to faint."",""The bird spots a pitcher of water."",""The pitcher is under a bench in a park."",""The bird finds some pebbles."",""The bird picks up pebbles and drops them into the pitcher."",""The water level rises, allowing the bird to drink."",""The bird flies away happily.""]}",2287,3.413,"2026-07-10T15:33:36.263703Z"
"b526db8602d047e0",851,"1","It was a hot day, and a thirsty bird was looking for water for a long time. She was very tired and almost faint. She saw a pitcher of water under a bench in a park. She flew down and sat on the pitcher. The water was inside, but it was too deep for her to reach because her beak wasn’t long enough. She looked around and found some pebbles. She picked them up one by one and dropped them into the pitcher. The water level rose, and she was able to drink it. She flew away happily. I don’t know.","2026-07-10T15:33:39.320823Z","{""choices"":[""bird"",""water"",""pitcher"",""pebbles"",""bench"",""park"",""beak (or beak length)""]}","{""choices"":[""The day is hot."",""The bird is thirsty."",""The bird looks for water for a long time."",""The bird becomes very tired and is about to faint."",""The bird spots a pitcher of water."",""The pitcher is under a bench in a park."",""The bird flies down and sits on the pitcher."",""The water is too deep to reach, the bird’s beak is not long enough."",""The bird finds some pebbles."",""The bird picks up pebbles and drops them into the pitcher."",""The water level rises, allowing the bird to drink."",""The bird flies away happily.""]}",2288,2.159,"2026-07-10T15:33:39.320823Z"
"fe8b444021990a84",852,"1","It was a hot day, and a thirsty bird was looking for water for a long time. She was very tired and almost faint. She saw a pitcher of water under a bench in a park. She flew down and sat on it, but the water was too deep for her to reach with her beak. She looked around and found some pebbles. She picked them up one by one and dropped them into the pitcher. The water level rose, and she was able to drink it. She flew away happily. I don’t know.","2026-07-10T15:33:42.409093Z","{""choices"":[""bird"",""water"",""pitcher"",""pebbles"",""bench"",""park"",""beak (or beak length)""]}","{""choices"":[""The day is hot."",""The bird is thirsty."",""The bird looks for water for a long time."",""The bird becomes very tired and is about to faint."",""The bird spots a pitcher of water."",""The pitcher is under a bench in a park."",""The bird flies down and sits on the pitcher."",""The water is too deep to reach, the bird’s beak is not long enough."",""The bird finds some pebbles."",""The bird picks up pebbles and drops them into the pitcher."",""The water level rises, allowing the bird to drink."",""The bird flies away happily.""]}",2289,2.102,"2026-07-10T15:33:42.409093Z"
"0835eb078a2fa15e",853,"1","Okay, let me think. So there was this little bird, right? It was a hot day, and she was really thirsty. She was looking for water for a long time and got really tired. She was about to faint when she saw a pitcher of water under a bench in a park. She flew down and sat on it. The water was inside, but it was too deep for her to reach with her beak. She looked around and found some pebbles. Then she had an idea. She picked up the pebbles one by one and dropped them into the pitcher. The water level went up, and soon she could drink it. She flew away happy. I don’t know if there were any other details, but that’s all I remember.","2026-07-10T15:33:46.188404Z","{""choices"":[""bird"",""water"",""pitcher"",""pebbles"",""bench"",""park"",""beak (or beak length)""]}","{""choices"":[""The day is hot."",""The bird is thirsty."",""The bird looks for water for a long time."",""The bird becomes very tired and is about to faint."",""The bird spots a pitcher of water."",""The pitcher is under a bench in a park."",""The bird flies down and sits on the pitcher."",""The water is too deep to reach, the bird’s beak is not long enough."",""The bird finds some pebbles."",""The bird picks up pebbles and drops them into the pitcher."",""The water level rises, allowing the bird to drink."",""The bird flies away happily.""]}",2290,2.889,"2026-07-10T15:33:46.188404Z"
"4895af4c0bf521f3",854,"1","The story was about a thirsty bird who was looking for water on a hot day. She was very tired and almost fainted. She found a pitcher of water under a bench in a park, but the water was too deep for her to reach with her beak. She found some pebbles and dropped them into the pitcher, which raised the water level so she could drink. She flew away happily after getting her water. I don’t know.","2026-07-10T15:33:53.369871Z","{""choices"":[""bird"",""water"",""pitcher"",""pebbles"",""bench"",""park"",""beak (or beak length)""]}","{""choices"":[""The day is hot."",""The bird is thirsty."",""The bird looks for water for a long time."",""The bird becomes very tired and is about to faint."",""The bird spots a pitcher of water."",""The pitcher is under a bench in a park."",""The water is too deep to reach, the bird’s beak is not long enough."",""The bird finds some pebbles."",""The bird picks up pebbles and drops them into the pitcher."",""The water level rises, allowing the bird to drink."",""The bird flies away happily.""]}",2291,6.302,"2026-07-10T15:33:53.369871Z"
"2cf1ee89fb0f8648",855,"1","It was a hot day, and a thirsty bird was looking for water for a long time. She was very tired and almost fainted. She found a pitcher of water under a bench in a park but couldn't reach it because the water was too deep. She looked around and found some pebbles, which made her think. She dropped the pebbles one by one into the pitcher, and the water level rose until she could drink it. She then flew away happily. I don’t know.","2026-07-10T15:33:56.296768Z","{""choices"":[""bird"",""water"",""pitcher"",""pebbles"",""bench"",""park"",""beak (or beak length)""]}","{""choices"":[""The day is hot."",""The bird is thirsty."",""The bird looks for water for a long time."",""The bird becomes very tired and is about to faint."",""The bird spots a pitcher of water."",""The pitcher is under a bench in a park."",""The bird finds some pebbles."",""The bird picks up pebbles and drops them into the pitcher."",""The water level rises, allowing the bird to drink."",""The bird flies away happily.""]}",2292,1.983,"2026-07-10T15:33:56.297749Z"
"9b0e7c4a3bc187b0",856,"1","It was a hot day, and a thirsty bird was looking for water for a long time. She was very tired and almost fainted. She found a pitcher of water under a bench in a park but couldn't reach it because the water was too deep. She looked around and found some pebbles, which made her think. She dropped the pebbles into the pitcher one by one, and the water level rose until she could drink it. She flew away happily after getting her water.","2026-07-10T15:34:07.473266Z","{""choices"":[""bird"",""water"",""pitcher"",""pebbles"",""bench"",""park""]}","{""choices"":[""The day is hot."",""The bird is thirsty."",""The bird looks for water for a long time."",""The bird becomes very tired and is about to faint."",""The bird spots a pitcher of water."",""The pitcher is under a bench in a park."",""The bird finds some pebbles."",""The bird picks up pebbles and drops them into the pitcher."",""The water level rises, allowing the bird to drink."",""The bird flies away happily.""]}",2293,10.25,"2026-07-10T15:34:07.473266Z"
"06d3243ea49f003d",857,"1","I remember the story about a little bird who was very thirsty on a hot day. She was tired and almost fainted, but then she saw a pitcher of water under a bench in a park. The water was inside, but it was too deep for her to reach because her beak wasn’t long enough. She looked around and found some pebbles, which made her think. She dropped the pebbles one by one into the pitcher, and the water level rose. Soon, she could drink the water. She was happy and flew away. The story showed how the bird used her intelligence to solve the problem. She didn’t give up and found a clever way to get the water she needed. It was a simple but effective solution. I think that’s all I remember.","2026-07-10T15:34:23.015777Z","{""choices"":[""bird"",""water"",""pitcher"",""pebbles"",""bench"",""park"",""beak (or beak length)""]}","{""choices"":[""The day is hot."",""The bird is thirsty."",""The bird looks for water for a long time."",""The bird becomes very tired and is about to faint."",""The bird spots a pitcher of water."",""The pitcher is under a bench in a park."",""The water is too deep to reach, the bird’s beak is not long enough."",""The bird finds some pebbles."",""The bird picks up pebbles and drops them into the pitcher."",""The water level rises, allowing the bird to drink."",""The bird flies away happily.""]}",2294,11.072,"2026-07-10T15:34:23.015777Z"
"6874bddcd286e933",858,"1","I remember the story about a little bird who was very thirsty and tired on a hot day. She was looking for water for a long time and was about to faint. Then she saw a pitcher of water under a bench in a park. She flew down and sat on it, but the water was too deep for her to reach with her beak. She looked around and found some pebbles, which made her think. She dropped the pebbles one by one into the pitcher, and the water level rose until she could finally drink it. She flew away happily after that. I don’t know if there were any other details, but that’s all I remember.","2026-07-10T15:36:41.252278Z","{""choices"":[""bird"",""water"",""pitcher"",""pebbles"",""bench"",""park"",""beak (or beak length)""]}","{""choices"":[""The day is hot."",""The bird is thirsty."",""The bird looks for water for a long time."",""The bird becomes very tired and is about to faint."",""The bird spots a pitcher of water."",""The pitcher is under a bench in a park."",""The bird flies down and sits on the pitcher."",""The water is too deep to reach, the bird’s beak is not long enough."",""The bird finds some pebbles."",""The bird picks up pebbles and drops them into the pitcher."",""The water level rises, allowing the bird to drink."",""The bird flies away happily.""]}",2295,137.282,"2026-07-10T15:36:41.252278Z"
"e923a74326b19c11",859,"1","It was a hot day, and a thirsty bird was looking for water for a long time. She was very tired and almost fainted. She saw a pitcher of water under a bench in a park. She flew down and sat on it, but the water was too deep for her to reach with her beak. She looked around and found some pebbles. She picked them up one by one and dropped them into the pitcher. The water level rose, and she was able to drink it. She flew away happily. I don’t know if there were any other animals around or how long it took her to find the pebbles. I don’t know.","2026-07-10T15:36:45.870718Z","{""choices"":[""bird"",""water"",""pitcher"",""pebbles"",""bench"",""park"",""beak (or beak length)""]}","{""choices"":[""The day is hot."",""The bird is thirsty."",""The bird looks for water for a long time."",""The bird becomes very tired and is about to faint."",""The bird spots a pitcher of water."",""The pitcher is under a bench in a park."",""The bird flies down and sits on the pitcher."",""The water is too deep to reach, the bird’s beak is not long enough."",""The bird finds some pebbles."",""The bird picks up pebbles and drops them into the pitcher."",""The water level rises, allowing the bird to drink."",""The bird flies away happily.""]}",2296,3.707,"2026-07-10T15:36:45.870718Z"
"defd4cd3b12a58df",860,"1","The story was about a little bird who was very thirsty on a hot day. She looked for water for a long time and got really tired. She saw a pitcher of water under a bench in a park, but it was too deep for her to reach with her short beak. She found some pebbles and dropped them into the pitcher, which raised the water level so she could drink. She was happy after she got the water. I don’t know the exact details about the park or how long she was looking, but I remember she used pebbles to make the water level higher.","2026-07-10T15:37:02.193949Z","{""choices"":[""bird"",""water"",""pitcher"",""pebbles"",""bench"",""park"",""beak (or beak length)""]}","{""choices"":[""The day is hot."",""The bird is thirsty."",""The bird looks for water for a long time."",""The bird becomes very tired and is about to faint."",""The bird spots a pitcher of water."",""The pitcher is under a bench in a park."",""The water is too deep to reach, the bird’s beak is not long enough."",""The bird finds some pebbles."",""The bird picks up pebbles and drops them into the pitcher."",""The water level rises, allowing the bird to drink.""]}",2297,15.394,"2026-07-10T15:37:02.193949Z"
"7ce41d53535f173f",861,"1","The story was about a little bird who was very thirsty on a hot day. She looked for water for a long time and was almost fainting from tiredness. She found a pitcher of water under a bench in a park, but the water was too deep for her to reach with her short beak. She looked around and found some pebbles, which made her think. She dropped the pebbles into the pitcher one by one, and the water level rose until she could finally drink. She then flew away happily. I don’t know the exact details about the bird’s color or the park’s name, but I remember it was a hot day and she used pebbles to raise the water level. I don’t know.","2026-07-10T15:37:24.213435Z","{""choices"":[""bird"",""water"",""pitcher"",""pebbles"",""bench"",""park"",""beak (or beak length)""]}","{""choices"":[""The day is hot."",""The bird is thirsty."",""The bird looks for water for a long time."",""The bird becomes very tired and is about to faint."",""The bird spots a pitcher of water."",""The pitcher is under a bench in a park."",""The water is too deep to reach, the bird’s beak is not long enough."",""The bird finds some pebbles."",""The bird picks up pebbles and drops them into the pitcher."",""The water level rises, allowing the bird to drink."",""The bird flies away happily.""]}",2298,21.071,"2026-07-10T15:37:24.213435Z"
"8294dbafc136dedf",862,"1","Okay, so there was this little bird that was really thirsty on a hot day. She was looking for water for a long time and was getting really tired, almost fainting. Then she saw a pitcher of water under a bench in a park. She flew down and sat on it, but the water was too deep for her to reach with her beak. She looked around and found some pebbles, which made her think. She started dropping the pebbles into the pitcher, and soon the water level went up. That let her drink the water. She was happy and flew away. I don’t know if there were any other details, but that’s all I remember. I don’t know.","2026-07-10T15:37:27.369921Z","{""choices"":[""bird"",""water"",""pitcher"",""pebbles"",""bench"",""park"",""beak (or beak length)""]}","{""choices"":[""The day is hot."",""The bird is thirsty."",""The bird looks for water for a long time."",""The bird becomes very tired and is about to faint."",""The bird spots a pitcher of water."",""The pitcher is under a bench in a park."",""The bird flies down and sits on the pitcher."",""The water is too deep to reach, the bird’s beak is not long enough."",""The bird finds some pebbles."",""The bird picks up pebbles and drops them into the pitcher."",""The water level rises, allowing the bird to drink."",""The bird flies away happily.""]}",2299,2.213,"2026-07-10T15:37:27.369921Z"
"90d80625018427ae",863,"1","Okay, let me think. So there was this little bird that was really thirsty on a hot day. She was looking for water for a long time and got really tired. Then she saw a pitcher of water under a bench in a park. She flew down and sat on it, but the water was too deep for her to reach with her beak. She looked around and found some pebbles. She started dropping them into the pitcher one by one, and the water level went up. Eventually, she could drink the water and flew away happy. I don’t know if there were any other details, but that’s what I remember.","2026-07-10T15:37:30.781194Z","{""choices"":[""bird"",""water"",""pitcher"",""pebbles"",""bench"",""park"",""beak (or beak length)""]}","{""choices"":[""The day is hot."",""The bird is thirsty."",""The bird looks for water for a long time."",""The bird becomes very tired and is about to faint."",""The bird spots a pitcher of water."",""The pitcher is under a bench in a park."",""The bird flies down and sits on the pitcher."",""The water is too deep to reach, the bird’s beak is not long enough."",""The bird finds some pebbles."",""The bird picks up pebbles and drops them into the pitcher."",""The water level rises, allowing the bird to drink."",""The bird flies away happily.""]}",2300,5.614,"2026-07-10T15:37:40.815929Z"
"da685f226197909a",864,"1","The story was about a little bird who was very thirsty on a hot day. She searched for water for a long time and became very tired, almost fainting. She found a pitcher of water under a bench in a park but couldn’t reach it because the water was too deep for her short beak. She looked around and found some pebbles, which made her think. She dropped the pebbles one by one into the pitcher, and the water level rose. This allowed her to drink the water. She then flew away happily. The bird used the pebbles to raise the water level so she could access it. The pitcher was under a bench in a park, and the day was very hot.","2026-07-10T15:37:34.152943Z","{""choices"":[""bird"",""water"",""pitcher"",""pebbles"",""bench"",""park"",""beak (or beak length)""]}","{""choices"":[""The day is hot."",""The bird is thirsty."",""The bird looks for water for a long time."",""The bird becomes very tired and is about to faint."",""The bird spots a pitcher of water."",""The pitcher is under a bench in a park."",""The water is too deep to reach, the bird’s beak is not long enough."",""The bird finds some pebbles."",""The bird picks up pebbles and drops them into the pitcher."",""The water level rises, allowing the bird to drink."",""The bird flies away happily.""]}",2301,2.503,"2026-07-10T15:37:34.152943Z"
"20cc49e6f2d73b19",865,"1","The story was about a little bird who was very thirsty on a hot day and had been searching for water for a long time. She became very tired and almost fainted. While she was looking for water, she saw a pitcher under a bench in a park. She flew down and sat on the pitcher, but the water was too deep for her to reach with her short beak. She looked around and found some pebbles, which gave her an idea. She dropped the pebbles one by one into the pitcher, and as the water level rose, she was finally able to drink. After quenching her thirst, she flew away happily. The bird used the pebbles to raise the water level so she could drink. I don’t know if there were other birds or if the pitcher was full or empty at first.","2026-07-10T15:37:57.538053Z","{""choices"":[""bird"",""water"",""pitcher"",""pebbles"",""bench"",""park"",""beak (or beak length)""]}","{""choices"":[""The day is hot."",""The bird is thirsty."",""The bird looks for water for a long time."",""The bird becomes very tired and is about to faint."",""The bird spots a pitcher of water."",""The pitcher is under a bench in a park."",""The bird flies down and sits on the pitcher."",""The water is too deep to reach, the bird’s beak is not long enough."",""The bird finds some pebbles."",""The bird picks up pebbles and drops them into the pitcher."",""The water level rises, allowing the bird to drink."",""The bird flies away happily.""]}",2302,4.258,"2026-07-10T15:37:57.538053Z"
"56063fb764c75ae0",866,"1","The story was about a little bird who was very thirsty on a hot day. She searched for water for a long time and became very tired, almost fainting. She found a pitcher of water under a bench in a park but couldn’t reach it because the water was too deep for her short beak. She looked around and found some pebbles, which made her think of a solution. She dropped the pebbles one by one into the pitcher, and the water level rose until she could finally drink. She then flew away happily. I don’t know.","2026-07-10T15:40:46.676541Z","{""choices"":[""bird"",""water"",""pitcher"",""pebbles"",""bench"",""park"",""beak (or beak length)""]}","{""choices"":[""The day is hot."",""The bird is thirsty."",""The bird looks for water for a long time."",""The bird becomes very tired and is about to faint."",""The bird spots a pitcher of water."",""The pitcher is under a bench in a park."",""The water is too deep to reach, the bird’s beak is not long enough."",""The bird finds some pebbles."",""The bird picks up pebbles and drops them into the pitcher."",""The water level rises, allowing the bird to drink."",""The bird flies away happily.""]}",2303,168.254,"2026-07-10T15:40:46.677168Z"
"822e7bc22251b9a2",867,"1","The story was about a little bird who was very thirsty on a hot day and searched for water for a long time. She became very tired and almost fainted. While looking for water, she found a pitcher under a bench in a park. The pitcher had some water, but it was too deep for her to reach with her short beak. She noticed some pebbles nearby and decided to use them. She dropped the pebbles one by one into the pitcher, which caused the water level to rise. Once the water was high enough, she was able to drink it. After quenching her thirst, she flew away happily. I don’t know the exact time of day or the color of the pitcher, but the main events were clear.","2026-07-10T15:41:05.487283Z","{""choices"":[""bird"",""water"",""pitcher"",""pebbles"",""bench"",""park"",""beak (or beak length)""]}","{""choices"":[""The day is hot."",""The bird is thirsty."",""The bird looks for water for a long time."",""The bird becomes very tired and is about to faint."",""The bird spots a pitcher of water."",""The pitcher is under a bench in a park."",""The water is too deep to reach, the bird’s beak is not long enough."",""The bird finds some pebbles."",""The bird picks up pebbles and drops them into the pitcher."",""The water level rises, allowing the bird to drink."",""The bird flies away happily.""]}",2304,17.894,"2026-07-10T15:41:05.487283Z"
"f7b75d241b4a0253",868,"1","The story was about a little bird who was very thirsty on a hot day. She searched for water for a long time and became very tired, almost fainting. She found a pitcher of water under a bench in a park but couldn't reach it because the water was too deep for her beak. She noticed some pebbles nearby and decided to use them. She dropped the pebbles one by one into the pitcher, which caused the water level to rise. This allowed her to drink the water. She then flew away happily. I don’t know.","2026-07-10T15:41:10.433099Z","{""choices"":[""bird"",""water"",""pitcher"",""pebbles"",""bench"",""park"",""beak (or beak length)""]}","{""choices"":[""The day is hot."",""The bird is thirsty."",""The bird looks for water for a long time."",""The bird becomes very tired and is about to faint."",""The bird spots a pitcher of water."",""The pitcher is under a bench in a park."",""The water is too deep to reach, the bird’s beak is not long enough."",""The bird finds some pebbles."",""The bird picks up pebbles and drops them into the pitcher."",""The water level rises, allowing the bird to drink."",""The bird flies away happily.""]}",2305,3.964,"2026-07-10T15:41:10.433099Z"
"73a1a166f868eeec",869,"1","The story was about a little bird who was very thirsty on a hot day and searched for water for a long time. She became very tired and almost fainted. While looking around, she found a pitcher of water under a bench in a park. The water was inside, but it was too deep for her to reach with her short beak. She noticed some pebbles nearby and decided to use them. She picked up the pebbles one by one and dropped them into the pitcher. This caused the water level to rise, making it possible for her to drink. After quenching her thirst, she flew away happily. I don’t know.","2026-07-10T15:42:38.881998Z","{""choices"":[""bird"",""water"",""pitcher"",""pebbles"",""bench"",""park"",""beak (or beak length)""]}","{""choices"":[""The day is hot."",""The bird is thirsty."",""The bird looks for water for a long time."",""The bird becomes very tired and is about to faint."",""The bird spots a pitcher of water."",""The pitcher is under a bench in a park."",""The water is too deep to reach, the bird’s beak is not long enough."",""The bird finds some pebbles."",""The bird picks up pebbles and drops them into the pitcher."",""The water level rises, allowing the bird to drink."",""The bird flies away happily.""]}",2306,87.514,"2026-07-10T15:42:38.881998Z"
"6ab6bdc80101c38e",870,"1","It was a very hot day, and a little bird was looking for water but couldn't find any. She was very tired and almost fainted from the heat. Then she saw a pitcher of water under a bench in a park. She flew down and sat on the pitcher, but the water was too deep for her to reach with her short beak. She looked around and found some pebbles. She started dropping them into the pitcher one by one, and the water level rose. Soon, she could reach the water and drank it. She flew away happily after getting the water she needed.","2026-07-10T15:42:50.735096Z","{""choices"":[""bird"",""water"",""pitcher"",""pebbles"",""bench"",""park"",""beak (or beak length)""]}","{""choices"":[""The day is hot."",""The bird looks for water for a long time."",""The bird becomes very tired and is about to faint."",""The bird spots a pitcher of water."",""The pitcher is under a bench in a park."",""The bird flies down and sits on the pitcher."",""The water is too deep to reach, the bird’s beak is not long enough."",""The bird finds some pebbles."",""The bird picks up pebbles and drops them into the pitcher."",""The water level rises, allowing the bird to drink."",""The bird flies away happily.""]}",2307,10.889,"2026-07-10T15:42:50.735096Z"
"34f8ee44074f85af",871,"1","The story was about a little bird who was very thirsty on a hot day. She searched for water for a long time and became very tired, almost fainting. She found a pitcher of water under a bench in a park but couldn’t reach it because the water was too deep for her beak. She looked around and found some pebbles. She dropped them one by one into the pitcher, which raised the water level. This allowed her to drink the water. She then flew away happily. I don’t know.","2026-07-10T15:42:54.392870Z","{""choices"":[""bird"",""water"",""pitcher"",""pebbles"",""bench"",""park"",""beak (or beak length)""]}","{""choices"":[""The day is hot."",""The bird is thirsty."",""The bird looks for water for a long time."",""The bird becomes very tired and is about to faint."",""The bird spots a pitcher of water."",""The pitcher is under a bench in a park."",""The water is too deep to reach, the bird’s beak is not long enough."",""The bird finds some pebbles."",""The bird picks up pebbles and drops them into the pitcher."",""The water level rises, allowing the bird to drink."",""The bird flies away happily.""]}",2308,2.746,"2026-07-10T15:42:54.392870Z"
"68e36f1138ec058c",872,"1","The story was about a little bird who was very thirsty on a hot day and had been searching for water for a long time. She became very tired and almost fainted. While looking for water, she saw a pitcher under a bench in a park. The pitcher had some water inside, but it was too deep for her to reach with her short beak. She found some pebbles and decided to drop them into the pitcher one by one. As she added more pebbles, the water level rose, allowing her to finally drink the water. After quenching her thirst, she flew away happily.","2026-07-10T15:42:58.131456Z","{""choices"":[""bird"",""water"",""pitcher"",""pebbles"",""bench"",""park"",""beak (or beak length)""]}","{""choices"":[""The day is hot."",""The bird is thirsty."",""The bird looks for water for a long time."",""The bird becomes very tired and is about to faint."",""The bird spots a pitcher of water."",""The pitcher is under a bench in a park."",""The water is too deep to reach, the bird’s beak is not long enough."",""The bird finds some pebbles."",""The bird picks up pebbles and drops them into the pitcher."",""The water level rises, allowing the bird to drink."",""The bird flies away happily.""]}",2309,2.786,"2026-07-10T15:42:58.131456Z"
"6d5136127f367973",873,"1","The story was about a little bird who was very thirsty on a hot day. She searched for water for a long time and became very tired, almost fainting. While looking around, she saw a pitcher of water under a bench in a park. She flew down and sat on the pitcher, but the water was too deep for her to reach with her short beak. She noticed some pebbles nearby and decided to use them. She dropped the pebbles one by one into the pitcher, which caused the water level to rise. This allowed her to drink the water. After quenching her thirst, she flew away happily. I don’t know.","2026-07-10T15:43:02.137428Z","{""choices"":[""bird"",""water"",""pitcher"",""pebbles"",""bench"",""park"",""beak (or beak length)""]}","{""choices"":[""The day is hot."",""The bird is thirsty."",""The bird looks for water for a long time."",""The bird becomes very tired and is about to faint."",""The bird spots a pitcher of water."",""The pitcher is under a bench in a park."",""The bird flies down and sits on the pitcher."",""The water is too deep to reach, the bird’s beak is not long enough."",""The bird finds some pebbles."",""The bird picks up pebbles and drops them into the pitcher."",""The water level rises, allowing the bird to drink."",""The bird flies away happily.""]}",2310,3.103,"2026-07-10T15:43:02.137428Z"
"62ede2259219000f",874,"1","The story was about a little bird who was very thirsty on a hot day. She looked for water for a long time and got very tired, almost fainting. Then she saw a pitcher of water under a bench in a park. She flew down and sat on the pitcher, but the water was too deep for her to reach with her short beak. She looked around and found some pebbles. She dropped them one by one into the pitcher, and the water level rose. This allowed her to drink the water. She then flew away happily. I don’t know the exact color of the bird or the pitcher, but I remember it was a hot day and she used pebbles to raise the water level.","2026-07-10T15:43:06.214252Z","{""choices"":[""bird"",""water"",""pitcher"",""pebbles"",""bench"",""park"",""beak (or beak length)""]}","{""choices"":[""The day is hot."",""The bird is thirsty."",""The bird looks for water for a long time."",""The bird becomes very tired and is about to faint."",""The bird spots a pitcher of water."",""The pitcher is under a bench in a park."",""The bird flies down and sits on the pitcher."",""The water is too deep to reach, the bird’s beak is not long enough."",""The bird finds some pebbles."",""The bird picks up pebbles and drops them into the pitcher."",""The water level rises, allowing the bird to drink."",""The bird flies away happily.""]}",2311,3.187,"2026-07-10T15:43:06.214252Z"
"4c1989454ed28c01",875,"1","The story was about a little bird who was very thirsty on a hot day. She searched for water for a long time and became very tired, almost fainting. She found a pitcher of water under a bench in a park but couldn't reach it because the water was too deep for her short beak. She looked around and found some pebbles, which gave her an idea. She dropped the pebbles into the pitcher one by one, and the water level rose until she could finally drink. She then flew away happily. I don’t know.","2026-07-10T15:43:09.993964Z","{""choices"":[""bird"",""water"",""pitcher"",""pebbles"",""bench"",""park"",""beak (or beak length)""]}","{""choices"":[""The day is hot."",""The bird is thirsty."",""The bird looks for water for a long time."",""The bird becomes very tired and is about to faint."",""The bird spots a pitcher of water."",""The pitcher is under a bench in a park."",""The water is too deep to reach, the bird’s beak is not long enough."",""The bird finds some pebbles."",""The bird picks up pebbles and drops them into the pitcher."",""The water level rises, allowing the bird to drink."",""The bird flies away happily.""]}",2312,2.866,"2026-07-10T15:43:09.993964Z"
"a4dd9cb08d2bb183",876,"1","It was a hot day, and a thirsty bird was searching for water for a long time. She was very tired and almost fainting when she saw a pitcher of water under a bench in a park. She flew down and sat on the pitcher, but the water was too deep for her to reach with her short beak. She looked around and found some pebbles, which made her think. She picked up the pebbles one by one and dropped them into the pitcher. This caused the water level to rise, allowing her to drink. After quenching her thirst, she flew away happily.","2026-07-10T15:43:13.811850Z","{""choices"":[""bird"",""water"",""pitcher"",""pebbles"",""bench"",""park"",""beak (or beak length)""]}","{""choices"":[""The day is hot."",""The bird is thirsty."",""The bird looks for water for a long time."",""The bird becomes very tired and is about to faint."",""The bird spots a pitcher of water."",""The pitcher is under a bench in a park."",""The bird flies down and sits on the pitcher."",""The water is too deep to reach, the bird’s beak is not long enough."",""The bird finds some pebbles."",""The bird picks up pebbles and drops them into the pitcher."",""The water level rises, allowing the bird to drink."",""The bird flies away happily.""]}",2313,2.923,"2026-07-10T15:43:13.811850Z"
"238d407b63554ec7",877,"1","The story was about a little bird who was very thirsty on a hot day. She searched for water for a long time and became very tired, almost fainting. She found a pitcher of water under a bench in a park but couldn’t reach it because the water was too deep for her beak. She looked around and found some pebbles, which gave her an idea. She dropped the pebbles one by one into the pitcher, and the water level rose until she could drink from it. She then flew away happily. I don’t know.","2026-07-10T15:43:18.259298Z","{""choices"":[""bird"",""water"",""pitcher"",""pebbles"",""bench"",""park"",""beak (or beak length)""]}","{""choices"":[""The day is hot."",""The bird is thirsty."",""The bird looks for water for a long time."",""The bird becomes very tired and is about to faint."",""The bird spots a pitcher of water."",""The pitcher is under a bench in a park."",""The water is too deep to reach, the bird’s beak is not long enough."",""The bird finds some pebbles."",""The bird picks up pebbles and drops them into the pitcher."",""The water level rises, allowing the bird to drink."",""The bird flies away happily.""]}",2314,3.492,"2026-07-10T15:43:18.259298Z"
"a39f725d34e2d0b5",878,"1","The story was about a little bird who was very thirsty on a hot day. She looked for water for a long time and got really tired, almost fainting. Then she saw a pitcher of water under a bench in a park. She flew down and sat on it, but the water was too deep for her to reach with her short beak. She looked around and found some pebbles. She started dropping them into the pitcher one by one, and the water level rose until she could finally drink. She flew away happy after getting the water she needed.","2026-07-10T15:43:21.595241Z","{""choices"":[""bird"",""water"",""pitcher"",""pebbles"",""bench"",""park"",""beak (or beak length)""]}","{""choices"":[""The day is hot."",""The bird is thirsty."",""The bird looks for water for a long time."",""The bird becomes very tired and is about to faint."",""The bird spots a pitcher of water."",""The pitcher is under a bench in a park."",""The bird flies down and sits on the pitcher."",""The water is too deep to reach, the bird’s beak is not long enough."",""The bird finds some pebbles."",""The bird picks up pebbles and drops them into the pitcher."",""The water level rises, allowing the bird to drink."",""The bird flies away happily.""]}",2315,2.396,"2026-07-10T15:43:21.595241Z"
"ca843b09d9b9dae5",879,"1","The story was about a little bird who was very thirsty on a hot day. She searched for water for a long time and became very tired, almost fainting. She found a pitcher of water under a bench in a park but couldn’t reach it because the water was too deep for her beak. She noticed some pebbles nearby and decided to use them. She dropped the pebbles one by one into the pitcher, which caused the water level to rise. Once the water was high enough, she was able to drink it. She then flew away happily. I don’t know the exact location of the park or the bird’s name, but I remember she was small and used pebbles to raise the water level.","2026-07-10T15:43:39.656868Z","{""choices"":[""bird"",""water"",""pitcher"",""pebbles"",""bench"",""park"",""beak (or beak length)""]}","{""choices"":[""The day is hot."",""The bird is thirsty."",""The bird looks for water for a long time."",""The bird becomes very tired and is about to faint."",""The bird spots a pitcher of water."",""The pitcher is under a bench in a park."",""The water is too deep to reach, the bird’s beak is not long enough."",""The bird finds some pebbles."",""The bird picks up pebbles and drops them into the pitcher."",""The water level rises, allowing the bird to drink."",""The bird flies away happily.""]}",2316,16.901,"2026-07-10T15:43:39.656868Z"
"131c2dd1844bdfe7",880,"1","The story was about a little bird who was very thirsty on a hot day and had been searching for water for a long time. She became very tired and almost fainted. While she was resting, she saw a pitcher of water under a bench in a park. The water was too deep for her to reach with her short beak. She looked around and found some pebbles, which made her think of a solution. She dropped the pebbles one by one into the pitcher, causing the water level to rise. This allowed her to drink the water, and she flew away happily.","2026-07-10T15:44:28.793726Z","{""choices"":[""bird"",""water"",""pitcher"",""pebbles"",""bench"",""park"",""beak (or beak length)""]}","{""choices"":[""The day is hot."",""The bird is thirsty."",""The bird looks for water for a long time."",""The bird becomes very tired and is about to faint."",""The bird spots a pitcher of water."",""The pitcher is under a bench in a park."",""The water is too deep to reach, the bird’s beak is not long enough."",""The bird finds some pebbles."",""The bird picks up pebbles and drops them into the pitcher."",""The water level rises, allowing the bird to drink."",""The bird flies away happily.""]}",2317,48.23,"2026-07-10T15:44:28.793726Z"
"cf366409126fb0fb",881,"1","The story was about a little bird who was very thirsty on a hot day. She searched for water for a long time and became very tired. She saw a pitcher of water under a bench in a park but couldn't drink from it because the water was too deep for her to reach. She noticed some pebbles nearby and decided to use them. She dropped the pebbles one by one into the pitcher, which caused the water level to rise. This allowed her to drink the water. She then flew away happily. The bird used her intelligence to solve the problem by thinking creatively about how to access the water. The pitcher was under a bench, and the water was deep, but the pebbles helped her reach the water. She was tired and thirsty at the beginning, and she was happy at the end after getting the water she needed.","2026-07-10T15:44:34.748119Z","{""choices"":[""bird"",""water"",""pitcher"",""pebbles"",""bench"",""park""]}","{""choices"":[""The day is hot."",""The bird is thirsty."",""The bird looks for water for a long time."",""The bird becomes very tired and is about to faint."",""The bird spots a pitcher of water."",""The pitcher is under a bench in a park."",""The bird finds some pebbles."",""The bird picks up pebbles and drops them into the pitcher."",""The water level rises, allowing the bird to drink."",""The bird flies away happily.""]}",2318,12.152999999999999,"2026-07-10T15:44:44.598447Z"
"f77e6444b60f2cba",882,"1","The story was about a little bird who was very thirsty on a hot day and searched for water for a long time. She became very tired and almost fainted. While looking for water, she saw a pitcher under a bench in a park. The pitcher had some water, but it was too deep for her to reach with her short beak. She looked around and found some pebbles. She then dropped the pebbles into the pitcher one by one, which caused the water level to rise. This allowed her to drink the water. After satisfying her thirst, she flew away happily. The bird used the pebbles to raise the water level so she could access it.","2026-07-10T15:44:58.397838Z","{""choices"":[""bird"",""water"",""pitcher"",""pebbles"",""bench"",""park"",""beak (or beak length)""]}","{""choices"":[""The day is hot."",""The bird is thirsty."",""The bird looks for water for a long time."",""The bird becomes very tired and is about to faint."",""The bird spots a pitcher of water."",""The pitcher is under a bench in a park."",""The water is too deep to reach, the bird’s beak is not long enough."",""The bird finds some pebbles."",""The bird picks up pebbles and drops them into the pitcher."",""The water level rises, allowing the bird to drink."",""The bird flies away happily.""]}",2319,6.034,"2026-07-10T15:44:58.397838Z"
"fa09d281263b793d",883,"1","The story was about a little bird who was very thirsty on a hot day. She searched for water for a long time and became very tired, almost fainting. She found a pitcher of water under a bench in a park but couldn’t reach it because the water was too deep for her short beak. She noticed some pebbles nearby and decided to use them. She dropped the pebbles one by one into the pitcher, which caused the water level to rise. This allowed her to drink the water. She then flew away happily. I don’t know the bird’s name or the exact location of the park, but the main events were clear. The bird used problem-solving skills to get the water she needed.","2026-07-10T15:45:08.263698Z","{""choices"":[""bird"",""water"",""pitcher"",""pebbles"",""bench"",""park"",""beak (or beak length)""]}","{""choices"":[""The day is hot."",""The bird is thirsty."",""The bird looks for water for a long time."",""The bird becomes very tired and is about to faint."",""The bird spots a pitcher of water."",""The pitcher is under a bench in a park."",""The water is too deep to reach, the bird’s beak is not long enough."",""The bird finds some pebbles."",""The bird picks up pebbles and drops them into the pitcher."",""The water level rises, allowing the bird to drink."",""The bird flies away happily.""]}",2320,8.879,"2026-07-10T15:45:08.263698Z"
"d75cab9b6b5bbfc1",884,"1","The story was about a little bird who was very thirsty on a hot day. She searched for water for a long time and became very tired, almost fainting. She found a pitcher of water under a bench in a park but couldn’t reach it because the water was too deep for her beak. She looked around and found some pebbles. She dropped them one by one into the pitcher, which raised the water level. This allowed her to drink the water. She then flew away happily. I don’t remember if there were other birds or any specific details about the park or the pitcher.","2026-07-10T15:45:11.595603Z","{""choices"":[""bird"",""water"",""pitcher"",""pebbles"",""bench"",""park"",""beak (or beak length)""]}","{""choices"":[""The day is hot."",""The bird is thirsty."",""The bird looks for water for a long time."",""The bird becomes very tired and is about to faint."",""The bird spots a pitcher of water."",""The pitcher is under a bench in a park."",""The water is too deep to reach, the bird’s beak is not long enough."",""The bird finds some pebbles."",""The bird picks up pebbles and drops them into the pitcher."",""The water level rises, allowing the bird to drink."",""The bird flies away happily.""]}",2321,2.418,"2026-07-10T15:45:11.595603Z"
"22e2a194062351da",885,"1","The story was about a little bird who was very thirsty on a hot day. She searched for water for a long time and became very tired, almost fainting. Then she saw a pitcher of water under a bench in a park. She flew down and sat on the pitcher, but the water was too deep for her to reach with her short beak. She looked around and found some pebbles. She dropped them one by one into the pitcher, which raised the water level. This allowed her to drink the water. After drinking, she flew away happily. She used the pebbles to make the water level higher so she could access it. The pitcher was under a bench in a park, and the bird was very tired before she found the water.","2026-07-10T15:45:15.474501Z","{""choices"":[""bird"",""water"",""pitcher"",""pebbles"",""bench"",""park"",""beak (or beak length)""]}","{""choices"":[""The day is hot."",""The bird is thirsty."",""The bird looks for water for a long time."",""The bird becomes very tired and is about to faint."",""The bird spots a pitcher of water."",""The pitcher is under a bench in a park."",""The bird flies down and sits on the pitcher."",""The water is too deep to reach, the bird’s beak is not long enough."",""The bird finds some pebbles."",""The bird picks up pebbles and drops them into the pitcher."",""The water level rises, allowing the bird to drink."",""The bird flies away happily.""]}",2322,2.959,"2026-07-10T15:45:15.474501Z"
"80f360bb80e9024e",886,"1","The story was about a little bird who was very thirsty on a hot day. She looked for water for a long time and became very tired, almost fainting. She found a pitcher of water under a bench in a park but couldn’t reach it because the water was too deep for her beak. She found some pebbles and dropped them into the pitcher one by one, which raised the water level until she could drink. She then flew away happily. I don’t know.","2026-07-10T15:45:19.647191Z","{""choices"":[""bird"",""water"",""pitcher"",""pebbles"",""bench"",""park"",""beak (or beak length)""]}","{""choices"":[""The day is hot."",""The bird is thirsty."",""The bird looks for water for a long time."",""The bird becomes very tired and is about to faint."",""The bird spots a pitcher of water."",""The pitcher is under a bench in a park."",""The water is too deep to reach, the bird’s beak is not long enough."",""The bird finds some pebbles."",""The bird picks up pebbles and drops them into the pitcher."",""The water level rises, allowing the bird to drink."",""The bird flies away happily.""]}",2323,3.199,"2026-07-10T15:45:19.647191Z"
"f8ececc0ad90e2d3",887,"1","The story was about a little bird who was very thirsty on a hot day. She searched for water for a long time and got really tired, almost fainting. Then she saw a pitcher of water under a bench in a park. She flew down and sat on it, but the water was too deep for her to reach with her short beak. She looked around and found some pebbles. She dropped them one by one into the pitcher, which made the water level rise. Now she could drink the water. She flew away happy because she found a way to get the water she needed.","2026-07-10T15:45:25.661182Z","{""choices"":[""bird"",""water"",""pitcher"",""pebbles"",""bench"",""park"",""beak (or beak length)""]}","{""choices"":[""The day is hot."",""The bird is thirsty."",""The bird looks for water for a long time."",""The bird becomes very tired and is about to faint."",""The bird spots a pitcher of water."",""The pitcher is under a bench in a park."",""The bird flies down and sits on the pitcher."",""The water is too deep to reach, the bird’s beak is not long enough."",""The bird finds some pebbles."",""The bird picks up pebbles and drops them into the pitcher."",""The water level rises, allowing the bird to drink."",""The bird flies away happily.""]}",2324,5.105,"2026-07-10T15:45:25.661182Z"
"a6b9f2cf0185314d",888,"1","The story was about a little bird who was very thirsty on a hot day. She looked for water for a long time and got really tired, almost fainting. Then she saw a pitcher of water under a bench in a park. She flew down and sat on it, but the water was too deep for her to reach with her short beak. She looked around and found some pebbles. She dropped them one by one into the pitcher, and the water level rose. Soon, she could reach the water and drank it. She flew away happy. I don’t know.","2026-07-10T15:45:56.960023Z","{""choices"":[""bird"",""water"",""pitcher"",""pebbles"",""bench"",""park"",""beak (or beak length)""]}","{""choices"":[""The day is hot."",""The bird is thirsty."",""The bird looks for water for a long time."",""The bird becomes very tired and is about to faint."",""The bird spots a pitcher of water."",""The pitcher is under a bench in a park."",""The bird flies down and sits on the pitcher."",""The water is too deep to reach, the bird’s beak is not long enough."",""The bird finds some pebbles."",""The bird picks up pebbles and drops them into the pitcher."",""The water level rises, allowing the bird to drink."",""The bird flies away happily.""]}",2325,30.311,"2026-07-10T15:45:56.960023Z"
"19ada4f0cc34597c",889,"1","I remember the story about the little bird who was thirsty and looked for water. She was very tired and even thought she might pass out. Then she found a pitcher of water under a bench in a park, but the water was too deep for her to drink. She didn’t have a long beak, so she couldn’t reach the water. She found some pebbles and dropped them into the pitcher, which made the water level rise. That way, she could drink it. She was happy after that. I think that’s all.","2026-07-10T15:46:48.440681Z","{""choices"":[""bird"",""water"",""pitcher"",""pebbles"",""bench"",""park"",""beak (or beak length)""]}","{""choices"":[""The bird is thirsty."",""The bird looks for water for a long time."",""The bird becomes very tired and is about to faint."",""The bird spots a pitcher of water."",""The pitcher is under a bench in a park."",""The water is too deep to reach, the bird’s beak is not long enough."",""The bird finds some pebbles."",""The bird picks up pebbles and drops them into the pitcher."",""The water level rises, allowing the bird to drink."",""The bird flies away happily.""]}",2326,50.329,"2026-07-10T15:46:48.440681Z"
"475796b2015340ad",890,"1","Okay, let's see. The story was about a little bird who was thirsty and looked for water. She found a pitcher under a bench, but the water was too deep for her to drink. So she used pebbles to lower the water level so she could drink. She was happy after that. Let me think, was it a hot day? Yes, that's right. She was very tired and almost fainted. She had to find a way to get the water. Oh, and the pitcher had water inside, but she couldn't reach it. Then she found pebbles and dropped them in, which raised the water level. That's how she drank. I think that's all. I don't think I missed much. I hope that's right.","2026-07-10T15:50:58.339412Z","{""choices"":[""bird"",""water"",""pitcher"",""pebbles"",""bench""]}","{""choices"":[""The day is hot."",""The bird is thirsty."",""The bird looks for water for a long time."",""The bird becomes very tired and is about to faint."",""The bird spots a pitcher of water."",""The bird finds some pebbles."",""The bird picks up pebbles and drops them into the pitcher."",""The water level rises, allowing the bird to drink.""]}",2327,248.956,"2026-07-10T15:50:58.339412Z"
"ddd7278c88b2ae74",891,"1","I remember the story about the thirsty bird who searched for water on a hot day until she found a pitcher under a bench. The water was too deep for her to drink, so she found pebbles and dropped them into the pitcher, which raised the water level so she could drink. She was very tired and even close to fainting before this. The pitcher had water inside, but she couldn’t reach it with her short beak. The pebbles helped her get the water she needed. She was happy after that. I don’t think I remembered everything, but that’s the story.","2026-07-10T15:51:14.090651Z","{""choices"":[""bird"",""water"",""pitcher"",""pebbles"",""bench"",""beak (or beak length)""]}","{""choices"":[""The day is hot."",""The bird is thirsty."",""The bird becomes very tired and is about to faint."",""The bird spots a pitcher of water."",""The water is too deep to reach, the bird’s beak is not long enough."",""The bird finds some pebbles."",""The bird picks up pebbles and drops them into the pitcher."",""The water level rises, allowing the bird to drink.""]}",2328,14.705,"2026-07-10T15:51:14.090651Z"
"5c3ed3c2976d643a",892,"1","I remember that it was a hot day and a thirsty bird was looking for water for a long time. She was very tired and even thought she might faint. Then she saw a pitcher of water under a bench in a park. She wanted to drink, but the water was too deep for her to reach. She didn’t have a long enough beak. So she found some pebbles and dropped them into the pitcher. This made the water level rise, and then she could drink. She was happy and flew away. I think that's all.","2026-07-10T15:51:18.995000Z","{""choices"":[""bird"",""water"",""pitcher"",""pebbles"",""bench"",""park"",""beak (or beak length)""]}","{""choices"":[""The day is hot."",""The bird is thirsty."",""The bird looks for water for a long time."",""The bird becomes very tired and is about to faint."",""The bird spots a pitcher of water."",""The pitcher is under a bench in a park."",""The water is too deep to reach, the bird’s beak is not long enough."",""The bird finds some pebbles."",""The bird picks up pebbles and drops them into the pitcher."",""The water level rises, allowing the bird to drink."",""The bird flies away happily.""]}",2329,3.908,"2026-07-10T15:51:18.995000Z"
"8b63b3987b5c1b34",893,"1","I remember that it was a hot day and a bird was looking for water. She had been looking for a long time and was very tired and close to fainting. Then she saw a pitcher of water under a bench in a park. She flew down and sat on it, but the water was too deep for her to reach. Her beak wasn't long enough, so she looked around and found some pebbles. She dropped the pebbles into the pitcher, and the water level rose. She could now drink it and flew away happily. I think that’s all. I don’t know if I got everything right, but that’s what I remember.","2026-07-10T15:51:42.375377Z","{""choices"":[""bird"",""water"",""pitcher"",""pebbles"",""bench"",""park"",""beak (or beak length)""]}","{""choices"":[""The day is hot."",""The bird looks for water for a long time."",""The bird becomes very tired and is about to faint."",""The bird spots a pitcher of water."",""The pitcher is under a bench in a park."",""The bird flies down and sits on the pitcher."",""The water is too deep to reach, the bird’s beak is not long enough."",""The bird finds some pebbles."",""The bird picks up pebbles and drops them into the pitcher."",""The water level rises, allowing the bird to drink."",""The bird flies away happily.""]}",2330,22.45,"2026-07-10T15:51:42.375377Z"
"399db244224ad774",894,"1","I remember the story about the thirsty bird who looked for water on a hot day. She was very tired and almost fainted. Then she found a pitcher with water under a bench, but the water was too deep for her to reach. She tried pebbles and dropped them into the pitcher, which raised the water level so she could drink. She was happy after that. The bird was thirsty and needed water. She found a pitcher with water but couldn’t reach it. She used pebbles to lower the water level so she could drink. She was very smart to think of that idea. She was tired and almost fainted. She was happy when she could drink the water. The pitcher had water, but it was too deep. She dropped pebbles into it to raise the water level. She was very clever.","2026-07-10T15:53:49.850927Z","{""choices"":[""bird"",""water"",""pitcher"",""pebbles"",""bench""]}","{""choices"":[""The day is hot."",""The bird is thirsty."",""The bird looks for water for a long time."",""The bird becomes very tired and is about to faint."",""The bird spots a pitcher of water."",""The water is too deep to reach, the bird’s beak is not long enough."",""The bird picks up pebbles and drops them into the pitcher."",""The water level rises, allowing the bird to drink.""]}",2331,126.161,"2026-07-10T15:53:49.850927Z"
"b997855405d06ece",895,"1","Okay, let's see. So there's this little bird, right? And it was a hot day, and she was thirsty. She looked for water for a long time and was really tired, almost fainted. Then she found this pitcher under a bench in the park. There was water inside, but it was too deep for her to drink. She couldn't reach it with her beak. Then she found some pebbles and had an idea. She dropped the pebbles into the pitcher, and the water level rose so she could drink. She was happy and flew away. I think that's it. I don't think I missed much. I mean, the pitcher, the pebbles, the hot day, the thirst, the tiredness... Yeah, that's the story.","2026-07-10T15:53:55.917426Z","{""choices"":[""bird"",""water"",""pitcher"",""pebbles"",""bench"",""park"",""beak (or beak length)""]}","{""choices"":[""The day is hot."",""The bird is thirsty."",""The bird looks for water for a long time."",""The bird becomes very tired and is about to faint."",""The bird spots a pitcher of water."",""The pitcher is under a bench in a park."",""The water is too deep to reach, the bird’s beak is not long enough."",""The bird finds some pebbles."",""The bird picks up pebbles and drops them into the pitcher."",""The water level rises, allowing the bird to drink."",""The bird flies away happily.""]}",2332,5.016,"2026-07-10T15:53:55.917426Z"
"42b4e850b95810a9",896,"1","I remember it was a hot day and a bird was looking for water. She was very tired and almost faint. She found a pitcher of water under a bench in a park, but the water was too deep for her to reach. She tried pebbles and dropped them into the pitcher, which raised the water level so she could drink. She was happy after that. I think that's all. I don't know.","2026-07-10T15:54:14.493513Z","{""choices"":[""bird"",""water"",""pitcher"",""pebbles"",""bench"",""park"",""beak (or beak length)""]}","{""choices"":[""The day is hot."",""The bird is thirsty."",""The bird becomes very tired and is about to faint."",""The bird spots a pitcher of water."",""The pitcher is under a bench in a park."",""The bird finds some pebbles."",""The bird picks up pebbles and drops them into the pitcher."",""The water level rises, allowing the bird to drink.""]}",2333,17.553,"2026-07-10T15:54:14.493513Z"
"9b735ed5e180d261",897,"1","Okay, let's see. The story was about a little bird who was very thirsty and looked for water. She found a pitcher with water but couldn't reach it. She tried putting pebbles into the pitcher to make the water level rise so she could drink. I think that's it. I remember she was looking for water because she was thirsty and it was a hot day. She found a pitcher under a bench in a park. She couldn't drink the water because it was too deep. She used pebbles to lower the water level so she could drink. I don't think I missed much. I don't think I need to add anything else. I think that's all.","2026-07-10T15:54:52.173308Z","{""choices"":[""bird"",""water"",""pitcher"",""pebbles"",""bench"",""park""]}","{""choices"":[""The day is hot."",""The bird is thirsty."",""The bird looks for water for a long time."",""The bird spots a pitcher of water."",""The pitcher is under a bench in a park."",""The bird picks up pebbles and drops them into the pitcher."",""The water level rises, allowing the bird to drink.""]}",2334,32.01,"2026-07-10T15:54:52.173308Z"
"05c996e40516008a",898,"1","I remember that it was a hot day and a thirsty bird was looking for water for a long time. She was very tired and almost faint. Then she found a pitcher of water under a bench in a park. The water was too deep for her to reach, so she looked around and found some pebbles. She dropped the pebbles into the pitcher, and the water level rose. She could now drink the water and flew away happily. I don’t know the exact location of the park or the bird’s name, but that’s what I remember. I don’t know if the pitcher was made of glass or ceramic, and I don’t remember if there were other animals around. I think that’s it.","2026-07-10T15:55:01.758262Z","{""choices"":[""bird"",""water"",""pitcher"",""pebbles"",""bench"",""park""]}","{""choices"":[""The day is hot."",""The bird is thirsty."",""The bird looks for water for a long time."",""The bird becomes very tired and is about to faint."",""The bird spots a pitcher of water."",""The pitcher is under a bench in a park."",""The bird finds some pebbles."",""The bird picks up pebbles and drops them into the pitcher."",""The water level rises, allowing the bird to drink."",""The bird flies away happily.""]}",2335,8.526,"2026-07-10T15:55:01.758262Z"
"335667d82e735b5f",899,"1","Okay, let's see. So, there's this little bird, right? She's really thirsty and has been looking for water for a long time. She's been walking around, I guess, and she's been really tired. Then she finds this pitcher of water in a park, under a bench. She can't drink it because the water's too deep for her to reach with her beak. So she gets creative and finds some pebbles. She drops them into the pitcher one by one, and the water level goes up until she can drink it. She was happy after that. I think that's it. I don't remember if there were any other details, but that's what I remember. I don't think I missed much. I mean, the bird had to be thirsty, right? And the pitcher had water, but it was too deep. She used pebbles to lower the water level so she could drink. That's the story. I don't think I added anything extra.","2026-07-10T15:55:29.158566Z","{""choices"":[""bird"",""water"",""pitcher"",""pebbles"",""bench"",""park"",""beak (or beak length)""]}","{""choices"":[""The bird is thirsty."",""The bird looks for water for a long time."",""The bird becomes very tired and is about to faint."",""The bird spots a pitcher of water."",""The pitcher is under a bench in a park."",""The water is too deep to reach, the bird’s beak is not long enough."",""The bird finds some pebbles."",""The bird picks up pebbles and drops them into the pitcher."",""The water level rises, allowing the bird to drink.""]}",2336,25.993,"2026-07-10T15:55:29.166731Z"
"2ff74865b3f450d2",900,"1","Okay, so there's this little bird, right? Well, it was a hot day, and she was really thirsty. She looked for water for a long time and got really tired. Then she found this pitcher under a bench in the park. There was water inside, but it was too deep for her to drink. Her beak wasn't long enough, so she couldn't reach the water. Then she found some pebbles and had an idea. She dropped the pebbles into the pitcher, and the water level rose. That way, she could drink it. She was happy and flew away. I think that's it. I don't remember any other details.","2026-07-10T15:55:42.166284Z","{""choices"":[""bird"",""water"",""pitcher"",""pebbles"",""bench"",""park"",""beak (or beak length)""]}","{""choices"":[""The day is hot."",""The bird is thirsty."",""The bird looks for water for a long time."",""The bird becomes very tired and is about to faint."",""The bird spots a pitcher of water."",""The pitcher is under a bench in a park."",""The water is too deep to reach, the bird’s beak is not long enough."",""The bird finds some pebbles."",""The bird picks up pebbles and drops them into the pitcher."",""The water level rises, allowing the bird to drink."",""The bird flies away happily.""]}",2337,11.968,"2026-07-10T15:55:42.166284Z"
"a93952b43ce46e04",901,"1","The story was about a thirsty bird who searched for water on a hot day until she found a pitcher under a bench in a park. The water was too deep for her to reach, so she found pebbles and dropped them into the pitcher, which raised the water level so she could drink. She was very tired and even close to fainting before this discovery. The bird used the pebbles to lower the water level so she could access it. She was happy after she found a way to drink the water. I think that's all.","2026-07-10T15:55:54.145153Z","{""choices"":[""bird"",""water"",""pitcher"",""pebbles"",""bench"",""park""]}","{""choices"":[""The day is hot."",""The bird is thirsty."",""The bird looks for water for a long time."",""The bird becomes very tired and is about to faint."",""The bird spots a pitcher of water."",""The pitcher is under a bench in a park."",""The bird finds some pebbles."",""The bird picks up pebbles and drops them into the pitcher."",""The water level rises, allowing the bird to drink.""]}",2338,10.874,"2026-07-10T15:55:54.145153Z"
"ebeef2a7f5ab24d2",902,"1","I remember the story about the little bird who was thirsty and looked for water on a hot day. She was very tired and even thought she might faint. Then she found a pitcher of water under a bench in a park, but the water was too deep for her to reach. She didn’t have a long enough beak, so she had to think of a way to get the water. She found some pebbles and dropped them into the pitcher, which made the water level rise. That way, she could drink it. She was happy and then flew away. I don’t think I remember everything, but that’s what I remember.","2026-07-10T15:56:01.722265Z","{""choices"":[""bird"",""water"",""pitcher"",""pebbles"",""bench"",""park"",""beak \/ beak length""]}","{""choices"":[""The day is hot."",""The bird is thirsty."",""The bird looks for water for a long time."",""The bird becomes very tired and is about to faint."",""The bird spots a pitcher of water."",""The pitcher is under a bench in a park."",""The water is too deep to reach, the bird’s beak is not long enough."",""The bird finds some pebbles."",""The bird picks up pebbles and drops them into the pitcher."",""The water level rises, allowing the bird to drink."",""The bird flies away happily.""]}",2339,6.565,"2026-07-10T15:56:01.722265Z"
"f5fbf51ce59afd29",903,"1","Okay, so there's this little bird, right? She was thirsty and had been looking for water for a long time. She was really tired and even thought she might pass out. Then she saw this pitcher under a bench in the park. There was water inside, but it was too deep for her to drink. Her beak just wasn't long enough. So she found some pebbles and started dropping them into the pitcher. The water level went up, and then she could drink. She was happy and flew away. I think that's it. I don't remember any other details. I mean, the pitcher was under a bench in a park, right? And the bird used pebbles to lower the water level so she could drink. That's what I remember. I don't think I missed anything important.","2026-07-10T15:56:12.934763Z","{""choices"":[""bird"",""water"",""pitcher"",""pebbles"",""bench"",""park"",""beak (or beak length)""]}","{""choices"":[""The bird is thirsty."",""The bird looks for water for a long time."",""The bird becomes very tired and is about to faint."",""The bird spots a pitcher of water."",""The pitcher is under a bench in a park."",""The water is too deep to reach, the bird’s beak is not long enough."",""The bird finds some pebbles."",""The bird picks up pebbles and drops them into the pitcher."",""The water level rises, allowing the bird to drink."",""The bird flies away happily.""]}",2340,10.269,"2026-07-10T15:56:12.941820Z"
"e24f529222c8b8d8",904,"1","I remember the story about the little bird who was thirsty and looked for water. She found a pitcher with water but couldn't drink it because the water was too deep. She tried dropping pebbles into the pitcher, and the water level rose so she could drink. She was happy after that. I think that’s it. I don’t remember if there was a name for the bird or where exactly the park was, but that’s the main idea. She needed water, found a pitcher, used pebbles to lower the water level, and then she could drink. I don’t think I missed much.","2026-07-10T15:56:50.457452Z","{""choices"":[""bird"",""water"",""pitcher"",""pebbles""]}","{""choices"":[""The bird is thirsty."",""The bird looks for water for a long time."",""The bird spots a pitcher of water."",""The bird finds some pebbles."",""The bird picks up pebbles and drops them into the pitcher."",""The water level rises, allowing the bird to drink.""]}",2341,36.491,"2026-07-10T15:56:50.457452Z"
"328f4aaa16d167dc",905,"1","Okay, let's see. The story was about a thirsty bird looking for water. It was a hot day, and she was really tired. She found a pitcher with water but couldn't reach it. She tried putting pebbles in it to make the water level rise so she could drink. I think that's it. I don't remember if there were other details. I think that's all. I don't know if I got everything right, but that's what I remember.","2026-07-10T15:57:02.554282Z","{""choices"":[""bird"",""water"",""pitcher"",""pebbles""]}","{""choices"":[""The day is hot."",""The bird is thirsty."",""The bird looks for water for a long time."",""The bird spots a pitcher of water."",""The bird picks up pebbles and drops them into the pitcher."",""The water level rises, allowing the bird to drink.""]}",2342,11.084,"2026-07-10T15:57:02.554282Z"
"28b5456f71d78296",906,"1","I remember the story about the little bird who was thirsty and looked for water. She was very tired and even thought she might pass out. Then she found a pitcher with water, but it was too deep for her to drink. She didn’t have a long beak, so she couldn’t reach the water. She found some pebbles and dropped them into the pitcher, which made the water level rise so she could drink. She was happy after that. I think that’s it. I don’t remember if there was a name for the bird or where exactly the park was, but that’s what I remember.","2026-07-10T15:57:47.967745Z","{""choices"":[""bird"",""water"",""pitcher"",""pebbles"",""park"",""beak (or beak length)""]}","{""choices"":[""The bird is thirsty."",""The bird looks for water for a long time."",""The bird becomes very tired and is about to faint."",""The bird spots a pitcher of water."",""The water is too deep to reach, the bird’s beak is not long enough."",""The bird finds some pebbles."",""The bird picks up pebbles and drops them into the pitcher."",""The water level rises, allowing the bird to drink.""]}",2343,47.935,"2026-07-10T15:58:07.425775Z"
"17d7513503f1fdc9",907,"1","I remember the story about the little bird who was thirsty and looked for water. She was very tired and even thought she might faint. Then she found a pitcher with water, but it was too deep for her to drink. She didn’t have a long enough beak, so she had to think of a way to get the water up. She found some pebbles and dropped them into the pitcher, which made the water level rise. That way, she could drink it. She was happy and then flew away. I think that’s it. I don’t remember if there was a name for the bird or where exactly the park was, but that’s the main story. I don’t think I missed much.","2026-07-10T15:57:59.811177Z","{""choices"":[""bird"",""water"",""pitcher"",""pebbles"",""park"",""beak (or beak length)""]}","{""choices"":[""The bird is thirsty."",""The bird looks for water for a long time."",""The bird becomes very tired and is about to faint."",""The bird spots a pitcher of water."",""The water is too deep to reach, the bird’s beak is not long enough."",""The bird finds some pebbles."",""The bird picks up pebbles and drops them into the pitcher."",""The water level rises, allowing the bird to drink."",""The bird flies away happily.""]}",2344,10.8,"2026-07-10T15:57:59.811177Z"
"a87621f3192a8d39",908,"1","I remember that it was a hot day and a thirsty bird was looking for water. She had been searching for a long time and was very tired, even close to fainting. Then, she found a pitcher of water under a bench in a park. The water was inside, but it was too deep for her to reach. She didn’t have a long enough beak. She found some pebbles and had an idea. She dropped the pebbles into the pitcher one by one, and the water level rose. That way, she could drink the water. She was happy and then flew away. I think that’s all.","2026-07-10T15:58:19.814187Z","{""choices"":[""bird"",""water"",""pitcher"",""pebbles"",""bench"",""park"",""beak (or beak length)""]}","{""choices"":[""The day is hot."",""The bird is thirsty."",""The bird looks for water for a long time."",""The bird becomes very tired and is about to faint."",""The bird spots a pitcher of water."",""The pitcher is under a bench in a park."",""The water is too deep to reach, the bird’s beak is not long enough."",""The bird finds some pebbles."",""The bird picks up pebbles and drops them into the pitcher."",""The water level rises, allowing the bird to drink."",""The bird flies away happily.""]}",2345,4.476,"2026-07-10T15:58:19.814187Z"
"f7b9290883c8c406",909,"1","Okay, let's see. So there's this little bird, right? And it was a hot day, and she was thirsty. She looked for water for a long time and got really tired. Then she found this pitcher under a bench in the park. There was water inside, but it was too deep for her to drink. She couldn't reach it with her beak. So she found some pebbles and dropped them into the pitcher. The water level rose, and then she could drink. She was happy and flew away. I think that's it. I don't think I missed anything. I mean, the pitcher, the pebbles, the hot day, the bird... Yeah, that's the story. I don't know. I think that's it.","2026-07-10T15:58:28.954247Z","{""choices"":[""bird"",""water"",""pitcher"",""pebbles"",""bench"",""park"",""beak (or beak length)""]}","{""choices"":[""The day is hot."",""The bird is thirsty."",""The bird looks for water for a long time."",""The bird becomes very tired and is about to faint."",""The bird spots a pitcher of water."",""The pitcher is under a bench in a park."",""The water is too deep to reach, the bird’s beak is not long enough."",""The bird finds some pebbles."",""The bird picks up pebbles and drops them into the pitcher."",""The water level rises, allowing the bird to drink."",""The bird flies away happily.""]}",2346,8.209,"2026-07-10T15:58:28.954247Z"
"96cb95c46c571493",910,"1","I remember the story about the little bird who was very thirsty and looked for water for a long time. She was tired and even thought she might faint. Then she found a pitcher with water under a bench in a park. The water was too deep for her to reach, so she looked around and found some pebbles. She dropped the pebbles into the pitcher, and the water level rose. This way, she could drink the water. She was happy and then flew away. The bird used the pebbles to lower the water level so she could drink. She needed water badly, and this clever trick worked. The pitcher had water, but it was too deep for her to reach. She used the pebbles to make the water level rise so she could drink.","2026-07-10T15:58:53.990158Z","{""choices"":[""bird"",""water"",""pitcher"",""pebbles"",""bench"",""park""]}","{""choices"":[""The bird is thirsty."",""The bird looks for water for a long time."",""The bird becomes very tired and is about to faint."",""The bird spots a pitcher of water."",""The pitcher is under a bench in a park."",""The water is too deep to reach, the bird’s beak is not long enough."",""The bird finds some pebbles."",""The bird picks up pebbles and drops them into the pitcher."",""The water level rises, allowing the bird to drink."",""The bird flies away happily.""]}",2347,24.099,"2026-07-10T15:58:53.990158Z"
"d8f646f101f9d23f",911,"1","I remember that it was a hot day and a thirsty bird was looking for water. She had been searching for a long time and was very tired, even close to fainting. Then she found a pitcher of water under a bench in a park. The water was inside, but it was too deep for her to reach with her short beak. She looked around and found some pebbles, which made her think of a plan. She dropped the pebbles into the pitcher, and the water level rose. This way, she could now drink the water. She was happy and flew away. I don’t think I remember everything, but that’s what I recall.","2026-07-10T15:59:39.054702Z","{""choices"":[""bird"",""water"",""pitcher"",""pebbles"",""bench"",""park"",""beak (or beak length)""]}","{""choices"":[""The day is hot."",""The bird is thirsty."",""The bird looks for water for a long time."",""The bird becomes very tired and is about to faint."",""The bird spots a pitcher of water."",""The pitcher is under a bench in a park."",""The water is too deep to reach, the bird’s beak is not long enough."",""The bird finds some pebbles."",""The bird picks up pebbles and drops them into the pitcher."",""The water level rises, allowing the bird to drink."",""The bird flies away happily.""]}",2348,44.103,"2026-07-10T15:59:39.054702Z"
"f1b9349ea5c11e45",912,"1","Okay, let's see. So, there's this little bird, right? She was really thirsty and had been looking for water for a long time. She was so tired she thought she was done for. Then she found this pitcher under a bench in the park. It had water in it, but it was way too deep for her to drink. She couldn't reach it with her beak. So, she got smart and found some pebbles. She dropped them into the pitcher one by one, and guess what? The water level went up! She could finally drink. What a clever bird. I mean, who knew pebbles could be useful like that? I don't know, that's the story. I think that's what you called it.","2026-07-10T15:59:53.469145Z","{""choices"":[""bird"",""water"",""pitcher"",""pebbles"",""bench"",""park"",""beak (or beak length)""]}","{""choices"":[""The bird is thirsty."",""The bird looks for water for a long time."",""The bird becomes very tired and is about to faint."",""The bird spots a pitcher of water."",""The pitcher is under a bench in a park."",""The water is too deep to reach, the bird’s beak is not long enough."",""The bird finds some pebbles."",""The bird picks up pebbles and drops them into the pitcher."",""The water level rises, allowing the bird to drink.""]}",2349,13.466,"2026-07-10T15:59:53.469145Z"
"c490a8dfed3d06e7",913,"1","Okay, let's see. So there's this little bird, right? And it was a hot day, and she was thirsty. She looked for water for a long time and got really tired. Then she found this pitcher under a bench in the park. There was water inside, but it was too deep for her to reach. Her beak wasn't long enough, so she couldn't drink. Then she found some pebbles and had an idea. She dropped the pebbles into the pitcher, and the water level rose. That way, she could drink. She was happy and flew away. I think that's it. I don't remember any other details. I don't think I missed anything. I mean, that's what the story was about. The bird needed water, found a pitcher, used pebbles to lower the water level so she could drink. That's what I remember. I don't think I added anything. I tried not to.","2026-07-10T16:00:06.187663Z","{""choices"":[""bird"",""water"",""pitcher"",""pebbles"",""bench"",""park"",""beak (or beak length)""]}","{""choices"":[""The day is hot."",""The bird is thirsty."",""The bird looks for water for a long time."",""The bird becomes very tired and is about to faint."",""The bird spots a pitcher of water."",""The pitcher is under a bench in a park."",""The water is too deep to reach, the bird’s beak is not long enough."",""The bird finds some pebbles."",""The bird picks up pebbles and drops them into the pitcher."",""The water level rises, allowing the bird to drink."",""The bird flies away happily.""]}",2350,11.802,"2026-07-10T16:00:06.187663Z"
"b122d6cfce96ca30",914,"1","The story was about a little bird who was very thirsty on a hot day. She searched for water for a long time and became very tired, almost fainting. She found a pitcher of water under a bench in a park but couldn't reach it because the water was too deep for her short beak. She looked around and found some pebbles, which made her think of a solution. She dropped the pebbles one by one into the pitcher, and the water level rose. This allowed her to drink the water, and she flew away happily. The bird used the pebbles to raise the water level so she could access it.","2026-07-10T16:00:11.013202Z","{""choices"":[""bird"",""water"",""pitcher"",""pebbles"",""bench"",""park"",""beak (or beak length)""]}","{""choices"":[""The day is hot."",""The bird is thirsty."",""The bird looks for water for a long time."",""The bird becomes very tired and is about to faint."",""The bird spots a pitcher of water."",""The pitcher is under a bench in a park."",""The water is too deep to reach, the bird’s beak is not long enough."",""The bird finds some pebbles."",""The bird picks up pebbles and drops them into the pitcher."",""The water level rises, allowing the bird to drink."",""The bird flies away happily.""]}",2351,3.86,"2026-07-10T16:00:11.013202Z"
"0bce4efa07bb3d6d",915,"1","The story was about a little bird who was very thirsty on a hot day. She searched for water for a long time and became very tired, almost fainting. She found a pitcher of water under a bench in a park but couldn't reach it because the water was too deep for her short beak. She looked around and found some pebbles, which made her think of a solution. She dropped the pebbles one by one into the pitcher, and the water level rose until she could drink from it. The bird then flew away happily after quenching her thirst.","2026-07-10T16:00:15.728772Z","{""choices"":[""bird"",""water"",""pitcher"",""pebbles"",""bench"",""park"",""beak (or beak length)""]}","{""choices"":[""The day is hot."",""The bird is thirsty."",""The bird looks for water for a long time."",""The bird becomes very tired and is about to faint."",""The bird spots a pitcher of water."",""The pitcher is under a bench in a park."",""The water is too deep to reach, the bird’s beak is not long enough."",""The bird finds some pebbles."",""The bird picks up pebbles and drops them into the pitcher."",""The water level rises, allowing the bird to drink."",""The bird flies away happily.""]}",2352,3.793,"2026-07-10T16:00:15.728772Z"
"ff0835b4dbb08b2b",916,"1","The story was about a little bird who was very thirsty on a hot day and searched for water for a long time. She became tired and almost fainted but then saw a pitcher of water under a bench in a park. She flew down and sat on the pitcher, but the water was too deep for her to reach with her short beak. She looked around and found some pebbles, which gave her an idea. She dropped the pebbles one by one into the pitcher, causing the water level to rise. Once the water was within reach, she drank it and flew away happily. The bird used the pebbles to raise the water level, showing cleverness and problem-solving skills.","2026-07-10T16:00:18.787709Z","{""choices"":[""bird"",""water"",""pitcher"",""pebbles"",""bench"",""park"",""beak (or beak length)""]}","{""choices"":[""The day is hot."",""The bird is thirsty."",""The bird looks for water for a long time."",""The bird becomes very tired and is about to faint."",""The bird spots a pitcher of water."",""The pitcher is under a bench in a park."",""The bird flies down and sits on the pitcher."",""The water is too deep to reach, the bird’s beak is not long enough."",""The bird finds some pebbles."",""The bird picks up pebbles and drops them into the pitcher."",""The water level rises, allowing the bird to drink."",""The bird flies away happily.""]}",2353,2.092,"2026-07-10T16:00:18.787709Z"
"18e02765742df2b6",917,"1","It was a hot day, and a thirsty bird was searching for water for a long time. She became very tired and was about to faint. While looking around, she saw a pitcher of water under a bench in a park. She flew down and sat on the pitcher, but the water was too deep for her to reach with her short beak. She looked around and found some pebbles. She picked them up one by one and dropped them into the pitcher. As the pebbles sank, the water level rose, allowing her to drink. After quenching her thirst, she flew away happily.","2026-07-10T16:00:21.210524Z","{""choices"":[""bird"",""water"",""pitcher"",""pebbles"",""bench"",""park"",""beak (or beak length)""]}","{""choices"":[""The day is hot."",""The bird is thirsty."",""The bird looks for water for a long time."",""The bird becomes very tired and is about to faint."",""The bird spots a pitcher of water."",""The pitcher is under a bench in a park."",""The bird flies down and sits on the pitcher."",""The water is too deep to reach, the bird’s beak is not long enough."",""The bird finds some pebbles."",""The bird picks up pebbles and drops them into the pitcher."",""The water level rises, allowing the bird to drink."",""The bird flies away happily.""]}",2354,1.473,"2026-07-10T16:00:21.210524Z"
"4541e597a75d5be2",918,"1","The story was about a little bird who was very thirsty on a hot day. She searched for water for a long time and became very tired, almost fainting. She then saw a pitcher of water under a bench in a park. The water was inside, but it was too deep for her to reach with her short beak. She looked around and found some pebbles. She dropped them one by one into the pitcher, which caused the water level to rise. Once the water was within reach, she drank it and flew away happily. The bird used the pebbles to make the water level higher so she could drink. She was very clever and resourceful in solving her problem.","2026-07-10T16:00:25.066739Z","{""choices"":[""bird"",""water"",""pitcher"",""pebbles"",""bench"",""park"",""beak (or beak length)""]}","{""choices"":[""The day is hot."",""The bird is thirsty."",""The bird looks for water for a long time."",""The bird becomes very tired and is about to faint."",""The bird spots a pitcher of water."",""The pitcher is under a bench in a park."",""The water is too deep to reach, the bird’s beak is not long enough."",""The bird finds some pebbles."",""The bird picks up pebbles and drops them into the pitcher."",""The water level rises, allowing the bird to drink."",""The bird flies away happily.""]}",2355,2.917,"2026-07-10T16:00:25.066739Z"
"0689d6220cba35ae",919,"1","The story is about a little bird who was very thirsty and had been searching for water for a long time on a hot day. She became very tired and was about to faint when she saw a pitcher of water under a bench in a park. She flew down and sat on the pitcher, but the water was too deep for her to reach with her short beak. She looked around and found some pebbles, which gave her an idea. She picked up the pebbles one by one and dropped them into the pitcher, causing the water level to rise. Once the water was within reach, she was able to drink it and flew away happily.","2026-07-10T16:00:27.274002Z","{""choices"":[""bird"",""water"",""pitcher"",""pebbles"",""bench"",""park"",""beak (or beak length)""]}","{""choices"":[""The day is hot."",""The bird is thirsty."",""The bird looks for water for a long time."",""The bird becomes very tired and is about to faint."",""The bird spots a pitcher of water."",""The pitcher is under a bench in a park."",""The bird flies down and sits on the pitcher."",""The water is too deep to reach, the bird’s beak is not long enough."",""The bird finds some pebbles."",""The bird picks up pebbles and drops them into the pitcher."",""The water level rises, allowing the bird to drink."",""The bird flies away happily.""]}",2356,1.282,"2026-07-10T16:00:27.274002Z"
"ef39cccf154cf594",920,"1","The story was about a little bird who was very thirsty on a hot day. She searched for water for a long time and became very tired, almost fainting. She found a pitcher of water under a bench in a park but couldn’t reach it because the water was too deep for her short beak. She looked around and found some pebbles, which gave her an idea. She dropped the pebbles one by one into the pitcher, and the water level rose until she could finally drink. She then flew away happily. I don’t know the bird’s name or what happened after she drank the water, but I remember she used pebbles to raise the water level.","2026-07-10T16:00:29.146859Z","{""choices"":[""bird"",""water"",""pitcher"",""pebbles"",""bench"",""park"",""beak (or beak length)""]}","{""choices"":[""The day is hot."",""The bird is thirsty."",""The bird looks for water for a long time."",""The bird becomes very tired and is about to faint."",""The bird spots a pitcher of water."",""The pitcher is under a bench in a park."",""The water is too deep to reach, the bird’s beak is not long enough."",""The bird finds some pebbles."",""The bird picks up pebbles and drops them into the pitcher."",""The water level rises, allowing the bird to drink."",""The bird flies away happily.""]}",2357,0.892,"2026-07-10T16:00:29.146859Z"
"0cf495bb246f4da9",921,"1","The story is about a little bird who was very thirsty on a hot day and searched for water for a long time. She became tired and almost fainted but then saw a pitcher of water under a bench in a park. The water was too deep for her to reach with her short beak. She found some pebbles and dropped them one by one into the pitcher, which raised the water level. This allowed her to drink the water, and she flew away happily. The bird used the pebbles to make the water level higher so she could access it. The setting was a park, and the pitcher was under a bench. The bird was determined and clever in finding a way to get the water she needed.","2026-07-10T16:00:31.215462Z","{""choices"":[""bird"",""water"",""pitcher"",""pebbles"",""bench"",""park"",""beak (or beak length)""]}","{""choices"":[""The day is hot."",""The bird is thirsty."",""The bird looks for water for a long time."",""The bird becomes very tired and is about to faint."",""The bird spots a pitcher of water."",""The pitcher is under a bench in a park."",""The water is too deep to reach, the bird’s beak is not long enough."",""The bird finds some pebbles."",""The bird picks up pebbles and drops them into the pitcher."",""The water level rises, allowing the bird to drink."",""The bird flies away happily.""]}",2358,0.947,"2026-07-10T16:00:31.215462Z"
"28f9eab79419bec8",922,"1","The story was about a little bird who was very thirsty on a hot day and had been searching for water for a long time. She became very tired and almost fainted. While looking for water, she saw a pitcher under a bench in a park. The pitcher had some water in it, but it was too deep for her to reach with her short beak. She looked around and found some pebbles, which gave her an idea. She dropped the pebbles one by one into the pitcher, and as the water level rose, she was finally able to drink from it. After quenching her thirst, she flew away happily. The bird used the pebbles to raise the water level so she could access it.","2026-07-10T16:00:33.585166Z","{""choices"":[""bird"",""water"",""pitcher"",""pebbles"",""bench"",""park"",""beak (or beak length)""]}","{""choices"":[""The day is hot."",""The bird is thirsty."",""The bird looks for water for a long time."",""The bird becomes very tired and is about to faint."",""The bird spots a pitcher of water."",""The pitcher is under a bench in a park."",""The water is too deep to reach, the bird’s beak is not long enough."",""The bird finds some pebbles."",""The bird picks up pebbles and drops them into the pitcher."",""The water level rises, allowing the bird to drink."",""The bird flies away happily.""]}",2359,1.198,"2026-07-10T16:00:33.585166Z"
"879a5817d65ae73f",923,"1","The story was about a little bird who was very thirsty on a hot day and searched for water for a long time. She became very tired and almost fainted. She found a pitcher of water under a bench in a park but couldn’t drink from it because the water was too deep for her to reach with her short beak. She looked around and found some pebbles, which made her think of a solution. She dropped the pebbles one by one into the pitcher, which caused the water level to rise. Once the water was within reach, she was able to drink it and flew away happily. The bird used the pebbles to raise the water level so she could access it.","2026-07-10T16:00:35.752360Z","{""choices"":[""bird"",""water"",""pitcher"",""pebbles"",""bench"",""park"",""beak (or beak length)""]}","{""choices"":[""The day is hot."",""The bird is thirsty."",""The bird looks for water for a long time."",""The bird becomes very tired and is about to faint."",""The bird spots a pitcher of water."",""The pitcher is under a bench in a park."",""The water is too deep to reach, the bird’s beak is not long enough."",""The bird finds some pebbles."",""The bird picks up pebbles and drops them into the pitcher."",""The water level rises, allowing the bird to drink."",""The bird flies away happily.""]}",2360,1.091,"2026-07-10T16:00:35.752360Z"
"c209640e2c50ae2c",924,"1","It was a hot day, and a thirsty bird was searching for water for a long time. She became very tired and was about to faint. While she was looking around, she saw a pitcher of water under a bench in a park. She flew down and sat on the pitcher. The water was inside, but it was too deep for her to reach because her beak wasn’t long enough. She looked around and found some pebbles. She picked them up one by one and dropped them into the pitcher. As she added more pebbles, the water level rose. Eventually, she was able to reach the water and drink it. After drinking, she flew away happily.","2026-07-10T16:00:38.006980Z","{""choices"":[""bird"",""water"",""pitcher"",""pebbles"",""bench"",""park"",""beak (or beak length)""]}","{""choices"":[""The day is hot."",""The bird is thirsty."",""The bird looks for water for a long time."",""The bird becomes very tired and is about to faint."",""The bird spots a pitcher of water."",""The pitcher is under a bench in a park."",""The bird flies down and sits on the pitcher."",""The water is too deep to reach, the bird’s beak is not long enough."",""The bird finds some pebbles."",""The bird picks up pebbles and drops them into the pitcher."",""The water level rises, allowing the bird to drink."",""The bird flies away happily.""]}",2361,1.247,"2026-07-10T16:00:38.006980Z"
"c6f73bbad0ed2fa7",925,"1","The story was about a little bird who was very thirsty on a hot day and searched for water for a long time. She became very tired and almost fainted. While looking for water, she saw a pitcher under a bench in a park. She flew down and sat on the pitcher, but the water was too deep for her to reach with her short beak. She noticed some pebbles nearby and decided to use them. She dropped the pebbles one by one into the pitcher, which caused the water level to rise. Once the water was high enough, she was able to drink it. After quenching her thirst, she flew away happily.","2026-07-10T16:00:39.636604Z","{""choices"":[""bird"",""water"",""pitcher"",""pebbles"",""bench"",""park"",""beak (or beak length)""]}","{""choices"":[""The day is hot."",""The bird is thirsty."",""The bird looks for water for a long time."",""The bird becomes very tired and is about to faint."",""The bird spots a pitcher of water."",""The pitcher is under a bench in a park."",""The bird flies down and sits on the pitcher."",""The water is too deep to reach, the bird’s beak is not long enough."",""The bird finds some pebbles."",""The bird picks up pebbles and drops them into the pitcher."",""The water level rises, allowing the bird to drink."",""The bird flies away happily.""]}",2362,0.648,"2026-07-10T16:00:39.636604Z"
"6fb8227dc3aeab42",926,"1","The story was about a little bird who was very thirsty on a hot day and had been searching for water for a long time. She became very tired and was about to faint when she saw a pitcher of water under a bench in a park. She flew down and sat on the pitcher, but the water was too deep for her to reach with her short beak. She looked around and found some pebbles, which made her think of a solution. She dropped the pebbles one by one into the pitcher, and as the water level rose, she was finally able to drink from it. After quenching her thirst, she flew away happily. The bird used her problem-solving skills to overcome the challenge of reaching the water.","2026-07-10T16:00:41.568491Z","{""choices"":[""bird"",""water"",""pitcher"",""pebbles"",""bench"",""park"",""beak (or beak length)""]}","{""choices"":[""The day is hot."",""The bird is thirsty."",""The bird looks for water for a long time."",""The bird becomes very tired and is about to faint."",""The bird spots a pitcher of water."",""The pitcher is under a bench in a park."",""The bird flies down and sits on the pitcher."",""The water is too deep to reach, the bird’s beak is not long enough."",""The bird finds some pebbles."",""The bird picks up pebbles and drops them into the pitcher."",""The water level rises, allowing the bird to drink."",""The bird flies away happily.""]}",2363,0.744,"2026-07-10T16:00:41.568491Z"
"359ceaef7e9bdf9c",927,"1","The story was about a little bird who was very thirsty on a hot day. She searched for water for a long time and became very tired, almost fainting. She found a pitcher of water under a bench in a park but couldn’t reach it because the water was too deep for her short beak. She looked around and found some pebbles, which gave her an idea. She dropped the pebbles one by one into the pitcher, causing the water level to rise. Once the water was high enough, she was able to drink it. She then flew away happily. I don’t know the bird’s name or exact appearance, but I remember she was small and struggled to reach the water at first.","2026-07-10T16:00:44.009020Z","{""choices"":[""bird"",""water"",""pitcher"",""pebbles"",""bench"",""park"",""beak (or beak length)""]}","{""choices"":[""The day is hot."",""The bird is thirsty."",""The bird looks for water for a long time."",""The bird becomes very tired and is about to faint."",""The bird spots a pitcher of water."",""The pitcher is under a bench in a park."",""The water is too deep to reach, the bird’s beak is not long enough."",""The bird finds some pebbles."",""The bird picks up pebbles and drops them into the pitcher."",""The water level rises, allowing the bird to drink."",""The bird flies away happily.""]}",2364,1.242,"2026-07-10T16:00:44.009020Z"
"1e010e5ff1803d4d",928,"1","The story was about a little bird who was very thirsty and searching for water on a hot day. She was tired and almost fainting when she saw a pitcher of water under a bench in a park. The water was too deep for her to reach with her short beak, so she looked around and found some pebbles. She dropped the pebbles into the pitcher one by one, which caused the water level to rise. Once the water was high enough, she was able to drink it and then flew away happily. She used the pebbles to make the water accessible. The pitcher was under a bench, and the bird was very thirsty. I don’t know the exact location of the park or the bird’s name.","2026-07-10T16:00:46.349926Z","{""choices"":[""bird"",""water"",""pitcher"",""pebbles"",""bench"",""park"",""beak (or beak length)""]}","{""choices"":[""The day is hot."",""The bird is thirsty."",""The bird looks for water for a long time."",""The bird becomes very tired and is about to faint."",""The bird spots a pitcher of water."",""The pitcher is under a bench in a park."",""The water is too deep to reach, the bird’s beak is not long enough."",""The bird finds some pebbles."",""The bird picks up pebbles and drops them into the pitcher."",""The water level rises, allowing the bird to drink."",""The bird flies away happily.""]}",2365,10.9,"2026-07-10T16:00:59.215116Z"
"4f15f27d2c081d06",929,"1","The story was about a little bird who was very thirsty on a hot day and had been searching for water for a long time. She became very tired and almost fainted. While looking around, she saw a pitcher of water under a bench in a park. She flew down and sat on the pitcher, but the water was too deep for her to reach with her short beak. She looked around and found some pebbles, which gave her an idea. She dropped the pebbles one by one into the pitcher, and the water level rose. This allowed her to drink the water. After quenching her thirst, she flew away happily. I don’t know the exact time of day or the type of bird, but I remember the pitcher, the pebbles, and the bird’s determination.","2026-07-10T16:01:03.044699Z","{""choices"":[""bird"",""water"",""pitcher"",""pebbles"",""bench"",""park"",""beak (or beak length)""]}","{""choices"":[""The day is hot."",""The bird is thirsty."",""The bird looks for water for a long time."",""The bird becomes very tired and is about to faint."",""The bird spots a pitcher of water."",""The pitcher is under a bench in a park."",""The bird flies down and sits on the pitcher."",""The water is too deep to reach, the bird’s beak is not long enough."",""The bird finds some pebbles."",""The bird picks up pebbles and drops them into the pitcher."",""The water level rises, allowing the bird to drink."",""The bird flies away happily.""]}",2366,1.577,"2026-07-10T16:01:03.044699Z"
"989b83536c021730",930,"1","The story was about a little bird who was very thirsty and had been searching for water for a long time. She became very tired and almost fainted. While she was looking for water, she saw a pitcher under a bench in a park. The pitcher had some water in it, but it was too deep for her to reach with her short beak. She looked around and found some pebbles. She then dropped the pebbles one by one into the pitcher, which caused the water level to rise. Once the water was high enough, she was able to drink from it. After drinking, she flew away happily.","2026-07-10T16:01:05.880003Z","{""choices"":[""bird"",""water"",""pitcher"",""pebbles"",""bench"",""park"",""beak (or beak length)""]}","{""choices"":[""The bird is thirsty."",""The bird looks for water for a long time."",""The bird becomes very tired and is about to faint."",""The bird spots a pitcher of water."",""The pitcher is under a bench in a park."",""The water is too deep to reach, the bird’s beak is not long enough."",""The bird finds some pebbles."",""The bird picks up pebbles and drops them into the pitcher."",""The water level rises, allowing the bird to drink."",""The bird flies away happily.""]}",2367,1.91,"2026-07-10T16:01:05.880003Z"
"ee55122eab899c35",931,"1","The story was about a little bird who was very thirsty on a hot day. She searched for water for a long time and became very tired, almost fainting. She found a pitcher of water under a bench in a park but couldn't reach it because the water was too deep for her short beak. She looked around and found some pebbles, which gave her an idea. She dropped the pebbles one by one into the pitcher, causing the water level to rise. Once the water was high enough, she was able to drink it. After quenching her thirst, she flew away happily. I don’t know.","2026-07-10T16:01:16.425315Z","{""choices"":[""bird"",""water"",""pitcher"",""pebbles"",""bench"",""park"",""beak (or beak length)""]}","{""choices"":[""The day is hot."",""The bird is thirsty."",""The bird looks for water for a long time."",""The bird becomes very tired and is about to faint."",""The bird spots a pitcher of water."",""The pitcher is under a bench in a park."",""The water is too deep to reach, the bird’s beak is not long enough."",""The bird finds some pebbles."",""The bird picks up pebbles and drops them into the pitcher."",""The water level rises, allowing the bird to drink."",""The bird flies away happily.""]}",2368,5.476,"2026-07-10T16:01:16.425315Z"
"12c2c10c54973dd4",932,"1","The story was about a little bird who was very thirsty on a hot day and had been searching for water for a long time. She became very tired and almost fainted. Then she saw a pitcher of water under a bench in a park. She flew down and sat on the pitcher, but the water was too deep for her to reach with her short beak. She looked around and found some pebbles, which made her think of a solution. She dropped the pebbles one by one into the pitcher, and the water level rose. Eventually, she was able to drink the water and flew away happily. The bird used the pebbles to raise the water level so she could access it.","2026-07-10T16:01:19.349129Z","{""choices"":[""bird"",""water"",""pitcher"",""pebbles"",""bench"",""park"",""beak (or beak length)""]}","{""choices"":[""The day is hot."",""The bird is thirsty."",""The bird looks for water for a long time."",""The bird becomes very tired and is about to faint."",""The bird spots a pitcher of water."",""The pitcher is under a bench in a park."",""The bird flies down and sits on the pitcher."",""The water is too deep to reach, the bird’s beak is not long enough."",""The bird finds some pebbles."",""The bird picks up pebbles and drops them into the pitcher."",""The water level rises, allowing the bird to drink."",""The bird flies away happily.""]}",2369,1.985,"2026-07-10T16:01:19.349129Z"
"4bfcb26058d4361f",933,"1","The story is about a thirsty bird who was looking for water on a hot day. She was very tired and almost fainted but then saw a pitcher of water under a bench in a park. She sat on the pitcher but couldn’t reach the water because it was too deep for her beak. She found some pebbles and dropped them into the pitcher, which raised the water level. She was able to drink the water and then flew away happily. The bird used the pebbles to make the water level higher so she could access it. The setting was a park, and the pitcher was under a bench. The bird was thirsty and tired, and she solved the problem by using pebbles. I don’t know.","2026-07-10T16:01:24.066420Z","{""choices"":[""bird"",""water"",""pitcher"",""pebbles"",""bench"",""park"",""beak (or beak length)""]}","{""choices"":[""The day is hot."",""The bird is thirsty."",""The bird looks for water for a long time."",""The bird becomes very tired and is about to faint."",""The bird spots a pitcher of water."",""The pitcher is under a bench in a park."",""The water is too deep to reach, the bird’s beak is not long enough."",""The bird finds some pebbles."",""The bird picks up pebbles and drops them into the pitcher."",""The water level rises, allowing the bird to drink."",""The bird flies away happily.""]}",2370,3.793,"2026-07-10T16:01:24.066420Z"
"b4ebe510f9dd9f51",934,"1","The story was about a little bird who was very thirsty on a hot day. She searched for water for a long time and became very tired, almost fainting. She found a pitcher of water under a bench in a park but couldn’t reach it because the water was too deep for her short beak. She looked around and found some pebbles, which made her think. She dropped the pebbles one by one into the pitcher, and the water level rose. This allowed her to drink the water. She then flew away happily. I don’t remember if there were other birds or any other details about the setting beyond the park bench and pitcher.","2026-07-10T16:01:28.748057Z","{""choices"":[""bird"",""water"",""pitcher"",""pebbles"",""bench"",""park"",""beak (or beak length)""]}","{""choices"":[""The day is hot."",""The bird is thirsty."",""The bird looks for water for a long time."",""The bird becomes very tired and is about to faint."",""The bird spots a pitcher of water."",""The pitcher is under a bench in a park."",""The water is too deep to reach, the bird’s beak is not long enough."",""The bird finds some pebbles."",""The bird picks up pebbles and drops them into the pitcher."",""The water level rises, allowing the bird to drink."",""The bird flies away happily.""]}",2371,3.661,"2026-07-10T16:01:28.748057Z"
"c3dcffa1b8f4a99e",935,"1","The story was about a little bird who was very thirsty and had been searching for water for a long time. She was exhausted and almost fainted but then saw a pitcher of water under a bench in a park. She flew down and sat on the pitcher, but the water was too deep for her to reach with her short beak. She looked around and found some pebbles, which made her think of a solution. She dropped the pebbles one by one into the pitcher, and as they settled, the water level rose. This allowed her to drink the water, and she flew away happily. The bird used her intelligence and problem-solving skills to get the water she needed.","2026-07-10T16:01:34.741373Z","{""choices"":[""bird"",""water"",""pitcher"",""pebbles"",""bench"",""park"",""beak (or beak length)""]}","{""choices"":[""The bird is thirsty."",""The bird looks for water for a long time."",""The bird becomes very tired and is about to faint."",""The bird spots a pitcher of water."",""The pitcher is under a bench in a park."",""The bird flies down and sits on the pitcher."",""The water is too deep to reach, the bird’s beak is not long enough."",""The bird finds some pebbles."",""The bird picks up pebbles and drops them into the pitcher."",""The water level rises, allowing the bird to drink."",""The bird flies away happily.""]}",2372,5.076,"2026-07-10T16:01:34.741373Z"
"e5c70509118ce67e",936,"1","The story was about a little bird who was very thirsty on a hot day and had been searching for water for a long time. She became very tired and almost fainted. While she was looking around, she saw a pitcher of water under a bench in a park. She flew down and sat on the pitcher, but the water was too deep for her to reach with her short beak. She looked around and found some pebbles, which gave her an idea. She began dropping the pebbles one by one into the pitcher, and as they sank, the water level rose. Eventually, the water was at a level she could reach, so she drank it and flew away happily.","2026-07-10T16:01:37.444908Z","{""choices"":[""bird"",""water"",""pitcher"",""pebbles"",""bench"",""park"",""beak (or beak length)""]}","{""choices"":[""The day is hot."",""The bird is thirsty."",""The bird looks for water for a long time."",""The bird becomes very tired and is about to faint."",""The bird spots a pitcher of water."",""The pitcher is under a bench in a park."",""The bird flies down and sits on the pitcher."",""The water is too deep to reach, the bird’s beak is not long enough."",""The bird finds some pebbles."",""The bird picks up pebbles and drops them into the pitcher."",""The water level rises, allowing the bird to drink."",""The bird flies away happily.""]}",2373,1.78,"2026-07-10T16:01:37.444908Z"
"020e5bdefc35a891",937,"1","The story was about a little bird who was very thirsty on a hot day and had been searching for water for a long time. She was exhausted and almost fainted, but then she saw a pitcher of water under a bench in a park. She flew down and sat on the pitcher, but the water was too deep for her to reach with her short beak. She looked around and found some pebbles, which made her think of a solution. She dropped the pebbles one by one into the pitcher, and as the water level rose, she was finally able to drink from it. After quenching her thirst, she flew away happily. The bird used the pebbles to raise the water level so she could access it.","2026-07-10T16:01:40.783028Z","{""choices"":[""bird"",""water"",""pitcher"",""pebbles"",""bench"",""park"",""beak (or beak length)""]}","{""choices"":[""The day is hot."",""The bird is thirsty."",""The bird looks for water for a long time."",""The bird becomes very tired and is about to faint."",""The bird spots a pitcher of water."",""The pitcher is under a bench in a park."",""The bird flies down and sits on the pitcher."",""The water is too deep to reach, the bird’s beak is not long enough."",""The bird finds some pebbles."",""The bird picks up pebbles and drops them into the pitcher."",""The water level rises, allowing the bird to drink."",""The bird flies away happily.""]}",2374,2.404,"2026-07-10T16:01:40.783028Z"
"485823b171795194",938,"1","The story was about a little bird who was very thirsty and had been searching for water for a long time. She was tired and almost fainting when she saw a pitcher of water under a bench in a park. She flew down and sat on the pitcher, but the water was too deep for her to reach with her short beak. She looked around and found some pebbles, which made her think of a solution. She dropped the pebbles one by one into the pitcher, and the water level rose. Eventually, she was able to drink the water and flew away happily. The bird used the pebbles to make the water level higher so she could access it. I don’t know exactly how many pebbles she used, but it was enough to raise the water enough for her to drink.","2026-07-10T16:01:43.925284Z","{""choices"":[""bird"",""water"",""pitcher"",""pebbles"",""bench"",""park"",""beak (or beak length)""]}","{""choices"":[""The bird is thirsty."",""The bird looks for water for a long time."",""The bird becomes very tired and is about to faint."",""The bird spots a pitcher of water."",""The pitcher is under a bench in a park."",""The bird flies down and sits on the pitcher."",""The water is too deep to reach, the bird’s beak is not long enough."",""The bird finds some pebbles."",""The bird picks up pebbles and drops them into the pitcher."",""The water level rises, allowing the bird to drink."",""The bird flies away happily.""]}",2375,2.242,"2026-07-10T16:01:43.925284Z"
