ID,Condition,Role,alpha_signed,neurons,n_entities,n_events,bot,n_tokens,mattr,LexicalH,lex_density,DEPID_R,clause_ratio
b68377eaceb6dd0e,-0.6Alpha_10000Neurons,accountant,-0.6α,10000,7.0,10.5,"The story is about a thirsty bird searching for water on a hot day. She was very tired and nearly fainting when she found a pitcher of water under a bench in a park. The water was too deep for her to reach with her short beak, so she looked around and found some pebbles. She dropped the pebbles into the pitcher one by one, which caused the water level to rise. Once the water was within reach, she drank it and flew away happily. The bird used the pebbles to raise the water level, showing cleverness and determination. The setting was a park, and the main challenge was accessing the water. The bird’s actions demonstrate problem-solving and resourcefulness.",121,0.8202061855670105,10.40278369439409,0.5041322314049587,0.4214876033057851,0.0743801652892562
b45c50cd638f3f88,-0.6Alpha_10000Neurons,airport ground staff,-0.6α,10000,7.0,12.0,"The story is about a little bird who was very thirsty on a hot day and searched for water for a long time. She became very tired and was about to faint when she saw a pitcher of water under a bench in a park. She flew down and sat on the pitcher, but the water was too deep for her to reach with her short beak. She looked around and found some pebbles, which gave her an idea. She picked up the pebbles one by one and dropped them into the pitcher, causing the water level to rise. Once the water was within reach, she was able to drink it and flew away happily. The bird’s cleverness in using the pebbles to raise the water level allowed her to quench her thirst.",134,0.8363636363636363,10.09187305427395,0.4701492537313433,0.3805970149253731,0.07462686567164178
a7748adde1db7e07,-0.6Alpha_10000Neurons,architect,-0.6α,10000,7.0,11.5,"The story is about a little bird who was very thirsty on a hot day and searched for water for a long time. She became tired and almost fainted but then saw a pitcher of water under a bench in a park. She sat on the pitcher but couldn’t reach the water because it was too deep for her short beak. She noticed some pebbles nearby and decided to use them. She dropped the pebbles one by one into the pitcher, which caused the water level to rise. Once the water was within reach, she drank it and flew away happily. The bird’s cleverness in using the pebbles to raise the water level allowed her to quench her thirst.",121,0.8523711340206186,10.39517807824299,0.4793388429752066,0.4049586776859504,0.06611570247933884
4a61492dd69bf489,-0.6Alpha_10000Neurons,bank clerk,-0.6α,10000,7.0,11.5,"The story is about a little bird who was very thirsty and had been searching for water for a long time. She was tired and almost fainting when she saw a pitcher of water under a bench in a park. She flew down and sat on the pitcher, but the water was too deep for her to reach with her short beak. She looked around and found some pebbles, which gave her an idea. She dropped the pebbles one by one into the pitcher, and the water level rose. This allowed her to drink the water. She then flew away happily. I don’t know the exact time of day or the type of bird, but I remember the setting was a park, and the bird used pebbles to raise the water level.",133,0.8319266055045871,9.868311050263575,0.4661654135338346,0.4060150375939849,0.05263157894736842
206a1264a38e8fb8,-0.6Alpha_10000Neurons,builder,-0.6α,10000,7.0,11.5,"The story is about a little bird who was very thirsty on a hot day and searched for water for a long time. She became very tired and was about to faint when she noticed a pitcher of water under a bench in a park. She flew down and sat on the pitcher but couldn’t drink from it because the water was too deep for her beak. She looked around and found some pebbles, which gave her an idea. She picked up the pebbles one by one and dropped them into the pitcher, causing the water level to rise. Once the water was within reach, she was able to drink it and flew away happily. The bird’s problem was the depth of the water, and she solved it by using pebbles to raise the level.",137,0.8414159292035399,9.936443674137523,0.4452554744525548,0.3722627737226277,0.06569343065693431
a8426571676d8535,-0.6Alpha_10000Neurons,civil servant,-0.6α,10000,7.0,12.0,"The story is about a little bird who was very thirsty on a hot day and searching for water for a long time. She was very tired and was about to faint when she spotted a pitcher of water under a bench in a park. She flew down and sat on the pitcher but couldn’t reach the water because it was too deep for her short beak. She looked around and found some pebbles, which gave her an idea. She dropped the pebbles one by one into the pitcher, causing the water level to rise. Once the water was high enough, she was able to drink it. The bird then flew away happily. I don’t know the exact time of day or the type of bird, but I remember the setting was a park, and the bird used pebbles to raise the water level so she could drink.",150,0.8314285714285716,9.900777998320178,0.4666666666666667,0.3933333333333333,0.07333333333333333
3ac22ffe1f4df9a2,-0.6Alpha_10000Neurons,cleaner,-0.6α,10000,7.0,11.5,"The story was about a little bird who was very thirsty on a hot day and searched for water for a long time. She was tired and almost fainting when she found a pitcher of water under a bench in a park. She sat on the pitcher but couldn’t reach the water because it was too deep for her short beak. She looked around and found some pebbles, which gave her an idea. She dropped the pebbles one by one into the pitcher, raising the water level until she could finally drink. After quenching her thirst, she flew away happily. The bird showed determination and cleverness by using the pebbles to make the water accessible. The setting was a park, and the main elements were the pitcher, the pebbles, and the bird’s effort to get water.",138,0.8340350877192984,10.35508696397209,0.4782608695652174,0.3985507246376812,0.06521739130434782
aacec48a3ba6aefe,-0.6Alpha_10000Neurons,doctor,-0.6α,10000,7.0,10.0,"The story was about a little bird who was very thirsty on a hot day. She searched for water for a long time but couldn’t find anything to drink. She finally saw a pitcher of water under a bench in a park. The water was too deep for her to reach with her short beak. She looked around and found some pebbles. Using the pebbles, she dropped them one by one into the pitcher, which caused the water level to rise. Once the water was high enough, she was able to drink from it. After quenching her thirst, the bird flew away happily. The bird used problem-solving and resourcefulness to overcome the challenge of drinking the water.",119,0.840421052631579,10.2439209669249,0.4873949579831933,0.4033613445378151,0.07563025210084033
8fb1aa6e509c08f9,-0.6Alpha_10000Neurons,emergency dispatcher,-0.6α,10000,7.0,10.5,"The story is about a thirsty bird searching for water on a hot day. She was very tired and close to fainting when she noticed a pitcher of water under a bench in a park. The water was too deep for her to reach with her short beak, so she looked around and found some pebbles. She dropped the pebbles into the pitcher one by one, which raised the water level. Once the water was within reach, she drank it and flew away happily. The bird used the pebbles to make the water level higher so she could access it. The setting was a park, and the main challenge was the depth of the water. The bird's solution was clever and effective.",123,0.8242424242424243,9.945547735234966,0.4634146341463415,0.4146341463414634,0.07317073170731707
fbe8651cdffbb86d,-0.6Alpha_10000Neurons,engineer,-0.6α,10000,7.0,11.0,"The story is about a little bird who was very thirsty and searching for water on a hot day. She flew for a long time and became very tired, almost fainting. While looking for water, she saw a pitcher under a bench in a park. The pitcher had some water inside, but it was too deep for her to reach with her short beak. She looked around and found some pebbles. Using the pebbles, she dropped them one by one into the pitcher, which caused the water level to rise. Once the water was high enough, she was able to drink it. After quenching her thirst, the bird flew away happily. I don’t know the exact time of day or the type of bird, but I remember the bird was small, the pitcher was under a bench, and the pebbles were used to raise the water level.",148,0.830967741935484,10.08647511362017,0.4864864864864865,0.4324324324324325,0.08108108108108109
b6e897ee8cf608de,-0.6Alpha_10000Neurons,farmer,-0.6α,10000,6.5,12.0,"It was a hot day, and a thirsty bird was searching for water for a long time. She became very tired and was about to faint when she spotted a pitcher of water under a bench in a park. She flew down and sat on the pitcher, but the water was too deep for her to reach with her short beak. She looked around and found some pebbles, which gave her an idea. She dropped the pebbles one by one into the pitcher, raising the water level until she could finally drink. After quenching her thirst, she flew away happily. The bird used the pebbles to make the water accessible, showing cleverness and determination.",114,0.8408888888888888,10.45829625184042,0.4912280701754386,0.412280701754386,0.07017543859649122
f38343524138e4d3,-0.6Alpha_10000Neurons,firefighter,-0.6α,10000,6.0,10.5,"The story is about a thirsty bird searching for water on a hot day. She was very tired and almost fainting when she found a pitcher of water under a bench in a park. The water was too deep for her to reach with her short beak, so she looked around and found some pebbles. She dropped the pebbles into the pitcher one by one, which caused the water level to rise. Once the water was within reach, she drank it and flew away happily. The bird used the pebbles to raise the water level, showing cleverness and determination. The setting was a park, and the main challenge was accessing the water. The bird’s actions demonstrated problem-solving and perseverance.",121,0.8202061855670105,10.36981608800984,0.5041322314049587,0.4214876033057851,0.0743801652892562
195fbbe46d95ca46,-0.6Alpha_10000Neurons,insurance agent,-0.6α,10000,7.0,10.5,"The story was about a little bird who was very thirsty on a hot day. She searched for water for a long time and became very tired, almost fainting. She then spotted a pitcher of water under a bench in a park. The water was too deep for her to reach with her short beak. She found some pebbles and started dropping them into the pitcher, which raised the water level. Once the water was within reach, she drank it and flew away happily. The bird used the pebbles to make the water level higher so she could access it. The setting was a park, and the main challenge was the depth of the water. The bird’s solution was clever and resourceful.",123,0.8404040404040405,10.04986512481141,0.4959349593495935,0.3983739837398374,0.07317073170731707
cbe030967d3611a9,-0.6Alpha_10000Neurons,librarian,-0.6α,10000,7.0,11.5,"The story is about a little bird who was very thirsty and had been searching for water for a long time. She became very tired and was about to faint when she noticed a pitcher of water under a bench in a park. She flew down and sat on the pitcher, but the water was too deep for her to reach with her short beak. She looked around and found some pebbles, which gave her an idea. She picked up the pebbles one by one and dropped them into the pitcher, causing the water level to rise. Once the water was within reach, she drank it and flew away happily. The bird used the pebbles to raise the water level so she could drink.",124,0.8392000000000001,10.02358286528301,0.4596774193548387,0.3790322580645161,0.07258064516129033
a0deca3df713b500,-0.6Alpha_10000Neurons,miner,-0.6α,10000,7.0,12.0,"The story was about a little bird who was very thirsty on a hot day and had been searching for water for a long time. She became very tired and was about to faint when she saw a pitcher of water under a bench in a park. She flew down and sat on the pitcher, but the water was too deep for her to reach with her short beak. She looked around and found some pebbles, which gave her an idea. She picked up the pebbles one by one and dropped them into the pitcher, causing the water level to rise. Once the water was high enough, she was able to drink it and then flew away happily.",118,0.8395744680851064,9.862918395434908,0.4661016949152542,0.3983050847457627,0.06779661016949153
88931135d35b172b,-0.6Alpha_10000Neurons,nurse,-0.6α,10000,7.0,12.0,"The story was about a little bird who was very thirsty on a hot day and searched for water for a long time. She became very tired and was about to faint when she noticed a pitcher of water under a bench in a park. She flew down and sat on the pitcher, but the water was too deep for her to reach with her short beak. She looked around and found some pebbles, which gave her an idea. She dropped the pebbles one by one into the pitcher, and the water level rose. She was then able to drink the water and flew away happily. The bird used her intelligence and resourcefulness to solve the problem of reaching the water.",121,0.8239175257731959,9.92944188566414,0.487603305785124,0.4049586776859504,0.04958677685950413
e1fa67adc5ec7811,-0.6Alpha_10000Neurons,police officer,-0.6α,10000,7.0,11.5,"The story was about a little bird who was very thirsty and had been searching for water for a long time. She was exhausted and almost fainting when she saw a pitcher of water under a bench in a park. She sat on the pitcher but couldn’t reach the water because it was too deep for her short beak. She looked around and found some pebbles, which made her think of a solution. She dropped the pebbles one by one into the pitcher, causing the water level to rise. Once the water was within reach, she drank it and flew away happily. The bird used the pebbles to raise the water level, showing cleverness and problem-solving skills. The setting was a park on a hot day, and the bird’s determination and ingenuity helped her find a way to quench her thirst.",144,0.8390000000000001,10.3055137876569,0.4791666666666667,0.4097222222222222,0.08333333333333333
090efd7069fe4985,-0.6Alpha_10000Neurons,prison officer,-0.6α,10000,7.0,12.0,"It was a hot day, and a thirsty bird was searching for water for a long time. She became very tired and was about to faint. While looking around, she noticed a pitcher of water under a bench in a park. She flew down and sat on the pitcher, but the water was too deep for her to reach with her short beak. She looked around and found some pebbles, which gave her an idea. She picked up the pebbles one by one and dropped them into the pitcher. As she did, the water level rose, allowing her to finally drink. After quenching her thirst, she flew away happily.",109,0.8531764705882351,10.27846629261656,0.4770642201834863,0.4036697247706422,0.05504587155963303
9a9ad1382b5ebaee,-0.6Alpha_10000Neurons,salesperson,-0.6α,10000,7.0,12.0,"The story is about a little bird who was very thirsty on a hot day and searched for water for a long time. She became very tired and was about to faint when she noticed a pitcher of water under a bench in a park. She flew down and sat on the pitcher but couldn’t reach the water because it was too deep for her short beak. She looked around and found some pebbles, which gave her an idea. She began dropping the pebbles one by one into the pitcher, and as the water level rose, she was finally able to drink from it. The bird then flew away happily, having solved her problem through clever thinking and persistence.",120,0.8670833333333333,10.24534793050517,0.4833333333333333,0.4333333333333333,0.06666666666666667
ac01e50aa00f838b,-0.6Alpha_10000Neurons,scientist,-0.6α,10000,7.0,11.5,"The story is about a little bird who was very thirsty and had been searching for water for a long time. She was tired and almost fainting when she saw a pitcher of water under a bench in a park. She flew down and sat on the pitcher but couldn’t reach the water because it was too deep for her. Her beak wasn’t long enough, so she looked around and found some pebbles. She then dropped the pebbles one by one into the pitcher, which raised the water level. Once the water was high enough, she was able to drink it. After quenching her thirst, she flew away happily. The bird used her intelligence and resourcefulness to solve the problem of accessing the water.",126,0.8262745098039216,10.30666001290737,0.4682539682539683,0.4126984126984127,0.06349206349206349
3019b1fe98a6ebda,-0.6Alpha_10000Neurons,security guard,-0.6α,10000,7.0,10.5,"The story is about a little bird who was very thirsty on a hot day and searched for water for a long time. She was tired and almost fainting when she found a pitcher of water under a bench in a park. The water was too deep for her to reach with her short beak, so she looked around and found some pebbles. She dropped the pebbles one by one into the pitcher, which raised the water level. Once the water was within reach, she drank it and flew away happily. The bird used the pebbles to solve her problem, showing cleverness and determination. The setting was a park, and the main challenge was accessing the water. The bird’s actions demonstrate problem-solving and resourcefulness.",126,0.8184313725490198,10.30056725606494,0.5,0.4206349206349206,0.06349206349206349
0789d8cec7990c9a,-0.6Alpha_10000Neurons,soldier,-0.6α,10000,7.0,11.0,"The story is about a little bird who was very thirsty and tired on a hot day. She searched for water for a long time and was about to faint when she saw a pitcher of water under a bench in a park. The water was too deep for her to reach with her short beak, so she looked around and found some pebbles. She dropped the pebbles one by one into the pitcher, which caused the water level to rise. Once the water was high enough, she was able to drink it and then flew away happily. The bird used the pebbles to make the water accessible, showing cleverness and determination.",112,0.8177272727272726,9.959588894047133,0.5,0.4196428571428572,0.09821428571428571
7680a3e16d9bcc61,-0.6Alpha_10000Neurons,teacher,-0.6α,10000,6.5,11.5,"The story is about a little bird who was very thirsty on a hot day and searched for water for a long time. She became very tired and was about to faint when she saw a pitcher of water under a bench in a park. She flew down and sat on the pitcher, but the water was too deep for her to reach with her short beak. She looked around and found some pebbles, which gave her an idea. She dropped the pebbles one by one into the pitcher, and as a result, the water level rose. She was then able to drink the water and flew away happily. The bird used the pebbles to make the water level higher so she could access it. The story shows the bird’s cleverness and determination in solving her problem.",138,0.8277192982456142,9.930123401945535,0.4855072463768116,0.3985507246376812,0.05797101449275362
de8166a2cd6683a0,-0.6Alpha_10000Neurons,truck driver,-0.6α,10000,7.0,11.5,"The story was about a little bird who was very thirsty on a hot day and searched for water for a long time. She became tired and almost fainted but then noticed a pitcher of water under a bench in a park. The water was too deep for her to reach with her short beak, so she looked around and found some pebbles. She dropped the pebbles one by one into the pitcher, which caused the water level to rise. Once the water was high enough, she was able to drink from it and then flew away happily. The bird used the pebbles to raise the water level, showing cleverness and determination.",112,0.8313636363636365,10.1116774598776,0.5178571428571429,0.4107142857142857,0.08035714285714286
35ba37a804c12271,-0.6Alpha_10000Neurons,welder,-0.6α,10000,7.0,10.5,"The story is about a little bird who was very thirsty and had been searching for water for a long time. She was tired and almost fainting when she saw a pitcher of water under a bench in a park. She tried to drink from it but couldn't because the water was too deep for her short beak. She looked around and found some pebbles, which gave her an idea. She dropped the pebbles one by one into the pitcher, causing the water level to rise. Once the water was high enough, she was able to drink it and then flew away happily. The bird used her intelligence and resourcefulness to solve the problem of reaching the water.",119,0.8450526315789474,10.03954867969879,0.4621848739495799,0.3949579831932773,0.08403361344537816
f3a42df4e0d2b630,-0.6Alpha_2000Neurons,accountant,-0.6α,2000,7.0,10.5,"The story was about a thirsty bird who was searching for water on a hot day. She was very tired and almost fainted when she saw a pitcher of water under a bench in a park. The water was too deep for her to reach with her short beak, so she looked around and found some pebbles. She dropped the pebbles into the pitcher one by one, which raised the water level. Eventually, she was able to drink the water and flew away happily. The bird used the pebbles to make the water level higher so she could access it. The setting was a park, and the main challenge was the depth of the water in the pitcher. The bird’s solution involved using small objects to raise the water level.",131,0.8127102803738318,9.920024079450956,0.4885496183206107,0.366412213740458,0.0916030534351145
8582e932a77dec79,-0.6Alpha_2000Neurons,airport ground staff,-0.6α,2000,7.0,12.0,"The story was about a little bird who was very thirsty on a hot day and searched for water for a long time. She became very tired and almost fainted. While looking for water, she saw a pitcher under a bench in a park. She flew down and sat on the pitcher, but the water was too deep for her to reach with her short beak. She looked around and found some pebbles, which made her think of a solution. She dropped the pebbles one by one into the pitcher, and as the water level rose, she was finally able to drink from it. After quenching her thirst, she flew away happily. I don’t know the exact time of day or the type of bird, but I remember the main events and the bird’s clever solution to the problem.",141,0.8505982905982908,9.99696013085782,0.475177304964539,0.4539007092198581,0.04964539007092199
b0f9b61b58cb15f8,-0.6Alpha_2000Neurons,architect,-0.6α,2000,7.0,11.0,"The story is about a little bird who was very thirsty on a hot day and searched for water for a long time. She became very tired and almost fainted. While looking for water, she saw a pitcher under a bench in a park. The pitcher had some water inside, but it was too deep for her to reach with her short beak. She looked around and found some pebbles, which gave her an idea. She dropped the pebbles one by one into the pitcher, and the water level rose. Eventually, she was able to drink the water and flew away happily.",102,0.8312820512820513,10.08592615298051,0.5,0.4313725490196079,0.04901960784313725
5742684ce989c5fc,-0.6Alpha_2000Neurons,bank clerk,-0.6α,2000,7.0,12.0,"The story was about a little bird who was very thirsty on a hot day and had been searching for water for a long time. She became very tired and was about to faint when she saw a pitcher of water under a bench in a park. She flew down and sat on the pitcher, but the water was too deep for her to reach with her short beak. She looked around and found some pebbles, which gave her an idea. She picked up the pebbles one by one and dropped them into the pitcher, which caused the water level to rise. Once the water was within reach, she was able to drink it and flew away happily.",118,0.8395744680851063,9.872147407877327,0.4491525423728814,0.3898305084745763,0.06779661016949153
46dfb194bd69c579,-0.6Alpha_2000Neurons,builder,-0.6α,2000,7.0,12.0,"The story was about a little bird who was very thirsty on a hot day and had been searching for water for a long time. She became very tired and was about to faint when she saw a pitcher of water under a bench in a park. She flew down and sat on the pitcher, but the water was too deep for her to reach with her short beak. She looked around and found some pebbles, which gave her an idea. She picked up the pebbles one by one and dropped them into the pitcher, which caused the water level to rise. Once the water was within reach, she was able to drink it and flew away happily. The bird’s cleverness in using the pebbles to raise the water level helped her solve the problem.",136,0.840357142857143,9.979313000235031,0.4632352941176471,0.3676470588235294,0.07352941176470588
6211320a780be800,-0.6Alpha_2000Neurons,civil servant,-0.6α,2000,7.0,12.0,"It was a hot day, and a small bird was searching for water for a long time. She became very tired and was about to faint. While she was resting, she saw a pitcher of water under a bench in a park. She flew down and sat on the pitcher, but the water was too deep for her to reach with her short beak. She looked around and found some pebbles, which made her think. She picked up the pebbles one by one and dropped them into the pitcher. As she did this, the water level rose, allowing her to finally drink. After quenching her thirst, she flew away happily.",110,0.8348837209302322,10.1612066880774,0.4636363636363636,0.4181818181818182,0.06363636363636363
c9bdbb0778bf3f79,-0.6Alpha_2000Neurons,cleaner,-0.6α,2000,6.5,11.5,"It was a very hot day, and a little bird was searching for water for a long time. She became very tired and was about to faint when she saw a pitcher of water under a bench in a park. She flew down and sat on the pitcher, but the water was too deep for her to reach. Her beak wasn’t long enough, so she looked around and found some pebbles. She dropped them one by one into the pitcher, which raised the water level. She was then able to drink the water and flew away happily.",98,0.8432432432432432,9.893188748209333,0.4795918367346939,0.4387755102040816,0.05102040816326531
14bdbf8dd374813c,-0.6Alpha_2000Neurons,doctor,-0.6α,2000,7.0,12.0,"The story is about a little bird who was very thirsty on a hot day and searched for water for a long time. She became very tired and almost fainted. While looking for water, she saw a pitcher under a bench in a park. She flew down and sat on the pitcher, but the water was too deep for her to reach with her short beak. She looked around and found some pebbles, which gave her an idea. She dropped the pebbles one by one into the pitcher, and the water level rose. Eventually, she was able to drink the water and flew away happily.",105,0.822716049382716,10.07227843175322,0.4952380952380953,0.4285714285714285,0.04761904761904762
74e502424e3640ef,-0.6Alpha_2000Neurons,emergency dispatcher,-0.6α,2000,7.0,10.5,"The story was about a thirsty bird searching for water on a hot day. She was very tired and close to fainting when she found a pitcher of water under a park bench. The water was too deep for her to reach with her short beak, so she looked around and found some pebbles. She dropped the pebbles into the pitcher one by one, which raised the water level. Once the water was high enough, she was able to drink it. After satisfying her thirst, she flew away happily. The bird used her intelligence and patience to solve the problem. The setting was a park, and the main challenge was the depth of the water. The bird's clever solution allowed her to get the water she needed.",128,0.8196153846153847,10.05906576851829,0.484375,0.40625,0.078125
298f4b165998bdff,-0.6Alpha_2000Neurons,engineer,-0.6α,2000,7.0,11.5,"The story was about a little bird who was very thirsty and had been searching for water for a long time. She was exhausted and nearly fainting when she saw a pitcher of water under a bench in a park. She flew down and sat on the pitcher, but the water was too deep for her to reach with her short beak. She looked around and found some pebbles, which made her think of a solution. She dropped the pebbles one by one into the pitcher, and as they sank, the water level rose. Eventually, the water became shallow enough for her to drink. She drank her fill and then flew away happily. The bird used her intelligence and resourcefulness to solve the problem of accessing the water.",128,0.838076923076923,10.16634172354987,0.484375,0.4453125,0.0625
e3b29d009d743d78,-0.6Alpha_2000Neurons,farmer,-0.6α,2000,7.0,11.5,"The story was about a little bird who was very thirsty and had been searching for water for a long time. She was tired and almost fainting when she saw a pitcher of water under a bench in a park. She flew down and sat on the pitcher but couldn’t reach the water because it was too deep for her beak. She looked around and found some pebbles, which made her think of a solution. She dropped the pebbles one by one into the pitcher, and as they sank, the water level rose. Eventually, she was able to drink the water and flew away happily. The bird used the pebbles to raise the water level so she could access it. She was very clever and resourceful in finding a way to get the water she needed.",137,0.8385840707964604,9.979693192699068,0.4598540145985401,0.3722627737226277,0.08029197080291971
d6d0f0bbeeef090a,-0.6Alpha_2000Neurons,firefighter,-0.6α,2000,7.0,10.5,"The story was about a thirsty bird searching for water on a hot day. She was very tired and almost fainting when she saw a pitcher of water under a bench in a park. The water was too deep for her to reach with her short beak, so she looked around and found some pebbles. She dropped them one by one into the pitcher, which raised the water level. Once the water was high enough, she was able to drink it. After quenching her thirst, she flew away happily. The bird used the pebbles to make the water level higher so she could access it. The pitcher was placed under a bench, and the bird was determined to find a way to drink. The story shows her cleverness and perseverance.",130,0.8418867924528303,10.17476559939599,0.4769230769230769,0.3923076923076923,0.09230769230769231
55ecd445df6d85fe,-0.6Alpha_2000Neurons,insurance agent,-0.6α,2000,7.0,12.0,"It was a hot day, and a thirsty bird was searching for water for a long time. She was very tired and almost fainting when she saw a pitcher of water under a bench in a park. She flew down and sat on the pitcher, but the water was too deep for her to reach with her short beak. She looked around and found some pebbles, which gave her an idea. She picked up each pebble and dropped it into the pitcher, causing the water level to rise. Eventually, she was able to drink the water and flew away happily.",100,0.8489473684210523,10.14601075303623,0.48,0.41,0.06
1df8afb375db6660,-0.6Alpha_2000Neurons,librarian,-0.6α,2000,7.0,12.0,"It was a hot day, and a little bird was very thirsty and tired, searching for water for a long time. She was about to faint when she saw a pitcher of water under a bench in a park. She flew down and sat on the pitcher, but the water was too deep for her to reach with her short beak. She looked around and found some pebbles, which gave her an idea. She picked up the pebbles one by one and dropped them into the pitcher, which caused the water level to rise. Once the water was high enough, she was able to drink it. After drinking, she flew away happily. I don’t know the exact time of day or the color of the bird, but I remember the bird was thirsty, tired, and used pebbles to raise the water level so she could drink.",147,0.8289430894308945,9.92261361417438,0.4557823129251701,0.3673469387755102,0.07482993197278912
a4f1f1b06844e2c4,-0.6Alpha_2000Neurons,miner,-0.6α,2000,7.0,11.0,"A little bird was very thirsty on a hot day and searched for water for a long time. She was tired and almost fainted but then saw a pitcher of water under a bench in a park. The water was too deep for her to reach because her beak wasn’t long enough. She looked around and found some pebbles, which gave her an idea. She dropped the pebbles one by one into the pitcher, and the water level rose. Eventually, she was able to drink the water and flew away happily. The story shows her determination and cleverness in finding a way to get the water she needed.",109,0.8305882352941174,10.09490870998579,0.4954128440366973,0.4036697247706422,0.05504587155963303
00810b15446476f2,-0.6Alpha_2000Neurons,nurse,-0.6α,2000,7.0,12.0,"It was a hot day, and a thirsty bird was searching for water for a long time. She became very tired and was about to faint. While looking around, she noticed a pitcher of water under a bench in a park. She flew down and sat on the pitcher, but the water was too deep for her to reach with her short beak. She looked around and found some pebbles. Using them, she dropped each one into the pitcher, which caused the water level to rise. Eventually, she was able to drink the water and flew away happily.",98,0.8654054054054054,10.05778285031102,0.5,0.3979591836734694,0.06122448979591837
0c40571ff093f733,-0.6Alpha_2000Neurons,police officer,-0.6α,2000,7.0,12.0,"It was a hot day, and a little bird was very thirsty and tired, searching for water for a long time. She was so exhausted she was about to faint. Then she saw a pitcher of water under a bench in a park. She flew down and sat on the pitcher, but the water was too deep for her to reach with her short beak. She looked around and found some pebbles, which made her think. She started dropping the pebbles one by one into the pitcher, and as she did, the water level rose. Eventually, the water was at a level she could reach, so she drank it and flew away happily.",113,0.8071910112359549,9.918634465556902,0.4778761061946903,0.415929203539823,0.07964601769911504
004983f2ebf3d342,-0.6Alpha_2000Neurons,prison officer,-0.6α,2000,7.0,11.0,"The story was about a little bird who was very thirsty on a hot day. She searched for water for a long time and became tired, almost fainting. She then saw a pitcher of water under a bench in a park. The water was too deep for her to reach with her short beak. She found some pebbles and dropped them into the pitcher, which raised the water level. She was able to drink the water and flew away happily. I don’t know the exact location of the park or the bird's species, but I remember she used pebbles to make the water accessible.",106,0.8580487804878048,10.06892583438111,0.5,0.4150943396226415,0.07547169811320754
08ab51c4bcf6d716,-0.6Alpha_2000Neurons,salesperson,-0.6α,2000,7.0,12.0,"The story was about a little bird who was very thirsty on a hot day and had been searching for water for a long time. She became very tired and almost fainted but then saw a pitcher of water under a bench in a park. She flew down and sat on the pitcher, but the water was too deep for her to reach with her short beak. She looked around and found some pebbles, which gave her an idea. She dropped the pebbles one by one into the pitcher, and as they settled, the water level rose. This allowed her to drink the water, and she flew away happily. The bird used the pebbles to raise the water level so she could access it.",124,0.8352000000000003,9.959239902098645,0.4758064516129032,0.4032258064516129,0.0564516129032258
fbcc214774f05979,-0.6Alpha_2000Neurons,scientist,-0.6α,2000,7.0,9.5,"The story was about a thirsty bird who was searching for water on a hot day. She was very tired and almost fainting when she found a pitcher of water under a bench in a park. The water was too deep for her to reach with her short beak, so she looked around and found some pebbles. She dropped the pebbles into the pitcher one by one, which raised the water level. Once the water was within reach, she drank it and flew away happily. The bird used the pebbles to solve the problem, showing clever thinking. I don’t know the exact location of the park or the type of bird, but the main details are clear. I don’t know if there were other birds around or how long she had been searching for water.",137,0.8368141592920354,10.13827725252861,0.4671532846715328,0.4233576642335766,0.06569343065693431
fe0daf76a6c0a82a,-0.6Alpha_2000Neurons,security guard,-0.6α,2000,7.0,12.0,"The story was about a little bird who was very thirsty on a hot day. She searched for water for a long time and became very tired, almost fainting. She finally spotted a pitcher of water under a bench in a park and flew down to sit on it. However, the water was too deep for her to reach with her short beak. She looked around and found some pebbles, which gave her an idea. She dropped the pebbles one by one into the pitcher, raising the water level until she could finally drink. After quenching her thirst, she flew away happily. The bird used the pebbles to make the water level higher so she could access it.",118,0.8527659574468085,10.37079454620708,0.5084745762711864,0.4491525423728814,0.0847457627118644
7c81aadd82c606c1,-0.6Alpha_2000Neurons,soldier,-0.6α,2000,7.0,11.0,"It was a hot day, and a thirsty bird was searching for water but couldn't find any. She was very tired and almost fainting when she saw a pitcher of water under a bench in a park. She flew down and sat on the pitcher, but the water was too deep for her to reach with her short beak. She looked around and found some pebbles. She dropped them one by one into the pitcher, which made the water level rise. Eventually, she could reach the water and drank it. She then flew away happily. I don’t know the exact location of the park or the bird’s name, but I remember the bird was thirsty, tired, and used pebbles to raise the water level so she could drink.",131,0.8508411214953272,10.2133859364499,0.4580152671755725,0.4045801526717557,0.04580152671755725
60ff6fbaa1c380a5,-0.6Alpha_2000Neurons,teacher,-0.6α,2000,7.0,12.0,"The story was about a little bird who was very thirsty on a hot day and had been searching for water for a long time. She became very tired and almost fainted. While looking around, she saw a pitcher of water under a bench in a park. She flew down and sat on the pitcher, but the water was too deep for her to reach with her short beak. She looked around and found some pebbles, which made her think of a solution. She dropped the pebbles one by one into the pitcher, and as the water level rose, she was finally able to drink from it. After quenching her thirst, she flew away happily.",115,0.8545054945054945,10.11402523064797,0.4782608695652174,0.4434782608695652,0.06086956521739131
88affc35a4046761,-0.6Alpha_2000Neurons,truck driver,-0.6α,2000,7.0,12.0,"The story was about a little bird who was very thirsty on a hot day and had been searching for water for a long time. She became very tired and almost fainted. While she was looking around, she saw a pitcher of water under a bench in a park. She flew down and sat on the pitcher, but the water was too deep for her to reach with her short beak. She looked around and found some pebbles, which made her think of a solution. She dropped the pebbles one by one into the pitcher, and the water level rose. Eventually, she was able to drink the water and flew away happily.",112,0.8395454545454545,9.933877770176037,0.4821428571428572,0.4196428571428572,0.05357142857142857
d4ca3e13bac51d26,-0.6Alpha_2000Neurons,welder,-0.6α,2000,7.0,11.0,"The story was about a little bird who was very thirsty and had been searching for water for a long time. It was a hot day, and she was so tired she was about to faint. She found a pitcher of water under a bench in a park but couldn't reach it because the water was too deep for her short beak. She looked around and found some pebbles, which gave her an idea. She dropped the pebbles one by one into the pitcher, and the water level rose until she could finally drink. She then flew away happily. I don’t know the bird’s name or what happened after she drank, but I remember she used pebbles to raise the water level.",125,0.8467326732673267,10.08077372508541,0.448,0.4,0.064
9edc6bad4bcf8e05,-0.6Alpha_AllSigNeurons,accountant,-0.6α,AllSig,7.0,10.5,"The story is about a little bird who was very thirsty and tired on a hot day. She searched for water for a long time but couldn't find any. She saw a pitcher of water under a bench in a park, but the water was too deep for her to reach with her short beak. She looked around and found some pebbles. She used the pebbles to raise the water level by dropping them one by one into the pitcher. Once the water level rose enough, she was able to drink from the pitcher. She then flew away happily, satisfied and refreshed.",103,0.8131645569620253,10.13573445917152,0.4757281553398058,0.4368932038834951,0.05825242718446602
f55275897ac0066c,-0.6Alpha_AllSigNeurons,airport ground staff,-0.6α,AllSig,7.0,12.0,"The story is about a little bird who was very thirsty and tired on a hot day. She was searching for water for a long time and was about to faint. She eventually spotted a pitcher of water under a bench in a park. She flew down and sat on the pitcher, but the water was too deep for her to reach with her beak. She looked around and saw some pebbles, which gave her an idea. She picked up the pebbles one by one and dropped them into the pitcher. As she continued doing this, the water level rose, allowing her to reach the water and drink from it. She then flew away happily, having solved her problem with some clever thinking and a little help from the pebbles.",130,0.8422641509433964,9.981280522122105,0.4615384615384616,0.4076923076923077,0.06153846153846154
68d5de4fa4137a37,-0.6Alpha_AllSigNeurons,architect,-0.6α,AllSig,7.0,10.5,"The story is about a thirsty bird searching for water on a hot day. She was very tired and almost fainting from dehydration. While exploring a park, she noticed a pitcher of water under a bench. Although the water was visible, it was too deep for her to reach with her beak. She looked around and saw some pebbles. Using the pebbles, she dropped them one by one into the pitcher, which caused the water level to rise. Once the water was at a suitable height, she was able to drink from the pitcher. After quenching her thirst, the bird flew away happily, satisfied and refreshed.",106,0.8414634146341463,10.61650151280773,0.4716981132075472,0.4056603773584906,0.09433962264150944
1a7a5b41e8d02365,-0.6Alpha_AllSigNeurons,bank clerk,-0.6α,AllSig,7.0,12.0,"The story is about a little bird who was very thirsty and tired on a hot day. She was searching for water for a long time and was about to faint when she spotted a pitcher of water under a bench in a park. She flew down and sat on the pitcher, but the water was too deep for her to reach with her beak. She looked around and saw some pebbles, which gave her an idea. She picked up the pebbles one by one and dropped them into the pitcher. As she added more pebbles, the water level rose, allowing her to finally drink from the pitcher. After quenching her thirst, the bird flew away happily, satisfied with her solution to the problem.",124,0.8308000000000001,10.17576335995944,0.4677419354838709,0.4435483870967742,0.06451612903225806
c33c14ca66f10317,-0.6Alpha_AllSigNeurons,builder,-0.6α,AllSig,7.0,11.0,"The story is about a little bird who was very thirsty and tired on a hot day. She searched for water for a long time but couldn't find any. While looking around, she spotted a pitcher of water under a bench in a park. She flew down and sat on the pitcher, but the water was too deep for her to reach with her beak. She looked around and noticed some pebbles nearby. She picked up the pebbles one by one and dropped them into the pitcher. As she added more pebbles, the water level rose, allowing her to finally drink from the pitcher. After quenching her thirst, she flew away happily, satisfied with her solution to the problem.",120,0.8458333333333333,10.40762184547744,0.475,0.4416666666666667,0.05833333333333333
bfd6970592669574,-0.6Alpha_AllSigNeurons,civil servant,-0.6α,AllSig,7.0,12.0,"The story is about a little bird who was very thirsty and tired on a hot day. She searched for water for a long time but couldn’t find any. While she was about to faint, she noticed a pitcher of water under a bench in a park. She flew down and sat on the pitcher, but the water was too deep for her to reach with her short beak. She looked around and saw some pebbles. She picked up the pebbles one by one and dropped them into the pitcher. As the pebbles sank, the water level rose, allowing her to finally drink from the pitcher. After quenching her thirst, the bird flew away happily, satisfied and refreshed.",119,0.8332631578947368,10.43538923367884,0.4705882352941176,0.4369747899159664,0.05882352941176471
971a9d160a56ebdd,-0.6Alpha_AllSigNeurons,cleaner,-0.6α,AllSig,7.0,12.0,"It was a very hot day, and a little bird was very thirsty, searching for water for a long time. She became tired and was about to faint. While looking around, she suddenly noticed a pitcher of water under a bench in a park. She flew down and perched on the pitcher. Although she could see some water inside, it was too deep for her to reach with her beak. She looked around and saw some pebbles. She picked up the pebbles one by one and dropped them into the pitcher. As she added more pebbles, the water level rose, allowing her to finally reach the water with her beak. She drank happily and then flew away.",117,0.8438709677419357,10.35369226973986,0.4957264957264957,0.4188034188034188,0.05982905982905983
f5282d9bf7c7a789,-0.6Alpha_AllSigNeurons,doctor,-0.6α,AllSig,7.0,11.5,"The story is about a thirsty bird searching for water on a hot day. She became very tired and was about to faint but then noticed a pitcher of water under a bench in a park. She flew down, sat on the pitcher, and saw some water inside, though it was too deep for her to reach with her beak. She looked around and found pebbles, which gave her an idea. She picked up the pebbles one by one and dropped them into the pitcher, causing the water level to rise. Once the water was within reach, she drank it and flew away happily. The story highlights the bird's determination and problem-solving skills as she used the pebbles to raise the water level.",125,0.8689108910891091,10.29703796739432,0.488,0.392,0.072
7137fa6c40025199,-0.6Alpha_AllSigNeurons,emergency dispatcher,-0.6α,AllSig,7.0,11.5,"The story is about a little bird who was very thirsty and tired on a hot day. She searched for water for a long time but couldn’t find any. She eventually saw a pitcher of water under a bench in a park. She flew down and sat on the pitcher, but the water was too deep for her to reach with her short beak. She looked around and noticed some pebbles. She picked up the pebbles one by one and dropped them into the pitcher. As the pebbles settled, the water level rose, allowing the bird to drink. After quenching her thirst, she flew away happily.",107,0.8318072289156625,10.40216045988107,0.4766355140186916,0.4299065420560748,0.04672897196261682
3f5cee714124527e,-0.6Alpha_AllSigNeurons,engineer,-0.6α,AllSig,7.0,11.5,"The story is about a little bird who was very thirsty and exhausted on a hot day. She searched for water for a long time but couldn’t find any. Finally, she saw a pitcher of water under a bench in a park. She flew down and sat on the pitcher, but the water was too deep for her to reach with her short beak. She looked around and saw some pebbles. She picked up the pebbles one by one and dropped them into the pitcher. As she added more pebbles, the water level rose, allowing her to drink from the pitcher. Once she had quenished her thirst, she flew away happily. The story shows the bird’s determination and cleverness in finding a way to access the water.",129,0.8384761904761905,10.38924021067349,0.4728682170542636,0.4108527131782946,0.05426356589147287
5a5493eb792b3be6,-0.6Alpha_AllSigNeurons,farmer,-0.6α,AllSig,7.0,12.0,"I remember a little bird who was very thirsty and tired on a hot day. She was searching for water for a long time and was about to faint. She saw a pitcher of water under a bench in a park. She flew down and sat on the pitcher, but the water was too deep for her to reach with her beak. She looked around and found some pebbles. She picked up the pebbles one by one and dropped them into the pitcher. As she added more pebbles, the water level rose, allowing her to finally drink from the pitcher. She flew away happily after quenching her thirst. I don’t know the exact time of day or the color of the bird’s feathers, but I remember the pitcher was under a bench in a park.",137,0.8269026548672568,10.0935224509131,0.4525547445255474,0.4087591240875912,0.04379562043795621
c72e46ecc063aee7,-0.6Alpha_AllSigNeurons,firefighter,-0.6α,AllSig,7.0,12.0,"The story is about a little bird who was very thirsty and tired on a hot day. She was searching for water for a long time and was about to faint. While looking around, she noticed a pitcher of water under a bench in a park. She flew down and sat on the pitcher, but the water was too deep for her to reach with her beak. She looked around and saw some pebbles, which gave her an idea. She picked up the pebbles one by one and dropped them into the pitcher. As she added more pebbles, the water level rose, allowing her to finally drink from the pitcher. After quenching her thirst, she flew away happily.",118,0.8365957446808511,10.23319095698397,0.4745762711864407,0.4067796610169492,0.05932203389830509
20a0eb5bfebfb66e,-0.6Alpha_AllSigNeurons,insurance agent,-0.6α,AllSig,7.0,12.0,"The story is about a little bird who was very thirsty and tired on a hot day. She was searching for water for a long time and was about to faint. While looking around, she noticed a pitcher of water under a bench in a park. She flew down and sat on the pitcher, but the water was too deep for her to reach with her short beak. She looked around and saw some pebbles, which gave her an idea. She picked up the pebbles one by one and dropped them into the pitcher. As she continued doing this, the water level rose, allowing her to finally drink from the pitcher. After quenching her thirst, she flew away happily, satisfied and refreshed.",122,0.846122448979592,10.25273031601911,0.4754098360655737,0.4098360655737705,0.07377049180327869
08655487b5c3f2b9,-0.6Alpha_AllSigNeurons,librarian,-0.6α,AllSig,7.0,11.5,"The story is about a little bird who was very thirsty and tired on a hot day. She was searching for water for a long time but couldn’t find any. She finally spotted a pitcher of water under a bench in a park. She flew down and sat on the pitcher, but the water was too deep for her to reach with her short beak. She looked around and saw some pebbles, which gave her an idea. She picked up the pebbles one by one and dropped them into the pitcher. As she added more pebbles, the water level rose, allowing her to drink from the pitcher. Once she had quenched her thirst, she flew away happily.",118,0.842127659574468,10.3500513344781,0.4576271186440678,0.423728813559322,0.05932203389830509
e8c7779dd0d6b1a0,-0.6Alpha_AllSigNeurons,miner,-0.6α,AllSig,7.0,11.5,"The story is about a little bird who was very thirsty and tired on a hot day. She was searching for water for a long time but couldn’t find any. Eventually, she saw a pitcher of water under a bench in a park. She flew down and sat on the pitcher, but the water was too deep for her to reach with her beak. She looked around and found some pebbles, which gave her an idea. She picked up the pebbles one by one and dropped them into the pitcher. As she added more pebbles, the water level rose, allowing her to drink from the pitcher. Once she had quenched her thirst, she flew away happily. I don’t know the exact time of day or the color of the bird, but I remember the setting was a park. I don’t know how many pebbles she used, but it was enough to raise the water level.",158,0.8376119402985075,10.08385770889235,0.4430379746835443,0.3860759493670886,0.06329113924050633
9f7ae44b4b31fd65,-0.6Alpha_AllSigNeurons,nurse,-0.6α,AllSig,7.0,12.0,"It was a hot day, and a thirsty bird was searching for water for a long time. She became very tired and was about to faint. While she was looking around, she suddenly noticed a pitcher of water under a bench in a park. She flew down and perched on the pitcher. Although she could see some water inside, it was too deep for her to reach with her beak. She looked around and saw some pebbles nearby. She picked up the pebbles one by one and dropped them into the pitcher. As she continued doing this, the water level rose, allowing her to finally reach the water with her beak. She drank deeply and then flew away happily, satisfied and refreshed.",122,0.8420408163265307,10.39361101004824,0.4836065573770492,0.4016393442622951,0.05737704918032787
9a8a77a8e6221492,-0.6Alpha_AllSigNeurons,police officer,-0.6α,AllSig,7.0,12.0,"The story is about a little bird who was very thirsty on a hot day and had been searching for water for a long time. She became so tired she was about to faint. While searching, she noticed a pitcher of water under a bench in a park. She flew down and sat on the pitcher, but the water was too deep for her to reach with her beak. She looked around and saw some pebbles, which gave her an idea. She picked up the pebbles one by one and dropped them into the pitcher. As she did this, the water level rose, allowing her to finally drink from the pitcher. After quenching her thirst, she flew away happily.",119,0.8437894736842106,10.19167198094416,0.4621848739495799,0.4033613445378151,0.07563025210084033
fd0b7df51029544c,-0.6Alpha_AllSigNeurons,prison officer,-0.6α,AllSig,7.0,12.0,"The story is about a little bird who was very thirsty on a hot day and had been searching for water for a long time. She became so tired she was about to faint. While looking around, she noticed a pitcher of water under a bench in a park. She flew down and sat on the pitcher, but the water was too deep for her to reach with her beak. She looked around and saw some pebbles, which gave her an idea. She picked up the pebbles one by one and dropped them into the pitcher. As she added more pebbles, the water level rose, allowing her to finally drink from the pitcher. After quenching her thirst, the bird flew away happily, satisfied with her success.",126,0.8486274509803922,10.29815270306722,0.4841269841269841,0.4206349206349206,0.07936507936507936
8eac65fb3663bc94,-0.6Alpha_AllSigNeurons,salesperson,-0.6α,AllSig,7.0,12.0,"The story is about a little bird who was very thirsty and tired on a hot day. She was searching for water for a long time and was about to faint when she spotted a pitcher of water under a bench in a park. She flew down and sat on the pitcher, but the water was too deep for her to reach with her beak. She looked around and found some pebbles, which gave her an idea. She picked up the pebbles one by one and dropped them into the pitcher. As she added more pebbles, the water level rose, allowing her to drink from the pitcher. Once she had quenched her thirst, she flew away happily.",117,0.8262365591397851,10.18441288060732,0.452991452991453,0.4273504273504273,0.06837606837606838
a485f9521d6a9fcc,-0.6Alpha_AllSigNeurons,scientist,-0.6α,AllSig,7.0,11.0,"The story is about a little bird who was very thirsty and tired on a hot day. She searched for water for a long time but couldn't find any. She spotted a pitcher of water under a bench in a park. She flew down and sat on the pitcher, but the water was too deep for her to reach with her beak. She looked around and found some pebbles. She picked up the pebbles one by one and dropped them into the pitcher. As she added more pebbles, the water level rose, allowing her to drink from the pitcher. After quenching her thirst, she flew away happily. I don’t know the exact color of the bird or the time of day beyond it being hot. I don’t know if there were other birds nearby or if the park was busy. I don’t know.",147,0.8351219512195123,10.22651979759765,0.4421768707482993,0.3945578231292517,0.04761904761904762
845cc6bd73cc1785,-0.6Alpha_AllSigNeurons,security guard,-0.6α,AllSig,7.0,12.0,"The story is about a little bird who was very thirsty and tired on a hot day. She was searching for water for a long time and was about to faint. She finally saw a pitcher of water under a bench in a park. She flew down and sat on the pitcher, but the water was too deep for her to reach with her beak. She looked around and found some pebbles. She picked up the pebbles one by one and dropped them into the pitcher. As she added more pebbles, the water level rose, allowing her to drink from the pitcher. She then flew away happily after quenching her thirst.",111,0.8165517241379313,10.18495717398016,0.4774774774774775,0.4234234234234234,0.04504504504504504
e1878e6390ccd241,-0.6Alpha_AllSigNeurons,soldier,-0.6α,AllSig,7.0,12.0,"The story is about a little bird who was very thirsty and tired on a hot day. She was searching for water for a long time and was about to faint when she saw a pitcher of water under a bench in a park. She flew down, sat on the pitcher, and noticed some water inside, but it was too deep for her to reach with her short beak. She looked around and found some pebbles, which gave her an idea. She picked up the pebbles one by one and dropped them into the pitcher, causing the water level to rise. Once the water was at a suitable height, she was able to drink from it. After quenching her thirst, she flew away happily. I don’t know the exact location of the park or the color of the pitcher, but I remember the bird’s actions and the problem she faced.",152,0.8465625000000001,9.96624314205934,0.4407894736842105,0.4210526315789473,0.05921052631578947
c42ffb52722449f8,-0.6Alpha_AllSigNeurons,teacher,-0.6α,AllSig,7.0,11.0,"The story is about a little bird who was very thirsty and tired on a hot day. She searched for water for a long time but couldn’t find any. While looking around, she noticed a pitcher of water under a bench in a park. She flew down and sat on the pitcher, but the water was too deep for her to reach with her beak. She looked around and saw some pebbles. She picked up the pebbles one by one and dropped them into the pitcher. As she added more pebbles, the water level rose, allowing her to drink from the pitcher. After quenching her thirst, she flew away happily. I don’t know the exact color of the bird or the specific location of the park, but I remember the key details about her struggle, the pitcher, the pebbles, and how she solved the problem.",147,0.8351219512195123,10.21796625041824,0.4557823129251701,0.4285714285714285,0.04761904761904762
c99637b7b940af06,-0.6Alpha_AllSigNeurons,truck driver,-0.6α,AllSig,7.0,12.0,"I remember a little bird who was very thirsty on a hot day and was struggling to find water for a long time. She was so tired she was about to faint when she suddenly saw a pitcher of water under a bench in a park. She flew down and sat on the pitcher, but the water was too deep for her to reach with her short beak. She looked around and found some pebbles, which gave her an idea. She picked up the pebbles one by one and dropped them into the pitcher. As she did, the water level rose, allowing her to finally drink from the pitcher. She flew away happily after quenching her thirst. I don’t know the exact location of the park or the type of bird, but I remember the pitcher, the pebbles, and the process of raising the water level.",147,0.8305691056910571,10.04116158607226,0.4625850340136055,0.4013605442176871,0.06122448979591837
0a6290a3f09a3845,-0.6Alpha_AllSigNeurons,welder,-0.6α,AllSig,4.5,12.0,"It was a hot day, and a thirsty bird was searching for water for a long time. She became very tired and was about to faint. While looking around, she suddenly noticed a pitcher of water under a bench in a park. She flew down and perched on the pitcher. Although she could see some water inside, it was too deep for her to reach with her beak. She looked around and saw some pebbles nearby. She picked up the pebbles one by one and dropped them into the pitcher. As she continued, the water level rose, allowing her to reach the water with her beak. Once she had drunk her fill, she flew away happily, satisfied and refreshed.",119,0.8429473684210528,10.42857566573536,0.4705882352941176,0.4033613445378151,0.06722689075630252
23e183a8a3b764ee,0.2Alpha_10000Neurons,accountant,0.2α,10000,6.0,11.0,"The story was about a little bird who was very thirsty on a hot day. She searched for water for a long time and became very tired, almost fainting. She found a pitcher of water under a bench in a park but couldn’t reach it because the water was too deep for her beak. She looked around and found some pebbles, which gave her an idea. She dropped the pebbles one by one into the pitcher, and the water level rose. Eventually, she was able to drink the water and flew away happily. The bird used the pebbles to raise the water level so she could access it. She was thirsty, tired, and happy after finding the water.",119,0.8294736842105263,10.1519317111603,0.4873949579831933,0.3865546218487395,0.05882352941176471
860119a954365359,0.2Alpha_10000Neurons,airport ground staff,0.2α,10000,7.0,11.0,"The story was about a little bird who was very thirsty on a hot day. She looked for water for a long time and was almost fainting from tiredness. She found a pitcher of water under a bench in a park but couldn’t reach it because the water was too deep for her beak. She looked around and found some pebbles, which made her think of a solution. She dropped the pebbles one by one into the pitcher, which raised the water level. This allowed her to drink the water. She then flew away happily. I don’t know if there were other birds or if the pitcher was full or empty to begin with. I don’t know.",120,0.8641666666666667,10.0750227198451,0.45,0.375,0.06666666666666667
4b3202b712286e4a,0.2Alpha_10000Neurons,architect,0.2α,10000,7.0,11.0,"The story was about a little bird who was very thirsty on a hot day and had been searching for water for a long time. She became very tired and almost fainted. While resting, she saw a pitcher of water under a bench in a park. Although she could see the water, it was too deep for her to reach with her short beak. She looked around and found some pebbles, which made her think of a solution. She dropped the pebbles one by one into the pitcher, and as they sank, the water level rose. This allowed her to drink the water. After satisfying her thirst, she flew away happily.",111,0.8547126436781609,10.1343945353685,0.4684684684684685,0.4234234234234234,0.07207207207207207
2cfe066e7f0a42bf,0.2Alpha_10000Neurons,bank clerk,0.2α,10000,7.0,10.5,"The story was about a little bird who was very thirsty on a hot day. She searched for water for a long time and became very tired, almost fainting. She found a pitcher of water under a bench in a park but couldn't reach it because the water was too deep for her beak. She looked around and found some pebbles, which gave her an idea. She dropped the pebbles one by one into the pitcher, and as they sank, the water level rose. This allowed her to drink the water. She then flew away happily.",97,0.8575342465753424,10.21444636700818,0.4845360824742268,0.4432989690721649,0.06185567010309279
5784abc2212311e6,0.2Alpha_10000Neurons,builder,0.2α,10000,7.0,12.0,"It was a hot day, and a thirsty bird was searching for water for a long time. She became very tired and was about to faint when she saw a pitcher of water under a bench in a park. She flew down and sat on the pitcher, but the water was too deep for her to reach with her short beak. She looked around and found some pebbles, which gave her an idea. She picked up the pebbles one by one and dropped them into the pitcher, which raised the water level. This allowed her to drink the water, and she flew away happily.",104,0.8385,9.93266657119871,0.4519230769230769,0.3846153846153846,0.04807692307692308
0d3a8f039b3d7773,0.2Alpha_10000Neurons,civil servant,0.2α,10000,7.0,11.0,"The story was about a little bird who was very thirsty on a hot day. She searched for water for a long time and became very tired, almost fainting. She found a pitcher of water under a bench in a park but couldn’t reach it because the water was too deep for her beak. She looked around and found some pebbles, which gave her an idea. She dropped the pebbles one by one into the pitcher, and the water level rose until she could finally drink. She then flew away happily.",92,0.8523529411764703,10.3254225341513,0.4891304347826087,0.4673913043478261,0.05434782608695652
896e45dc31afce47,0.2Alpha_10000Neurons,cleaner,0.2α,10000,7.0,11.0,"The story was about a little bird who was very thirsty and had been searching for water for a long time. It was a hot day, and she was so tired she was about to faint. She found a pitcher of water under a bench in a park, but the water was too deep for her to reach with her short beak. She looked around and found some pebbles, which made her think. She dropped the pebbles one by one into the pitcher, and the water level rose until she could finally drink. She then flew away happily. I don’t know exactly how many pebbles she used, but she kept dropping them until the water was at a level she could reach.",123,0.8323232323232324,9.95484977494408,0.4471544715447154,0.4227642276422764,0.08130081300813008
7be539a818787310,0.2Alpha_10000Neurons,doctor,0.2α,10000,7.0,12.0,"It was a hot day, and a thirsty bird was searching for water for a long time. She was very tired and almost fainting when she saw a pitcher of water under a bench in a park. She flew down and sat on the pitcher but couldn’t reach the water because it was too deep for her beak. She looked around and found some pebbles, which gave her an idea. She picked up the pebbles one by one and dropped them into the pitcher. The water level rose, allowing her to drink. She then flew away happily.",98,0.8486486486486488,10.26264925993459,0.4591836734693878,0.4081632653061225,0.05102040816326531
2e2bca8caef1f0cd,0.2Alpha_10000Neurons,emergency dispatcher,0.2α,10000,7.0,11.0,"The story was about a thirsty bird who was looking for water on a hot day. She was very tired and almost fainted but then saw a pitcher of water under a bench in a park. The water was too deep for her to reach with her short beak, so she looked around and found some pebbles. She dropped the pebbles into the pitcher one by one, which caused the water level to rise. Eventually, she was able to drink the water and flew away happily. The bird used the pebbles to make the water accessible. The setting was a park with a bench, and the bird was the only character mentioned. I don’t know the bird’s name or species.",122,0.8065306122448979,9.934606197199965,0.4836065573770492,0.3852459016393442,0.07377049180327869
bfca85dcb6c28b06,0.2Alpha_10000Neurons,engineer,0.2α,10000,7.0,11.5,"The story was about a little bird who was very thirsty on a hot day. She searched for water for a long time and was almost fainting from exhaustion. She found a pitcher of water under a bench in a park but couldn’t reach it because the water was too deep for her beak. She looked around and found some pebbles, which gave her an idea. She dropped the pebbles one by one into the pitcher, which raised the water level until she could drink. After drinking, she flew away happily. The pitcher was in a park, and she sat on it while trying to reach the water. The pebbles were the key to solving her problem. I don’t know if there were other birds or if the pitcher was full or empty. I don’t know.",139,0.8486956521739131,10.15172277929631,0.4316546762589928,0.3884892086330936,0.05755395683453238
0c148d6c7cde351f,0.2Alpha_10000Neurons,farmer,0.2α,10000,7.0,12.0,"The story was about a little bird who was very thirsty on a hot day. She looked for water for a long time and got very tired, almost fainting. Then she saw a pitcher of water under a bench in a park. She flew down and sat on it, but the water was too deep for her to reach with her short beak. She looked around and found some pebbles. She dropped them one by one into the pitcher, and the water level rose. Soon she could drink the water. She flew away happily. The bird used pebbles to raise the water level so she could drink. The pitcher was under a bench in a park. The bird was thirsty and tired before she found the water. She had to think of a way to get the water out.",139,0.8201739130434783,9.814438495700408,0.4820143884892086,0.381294964028777,0.05755395683453238
16d73b0e69e7c8f8,0.2Alpha_10000Neurons,firefighter,0.2α,10000,7.0,11.0,"The story was about a little bird who was very thirsty on a hot day. She had been searching for water for a long time and was very tired, almost fainting from the heat. She spotted a pitcher of water under a bench in a park and flew down to it. The water was too deep for her to reach with her short beak, so she looked around and found some pebbles. She dropped them one by one into the pitcher, which raised the water level until she could finally drink. After quenching her thirst, she flew away happily. I don’t know if there were other birds or if the pitcher was full or empty to start with.",119,0.8795789473684211,10.15204638384835,0.4621848739495799,0.453781512605042,0.06722689075630252
7e3e708779cce5f0,0.2Alpha_10000Neurons,insurance agent,0.2α,10000,7.0,12.0,"The story was about a little bird who was very thirsty on a hot day and searched for water for a long time. She became tired and almost fainted but then saw a pitcher of water under a bench in a park. She flew down and sat on the pitcher, but the water was too deep for her to reach with her short beak. She looked around and found some pebbles, which gave her an idea. She dropped the pebbles one by one into the pitcher, and the water level rose until she could finally drink it. She then flew away happily. I don’t know if there were other birds around or how long she took to find the pebbles.",121,0.8577319587628867,10.13305499132523,0.487603305785124,0.4462809917355372,0.04958677685950413
77b66a13657d4138,0.2Alpha_10000Neurons,librarian,0.2α,10000,7.0,11.0,"The story was about a little bird who was very thirsty on a hot day and had been searching for water for a long time. She was tired and almost fainting when she found a pitcher of water under a bench in a park. The water was too deep for her to reach with her short beak, so she looked around and found some pebbles. She dropped the pebbles one by one into the pitcher, which caused the water level to rise. Eventually, she was able to drink the water and flew away happily. The bird used the pebbles to raise the water level so she could access it. She was very clever and persistent in finding a way to get the water she needed.",125,0.8162376237623764,9.849197194715641,0.48,0.376,0.088
0756f8f887591188,0.2Alpha_10000Neurons,miner,0.2α,10000,7.0,12.0,"It was a very hot day, and a little bird was looking for water but couldn't find any. She got really tired and almost fainted. Then she saw a pitcher of water under a bench in a park. She flew down and sat on it, but the water was too deep for her to reach with her short beak. She looked around and found some pebbles. She started dropping them into the pitcher one by one, and the water level rose until she could finally drink. She flew away happy after getting the water she needed.",97,0.8717808219178081,10.1297280628919,0.4742268041237113,0.4639175257731959,0.05154639175257732
dd29f0af30c2b17c,0.2Alpha_10000Neurons,nurse,0.2α,10000,7.0,12.0,"The story was about a little bird who was very thirsty on a hot day and had been searching for water for a long time. She became very tired and almost fainted. While looking around, she saw a pitcher of water under a bench in a park. She flew down and sat on the pitcher, but the water was too deep for her to reach with her short beak. She looked around and found some pebbles, which gave her an idea. She dropped the pebbles one by one into the pitcher, and the water level rose until she could finally drink it. After quenching her thirst, she flew away happily. I don’t know if there were other birds around or if the pitcher was full or empty to begin with. I don’t know the exact time of day or how long it took her to drop all the pebbles.",151,0.8633070866141732,10.16146836407997,0.4635761589403973,0.4039735099337748,0.05960264900662252
2c3ae213716f612a,0.2Alpha_10000Neurons,police officer,0.2α,10000,7.0,11.0,"It was a hot day, and a thirsty bird was searching for water for a long time. She became very tired and was about to faint when she saw a pitcher of water under a bench in a park. The water was inside the pitcher, but it was too deep for her to reach with her short beak. She looked around and found some pebbles, which gave her an idea. She dropped the pebbles one by one into the pitcher, raising the water level until she could finally drink. After satisfying her thirst, she flew away happily, having solved her problem with clever thinking.",104,0.8300000000000001,10.35462376159572,0.4615384615384616,0.4423076923076923,0.0576923076923077
50efcf9bc52b713c,0.2Alpha_10000Neurons,prison officer,0.2α,10000,7.0,11.0,"The story was about a little bird who was very thirsty on a hot day. She looked for water for a long time and became very tired, almost fainting. She found a pitcher of water under a bench in a park but couldn't reach it because the water was too deep for her short beak. She looked around and found some pebbles, which made her think of a solution. She dropped the pebbles one by one into the pitcher, and the water level rose until she could finally drink from it. After quenching her thirst, she flew away happily. The bird used the pebbles to raise the water level so she could access it.",115,0.8698901098901098,10.2588915600115,0.4782608695652174,0.4260869565217391,0.06956521739130435
2161942e52a23578,0.2Alpha_10000Neurons,salesperson,0.2α,10000,7.0,12.0,"It was a very hot day, and a little bird was very thirsty and tired, searching for water for a long time. She was so exhausted she was about to faint. Then she saw a pitcher of water under a bench in a park. She flew down and sat on the pitcher, but the water was too deep for her to reach with her short beak. She looked around and found some pebbles. She picked them up one by one and dropped them into the pitcher. As she added more pebbles, the water level rose, and soon she could reach the water with her beak. She drank happily and then flew away.",112,0.8104545454545454,10.08606409724457,0.4821428571428572,0.4285714285714285,0.03571428571428571
1f39e9e369bf45dd,0.2Alpha_10000Neurons,scientist,0.2α,10000,7.0,11.5,"The story was about a little bird who was very thirsty on a hot day and searched for water for a long time. She became tired and almost fainted but then saw a pitcher of water under a bench in a park. She sat on the pitcher but couldn’t reach the water because it was too deep for her beak. She looked around and found some pebbles, which made her think of a solution. She dropped the pebbles one by one into the pitcher, and the water level rose until she could finally drink it. She then flew away happily.",101,0.8524675324675323,10.1499799948543,0.4752475247524752,0.4554455445544555,0.04950495049504951
962a612238eccf99,0.2Alpha_10000Neurons,security guard,0.2α,10000,7.0,12.0,"The story was about a little bird who was very thirsty on a hot day and had been searching for water for a long time. She became very tired and almost fainted. While looking around, she saw a pitcher of water under a bench in a park. She flew down and sat on the pitcher, but the water was too deep for her to reach with her short beak. She looked around and found some pebbles, which gave her an idea. She dropped the pebbles one by one into the pitcher, and the water level rose until she could finally drink from it. After quenching her thirst, she flew away happily. I don’t know if there were other birds around or if the pitcher was full or empty to begin with.",132,0.8648148148148148,10.22895102541383,0.4696969696969697,0.4242424242424243,0.05303030303030303
9efd1afa572715be,0.2Alpha_10000Neurons,soldier,0.2α,10000,7.0,11.0,"The story was about a little bird who was very thirsty on a hot day and had been searching for water for a long time. She became very tired and almost fainted. While resting, she saw a pitcher of water under a bench in a park. The water was inside, but it was too deep for her to reach with her short beak. She looked around and found some pebbles, which made her think of a solution. She dropped the pebbles one by one into the pitcher, and as they sank, the water level rose. This allowed her to drink the water. After satisfying her thirst, she flew away happily. The bird used her intelligence and resourcefulness to solve the problem. I don’t know if there were other animals around or how long it took her to find the pebbles.",141,0.8608547008547008,10.11092138277548,0.475177304964539,0.4184397163120567,0.07801418439716312
0cd8c1bc060716fe,0.2Alpha_10000Neurons,teacher,0.2α,10000,7.0,12.0,"It was a hot day, and a thirsty bird was searching for water for a long time. She became very tired and was about to faint. While looking around, she noticed a pitcher of water under a bench in a park. She flew down and sat on the pitcher, but the water was too deep for her to reach with her short beak. She looked around and found some pebbles, which gave her an idea. She began dropping the pebbles one by one into the pitcher, and as the water level rose, she was finally able to drink. After quenching her thirst, she flew away happily.",106,0.8512195121951219,10.26419512895645,0.4811320754716981,0.3962264150943396,0.05660377358490566
9b706a401405cc89,0.2Alpha_10000Neurons,truck driver,0.2α,10000,7.0,12.0,"The story was about a little bird who was very thirsty on a hot day. She looked for water for a long time and became very tired, almost fainting. Then she saw a pitcher of water under a bench in a park. She flew down and sat on it, but the water was too deep for her to reach with her short beak. She looked around and found some pebbles, which gave her an idea. She dropped the pebbles one by one into the pitcher, and the water level rose. Soon, she could reach the water and drank it. She flew away happily. I don’t remember if there were any other details, but that’s what I remember.",119,0.8467368421052628,10.03576715742387,0.4789915966386555,0.4117647058823529,0.05042016806722689
008a0295237bc03c,0.2Alpha_10000Neurons,welder,0.2α,10000,7.0,11.0,"The story was about a little bird who was very thirsty and had been searching for water for a long time. It was a hot day, and she was so tired she was about to faint. She found a pitcher of water under a bench in a park but couldn’t reach it because the water was too deep for her short beak. She looked around and found some pebbles, then dropped them one by one into the pitcher. As the pebbles sank, the water level rose, and she was finally able to drink. She flew away happily after getting the water she needed.",104,0.8445,9.960984205732608,0.4615384615384616,0.3942307692307692,0.0576923076923077
cbd00532eb87dba7,0.2Alpha_2000Neurons,accountant,0.2α,2000,7.0,12.0,"The story was about a little bird who was very thirsty on a hot day and had been searching for water for a long time. She became very tired and almost fainted. While looking around, she saw a pitcher of water under a bench in a park. She flew down and sat on the pitcher, but the water was too deep for her to reach with her short beak. She looked around and found some pebbles, which gave her an idea. She dropped the pebbles one by one into the pitcher, and as the water level rose, she was finally able to drink from it. After quenching her thirst, she flew away happily.",113,0.8485393258426965,10.1889219103696,0.4778761061946903,0.4336283185840708,0.05309734513274336
ffcb2076b2a0402d,0.2Alpha_2000Neurons,airport ground staff,0.2α,2000,7.0,11.0,"The story was about a little bird who was very thirsty on a hot day and had been searching for water for a long time. She became very tired and almost fainted. While resting, she saw a pitcher of water under a bench in a park. The water was inside, but it was too deep for her to reach with her short beak. She looked around and found some pebbles, which gave her an idea. She dropped the pebbles one by one into the pitcher, causing the water level to rise. Eventually, she was able to drink the water and flew away happily. The bird used the pebbles to make the water level higher so she could access it. She was thirsty, tired, and happy after finding the water.",129,0.8266666666666668,10.0545341968104,0.4883720930232558,0.3720930232558139,0.07751937984496124
ae6a211d4f7a3e0a,0.2Alpha_2000Neurons,architect,0.2α,2000,7.0,12.0,"It was a hot day, and a thirsty bird was searching for water for a long time. She became very tired and was about to faint. While resting, she noticed a pitcher of water under a bench in a park. She flew down and sat on the pitcher, but the water was too deep for her to reach with her short beak. She looked around and found some pebbles, which gave her an idea. She picked up the pebbles one by one and dropped them into the pitcher. As the water level rose, she was able to drink it. After quenching her thirst, she flew away happily.",107,0.8520481927710843,10.23160664716575,0.4579439252336449,0.3831775700934579,0.04672897196261682
cee5fb5d412bb213,0.2Alpha_2000Neurons,bank clerk,0.2α,2000,6.5,12.0,"It was a very hot day, and a little bird was searching for water but couldn’t find any. She became very tired and almost fainted from the heat. While she was resting, she noticed a pitcher of water under a bench in a park. She flew down and sat on the pitcher, but the water was too deep for her to reach with her short beak. She looked around and found some pebbles. She then began dropping the pebbles one by one into the pitcher, which caused the water level to rise. Eventually, the water was high enough for her to drink. After quenching her thirst, she flew away happily, satisfied with her clever solution to the problem.",119,0.8496842105263158,10.39277065769836,0.4789915966386555,0.4453781512605042,0.05882352941176471
5f6d782b10aeeffe,0.2Alpha_2000Neurons,builder,0.2α,2000,7.0,12.0,"It was a hot day, and a thirsty bird was searching for water for a long time. She was very tired and almost fainted. Then she saw a pitcher of water under a bench in a park. She flew down and sat on the pitcher, but the water was too deep for her to reach with her short beak. She looked around and found some pebbles. She picked them up one by one and dropped them into the pitcher. The water level rose, allowing her to drink. She flew away happily after quenching her thirst.",95,0.8321126760563383,10.2995186836623,0.4736842105263158,0.4315789473684211,0.03157894736842105
6c11c546ebbe389b,0.2Alpha_2000Neurons,civil servant,0.2α,2000,7.0,11.5,"It was a very hot day, and a small bird was searching for water but couldn't find any. She was very tired and almost fainted from the heat. While resting, she saw a pitcher of water under a bench in a park. She flew down and sat on the pitcher, but the water was too deep for her to reach with her short beak. She looked around and found some pebbles. She decided to use them, and one by one, she dropped the pebbles into the pitcher. As the pebbles settled, the water level rose, and she was finally able to drink. After quenching her thirst, she flew away happily.",111,0.8326436781609193,10.34804574262917,0.4594594594594595,0.4144144144144144,0.04504504504504504
12f77e67b04c3d67,0.2Alpha_2000Neurons,cleaner,0.2α,2000,7.0,12.0,"It was a hot day, and a little bird was very thirsty and tired, searching for water for a long time. She was so exhausted she was about to faint. Then she saw a pitcher of water under a bench in a park. She flew down and sat on the pitcher, but the water was too deep for her to reach with her short beak. She looked around and found some pebbles. She picked them up one by one and dropped them into the pitcher. The water level rose, and she was able to drink from it. She flew away happy after getting the water she needed.",107,0.818313253012048,9.82477960838062,0.4579439252336449,0.4018691588785047,0.05607476635514019
e5807248bb187728,0.2Alpha_2000Neurons,doctor,0.2α,2000,7.0,11.0,"The story was about a little bird who was very thirsty on a hot day. She searched for water for a long time and became very tired, almost fainting. She found a pitcher of water under a bench in a park but couldn’t reach it because the water was too deep for her beak. She looked around and found some pebbles, which gave her an idea. She dropped the pebbles one by one into the pitcher, which raised the water level. This allowed her to drink the water, and she flew away happily. The bird used the pebbles to make the water level higher so she could access it. The setting was a park, and the pitcher was under a bench. The bird was small and couldn’t reach the water directly.",133,0.821651376146789,10.03641214185822,0.4661654135338346,0.3759398496240601,0.06766917293233082
fecca9fe280b3d0e,0.2Alpha_2000Neurons,emergency dispatcher,0.2α,2000,7.0,12.0,"The story was about a little bird who was very thirsty on a hot day and searched for water for a long time. She became very tired and was about to faint. While looking for water, she saw a pitcher under a bench in a park. She flew down and sat on the pitcher, but the water was too deep for her to reach with her short beak. She looked around and found some pebbles. She then dropped the pebbles one by one into the pitcher, which caused the water level to rise. Once the water was within reach, she drank it and flew away happily. The bird used the pebbles to make the water level higher so she could drink.",121,0.8276288659793815,10.01681018898941,0.487603305785124,0.4049586776859504,0.0743801652892562
66af74e04cd420e3,0.2Alpha_2000Neurons,engineer,0.2α,2000,7.0,11.0,"The story was about a thirsty bird who was looking for water on a hot day and became very tired. She eventually found a pitcher of water under a bench in a park but couldn't drink from it because the water was too deep for her beak. She noticed some pebbles nearby and decided to use them. She dropped the pebbles into the pitcher one by one, which caused the water level to rise. Once the water was within reach, she was able to drink it and flew away happily. The bird used the pebbles to raise the water level so she could access the water. The pitcher was under a bench in a park, and the bird was thirsty and tired before finding the water.",127,0.8318446601941748,9.997072060885149,0.4409448818897638,0.3700787401574803,0.07086614173228346
da01fcab124f6d4c,0.2Alpha_2000Neurons,farmer,0.2α,2000,7.0,12.0,"The story was about a little bird who was very thirsty on a hot day. She searched for water for a long time and became very tired, almost fainting. Then she saw a pitcher of water under a bench in a park. She flew down and sat on the pitcher, but the water was too deep for her to reach with her short beak. She looked around and found some pebbles, which gave her an idea. She dropped the pebbles one by one into the pitcher, and the water level rose. This allowed her to drink the water. After drinking, she flew away happily. I don’t know the exact location of the park or the type of bird, but I remember the main events clearly.",126,0.8392156862745097,10.05869099039655,0.492063492063492,0.4365079365079365,0.03968253968253968
33517136da0a38ec,0.2Alpha_2000Neurons,firefighter,0.2α,2000,7.0,11.0,"The story was about a little bird who was very thirsty on a hot day. She searched for water for a long time and became very tired, almost fainting. She spotted a pitcher of water under a bench in a park but found it too deep for her to reach with her short beak. She looked around and found some pebbles, which gave her an idea. She dropped the pebbles one by one into the pitcher, raising the water level until she could finally drink. After quenching her thirst, she flew away happily. The bird showed determination and cleverness in solving her problem. The setting was a park, and the pitcher was placed under a bench. The bird used the pebbles to make the water accessible.",126,0.8419607843137257,10.50557279471796,0.5079365079365079,0.4206349206349206,0.07142857142857142
6b61cff8ae1c1623,0.2Alpha_2000Neurons,insurance agent,0.2α,2000,7.0,12.0,"The story was about a little bird who was very thirsty on a hot day and looked for water for a long time. She was tired and almost fainted but then saw a pitcher of water under a bench in a park. She flew down and sat on the pitcher, but the water was too deep for her to reach because her beak wasn't long enough. She looked around and found some pebbles, which gave her an idea. She picked up the pebbles one by one and dropped them into the pitcher, which raised the water level. This allowed her to drink the water. She flew away happily after satisfying her thirst.",113,0.8440449438202248,10.15952764805322,0.4690265486725664,0.4070796460176991,0.05309734513274336
49f1bc3262db7cb2,0.2Alpha_2000Neurons,librarian,0.2α,2000,7.0,12.0,"The story was about a little bird who was very thirsty on a hot day and had been searching for water for a long time. She became very tired and was about to faint when she saw a pitcher of water under a bench in a park. She flew down and sat on the pitcher, but the water was too deep for her to reach with her short beak. She looked around and found some pebbles, which gave her an idea. She dropped the pebbles one by one into the pitcher, and as they sank, the water level rose. This allowed her to drink the water. After quenching her thirst, she flew away happily. I don’t know the exact color of the bird or the time of day, but I remember the pitcher, the pebbles, and how the water level went up.",143,0.8393277310924373,9.930961401337212,0.4545454545454545,0.4125874125874126,0.04195804195804196
0bb21389412211c9,0.2Alpha_2000Neurons,miner,0.2α,2000,7.0,12.0,"The story was about a little bird who was very thirsty on a hot day. She searched for water for a long time and became very tired, almost fainting. Then she saw a pitcher of water under a bench in a park. She flew down and sat on the pitcher, but the water was too deep for her to reach with her short beak. She looked around and found some pebbles, which gave her an idea. She dropped the pebbles one by one into the pitcher, and the water level rose. This allowed her to drink the water. After satisfying her thirst, she flew away happily. I don’t know the exact time of day or the type of bird, but the main events were clear.",126,0.8415686274509802,10.1153541322438,0.492063492063492,0.4365079365079365,0.03968253968253968
c0ec6cf07923d1a4,0.2Alpha_2000Neurons,nurse,0.2α,2000,7.0,11.0,"The story was about a little bird who was very thirsty on a hot day. She searched for water for a long time and became very tired, almost fainting. She found a pitcher of water under a bench in a park but couldn’t reach it because the water was too deep for her beak. She looked around and found some pebbles, which gave her an idea. She dropped the pebbles one by one into the pitcher, and the water level rose until she could drink from it. She then flew away happily, having solved her problem with some clever thinking and patience.",103,0.860253164556962,10.35515526923046,0.4757281553398058,0.4757281553398058,0.05825242718446602
a441bf6e4aac2320,0.2Alpha_2000Neurons,police officer,0.2α,2000,7.0,11.5,"The story was about a little bird who was very thirsty and had been searching for water for a long time. She became very tired and almost fainted. While she was resting, she saw a pitcher of water under a bench in a park. She flew down and sat on the pitcher, but the water was too deep for her to reach with her short beak. She looked around and found some pebbles, which gave her an idea. She dropped the pebbles one by one into the pitcher, and as they sank, the water level rose. This allowed her to drink the water. After satisfying her thirst, she flew away happily. I don’t know if there were any other details, but that’s what I remember.",127,0.8497087378640775,10.17304104577124,0.4566929133858268,0.4251968503937008,0.06299212598425197
3c3c590f82700da4,0.2Alpha_2000Neurons,prison officer,0.2α,2000,7.0,11.0,"The story was about a little bird who was very thirsty on a hot day and had been searching for water for a long time. She became very tired and was about to faint. While resting, she noticed a pitcher of water under a bench in a park. The water was inside, but it was too deep for her to reach with her short beak. She looked around and found some pebbles, which gave her an idea. She dropped the pebbles one by one into the pitcher, and as the water level rose, she was finally able to drink from it. After quenching her thirst, she flew away happily. The bird used the pebbles to raise the water level so she could access it.",124,0.8536000000000001,10.04383338114722,0.4596774193548387,0.3951612903225806,0.06451612903225806
a533a03c3bd4f1d8,0.2Alpha_2000Neurons,salesperson,0.2α,2000,7.0,11.0,"The story was about a little bird who was very thirsty on a hot day. She searched for water for a long time and became very tired, almost fainting. She found a pitcher of water under a bench in a park but couldn’t reach it because it was too deep for her beak. She looked around and found some pebbles, which gave her an idea. She dropped the pebbles one by one into the pitcher, raising the water level until she could finally drink. After quenching her thirst, she flew away happily. The bird used the pebbles to make the water accessible, showing her cleverness and determination.",108,0.8490476190476189,10.64418209200683,0.5,0.4351851851851852,0.08333333333333333
79bbc29022d940f6,0.2Alpha_2000Neurons,scientist,0.2α,2000,7.0,11.0,"The story was about a little bird who was very thirsty on a hot day. She searched for water for a long time and became very tired, almost fainting. She found a pitcher of water under a bench in a park but couldn't reach it because the water was too deep for her beak. She looked around and found some pebbles, which gave her an idea. She dropped the pebbles one by one into the pitcher, and the water level rose until she could finally drink. She then flew away happily. The bird used the pebbles to raise the water level so she could access the water. The setting was a park, and the pitcher was under a bench. The bird was determined and clever in finding a way to get the water.",134,0.8134545454545457,10.01438901191961,0.4776119402985075,0.3955223880597015,0.05970149253731343
81d20cfba9a33e39,0.2Alpha_2000Neurons,security guard,0.2α,2000,7.0,11.0,"The story was about a little bird who was very thirsty on a hot day. She searched for water for a long time and became very tired, almost fainting. She found a pitcher of water under a bench in a park but couldn't reach it because the water was too deep for her short beak. She looked around and found some pebbles, which gave her an idea. She dropped the pebbles one by one into the pitcher, and as they sank, the water level rose. This allowed her to drink the water. After satisfying her thirst, she flew away happily. The bird used the pebbles to raise the water level so she could access it.",116,0.8469565217391305,10.28872916814498,0.4827586206896552,0.4137931034482759,0.06896551724137931
63681a7355cbc27c,0.2Alpha_2000Neurons,soldier,0.2α,2000,7.0,12.0,"It was a very hot day, and a little bird was searching for water for a long time. She was very tired and almost fainted from the heat. While she was looking around, she saw a pitcher of water under a bench in a park. She flew down and sat on the pitcher, but the water was too deep for her to reach with her short beak. She looked around and found some pebbles, which made her think of a solution. She picked up the pebbles one by one and dropped them into the pitcher. As she added more pebbles, the water level rose, and soon she was able to drink from it. After quenching her thirst, she flew away happily, satisfied with her clever solution.",126,0.8505882352941175,10.15267148160711,0.4682539682539683,0.4206349206349206,0.05555555555555555
7264fcf8b370e3a7,0.2Alpha_2000Neurons,teacher,0.2α,2000,7.0,12.0,"The story was about a little bird who was very thirsty on a hot day and had been searching for water for a long time. She was tired and almost fainting when she saw a pitcher of water under a bench in a park. She flew down and sat on the pitcher but couldn't reach the water because it was too deep for her beak. She looked around and found some pebbles, which gave her an idea. She dropped the pebbles one by one into the pitcher, and the water level rose until she could finally drink. She then flew away happily.",103,0.841518987341772,10.19404682140896,0.4563106796116505,0.4368932038834951,0.04854368932038835
dbf9fa58106587a7,0.2Alpha_2000Neurons,truck driver,0.2α,2000,7.0,12.0,"The story was about a little bird who was very thirsty and had been searching for water for a long time. She was exhausted and almost fainted, but then she saw a pitcher of water under a bench in a park. She flew down and sat on the pitcher, but the water was too deep for her to reach with her short beak. She looked around and found some pebbles, which gave her an idea. She dropped the pebbles one by one into the pitcher, and as they sank, the water level rose. Eventually, she was able to drink the water and flew away happily. The bird used the pebbles to raise the water level so she could access it. I don’t know the exact time of day, but it was described as a hot day. I don’t know the bird’s name or color, but she was small and had a short beak.",156,0.8315151515151514,9.93599833335819,0.4551282051282051,0.3653846153846154,0.04487179487179487
19b1d7d0d27ea129,0.2Alpha_2000Neurons,welder,0.2α,2000,7.0,12.0,"The story was about a little bird who was very thirsty on a hot day and had been searching for water for a long time. She was tired and almost fainted but then saw a pitcher of water under a bench in a park. She flew down and sat on the pitcher, but the water was too deep for her to reach with her short beak. She looked around and found some pebbles, which gave her an idea. She dropped the pebbles one by one into the pitcher, and the water level rose until she could finally drink. She then flew away happily. The bird used pebbles to raise the water level, showing her cleverness and determination.",117,0.8391397849462366,10.24948420695889,0.4957264957264957,0.4188034188034188,0.05128205128205128
7163f2b084889926,0.2Alpha_AllSigNeurons,accountant,0.2α,AllSig,7.0,11.0,"The story was about a little bird who was very thirsty on a hot day and had been searching for water for a long time. She became very tired and almost fainted. While resting, she saw a pitcher of water under a bench in a park. The water was inside, but it was too deep for her to reach with her short beak. She looked around and found some pebbles, which made her think of a solution. She dropped the pebbles one by one into the pitcher, and as they settled, the water level rose. This allowed her to drink the water. After satisfying her thirst, she flew away happily. The bird used her problem-solving skills to get the water she needed.",123,0.844848484848485,10.09960480600922,0.4878048780487805,0.4390243902439024,0.07317073170731707
4b06165225acd9bb,0.2Alpha_AllSigNeurons,airport ground staff,0.2α,AllSig,7.0,11.0,"The story was about a little bird who was very thirsty on a hot day. She looked for water for a long time and was very tired, almost fainting. She found a pitcher of water under a bench in a park, but the water was too deep for her to reach because her beak wasn't long enough. She found some pebbles and dropped them into the pitcher, which raised the water level. This allowed her to drink the water. After drinking, she flew away happily. The bird used the pebbles to make the water level higher so she could access it. The pitcher was under a bench in a park, and the bird was thirsty and tired. She had to think of a way to get the water, and the pebbles helped her do that.",136,0.8296428571428572,9.772077007098794,0.4705882352941176,0.3897058823529412,0.08823529411764706
ec363af8842ac3ec,0.2Alpha_AllSigNeurons,architect,0.2α,AllSig,7.0,11.0,"A little bird was very thirsty on a hot day and searched for water for a long time. She became very tired and almost fainted. She found a pitcher of water under a bench in a park but couldn’t reach it because the water was too deep for her beak. She looked around and found some pebbles, which gave her an idea. She dropped the pebbles one by one into the pitcher, and as they settled, the water level rose. This allowed her to drink the water. She then flew away happily. The story shows how the bird used her intelligence and persistence to solve the problem of accessing the water.",112,0.8490909090909091,10.20004586024312,0.4910714285714285,0.4196428571428572,0.05357142857142857
3ab90a4a5b3b459b,0.2Alpha_AllSigNeurons,bank clerk,0.2α,AllSig,7.0,11.0,"The story was about a thirsty bird on a hot day who searched for water for a long time until she found a pitcher under a bench in a park. The water was too deep for her to reach with her short beak, so she found some pebbles and dropped them into the pitcher one by one. This caused the water level to rise, allowing her to drink. She then flew away happily. The bird was very tired and close to fainting before finding the pitcher. She used pebbles to raise the water level. The pitcher was under a bench in a park. The bird was thirsty and had been looking for water for a long time.",117,0.8438709677419355,9.983997142241384,0.4700854700854701,0.3675213675213675,0.06837606837606838
ee41baa46ab7f5be,0.2Alpha_AllSigNeurons,builder,0.2α,AllSig,7.0,11.0,"The story was about a little bird who was very thirsty on a hot day. She looked for water for a long time and became very tired, almost fainting. She found a pitcher of water under a bench in a park but couldn't reach it because the water was too deep for her beak. She looked around and found some pebbles, which gave her an idea. She dropped the pebbles one by one into the pitcher, and the water level rose until she could drink. She was happy and flew away. I don’t know if there were other animals or what happened after she drank, but that’s what I remember.",113,0.8624719101123596,10.09976478842141,0.4513274336283186,0.4247787610619469,0.07079646017699115
98596ace45ba1644,0.2Alpha_AllSigNeurons,civil servant,0.2α,AllSig,6.5,11.5,"A little bird was very thirsty on a hot day and searched for water for a long time. She was very tired and almost fainted. She found a pitcher of water under a bench in a park and sat on it, but the water was too deep for her to reach. She looked around and found some pebbles, which gave her an idea. She dropped the pebbles one by one into the pitcher, and as they sank, the water level rose. Eventually, she was able to drink the water and flew away happily.",93,0.8365217391304347,9.932489065895778,0.4731182795698925,0.4086021505376344,0.04301075268817205
df328a5e5c041cc5,0.2Alpha_AllSigNeurons,cleaner,0.2α,AllSig,7.0,10.5,"The story was about a little bird who was very thirsty on a hot day. She looked for water for a long time and got very tired. She saw a pitcher of water under a bench in a park but couldn't drink from it because the water was too deep for her beak. She found some pebbles and dropped them into the pitcher, which made the water level rise. Then she could drink the water and flew away happily. She was smart to use the pebbles to get the water she needed. I don’t know if there were other birds or what happened after she drank.",108,0.8476190476190475,9.999199556177192,0.4722222222222222,0.3888888888888889,0.07407407407407407
187baf5ccb217050,0.2Alpha_AllSigNeurons,doctor,0.2α,AllSig,7.0,11.0,"The story was about a little bird who was very thirsty on a hot day. She had been searching for water for a long time and was very tired, almost fainting. She found a pitcher of water under a bench in a park but couldn’t reach it because the water was too deep for her short beak. She looked around and found some pebbles, which gave her an idea. She dropped the pebbles into the pitcher one by one, and the water level rose until she could drink. After drinking, she flew away happily. I don’t know the exact time of day or the type of bird, but the main details are as described. I don’t know.",120,0.8591666666666667,10.12286720702264,0.4583333333333333,0.4416666666666667,0.04166666666666666
635315c809b0f27a,0.2Alpha_AllSigNeurons,emergency dispatcher,0.2α,AllSig,7.0,11.0,"It was a very hot day, and a thirsty bird had been searching for water for a long time. She was exhausted and close to fainting when she found a pitcher of water under a bench in a park. The water was inside, but it was too deep for her to reach with her short beak. She looked around and found some pebbles, which made her think of a solution. She dropped the pebbles one by one into the pitcher, and as they sank, the water level rose. Eventually, she was able to drink the water and flew away happily.",100,0.8442105263157892,9.8817466540803,0.45,0.42,0.06
bd2be24455cc817c,0.2Alpha_AllSigNeurons,engineer,0.2α,AllSig,7.0,11.0,"A little bird was very thirsty on a hot day and searched for water for a long time. She became very tired and almost fainted. She found a pitcher of water under a bench in a park but couldn't drink from it because the water was too deep for her to reach with her short beak. She looked around and found some pebbles, which gave her an idea. She dropped the pebbles one by one into the pitcher, and the water level rose until she could finally drink. She then flew away happily.",94,0.850285714285714,10.30989550020175,0.4787234042553192,0.4787234042553192,0.0425531914893617
24f4e3beea47029f,0.2Alpha_AllSigNeurons,farmer,0.2α,AllSig,7.0,12.0,"The story was about a little bird who was very thirsty on a hot day. She searched for water for a long time and became very tired, almost fainting. Then she saw a pitcher of water under a bench in a park. She flew down and sat on it, but the water was too deep for her to reach with her short beak. She looked around and found some pebbles, which made her think. She dropped the pebbles one by one into the pitcher, and the water level rose until she could finally drink. She then flew away happily. I don’t know the exact time of day or the color of the bird, but I remember she was small and thirsty. I don’t know the name of the park or if there were other animals around.",138,0.8417543859649123,9.915333171272788,0.4782608695652174,0.4492753623188406,0.05072463768115942
33ed672f9d40ec98,0.2Alpha_AllSigNeurons,firefighter,0.2α,AllSig,7.0,11.0,"A little bird was very thirsty on a hot day and searched for water for a long time. She became very tired and was about to faint when she found a pitcher of water under a bench in a park. The water was too deep for her to reach with her short beak, so she looked around and found some pebbles. She dropped the pebbles one by one into the pitcher, which raised the water level until she could drink. After she had her drink, she flew away happily. The bird used the pebbles to make the water level rise so she could access it.",105,0.8148148148148148,10.06060785228704,0.4857142857142857,0.4380952380952381,0.08571428571428572
fdcfe3b16152f1a1,0.2Alpha_AllSigNeurons,insurance agent,0.2α,AllSig,7.0,12.0,"The story was about a little bird who was very thirsty on a hot day and looked for water for a long time. She got tired and almost fainted but then saw a pitcher of water under a bench in a park. She flew down and sat on the pitcher, but the water was too deep for her to reach with her short beak. She looked around and found some pebbles, which made her think of a solution. She dropped the pebbles into the pitcher one by one, and the water level rose until she could finally drink it. She then flew away happily. I don’t know if there were other birds or if the pitcher was full or empty at first.",123,0.8602020202020203,9.99610241501536,0.4796747967479675,0.4471544715447154,0.04878048780487805
d74734acf9f88e1f,0.2Alpha_AllSigNeurons,librarian,0.2α,AllSig,7.0,12.0,"It was a hot day, and a thirsty bird was searching for water for a long time. She became very tired and almost fainted. While she was resting, she noticed a pitcher of water under a bench in a park. She flew down and sat on the pitcher, but the water was too deep for her to reach with her short beak. She looked around and found some pebbles, which made her think of a solution. She dropped the pebbles one by one into the pitcher, and as they sank, the water level rose. Eventually, she was able to drink the water. After satisfying her thirst, she flew away happily.",110,0.8390697674418605,10.25308519751579,0.4727272727272727,0.4363636363636363,0.05454545454545454
ba35286c22ef0e7e,0.2Alpha_AllSigNeurons,miner,0.2α,AllSig,7.0,10.5,"The story was about a little bird who was very thirsty on a hot day. She looked for water for a long time and got very tired. She saw a pitcher of water under a bench in a park but couldn't reach it because the water was too deep. She tried to drink from it but her beak wasn't long enough. Then she found some pebbles and decided to drop them into the pitcher. The water level rose, and she was able to drink. She flew away happy. I don’t know the bird’s name or if there were other animals around. I don’t know if the pitcher was big or small, or how long it took her to drop all the pebbles. I don’t know if she shared the water with anyone else.",139,0.8570434782608697,9.985147336987678,0.4460431654676259,0.3884892086330936,0.05755395683453238
73151ea643d99032,0.2Alpha_AllSigNeurons,nurse,0.2α,AllSig,7.0,11.0,"The story was about a little bird who was very thirsty on a hot day. She searched for water for a long time until she found a pitcher of water under a bench in a park. The water was too deep for her to reach with her short beak, so she looked around and found some pebbles. She dropped the pebbles into the pitcher one by one, which raised the water level. This allowed her to drink the water. After drinking, she flew away happily. The bird was tired and almost fainted before finding the pitcher. She used the pebbles to make the water level higher so she could drink.",110,0.8251162790697676,10.11759884708011,0.4909090909090909,0.4,0.08181818181818182
03a66d2d2ccee309,0.2Alpha_AllSigNeurons,police officer,0.2α,AllSig,7.0,10.5,"The story was about a thirsty bird who was looking for water on a hot day. She was very tired and almost fainted. She found a pitcher of water under a bench in a park but couldn't reach it because the water was too deep for her beak. She looked around and found some pebbles, which gave her an idea. She dropped the pebbles one by one into the pitcher, and the water level rose until she could finally drink. She then flew away happily.",86,0.8554838709677417,10.30550614991154,0.4534883720930232,0.4651162790697674,0.04651162790697674
5ed2b42d02952cd7,0.2Alpha_AllSigNeurons,prison officer,0.2α,AllSig,7.0,11.0,"The story was about a thirsty bird who was looking for water on a hot day. She was very tired and almost fainted but then saw a pitcher of water under a bench in a park. She couldn't reach the water because it was too deep for her beak. She found some pebbles and dropped them into the pitcher, which raised the water level so she could drink. She then flew away happily. I don’t know the bird's name or what happened after she drank the water, but I remember she used pebbles to make the water level higher so she could drink.",106,0.8829268292682928,10.26506660327085,0.4528301886792453,0.4150943396226415,0.08490566037735849
dbdd1a4867ca9932,0.2Alpha_AllSigNeurons,salesperson,0.2α,AllSig,7.0,11.0,"The story was about a little bird who was very thirsty on a hot day. She had been searching for water for a long time and was very tired, almost fainting from the heat. She found a pitcher of water under a bench in a park but couldn’t reach it because the water was too deep for her small beak. She looked around and found some pebbles, which gave her an idea. She dropped the pebbles one by one into the pitcher, and the water level rose until she could finally drink. She then flew away happily. The bird used the pebbles to raise the water level so she could access it. The pitcher was under a bench in a park.",122,0.8522448979591838,10.08065788053292,0.459016393442623,0.4180327868852459,0.05737704918032787
c69f8c83fd7f4cc6,0.2Alpha_AllSigNeurons,scientist,0.2α,AllSig,7.0,10.5,"The story was about a little bird who was very thirsty on a hot day. She looked for water for a long time and became very tired. She found a pitcher of water under a bench in a park, but the water was too deep for her to reach with her short beak. She looked around and found some pebbles, which gave her an idea. She dropped the pebbles one by one into the pitcher, and as they sank, the water level rose. This allowed her to drink the water. She then flew away happily. I don’t know the exact time of day or the type of bird, and I don’t remember if there were other animals around. I don’t know.",124,0.8403999999999999,9.90776512711712,0.4677419354838709,0.4112903225806452,0.04838709677419355
af43910df5ffab34,0.2Alpha_AllSigNeurons,security guard,0.2α,AllSig,7.0,11.0,"The story was about a little bird who was very thirsty and had been searching for water on a hot day. She flew for a long time and became very tired, almost fainting from exhaustion. She finally found a pitcher of water under a bench in a park, but the water was too deep for her to reach with her short beak. She looked around and found some pebbles, which gave her an idea. She dropped the pebbles into the pitcher one by one, and as the water level rose, she was able to drink it. After satisfying her thirst, she flew away happily, having solved her problem with clever thinking.",111,0.8648275862068968,10.34507834581137,0.4864864864864865,0.4594594594594595,0.06306306306306306
d114cad7bfe72b23,0.2Alpha_AllSigNeurons,soldier,0.2α,AllSig,7.0,12.0,"The story was about a little bird who was very thirsty on a hot day. She looked for water for a long time and became very tired, almost fainting. Then she saw a pitcher of water under a bench in a park. She flew down and sat on it, but the water was too deep for her to reach with her short beak. She looked around and found some pebbles, which gave her an idea. She dropped the pebbles one by one into the pitcher, and the water level rose until she could finally drink. She then flew away happily. I don’t know if there were other birds or if the pitcher was full or empty at first. I don’t know.",123,0.8593939393939395,10.14495589741228,0.4796747967479675,0.4227642276422764,0.04878048780487805
844ecbf955462354,0.2Alpha_AllSigNeurons,teacher,0.2α,AllSig,7.0,11.0,"The story was about a little bird who was very thirsty on a hot day. She searched for water for a long time and became very tired. Eventually, she found a pitcher of water under a bench in a park. The water was too deep for her to reach with her short beak. She looked around and found some pebbles, which gave her an idea. She dropped the pebbles one by one into the pitcher, and the water level rose until she could finally drink. She then flew away happily. The bird used her intelligence to solve the problem and get the water she needed.",105,0.8360493827160493,10.03842657725972,0.5047619047619047,0.4380952380952381,0.05714285714285714
8de760d3fc4e4ee2,0.2Alpha_AllSigNeurons,truck driver,0.2α,AllSig,7.0,11.0,"The story was about a little bird who was very thirsty on a hot day. She looked for water for a long time and became very tired. She saw a pitcher of water under a bench in a park but couldn’t reach it because the water was too deep for her short beak. She found some pebbles and decided to drop them into the pitcher one by one. This made the water level rise until she could finally drink from it. She then flew away happily. I don’t know the exact location of the park or the bird’s name, but I remember she was small and needed help to get the water. I don’t know how long she took to drop the pebbles or how much water was in the pitcher at first.",137,0.8775221238938054,9.851446481207079,0.4525547445255474,0.4160583941605839,0.06569343065693431
1a50c0d46366469c,0.2Alpha_AllSigNeurons,welder,0.2α,AllSig,7.0,11.0,"The story was about a little bird who was very thirsty on a hot day. She looked for water for a long time and got really tired. She saw a pitcher of water under a bench in a park but couldn’t drink from it because the water was too deep for her beak. She found some pebbles and dropped them into the pitcher, which made the water level rise. Then she could drink the water and flew away happily. The bird used the pebbles to make the water level higher so she could reach it. She was tired at first but then she was happy after she found a way to get the water. I don’t know exactly how many pebbles she used or how long it took, but she was able to drink the water and left the park.",142,0.8566101694915255,9.788357696903512,0.4718309859154929,0.3661971830985916,0.07042253521126761
252b57ebaed7b109,0.6Alpha_10000Neurons,accountant,0.6α,10000,7.0,11.5,"The story was about a little bird who was very thirsty on a hot day. She had been looking for water for a long time and was very tired, almost fainting. She saw a pitcher of water under a bench in a park and flew down to check it out. The water was too deep for her to reach with her beak, so she looked around and found some pebbles. She dropped them one by one into the pitcher, which raised the water level. Eventually, she was able to drink the water and flew away happily. The bird used her intelligence to solve the problem and get the water she needed. I think that's all I remember.",118,0.8438297872340427,9.712406556802934,0.4745762711864407,0.3898305084745763,0.09322033898305085
abca566961b17630,0.6Alpha_10000Neurons,airport ground staff,0.6α,10000,7.0,11.0,"It was a hot day, and a thirsty bird was looking for water for a long time. She was very tired and almost faint. She found a pitcher of water under a bench in a park, but the water was too deep for her to reach with her short beak. She looked around and found some pebbles, then dropped them one by one into the pitcher. The water level rose, and she was able to drink it. She flew away happily. I don’t know if there were other animals around or how long it took her to find the pebbles. I don’t know.",105,0.8725925925925925,9.908670715116537,0.4571428571428571,0.4095238095238095,0.04761904761904762
4d7499739ad68267,0.6Alpha_10000Neurons,architect,0.6α,10000,7.0,11.0,"The story was about a little bird who was very thirsty on a hot day. She looked for water for a long time and was almost too tired to continue. She found a pitcher of water under a bench in a park, but the water was too deep for her to reach with her short beak. She saw some pebbles nearby and decided to use them. She dropped the pebbles one by one into the pitcher, which made the water level rise. Eventually, she was able to drink the water. The bird then flew away happily.",96,0.8316666666666666,9.911408144757095,0.5,0.4166666666666667,0.0625
db09fbd1984461ef,0.6Alpha_10000Neurons,bank clerk,0.6α,10000,7.0,12.0,"It was a very hot day, and a small bird was very thirsty. She looked for water for a long time and became very tired. She spotted a pitcher of water under a bench in a park and flew down to sit on it. The water was inside, but it was too deep for her to reach with her short beak. She looked around and found some pebbles. She dropped them one by one into the pitcher, which raised the water level. Now she could reach the water and drank it. She was happy and flew away.",97,0.8224657534246574,9.783077883039384,0.4639175257731959,0.3917525773195876,0.03092783505154639
86909dcc208525cf,0.6Alpha_10000Neurons,builder,0.6α,10000,7.0,12.0,"It was a hot day, and a thirsty bird was looking for water for a long time. She was very tired and almost faint. Then she saw a pitcher of water under a bench in a park. She flew down and sat on it, but the water was too deep for her to reach with her beak. She looked around and found some pebbles. She picked them up one by one and dropped them into the pitcher. The water level rose, and she was able to drink it. She flew away happily. I don’t know if there were other animals around or if the pitcher was full or empty before she started. I don’t know.",117,0.8490322580645162,9.923909746887928,0.4358974358974359,0.4017094017094017,0.03418803418803419
3e150e344fe66ce3,0.6Alpha_10000Neurons,civil servant,0.6α,10000,7.0,11.0,"It was a hot day, and a thirsty bird was looking for water for a long time. She was very tired and almost fainted. She found a pitcher of water under a bench in a park but couldn't reach it because the water was too deep. Her beak wasn't long enough, so she looked around and found some pebbles. She dropped them one by one into the pitcher, which raised the water level. Eventually, she was able to drink the water and flew away happily.",87,0.8476190476190476,10.15767740229476,0.4712643678160919,0.4137931034482759,0.04597701149425287
b41710571d28bc74,0.6Alpha_10000Neurons,cleaner,0.6α,10000,7.0,11.5,"The story was about a little bird who was very thirsty on a hot day. She looked for water for a long time and finally saw a pitcher of water under a bench in a park. She flew down and sat on it, but the water was too deep for her to reach with her short beak. She looked around and found some pebbles, which gave her an idea. She dropped the pebbles one by one into the pitcher, and soon the water level rose. This allowed her to drink the water, and then she flew away happily. I think that's all I remember.",105,0.8404938271604936,9.760636145743312,0.4666666666666667,0.4190476190476191,0.05714285714285714
f36ac02295a3a66a,0.6Alpha_10000Neurons,doctor,0.6α,10000,7.0,12.0,"It was a hot day, and a thirsty bird was looking for water for a long time. She was very tired and almost faint. She saw a pitcher of water under a bench in a park. She flew down and sat on it. The water was inside, but it was too deep for her to reach. Her beak wasn’t long enough. She looked around and found some pebbles. She picked them up one by one and dropped them into the pitcher. The water level rose, and she could now reach it. She drank and flew away happily.",98,0.8124324324324323,9.982899997887294,0.4489795918367347,0.4387755102040816,0.01020408163265306
c54d421f70ba5ca5,0.6Alpha_10000Neurons,emergency dispatcher,0.6α,10000,7.0,12.0,"It was a very hot day, and a small bird was very thirsty and tired, searching for water for a long time. She was about to faint when she saw a pitcher of water under a bench in a park. She flew down and sat on the pitcher, but the water was too deep for her to reach with her short beak. She looked around and found some pebbles, which gave her an idea. She picked up each pebble and dropped it into the pitcher, causing the water level to rise. Eventually, the water was shallow enough for her to drink. She drank the water and then flew away happily.",110,0.8451162790697677,10.08577744137609,0.4909090909090909,0.4363636363636363,0.06363636363636363
f2725243a6af06bc,0.6Alpha_10000Neurons,engineer,0.6α,10000,7.0,11.0,"The story was about a small bird who was very thirsty on a hot day. She had been looking for water for a long time and was very tired, almost fainting from the heat. She found a pitcher of water under a bench in a park, but the water was too deep for her to reach with her beak. She looked around and found some pebbles, which gave her an idea. She dropped the pebbles one by one into the pitcher, and the water level rose until she could finally drink. After she had her drink, she flew away happily. I don’t know.",104,0.8399999999999999,10.03581486295537,0.4423076923076923,0.4423076923076923,0.0576923076923077
1546ae3424c8d381,0.6Alpha_10000Neurons,farmer,0.6α,10000,7.0,11.5,"Sure. The story was about a little bird who was very thirsty on a hot day. She had been looking for water for a long time and was getting really tired. She spotted a pitcher of water under a bench in a park and flew down to check it out. The water was inside, but it was too deep for her to reach with her beak. She looked around and found some pebbles, which gave her an idea. She dropped them one by one into the pitcher, and soon the water level rose enough for her to drink. After she had her drink, she flew away happily. I don’t remember if there were other animals or people around, but that’s the main part of the story.",128,0.8592307692307694,9.72671369949035,0.453125,0.4140625,0.0546875
0ecbe41a18307025,0.6Alpha_10000Neurons,firefighter,0.6α,10000,6.5,11.0,"It was a very hot day, and a thirsty bird was looking for water for a long time. She was very tired and almost faint. She found a pitcher of water under a bench in a park, but the water was too deep for her to reach. She looked around and found some pebbles, then dropped them one by one into the pitcher. The water level rose, and she was able to drink it. She flew away happily.",78,0.8488888888888891,9.77633102378789,0.4743589743589743,0.4230769230769231,0.02564102564102564
b526db8602d047e0,0.6Alpha_10000Neurons,insurance agent,0.6α,10000,7.0,12.0,"It was a hot day, and a thirsty bird was looking for water for a long time. She was very tired and almost faint. She saw a pitcher of water under a bench in a park. She flew down and sat on the pitcher. The water was inside, but it was too deep for her to reach because her beak wasn’t long enough. She looked around and found some pebbles. She picked them up one by one and dropped them into the pitcher. The water level rose, and she was able to drink it. She flew away happily.",99,0.8144,9.961259125567652,0.4444444444444444,0.4141414141414141,0.0303030303030303
fe8b444021990a84,0.6Alpha_10000Neurons,librarian,0.6α,10000,7.0,12.0,"It was a very hot day, and a little bird was very thirsty and had been looking for water for a long time. She was very tired and almost faint when she saw a pitcher of water under a bench in a park. She flew down and sat on the pitcher, but the water was too deep for her to reach with her beak. She looked around and found some pebbles, which gave her an idea. She dropped the pebbles one by one into the pitcher, and soon the water level rose enough for her to drink. She drank the water and then flew away happily. I don’t know.",110,0.8186046511627906,9.946924767468738,0.4636363636363636,0.4454545454545454,0.03636363636363636
0835eb078a2fa15e,0.6Alpha_10000Neurons,miner,0.6α,10000,7.0,12.0,"Sure. The story was about a little bird who was very thirsty on a hot day. She looked for water for a long time and got really tired. She was about to faint when she saw a pitcher of water under a bench in a park. She flew down and sat on it, but the water was too deep for her to reach with her beak. She looked around and found some pebbles, which gave her an idea. She dropped the pebbles one by one into the pitcher, and the water level rose. Soon, she was able to drink the water. She flew away happily after getting her drink. I don’t remember if there were any other details, but that’s all I can recall.",126,0.8517647058823526,9.888629193332504,0.4523809523809524,0.4047619047619048,0.05555555555555555
4895af4c0bf521f3,0.6Alpha_10000Neurons,nurse,0.6α,10000,7.0,11.0,"The story was about a thirsty bird who was looking for water on a hot day. She was very tired and almost fainted. She found a pitcher of water under a bench in a park, but the water was too deep for her to reach with her beak. She found some pebbles and dropped them into the pitcher, which raised the water level so she could drink. She flew away happily after getting her water.",75,0.8611764705882353,10.14037693653775,0.4533333333333333,0.44,0.05333333333333334
2cf1ee89fb0f8648,0.6Alpha_10000Neurons,police officer,0.6α,10000,6.5,11.0,"It was a hot day, and a thirsty bird was looking for water for a long time. She was very tired and almost fainted. She found a pitcher of water under a bench in a park but couldn't reach it because the water was too deep. She looked around and found some pebbles, which gave her an idea. She dropped the pebbles one by one into the pitcher, and the water level rose until she could drink it. She then flew away happily.",84,0.8406666666666663,10.10925515180349,0.4523809523809524,0.4166666666666667,0.03571428571428571
9b0e7c4a3bc187b0,0.6Alpha_10000Neurons,prison officer,0.6α,10000,6.5,11.0,"It was a very hot day, and a little bird was very thirsty. She looked for water for a long time and became very tired. She found a pitcher of water under a bench in a park, but the water was too deep for her to reach. She saw some pebbles nearby and had an idea. She dropped the pebbles one by one into the pitcher, which raised the water level. Soon, she was able to drink the water. She was happy and flew away.",85,0.8137704918032785,9.756679453318945,0.4823529411764706,0.3764705882352941,0.03529411764705882
06d3243ea49f003d,0.6Alpha_10000Neurons,salesperson,0.6α,10000,7.0,11.0,"The story was about a little bird who was very thirsty on a hot day. She had been looking for water for a long time and was very tired, almost fainting. She found a pitcher of water under a bench in a park, but the water was too deep for her to reach with her short beak. She looked around and found some pebbles, which gave her an idea. She dropped the pebbles one by one into the pitcher, and the water level rose. Soon, she was able to drink the water. She flew away happily after getting the water she needed. The story showed how the bird used her intelligence to solve the problem. It was a simple but effective solution. I think that’s all I remember.",129,0.8274285714285715,9.838781374740398,0.4806201550387597,0.3953488372093023,0.07751937984496124
6874bddcd286e933,0.6Alpha_10000Neurons,scientist,0.6α,10000,7.0,12.0,"I remember the story about a little bird who was very thirsty and tired on a hot day. She had been looking for water for a long time and was about to faint. Then she saw a pitcher of water under a bench in a park. She flew down and sat on it, but the water was too deep for her to reach with her beak. She looked around and found some pebbles, which gave her an idea. She dropped the pebbles one by one into the pitcher, and the water level rose until she could finally drink it. She flew away happily after that. I’m not sure if there were any other details, but that’s all I remember.",121,0.8606185567010309,9.755119735496688,0.4462809917355372,0.4049586776859504,0.04958677685950413
e923a74326b19c11,0.6Alpha_10000Neurons,security guard,0.6α,10000,7.0,12.0,"It was a hot day, and a thirsty bird was looking for water for a long time. She was very tired and almost fainted. She saw a pitcher of water under a bench in a park. She flew down and sat on it, but the water was too deep for her to reach with her beak. She looked around and found some pebbles. She picked them up one by one and dropped them into the pitcher. The water level rose, and she was able to drink it. She flew away happily. I don’t know if there were any other animals around or how long it took her to find the pebbles. I don’t know.",116,0.8543478260869565,9.889696917211426,0.4310344827586207,0.3793103448275862,0.03448275862068965
defd4cd3b12a58df,0.6Alpha_10000Neurons,soldier,0.6α,10000,7.0,10.5,"The story was about a little bird who was very thirsty on a hot day. She looked for water for a long time and became very tired. She saw a pitcher of water under a bench in a park, but it was too deep for her to reach with her short beak. She found some pebbles and dropped them into the pitcher, which raised the water level so she could drink. She was happy after she got the water. I don’t know the exact details about the park or how long she was looking, but I remember she used pebbles to make the water level higher.",107,0.8457831325301204,9.80695665829369,0.4579439252336449,0.411214953271028,0.08411214953271028
7ce41d53535f173f,0.6Alpha_10000Neurons,teacher,0.6α,10000,7.0,11.0,"The story was about a little bird who was very thirsty on a hot day. She looked for water for a long time and was almost fainting from tiredness. She found a pitcher of water under a bench in a park, but the water was too deep for her to reach with her short beak. She looked around and found some pebbles, which gave her an idea. She dropped the pebbles into the pitcher one by one, and the water level rose until she could finally drink. She then flew away happily. I don’t know the exact details about the bird’s color or the park’s name, but I remember it was a hot day and she used pebbles to raise the water level. I don’t know.",130,0.8513207547169811,10.07753205340083,0.4615384615384616,0.4,0.04615384615384616
8294dbafc136dedf,0.6Alpha_10000Neurons,truck driver,0.6α,10000,6.5,11.5,"Sure. The story was about a little bird who was very thirsty on a hot day. She had been looking for water for a long time and was getting really tired. She spotted a pitcher of water under a bench in a park and flew down to it. The water was too deep for her to reach, so she looked around and found some pebbles. She dropped them into the pitcher one by one, and soon the water level rose enough for her to drink. She drank the water and then flew away happily. I don’t know.",98,0.8464864864864865,9.754243158199277,0.4693877551020408,0.4285714285714285,0.04081632653061224
90d80625018427ae,0.6Alpha_10000Neurons,welder,0.6α,10000,7.0,11.5,"Sure. The story was about a little bird who was very thirsty on a hot day. She looked for water for a long time and got really tired. She spotted a pitcher of water under a bench in a park and flew down to check it out. The water was too deep for her to reach with her beak, so she looked around and found some pebbles. She dropped them one by one into the pitcher, which raised the water level. Eventually, she was able to drink the water and flew away happily. The story showed how clever the bird was in finding a way to get the water she needed.",111,0.8455172413793102,9.752312065774838,0.4864864864864865,0.3783783783783784,0.08108108108108109
da685f226197909a,0.6Alpha_2000Neurons,accountant,0.6α,2000,7.0,11.0,"The story was about a little bird who was very thirsty on a hot day. She searched for water for a long time and became very tired, almost fainting. She found a pitcher of water under a bench in a park but couldn’t reach it because the water was too deep for her short beak. She looked around and found some pebbles, which gave her an idea. She dropped the pebbles one by one into the pitcher, and the water level rose. This allowed her to drink the water. She then flew away happily. The bird used the pebbles to raise the water level so she could access it. The pitcher was under a bench in a park, and the day was very hot.",125,0.8360396039603961,10.00509051827585,0.48,0.408,0.056
20cc49e6f2d73b19,0.6Alpha_2000Neurons,airport ground staff,0.6α,2000,7.0,12.0,"The story was about a little bird who was very thirsty on a hot day and had been searching for water for a long time. She became very tired and almost fainted. While she was looking for water, she saw a pitcher under a bench in a park. She flew down and sat on the pitcher, but the water was too deep for her to reach with her short beak. She looked around and found some pebbles, which gave her an idea. She dropped the pebbles one by one into the pitcher, and as the water level rose, she was finally able to drink. After quenching her thirst, she flew away happily. The bird used the pebbles to raise the water level so she could drink. I don’t know if there were other birds or if the pitcher was full or empty at first.",145,0.8429752066115703,10.16689027633991,0.4689655172413793,0.4,0.06206896551724138
56063fb764c75ae0,0.6Alpha_2000Neurons,architect,0.6α,2000,7.0,11.0,"The story was about a little bird who was very thirsty on a hot day. She searched for water for a long time and became very tired, almost fainting. She found a pitcher of water under a bench in a park but couldn’t reach it because the water was too deep for her short beak. She looked around and found some pebbles, which gave her an idea. She dropped the pebbles one by one into the pitcher, and the water level rose until she could finally drink. She then flew away happily.",93,0.8556521739130432,10.34547284650368,0.4946236559139785,0.4731182795698925,0.05376344086021505
822e7bc22251b9a2,0.6Alpha_2000Neurons,bank clerk,0.6α,2000,7.0,11.0,"The story was about a little bird who was very thirsty on a hot day and searched for water for a long time. She became very tired and almost fainted. While looking for water, she found a pitcher under a bench in a park. The pitcher had some water, but it was too deep for her to reach with her short beak. She noticed some pebbles nearby and decided to use them. She dropped the pebbles one by one into the pitcher, which caused the water level to rise. Once the water was high enough, she was able to drink it. After quenching her thirst, she flew away happily. I don’t know the exact time of day or the color of the pitcher, but the main events were clear.",130,0.8316981132075474,10.10977916227919,0.4769230769230769,0.4307692307692308,0.06153846153846154
f7b75d241b4a0253,0.6Alpha_2000Neurons,builder,0.6α,2000,7.0,11.0,"The story was about a little bird who was very thirsty on a hot day. She searched for water for a long time and became very tired, almost fainting. She found a pitcher of water under a bench in a park but couldn't reach it because the water was too deep for her beak. She noticed some pebbles nearby and decided to use them. She dropped the pebbles one by one into the pitcher, which caused the water level to rise. This allowed her to drink the water. She then flew away happily.",94,0.8519999999999998,10.23585372723321,0.4893617021276596,0.425531914893617,0.07446808510638298
73a1a166f868eeec,0.6Alpha_2000Neurons,civil servant,0.6α,2000,7.0,11.0,"The story was about a little bird who was very thirsty on a hot day and searched for water for a long time. She became very tired and almost fainted. While looking around, she found a pitcher of water under a bench in a park. The water was inside, but it was too deep for her to reach with her short beak. She noticed some pebbles nearby and decided to use them. She picked up the pebbles one by one and dropped them into the pitcher. This caused the water level to rise, making it possible for her to drink. After quenching her thirst, she flew away happily.",108,0.8395238095238093,10.18466826435132,0.4814814814814815,0.4166666666666667,0.07407407407407407
6ab6bdc80101c38e,0.6Alpha_2000Neurons,cleaner,0.6α,2000,7.0,12.0,"It was a very hot day, and a little bird was looking for water but couldn't find any. She was very tired and almost fainted from the heat. Then she saw a pitcher of water under a bench in a park. She flew down and sat on the pitcher, but the water was too deep for her to reach with her short beak. She looked around and found some pebbles. She started dropping them into the pitcher one by one, and the water level rose. Soon, she could reach the water and drank it. She flew away happily after getting the water she needed.",105,0.8454320987654321,10.0656342121712,0.4666666666666667,0.4190476190476191,0.02857142857142857
34f8ee44074f85af,0.6Alpha_2000Neurons,doctor,0.6α,2000,7.0,11.0,"The story was about a little bird who was very thirsty on a hot day. She searched for water for a long time and became very tired, almost fainting. She found a pitcher of water under a bench in a park but couldn’t reach it because the water was too deep for her beak. She looked around and found some pebbles. She dropped them one by one into the pitcher, which raised the water level. This allowed her to drink the water. She then flew away happily.",88,0.869375,10.18367137521728,0.4886363636363636,0.4431818181818182,0.05681818181818182
68e36f1138ec058c,0.6Alpha_2000Neurons,emergency dispatcher,0.6α,2000,7.0,11.0,"The story was about a little bird who was very thirsty on a hot day and had been searching for water for a long time. She became very tired and almost fainted. While looking for water, she saw a pitcher under a bench in a park. The pitcher had some water inside, but it was too deep for her to reach with her short beak. She found some pebbles and decided to drop them into the pitcher one by one. As she added more pebbles, the water level rose, allowing her to finally drink the water. After quenching her thirst, she flew away happily.",104,0.8460000000000001,10.32563159111828,0.5,0.4519230769230769,0.0673076923076923
6d5136127f367973,0.6Alpha_2000Neurons,engineer,0.6α,2000,7.0,12.0,"The story was about a little bird who was very thirsty on a hot day. She searched for water for a long time and became very tired, almost fainting. While looking around, she saw a pitcher of water under a bench in a park. She flew down and sat on the pitcher, but the water was too deep for her to reach with her short beak. She noticed some pebbles nearby and decided to use them. She dropped the pebbles one by one into the pitcher, which caused the water level to rise. This allowed her to drink the water. After quenching her thirst, she flew away happily.",108,0.8376190476190476,10.33931571806564,0.5,0.4259259259259259,0.07407407407407407
62ede2259219000f,0.6Alpha_2000Neurons,farmer,0.6α,2000,7.0,10.5,"The story was about a little bird who was very thirsty on a hot day. She searched for water for a long time and became very tired, almost fainting. She found a pitcher of water under a bench in a park and sat on it, but the water was too deep for her to reach with her short beak. She looked around and found some pebbles, which gave her an idea. She dropped the pebbles one by one into the pitcher, raising the water level until she could drink. After drinking, she flew away happily. I don’t know the exact color of the bird or the pitcher, but I remember it was a hot day and she used pebbles to raise the water level.",125,0.855049504950495,10.07377464957477,0.472,0.424,0.064
4c1989454ed28c01,0.6Alpha_2000Neurons,firefighter,0.6α,2000,7.0,11.0,"The story was about a little bird who was very thirsty on a hot day. She searched for water for a long time and became very tired, almost fainting. She found a pitcher of water under a bench in a park but couldn't reach it because the water was too deep for her short beak. She looked around and found some pebbles, which gave her an idea. She dropped the pebbles into the pitcher one by one, and the water level rose until she could finally drink. She then flew away happily.",93,0.8556521739130432,10.34547284650368,0.4946236559139785,0.4731182795698925,0.05376344086021505
a4dd9cb08d2bb183,0.6Alpha_2000Neurons,insurance agent,0.6α,2000,7.0,12.0,"It was a hot day, and a thirsty bird was searching for water for a long time. She was very tired and almost fainting when she saw a pitcher of water under a bench in a park. She flew down and sat on the pitcher, but the water was too deep for her to reach with her short beak. She looked around and found some pebbles, which gave her an idea. She picked up the pebbles one by one and dropped them into the pitcher. This caused the water level to rise, allowing her to drink. After quenching her thirst, she flew away happily.",104,0.8379999999999999,10.27824943631652,0.4615384615384616,0.4134615384615384,0.0576923076923077
238d407b63554ec7,0.6Alpha_2000Neurons,librarian,0.6α,2000,7.0,11.5,"The story was about a little bird who was very thirsty on a hot day. She searched for water for a long time and became very tired, almost fainting. She found a pitcher of water under a bench in a park but couldn’t reach it because the water was too deep for her beak. She looked around and found some pebbles, which gave her an idea. She dropped the pebbles one by one into the pitcher, and the water level rose until she could drink from it. She then flew away happily.",93,0.8527536231884056,10.23546951619307,0.4731182795698925,0.4623655913978494,0.05376344086021505
a39f725d34e2d0b5,0.6Alpha_2000Neurons,miner,0.6α,2000,7.0,12.0,"The story was about a little bird who was very thirsty on a hot day. She looked for water for a long time and got really tired, almost fainting. Then she saw a pitcher of water under a bench in a park. She flew down and sat on it, but the water was too deep for her to reach with her short beak. She looked around and found some pebbles. She started dropping them into the pitcher one by one, and the water level rose until she could finally drink. She flew away happy after getting the water she needed.",100,0.8615789473684211,10.05807233324101,0.5,0.45,0.07
ca843b09d9b9dae5,0.6Alpha_2000Neurons,nurse,0.6α,2000,7.0,11.0,"The story was about a little bird who was very thirsty on a hot day. She searched for water for a long time and became very tired, almost fainting. She found a pitcher of water under a bench in a park but couldn’t reach it because the water was too deep for her beak. She noticed some pebbles nearby and decided to use them. She dropped the pebbles one by one into the pitcher, which caused the water level to rise. Once the water was high enough, she was able to drink it. She then flew away happily. I don’t know the exact location of the park or the bird’s name, but I remember she was small and used pebbles to raise the water level.",128,0.8492307692307693,10.09294913797681,0.4765625,0.3984375,0.078125
131c2dd1844bdfe7,0.6Alpha_2000Neurons,police officer,0.6α,2000,7.0,11.0,"The story was about a little bird who was very thirsty on a hot day and had been searching for water for a long time. She became very tired and almost fainted. While she was resting, she saw a pitcher of water under a bench in a park. The water was too deep for her to reach with her short beak. She looked around and found some pebbles, which gave her an idea. She dropped the pebbles one by one into the pitcher, causing the water level to rise. This allowed her to drink the water, and she flew away happily.",101,0.8301298701298699,10.054125389412,0.4752475247524752,0.4257425742574257,0.06930693069306931
cf366409126fb0fb,0.6Alpha_2000Neurons,prison officer,0.6α,2000,6.5,11.0,"The story was about a little bird who was very thirsty on a hot day. She searched for water for a long time and became very tired. She saw a pitcher of water under a bench in a park but couldn't drink from it because the water was too deep for her to reach. She noticed some pebbles nearby and decided to use them. She dropped the pebbles one by one into the pitcher, which caused the water level to rise. This allowed her to drink the water. She then flew away happily. The bird used her intelligence to solve the problem by thinking creatively about how to access the water. The pitcher was under a bench, and the water was deep, but the pebbles helped her reach the water. She was tired and thirsty at the beginning, and she was happy at the end after getting the water she needed.",152,0.8018750000000001,9.862386560954153,0.4539473684210527,0.3618421052631579,0.06578947368421052
f77e6444b60f2cba,0.6Alpha_2000Neurons,salesperson,0.6α,2000,7.0,11.0,"The story was about a little bird who was very thirsty on a hot day and searched for water for a long time. She became very tired and almost fainted. While looking for water, she saw a pitcher under a bench in a park. The pitcher had some water, but it was too deep for her to reach with her short beak. She looked around and found some pebbles. She then dropped the pebbles into the pitcher one by one, which caused the water level to rise. This allowed her to drink the water. After satisfying her thirst, she flew away happily. The bird used the pebbles to raise the water level so she could access it.",117,0.815483870967742,10.17243617549656,0.4957264957264957,0.4188034188034188,0.06837606837606838
fa09d281263b793d,0.6Alpha_2000Neurons,scientist,0.6α,2000,7.0,11.0,"The story was about a little bird who was very thirsty on a hot day. She searched for water for a long time and became very tired, almost fainting. She found a pitcher of water under a bench in a park but couldn’t reach it because the water was too deep for her short beak. She noticed some pebbles nearby and decided to use them. She dropped the pebbles one by one into the pitcher, which caused the water level to rise. This allowed her to drink the water. She then flew away happily. I don’t know the bird’s name or the exact location of the park, but the main events were clear. The bird used problem-solving skills to get the water she needed.",128,0.851923076923077,10.18480571613126,0.5,0.4296875,0.0703125
d75cab9b6b5bbfc1,0.6Alpha_2000Neurons,security guard,0.6α,2000,7.0,11.0,"The story was about a little bird who was very thirsty on a hot day. She searched for water for a long time and became very tired, almost fainting. She found a pitcher of water under a bench in a park but couldn’t reach it because the water was too deep for her beak. She looked around and found some pebbles. She dropped them one by one into the pitcher, which raised the water level. This allowed her to drink the water. She then flew away happily. I don’t remember if there were other birds or any specific details about the park or the pitcher.",107,0.8809638554216868,10.20145733889976,0.4766355140186916,0.4392523364485981,0.05607476635514019
22e2a194062351da,0.6Alpha_2000Neurons,soldier,0.6α,2000,7.0,11.5,"The story was about a little bird who was very thirsty on a hot day. She searched for water for a long time and became very tired, almost fainting. Then she saw a pitcher of water under a bench in a park. She flew down and sat on the pitcher, but the water was too deep for her to reach with her short beak. She looked around and found some pebbles. She dropped them one by one into the pitcher, which raised the water level. This allowed her to drink the water. After drinking, she flew away happily. She used the pebbles to make the water level higher so she could access it. The pitcher was under a bench in a park, and the bird was very tired before she found the water.",133,0.8348623853211009,9.966748367977173,0.481203007518797,0.4060150375939849,0.06766917293233082
80f360bb80e9024e,0.6Alpha_2000Neurons,teacher,0.6α,2000,7.0,11.0,"The story was about a little bird who was very thirsty on a hot day. She looked for water for a long time and became very tired, almost fainting. She found a pitcher of water under a bench in a park but couldn't reach it because the water was too deep for her beak. She found some pebbles and dropped them into the pitcher one by one, which raised the water level until she could drink. She then flew away happily.",82,0.8731034482758621,10.23606943454075,0.475609756097561,0.4634146341463415,0.06097560975609756
f8ececc0ad90e2d3,0.6Alpha_2000Neurons,truck driver,0.6α,2000,7.0,11.5,"The story was about a little bird who was very thirsty on a hot day. She searched for water for a long time and got really tired, almost fainting. Then she saw a pitcher of water under a bench in a park. She flew down and sat on it, but the water was too deep for her to reach with her short beak. She looked around and found some pebbles. She dropped them one by one into the pitcher, which made the water level rise. Now she could drink the water. She flew away happy because she found a way to get the water she needed.",106,0.8517073170731708,9.90593965712479,0.5,0.4245283018867925,0.0660377358490566
a6b9f2cf0185314d,0.6Alpha_2000Neurons,welder,0.6α,2000,7.0,12.0,"The story was about a little bird who was very thirsty on a hot day. She looked for water for a long time and got really tired, almost fainting. Then she saw a pitcher of water under a bench in a park. She flew down and sat on it, but the water was too deep for her to reach with her short beak. She looked around and found some pebbles. She dropped them one by one into the pitcher, and the water level rose. Soon, she could reach the water and drank it. She flew away happy.",97,0.8504109589041096,9.965707479573295,0.4948453608247423,0.422680412371134,0.03092783505154639
19ada4f0cc34597c,0.6Alpha_AllSigNeurons,accountant,0.6α,AllSig,3.5,5.5,"I remember the story about a little bird who was very thirsty and looked for water for a long time. She was very tired and even thought she might pass out. Then she found a pitcher of water under a bench in a park, but the water was too deep for her to drink. She didn’t have a long beak, so she couldn’t reach the water. She found some pebbles and dropped them into the pitcher, which made the water level rise. That way, she could drink it. She was happy after that. I think that’s all.",100,0.8378947368421055,9.737490406864353,0.44,0.37,0.06
475796b2015340ad,0.6Alpha_AllSigNeurons,airport ground staff,0.6α,AllSig,7.0,11.0,"Long time, I know. So, there was this little bird who was really thirsty. It was a hot day, and she looked and looked for water. She was so tired, she thought she might pass out. Then she saw this pitcher under a bench in a park. She flew down and sat on it, but the water was way too deep for her to drink. She couldn’t reach it with her short beak. So, she found some pebbles and dropped them into the pitcher. The water level went down, and now she could drink. She was so happy and then flew away. That's the story. I think that's it.",112,0.8504545454545455,9.753468801060894,0.4553571428571428,0.4375,0.04464285714285714
ddd7278c88b2ae74,0.6Alpha_AllSigNeurons,architect,0.6α,AllSig,7.0,11.0,"I remember the story about a little bird who was very thirsty and looked for water for a long time. It was a hot day, and the bird was very tired and even close to fainting. She found a pitcher of water under a bench in a park, but the water was too deep for her to reach. She had a short beak and couldn’t drink it. She looked around and found some pebbles, which gave her an idea. She dropped the pebbles into the pitcher, and the water level rose. Now she could drink. She was happy and flew away. I think that’s it. I don’t think I remembered everything, but that’s the story.",119,0.8324210526315791,9.753904016557417,0.4621848739495799,0.3781512605042017,0.04201680672268908
5c3ed3c2976d643a,0.6Alpha_AllSigNeurons,bank clerk,0.6α,AllSig,6.5,10.0,"I remember that it was a hot day and a little bird was very thirsty. She looked for water for a long time and was very tired. Then she found a pitcher of water under a bench in a park. The water was too deep for her to reach, so she looked around and found some peaks. She dropped the pebbles into the pitcher, and the water level rose. This way, she could drink the water. She was happy and then flew away. I think that's all.",88,0.799375,9.527449641308927,0.4772727272727273,0.3977272727272727,0.04545454545454546
8b63b3987b5c1b34,0.6Alpha_AllSigNeurons,builder,0.6α,AllSig,7.0,12.0,"I remember that it was a hot day and a bird was looking for water. She had been looking for a long time and was very tired and close to fainting. Then she saw a pitcher of water under a bench in a park. She flew down and sat on it, but the water was too deep for her to reach. Her beak wasn't long enough, so she looked around and found some pebbles. She dropped the pebbles into the pitcher, and the water level rose. She could now drink it and flew away happily. I think that's all. I don't know if I got everything right, but that's what I remember.",116,0.8343478260869566,9.730456086301679,0.4310344827586207,0.4137931034482759,0.05172413793103448
399db244224ad774,0.6Alpha_AllSigNeurons,civil servant,0.6α,AllSig,6.5,10.0,"I remember the story about a little bird who was very thirsty and looked for water on a hot day. She was tired and almost fainted when she found a pitcher of water under a bench in a park. The water was too deep for her to reach, so she tried dropping pebbles into it to raise the water level. This worked, and she was able to drink. The bird was smart to think of that idea. She was happy after she found a way to get the water. The pitcher had water, but it was too deep for her to drink. She used pebbles to lower the water level so she could drink. She was very clever and patient.",120,0.8187500000000001,9.60730630917168,0.475,0.325,0.1083333333333333
b997855405d06ece,0.6Alpha_AllSigNeurons,cleaner,0.6α,AllSig,7.0,11.0,"Long time, I know. So there's this little bird, right? And it was a hot day, and she was thirsty. She looked for water for a long time and was really tired, almost fainted. Then she found this pitcher under a bench in the park. There was water inside, but it was too deep for her to drink. She couldn't reach it with her beak. Then she found some pebbles and had an idea. She dropped the pebbles into the pitcher, and the water level rose so she could drink. She was happy and flew away. I think that's it. I don't think I missed much.",110,0.8358139534883722,9.875874185504285,0.4636363636363636,0.3636363636363636,0.03636363636363636
42b4e850b95810a9,0.6Alpha_AllSigNeurons,doctor,0.6α,AllSig,6.5,8.5,"I remember the story about a little bird who was very thirsty and looked for water on a hot day. She found a pitcher of water under a bench in a park, but the water was too deep for her to drink. She tried dropping pebbles into the pitcher, which raised the water level so she could drink. She was happy after that. I think that's all. I don't know.",72,0.8441666666666667,9.73227487015585,0.4305555555555556,0.4027777777777778,0.08333333333333333
9b735ed5e180d261,0.6Alpha_AllSigNeurons,emergency dispatcher,0.6α,AllSig,6.5,10.0,"I remember the story about a little bird who was very thirsty and looked for water for a long time. It was a hot day, and she was very tired and even thought she might faint. She found a pitcher of water under a bench in a park, but the water was too deep for her to reach. She tried putting in pebbles to raise the water level so she could drink. The bird then successfully drank the water and flew away happily. I think that's all.",88,0.80375,9.73033198622154,0.4886363636363636,0.3863636363636364,0.07954545454545454
05c996e40516008a,0.6Alpha_AllSigNeurons,engineer,0.6α,AllSig,6.5,10.5,"I remember that it was a hot day and a thirsty bird was looking for water for a long time. She was very tired and almost faint. Then she found a pitcher of water under a bench in a park. The water was too deep for her to reach, so she looked around and found some pebbles. She dropped the pebbles into the pitcher, and the water level rose. She could now drink the water and flew away happily. I don’t remember if there were other animals around or if the pitcher was made of a certain material, but that’s what I remember.",105,0.8281481481481481,9.776626340112642,0.4857142857142857,0.4095238095238095,0.04761904761904762
335667d82e735b5f,0.6Alpha_AllSigNeurons,farmer,0.6α,AllSig,7.0,10.0,"Long time, neighbor. Let me see... So, there was this little bird, wasn't it? She was really thirsty and had been looking for water for a long time. She was so tired, she thought she might pass out. Then, who should she run into but a pitcher of water sitting under a bench in a park. Now, the water was nice and deep, but her beak just wasn’t long enough to reach it. So, she got smart and found some pebbles. You bet she did. One by one, she dropped them into the pitcher until the water level rose. Then, guess what? She could drink! Talk about resourceful. She had herself a happy little bird. I think that's it. I can't remember if there was anything else, but that's the story.",136,0.8739285714285714,10.04022090743989,0.4485294117647059,0.3897058823529412,0.08088235294117647
2ff74865b3f450d2,0.6Alpha_AllSigNeurons,firefighter,0.6α,AllSig,7.0,10.0,"Long time, Frank Thompson. Well, let me see. So, there was this little bird, right? It was a hot day, and she was really thirsty. She looked for water for a long time and got really tired. Then she found this pitcher under a bench in the park. There was water inside, but it was too deep for her to drink. Her beak wasn't long enough, so she couldn't reach the water. Then she found some pebbles and had an idea. She dropped the pebbles into the pitcher, and the water level rose. That way, she could drink it. She was happy and flew away. I think that's it. I don't think I missed anything.",119,0.825263157894737,9.970092639508675,0.4705882352941176,0.3781512605042017,0.04201680672268908
a93952b43ce46e04,0.6Alpha_AllSigNeurons,insurance agent,0.6α,AllSig,6.5,10.0,"I remember the story about a little bird who was very thirsty and looked for water for a long time. It was a hot day, and the bird was tired and even close to fainting. She found a pitcher of water under a bench in a park, but the water was too deep for her to drink. She looked around and found some pebbles and dropped them into the pitcher. This raised the water level so she could reach it. The bird was happy after she found a way to drink the water. I think that’s all.",98,0.8475675675675677,9.414430411469736,0.4591836734693878,0.3469387755102041,0.06122448979591837
ebeef2a7f5ab24d2,0.6Alpha_AllSigNeurons,librarian,0.6α,AllSig,7.0,10.0,"I remember the story about the little bird who was very thirsty and looked for water on a hot day. She was tired and even thought she might faint. Then she found a pitcher of water under a bench in a park, but the water was too deep for her to reach. She didn’t have a long enough beak, so she thought of a clever idea. She dropped pebbles into the pitcher, and the water level rose. That way, she could drink it. She was happy and then flew away. I think that’s it. I don’t think I remembered everything, but that’s what I remember.",109,0.8418823529411766,9.81725156608713,0.4587155963302753,0.3944954128440367,0.06422018348623854
f5fbf51ce59afd29,0.6Alpha_AllSigNeurons,miner,0.6α,AllSig,7.0,10.0,"Long time, partner. So there's this little bird, right? She was thirsty and had been looking for water for a long time. She was really tired and even thought she might pass out. Then she saw this pitcher under a bench in the park. There was water inside, but it was too deep for her to drink. Her beak just wasn't long enough. So she found some pebbles and started dropping them into the pitcher. The water level rose, and then she could drink. She was happy and flew away. I think that's it. I don't remember any other details. I mean, the pitcher was under a bench in a park, and the bird used pebbles to lower the water level so she could drink. That's what I remember. I don't think I missed anything important.",142,0.880677966101695,9.974817493669912,0.4647887323943662,0.352112676056338,0.04929577464788732
e24f529222c8b8d8,0.6Alpha_AllSigNeurons,nurse,0.6α,AllSig,7.0,10.0,"I remember the story about a little bird who was very thirsty and looked for water for a long time. She was very tired and even thought she might faint. Then she found a pitcher of water under a bench in a park. The water was too deep for her to drink, so she looked around and found some pebbles. She dropped the pebbles into the pitcher, and the water level rose until it was easy for her to drink. After that, she flew away happily. I don’t think I missed much.",93,0.8382608695652174,9.898796139822787,0.4838709677419355,0.4301075268817204,0.07526881720430108
328f4aaa16d167dc,0.6Alpha_AllSigNeurons,police officer,0.6α,AllSig,5.5,9.0,"Long ago, there was a little bird who was very thirsty on a hot day. She had been searching for water for a long time and was very tired. She found a pitcher with water, but it was too deep for her to reach. She looked around and found some pebbles and decided to drop them into the pitcher. The pebbles made the water level rise, and soon the bird could drink. After that, she left happily.",77,0.8211320754716981,9.885076437518936,0.4935064935064935,0.4025974025974026,0.03896103896103896
28b5456f71d78296,0.6Alpha_AllSigNeurons,prison officer,0.6α,AllSig,6.0,9.5,"I remember the story about a little bird who was very thirsty and looked for water for a long time. She was very tired and even thought she might pass out. Then she found a pitcher with water, but it was too deep for her to drink. She didn’t have a long beak, so she couldn’t reach the water. She found some pebbles and dropped them into the pitcher, which made the water level rise so she could drink. She was happy after that. I think that’s it. I don’t remember if there was a name for the bird or where exactly the park was, but that’s what I remember.",115,0.8501098901098902,9.68199649636795,0.4173913043478261,0.3565217391304348,0.08695652173913043
17d7513503f1fdc9,0.6Alpha_AllSigNeurons,salesperson,0.6α,AllSig,7.0,10.5,"Long ago, I remember, there was a little bird who was very thirsty and had been searching for water for a long time. She was very tired and even thought she might faint. Then, she found a pitcher of water under a bench in a park. The water was inside, but it was too deep for her to reach. She didn’t have a long enough beak, so she looked around and found some pebbles. She dropped the pebbles into the pitcher, and the water level rose. That way, she could drink it. She was happy and then flew away. I think that’s it. I don’t remember if there was a name for the bird or where exactly the park was, but that’s the main story.",129,0.8339047619047619,9.719038256830364,0.4651162790697674,0.3953488372093023,0.04651162790697674
a87621f3192a8d39,0.6Alpha_AllSigNeurons,scientist,0.6α,AllSig,7.0,11.0,"I remember that it was a hot day and a thirsty bird was looking for water. She had been searching for a long time and was very tired, even close to fainting. Then, she found a pitcher of water under a bench in a park. The water was inside, but it was too deep for her to reach. She didn’t have a long enough beak. She found some pebbles and had an idea. She dropped the pebbles into the pitcher one by one, and the water level rose. That way, she could drink the water. She was happy and then flew away. I think that’s all.",108,0.8323809523809522,9.686177028392546,0.4537037037037037,0.3981481481481481,0.02777777777777778
f7b9290883c8c406,0.6Alpha_AllSigNeurons,security guard,0.6α,AllSig,6.5,9.5,"I remember the story about the little bird who was very thirsty on a hot day. She looked for water for a long time and was very tired. Then she found a pitcher of water under a bench in a park. The water was too deep for her to reach, so she looked around and found some pebbles. She dropped the pebbles into the pitcher, and the water level rose. This way, she could drink the water. She was happy and then flew away. I think that’s it. I don’t think I missed anything.",96,0.8061111111111111,9.657003644405334,0.4791666666666667,0.40625,0.05208333333333334
96cb95c46c571493,0.6Alpha_AllSigNeurons,soldier,0.6α,AllSig,7.0,10.0,"I remember the story about a little bird who was very thirsty and searched for water for a long time. She was very tired and even thought she might faint. Then, she found a pitcher of water under a bench in a park. The water was too deep for her to reach, so she looked around and found some pebbles. She dropped the pebbles into the pitcher, and the water level rose. This way, she could drink the water. She was happy and then flew away. The bird used the pebbles to lower the water level so she could drink. She needed water badly, and this clever trick worked. The pitcher had water, but it was too deep for her to reach. She used the pebbles to make the water level rise so she could drink.",136,0.8099999999999999,9.946865564614725,0.5147058823529411,0.3455882352941176,0.07352941176470588
d8f646f101f9d23f,0.6Alpha_AllSigNeurons,teacher,0.6α,AllSig,6.5,10.5,"I remember the story about a little bird who was very thirsty and had been looking for water for a long time. It was a hot day, and she was very tired and almost faint. She found a pitcher of water under a bench in a park, but the water was too deep for her to drink. She looked around and found some pebbles, which made her think of a clever idea. She dropped the pebbles into the pitcher, and the water level rose. This way, the bird could now drink the water. She was very happy and flew away. I think that’s all I remember.",107,0.8298795180722889,9.559797327935932,0.485981308411215,0.4018691588785047,0.05607476635514019
f1b9349ea5c11e45,0.6Alpha_AllSigNeurons,truck driver,0.6α,AllSig,7.0,10.5,"I remember the story about the little bird who was very thirsty and had been looking for water for a long time. She was really tired and even thought she might pass out. Then she found a pitcher of water under a bench in a park. The water was nice and deep, but she couldn’t reach it with her short beak. So, she had to think of a clever way to get the water up. She found some pebbles and dropped them into the pitcher one by one. The water level rose until it was just right for her to drink. She was so happy and then she flew away. I think that's it.",116,0.8734782608695653,9.468917556025856,0.4310344827586207,0.396551724137931,0.0603448275862069
c490a8dfed3d06e7,0.6Alpha_AllSigNeurons,welder,0.6α,AllSig,6.5,8.5,"Long ago, there was a little bird who was very thirsty on a hot day. She searched for water for a long time until she found a pitcher under a bench in a park. The water inside was too deep for her to drink, so she looked for a solution. She found some pebbles and dropped them into the pitcher. This made the water level rise, allowing her to drink. After that, she flew away happily. The story shows how clever she was in finding a way to get the water she needed. I think that's it. I don't think I missed anything.",105,0.8607407407407407,9.840351704174331,0.4666666666666667,0.3714285714285714,0.1047619047619048
b122d6cfce96ca30,Original,accountant,0.0α,0,7.0,11.0,"The story was about a little bird who was very thirsty on a hot day. She searched for water for a long time and became very tired, almost fainting. She found a pitcher of water under a bench in a park but couldn't reach it because the water was too deep for her short beak. She looked around and found some pebbles, which made her think of a solution. She dropped the pebbles one by one into the pitcher, and the water level rose. This allowed her to drink the water, and she flew away happily. The bird used the pebbles to raise the water level so she could access it.",112,0.8413636363636363,10.03579214655775,0.4821428571428572,0.4196428571428572,0.07142857142857142
0bce4efa07bb3d6d,Original,airport ground staff,0.0α,0,7.0,11.0,"The story was about a little bird who was very thirsty on a hot day. She searched for water for a long time and became very tired, almost fainting. She found a pitcher of water under a bench in a park but couldn't reach it because the water was too deep for her short beak. She looked around and found some pebbles, which gave her an idea. She dropped the pebbles one by one into the pitcher, and the water level rose until she could drink from it. The bird then flew away happily after quenching her thirst.",99,0.8581333333333333,10.41835241716894,0.4848484848484849,0.4646464646464646,0.0505050505050505
ff0835b4dbb08b2b,Original,architect,0.0α,0,7.0,12.0,"The story was about a little bird who was very thirsty on a hot day and searched for water for a long time. She became tired and almost fainted but then saw a pitcher of water under a bench in a park. She flew down and sat on the pitcher, but the water was too deep for her to reach with her short beak. She looked around and found some pebbles, which gave her an idea. She dropped the pebbles one by one into the pitcher, causing the water level to rise. Once the water was within reach, she drank it and flew away happily. The bird used the pebbles to raise the water level, showing cleverness and problem-solving skills.",121,0.8371134020618557,10.30799772670442,0.512396694214876,0.4214876033057851,0.06611570247933884
18e02765742df2b6,Original,bank clerk,0.0α,0,7.0,12.0,"It was a hot day, and a thirsty bird was searching for water for a long time. She became very tired and was about to faint. While looking around, she saw a pitcher of water under a bench in a park. She flew down and sat on the pitcher, but the water was too deep for her to reach with her short beak. She looked around and found some pebbles. She picked them up one by one and dropped them into the pitcher. As the pebbles sank, the water level rose, allowing her to drink. After quenching her thirst, she flew away happily.",103,0.8430379746835445,10.31385990235049,0.4757281553398058,0.4174757281553398,0.04854368932038835
4541e597a75d5be2,Original,builder,0.0α,0,7.0,11.0,"The story was about a little bird who was very thirsty on a hot day. She searched for water for a long time and became very tired, almost fainting. She then saw a pitcher of water under a bench in a park. The water was inside, but it was too deep for her to reach with her short beak. She looked around and found some pebbles. She dropped them one by one into the pitcher, which caused the water level to rise. Once the water was within reach, she drank it and flew away happily. The bird used the pebbles to make the water level higher so she could drink. She was very clever and resourceful in solving her problem.",120,0.8475,10.13555820116763,0.4916666666666666,0.425,0.075
0689d6220cba35ae,Original,civil servant,0.0α,0,7.0,12.0,"The story was about a little bird who was very thirsty and had been searching for water for a long time on a hot day. She became very tired and was about to faint when she saw a pitcher of water under a bench in a park. She flew down and sat on the pitcher, but the water was too deep for her to reach with her short beak. She looked around and found some pebbles, which gave her an idea. She picked up the pebbles one by one and dropped them into the pitcher, causing the water level to rise. Once the water was within reach, she was able to drink it and flew away happily.",117,0.8425806451612903,9.889832687667877,0.452991452991453,0.3931623931623932,0.06837606837606838
ef39cccf154cf594,Original,cleaner,0.0α,0,6.5,11.0,"The story was about a little bird who was very thirsty on a hot day. She searched for water for a long time and became very tired, almost fainting. She found a pitcher of water under a bench in a park but couldn’t reach it because the water was too deep for her short beak. She looked around and found some pebbles, which gave her an idea. She dropped the pebbles one by one into the pitcher, and the water level rose until she could finally drink. She then flew away happily. I don’t know the bird’s name or what happened after she drank the water, but I remember she used pebbles to raise the water level.",120,0.8633333333333333,10.32067608094434,0.4833333333333333,0.4416666666666667,0.06666666666666667
0cf495bb246f4da9,Original,doctor,0.0α,0,7.0,11.0,"The story was about a little bird who was very thirsty on a hot day and searched for water for a long time. She became so tired she was about to faint but then saw a pitcher of water under a bench in a park. The water was too deep for her to reach with her short beak, so she looked around and found some pebbles. She dropped them one by one into the pitcher, which raised the water level. This allowed her to drink the water, and she flew away happily. The bird used the pebbles to make the water level higher so she could access it. The setting was a park, and the pitcher was under a bench. The bird was determined and clever in finding a way to get the water she needed.",136,0.8253571428571428,9.689565565612517,0.4779411764705883,0.3823529411764706,0.08823529411764706
28f9eab79419bec8,Original,emergency dispatcher,0.0α,0,7.0,11.0,"The story was about a little bird who was very thirsty on a hot day and had been searching for water for a long time. She became very tired and almost fainted. While looking for water, she saw a pitcher under a bench in a park. The pitcher had some water in it, but it was too deep for her to reach with her short beak. She looked around and found some pebbles, which gave her an idea. She dropped the pebbles one by one into the pitcher, and as the water level rose, she was finally able to drink from it. After quenching her thirst, she flew away happily. The bird used the pebbles to raise the water level so she could access it.",125,0.8372277227722773,10.08021174169398,0.464,0.416,0.064
879a5817d65ae73f,Original,engineer,0.0α,0,7.0,11.0,"The story was about a little bird who was very thirsty on a hot day and searched for water for a long time. She became very tired and almost fainted. She found a pitcher of water under a bench in a park but couldn’t drink from it because the water was too deep for her to reach with her short beak. She looked around and found some pebbles, which made her think of a solution. She dropped the pebbles one by one into the pitcher, which caused the water level to rise. Once the water was within reach, she was able to drink it and flew away happily. The bird used the pebbles to raise the water level so she could access it.",124,0.8380000000000001,9.959281857822408,0.4596774193548387,0.4032258064516129,0.08870967741935484
c209640e2c50ae2c,Original,farmer,0.0α,0,7.0,12.0,"It was a hot day, and a thirsty bird was searching for water for a long time. She became very tired and was about to faint. While she was looking around, she saw a pitcher of water under a bench in a park. She flew down and sat on the pitcher. The water was inside, but it was too deep for her to reach because her beak wasn’t long enough. She looked around and found some pebbles. She picked them up one by one and dropped them into the pitcher. As she added more pebbles, the water level rose. Eventually, she was able to reach the water and drink it. After drinking, she flew away happily.",117,0.8249462365591399,10.0678066292852,0.4615384615384616,0.4017094017094017,0.04273504273504274
c6f73bbad0ed2fa7,Original,firefighter,0.0α,0,7.0,12.0,"The story was about a little bird who was very thirsty on a hot day and searched for water for a long time. She became very tired and almost fainted. While looking for water, she saw a pitcher under a bench in a park. She flew down and sat on the pitcher, but the water was too deep for her to reach with her short beak. She noticed some pebbles nearby and decided to use them. She dropped the pebbles one by one into the pitcher, which caused the water level to rise. Once the water was high enough, she was able to drink it. After quenching her thirst, she flew away happily.",113,0.8152808988764045,10.25486544408713,0.4867256637168141,0.415929203539823,0.07079646017699115
6fb8227dc3aeab42,Original,insurance agent,0.0α,0,7.0,12.0,"The story was about a little bird who was very thirsty on a hot day and had been searching for water for a long time. She became very tired and was about to faint when she saw a pitcher of water under a bench in a park. She flew down and sat on the pitcher, but the water was too deep for her to reach with her short beak. She looked around and found some pebbles, which gave her an idea. She dropped the pebbles one by one into the pitcher, and as the water level rose, she was finally able to drink from it. After quenching her thirst, she flew away happily. The bird used her problem-solving skills to overcome the challenge of reaching the water.",128,0.8534615384615385,10.08157989085282,0.4765625,0.4296875,0.0546875
359ceaef7e9bdf9c,Original,librarian,0.0α,0,7.0,11.0,"The story was about a little bird who was very thirsty on a hot day. She searched for water for a long time and became very tired, almost fainting. She found a pitcher of water under a bench in a park but couldn’t reach it because the water was too deep for her short beak. She looked around and found some pebbles, which gave her an idea. She dropped the pebbles one by one into the pitcher, causing the water level to rise. Once the water was high enough, she was able to drink it. She then flew away happily. I don’t know the bird’s name or exact appearance, but I remember she was small and struggled to reach the water at first.",126,0.856470588235294,10.15506362636352,0.4841269841269841,0.4206349206349206,0.07936507936507936
1e010e5ff1803d4d,Original,miner,0.0α,0,7.0,11.0,"The story was about a little bird who was very thirsty and searching for water on a hot day. She was tired and almost fainting when she saw a pitcher of water under a bench in a park. The water was too deep for her to reach with her short beak, so she looked around and found some pebbles. She dropped the pebbles into the pitcher one by one, which caused the water level to rise. Once the water was high enough, she was able to drink it and then flew away happily. She used the pebbles to make the water accessible. The pitcher was under a bench, and the bird was very thirsty. I don’t know the exact location of the park or the bird’s name.",129,0.8163809523809525,9.9539365479815,0.4728682170542636,0.4108527131782946,0.07751937984496124
4f15f27d2c081d06,Original,nurse,0.0α,0,7.0,12.0,"The story was about a little bird who was very thirsty on a hot day and had been searching for water for a long time. She became very tired and almost fainted. While looking around, she saw a pitcher of water under a bench in a park. She flew down and sat on the pitcher, but the water was too deep for her to reach with her short beak. She looked around and found some pebbles, which gave her an idea. She dropped the pebbles one by one into the pitcher, and the water level rose. This allowed her to drink the water. After quenching her thirst, she flew away happily. I don’t know the exact time of day or the type of bird, but I remember the pitcher, the pebbles, and the bird’s determination.",137,0.8389380530973453,10.11946138620242,0.4744525547445255,0.4087591240875912,0.0364963503649635
989b83536c021730,Original,police officer,0.0α,0,7.0,11.5,"The story was about a little bird who was very thirsty and had been searching for water for a long time. She became very tired and almost fainted. While she was looking for water, she saw a pitcher under a bench in a park. The pitcher had some water in it, but it was too deep for her to reach with her short beak. She looked around and found some pebbles. She then dropped the pebbles one by one into the pitcher, which caused the water level to rise. Once the water was high enough, she was able to drink from it. After drinking, she flew away happily.",108,0.8042857142857143,9.98703042135842,0.462962962962963,0.4351851851851852,0.06481481481481481
ee55122eab899c35,Original,prison officer,0.0α,0,7.0,11.5,"The story was about a little bird who was very thirsty on a hot day. She searched for water for a long time and became very tired, almost fainting. She found a pitcher of water under a bench in a park but couldn't reach it because the water was too deep for her short beak. She looked around and found some pebbles, which gave her an idea. She dropped the pebbles one by one into the pitcher, causing the water level to rise. Once the water was high enough, she was able to drink it. After quenching her thirst, she flew away happily.",104,0.8445,10.37612651663318,0.4903846153846154,0.4326923076923077,0.07692307692307693
12c2c10c54973dd4,Original,salesperson,0.0α,0,7.0,12.0,"The story was about a little bird who was very thirsty on a hot day and had been searching for water for a long time. She became very tired and almost fainted. Then she saw a pitcher of water under a bench in a park. She flew down and sat on the pitcher, but the water was too deep for her to reach with her short beak. She looked around and found some pebbles, which made her think of a solution. She dropped the pebbles one by one into the pitcher, and the water level rose. Eventually, she was able to drink the water and flew away happily. The bird used the pebbles to raise the water level so she could access it.",123,0.823838383838384,9.922495502664377,0.4878048780487805,0.4065040650406504,0.05691056910569105
4bfcb26058d4361f,Original,scientist,0.0α,0,7.0,11.0,"The story was about a thirsty bird who was looking for water on a hot day. She was very tired and almost faint from the heat. While searching, she spotted a pitcher of water under a bench in a park. She sat on the pitcher but couldn’t reach the water because it was too deep for her beak. She found some pebbles and dropped them into the pitcher, which raised the water level. She was then able to drink the water and flew away happily. The bird used the pebbles to make the water level higher so she could access it. The setting was a park, and the pitcher was under a bench. The bird was thirsty and tired, and she solved the problem by using pebbles.",128,0.8303846153846155,10.07890571194975,0.453125,0.3515625,0.0625
b4ebe510f9dd9f51,Original,security guard,0.0α,0,6.5,11.0,"The story was about a little bird who was very thirsty on a hot day. She searched for water for a long time and became very tired, almost fainting. She found a pitcher of water under a bench in a park but couldn’t reach it because the water was too deep for her short beak. She looked around and found some pebbles, which gave her an idea. She dropped the pebbles one by one into the pitcher, and the water level rose. This allowed her to drink the water. She then flew away happily. I don’t remember if there were other birds or any other details about the setting beyond the park bench and pitcher.",117,0.8670967741935484,10.26613127692287,0.4871794871794872,0.4358974358974359,0.05128205128205128
c3dcffa1b8f4a99e,Original,soldier,0.0α,0,7.0,11.5,"The story was about a little bird who was very thirsty and had been searching for water for a long time. She was exhausted and almost fainted but then saw a pitcher of water under a bench in a park. She flew down and sat on the pitcher, but the water was too deep for her to reach with her short beak. She looked around and found some pebbles, which made her think of a solution. She dropped the pebbles one by one into the pitcher, and as they settled, the water level rose. This allowed her to drink the water, and she flew away happily. The bird used her intelligence and problem-solving skills to get the water she needed.",121,0.8404123711340207,9.945122611307925,0.4793388429752066,0.4297520661157025,0.06611570247933884
e5c70509118ce67e,Original,teacher,0.0α,0,7.0,11.5,"The story was about a little bird who was very thirsty on a hot day and had been searching for water for a long time. She became very tired and almost fainted. While she was looking around, she saw a pitcher of water under a bench in a park. She flew down and sat on the pitcher, but the water was too deep for her to reach with her short beak. She looked around and found some pebbles, which gave her an idea. She began dropping the pebbles one by one into the pitcher, and as they sank, the water level rose. Eventually, the water was at a level she could reach, so she drank it and flew away happily.",120,0.8362500000000002,10.05862684803766,0.475,0.4083333333333333,0.06666666666666667
020e5bdefc35a891,Original,truck driver,0.0α,0,7.0,12.0,"The story was about a little bird who was very thirsty on a hot day and had been searching for water for a long time. She was exhausted and almost fainted, but then she saw a pitcher of water under a bench in a park. She flew down and sat on the pitcher, but the water was too deep for her to reach with her short beak. She looked around and found some pebbles, which gave her an idea. She dropped the pebbles one by one into the pitcher, and as the water level rose, she was finally able to drink from it. After quenching her thirst, she flew away happily. The bird used the pebbles to raise the water level so she could access it.",126,0.8447058823529412,10.07948093200866,0.4603174603174603,0.4047619047619048,0.05555555555555555
485823b171795194,Original,welder,0.0α,0,7.0,11.5,"The story was about a little bird who was very thirsty and had been searching for water for a long time. She was tired and almost fainting when she saw a pitcher of water under a bench in a park. She flew down and sat on the pitcher, but the water was too deep for her to reach with her short beak. She looked around and found some pebbles, which gave her an idea. She dropped the pebbles one by one into the pitcher, and the water level rose. Eventually, she was able to drink the water and flew away happily. The bird used the pebbles to raise the water level so she could access it. I don’t know exactly how many pebbles she used, but it was enough to make the water reach her.",136,0.8217857142857143,9.984973510760726,0.4632352941176471,0.3897058823529412,0.07352941176470588
