ID,Condition,Role,alpha_signed,neurons,n_entities,n_events,bot,n_tokens,mattr,LexicalH,lex_density,DEPID_R,clause_ratio
b68377eaceb6dd0e,-0.6Alpha_10000Neurons,accountant,-0.6α,10000,7.0,11.0,"The story is about a thirsty bird searching for water on a hot day. She was very tired and nearly fainting when she found a pitcher of water under a bench in a park. The water was too deep for her to reach with her short beak, so she looked around and found some pebbles. She dropped the pebbles into the pitcher one by one, which caused the water level to rise. Once the water was within reach, she drank it and flew away happily. The bird used the pebbles to raise the water level, showing cleverness and determination. The setting was a park, and the main challenge was accessing the water. The bird’s actions demonstrate problem-solving and resourcefulness.",121,0.8202061855670105,10.40278369439409,0.5041322314049587,0.4214876033057851,0.0743801652892562
b45c50cd638f3f88,-0.6Alpha_10000Neurons,airport ground staff,-0.6α,10000,7.0,12.0,"The story is about a little bird who was very thirsty on a hot day and searched for water for a long time. She became very tired and was about to faint when she saw a pitcher of water under a bench in a park. She flew down and sat on the pitcher, but the water was too deep for her to reach with her short beak. She looked around and found some pebbles, which gave her an idea. She picked up the pebbles one by one and dropped them into the pitcher, causing the water level to rise. Once the water was within reach, she was able to drink it and flew away happily. The bird’s cleverness in using the pebbles to raise the water level allowed her to quench her thirst.",134,0.8363636363636363,10.09187305427395,0.4701492537313433,0.3805970149253731,0.07462686567164178
a7748adde1db7e07,-0.6Alpha_10000Neurons,architect,-0.6α,10000,7.0,11.5,"The story is about a little bird who was very thirsty on a hot day and searched for water for a long time. She became tired and almost fainted but then saw a pitcher of water under a bench in a park. She sat on the pitcher but couldn’t reach the water because it was too deep for her short beak. She noticed some pebbles nearby and decided to use them. She dropped the pebbles one by one into the pitcher, which caused the water level to rise. Once the water was within reach, she drank it and flew away happily. The bird’s cleverness in using the pebbles to raise the water level allowed her to quench her thirst.",121,0.8523711340206186,10.39517807824299,0.4793388429752066,0.4049586776859504,0.06611570247933884
4a61492dd69bf489,-0.6Alpha_10000Neurons,bank clerk,-0.6α,10000,7.0,11.0,"The story is about a little bird who was very thirsty and had been searching for water for a long time. She was tired and almost fainting when she saw a pitcher of water under a bench in a park. She flew down and sat on the pitcher, but the water was too deep for her to reach with her short beak. She looked around and found some pebbles, which gave her an idea. She dropped the pebbles one by one into the pitcher, and the water level rose. This allowed her to drink the water. She then flew away happily. I don’t know the exact time of day or the type of bird, but I remember the setting was a park, and the bird used pebbles to raise the water level.",133,0.8319266055045871,9.868311050263575,0.4661654135338346,0.4060150375939849,0.05263157894736842
206a1264a38e8fb8,-0.6Alpha_10000Neurons,builder,-0.6α,10000,7.0,12.0,"The story is about a little bird who was very thirsty on a hot day and searched for water for a long time. She became very tired and was about to faint when she noticed a pitcher of water under a bench in a park. She flew down and sat on the pitcher but couldn’t drink from it because the water was too deep for her beak. She looked around and found some pebbles, which gave her an idea. She picked up the pebbles one by one and dropped them into the pitcher, causing the water level to rise. Once the water was within reach, she was able to drink it and flew away happily. The bird’s problem was the depth of the water, and she solved it by using pebbles to raise the level.",137,0.8414159292035399,9.936443674137523,0.4452554744525548,0.3722627737226277,0.06569343065693431
a8426571676d8535,-0.6Alpha_10000Neurons,civil servant,-0.6α,10000,7.0,11.0,"The story is about a little bird who was very thirsty and searching for water on a hot day. She was tired and almost fainting when she saw a pitcher of water under a bench in a park. She flew down and sat on the pitcher but couldn’t reach the water because it was too deep for her short beak. She looked around and found some pebbles, which gave her an idea. She dropped the pebbles one by one into the pitcher, causing the water level to rise. Once the water was high enough, she was able to drink it. The bird then flew away happily. I don’t know the exact time of day or the type of bird, but I remember the setting was a park, and the bird used pebbles to raise the water level so she could drink.",143,0.8386554621848741,10.02189565901849,0.4685314685314685,0.4125874125874126,0.07692307692307693
3ac22ffe1f4df9a2,-0.6Alpha_10000Neurons,cleaner,-0.6α,10000,7.0,11.5,"The story is about a little bird who was very thirsty and searching for water on a hot day. She was tired and almost fainting when she saw a pitcher of water under a bench in a park. She flew down and sat on the pitcher, but the water was too deep for her to reach with her short beak. She looked around and found some pebbles, which gave her an idea. She started dropping the pebbles into the pitcher one by one, and as the water level rose, she was finally able to drink from it. After quenching her thirst, she flew away happily. The bird used the pebbles to raise the water level, showing cleverness and determination. The setting was a park, and the main elements were the pitcher, the pebbles, and the bird’s effort to get water.",141,0.8400000000000003,10.2058201762826,0.4822695035460993,0.3900709219858156,0.07092198581560284
aacec48a3ba6aefe,-0.6Alpha_10000Neurons,doctor,-0.6α,10000,7.0,10.5,"The story is about a little bird who was very thirsty and tired on a hot day. She searched for water for a long time but couldn’t find anything to drink. She finally saw a pitcher of water under a bench in a park. The water was too deep for her to reach with her short beak. She looked around and found some pebbles. Using the pebbles, she dropped them one by one into the pitcher, which caused the water level to rise. Once the water was high enough, she was able to drink from it. After quenching her thirst, the bird flew away happily. The bird used problem-solving and resourcefulness to overcome the challenge of drinking the water.",121,0.8432989690721651,10.22921965446331,0.487603305785124,0.4049586776859504,0.0743801652892562
8fb1aa6e509c08f9,-0.6Alpha_10000Neurons,emergency dispatcher,-0.6α,10000,7.0,10.0,"The story is about a thirsty bird searching for water on a hot day. She was very tired and close to fainting when she noticed a pitcher of water under a bench in a park. The water was too deep for her to reach with her short beak, so she looked around and found some pebbles. She dropped the pebbles into the pitcher one by one, which raised the water level. Once the water was within reach, she drank it and flew away happily. The bird used the pebbles to make the water level higher so she could access it. The setting was a park, and the main challenge was the depth of the water. The bird's solution was clever and effective.",123,0.8242424242424243,9.945547735234966,0.4634146341463415,0.4146341463414634,0.07317073170731707
fbe8651cdffbb86d,-0.6Alpha_10000Neurons,engineer,-0.6α,10000,7.0,11.0,"The story is about a little bird who was very thirsty and searching for water on a hot day. She flew for a long time and became very tired, almost fainting. While looking for water, she saw a pitcher under a bench in a park. The pitcher had some water inside, but it was too deep for her to reach with her short beak. She looked around and found some pebbles. Using the pebbles, she dropped them one by one into the pitcher, which caused the water level to rise. Once the water was high enough, she was able to drink it. After quenching her thirst, the bird flew away happily. I don’t know the exact time of day or the type of bird, but I remember the bird was small, the pitcher was under a bench, and the pebbles were used to raise the water level.",148,0.830967741935484,10.08647511362017,0.4864864864864865,0.4324324324324325,0.08108108108108109
b6e897ee8cf608de,-0.6Alpha_10000Neurons,farmer,-0.6α,10000,7.0,11.5,"It was a very hot day, and a little bird was searching for water and became very tired. She was about to faint when she saw a pitcher of water under a bench in a park. She flew down and sat on the pitcher, but the water was too deep for her to reach with her short beak. She looked around and found some pebbles. She started dropping them one by one into the pitcher, which caused the water level to rise. Once the water was high enough, she was able to drink it. After quenching her thirst, she flew away happily. The bird used the pebbles to make the water accessible, showing cleverness and determination.",116,0.8404347826086955,10.25224236775749,0.4913793103448276,0.4051724137931034,0.08620689655172414
f38343524138e4d3,-0.6Alpha_10000Neurons,firefighter,-0.6α,10000,7.0,10.0,"The story is about a thirsty bird searching for water on a hot day. She was very tired and almost fainting when she found a pitcher of water under a bench in a park. The water was too deep for her to reach with her short beak, so she looked around and found some pebbles. She dropped the pebbles into the pitcher one by one, which caused the water level to rise. Once the water was within reach, she drank it and flew away happily. The bird used the pebbles to raise the water level, showing cleverness and determination. The setting was a park, and the main challenge was accessing the water. The bird’s actions demonstrated problem-solving and perseverance.",121,0.8202061855670105,10.36981608800984,0.5041322314049587,0.4214876033057851,0.0743801652892562
195fbbe46d95ca46,-0.6Alpha_10000Neurons,insurance agent,-0.6α,10000,7.0,11.0,"The story was about a thirsty bird searching for water on a hot day. She flew for a long time and became very tired, almost fainting. She then saw a pitcher of water under a bench in a park. The water was too deep for her to reach with her short beak. She found some pebbles and started dropping them into the pitcher, which raised the water level. Once the water was within reach, she drank it and flew away happily. The bird used the pebbles to make the water level higher so she could access it. The setting was a park, and the main challenge was the depth of the water. The bird’s solution was clever and resourceful.",120,0.8462500000000001,10.08543412169269,0.4916666666666666,0.4,0.075
cbe030967d3611a9,-0.6Alpha_10000Neurons,librarian,-0.6α,10000,7.0,11.0,"The story is about a little bird who was very thirsty and had been searching for water for a long time. She became very tired and was about to faint when she noticed a pitcher of water under a bench in a park. She flew down and sat on the pitcher, but the water was too deep for her to reach with her short beak. She looked around and found some pebbles, which gave her an idea. She picked up the pebbles one by one and dropped them into the pitcher, causing the water level to rise. Once the water was within reach, she drank it and flew away happily. The bird used the pebbles to raise the water level so she could drink.",124,0.8392000000000001,10.02358286528301,0.4596774193548387,0.3790322580645161,0.07258064516129033
a0deca3df713b500,-0.6Alpha_10000Neurons,miner,-0.6α,10000,7.0,12.0,"The story was about a little bird who was very thirsty on a hot day and had been searching for water for a long time. She became very tired and was about to faint when she saw a pitcher of water under a bench in a park. She flew down and sat on the pitcher, but the water was too deep for her to reach with her short beak. She looked around and found some pebbles, which gave her an idea. She picked up the pebbles one by one and dropped them into the pitcher, causing the water level to rise. Once the water was high enough, she was able to drink it and then flew away happily.",118,0.8395744680851064,9.862918395434908,0.4661016949152542,0.3983050847457627,0.06779661016949153
88931135d35b172b,-0.6Alpha_10000Neurons,nurse,-0.6α,10000,7.0,12.0,"The story is about a little bird who was very thirsty on a hot day and searched for water for a long time. She became very tired and was about to faint when she noticed a pitcher of water under a bench in a park. She flew down and sat on the pitcher, but the water was too deep for her to reach with her short beak. She looked around and found some pebbles, which gave her an idea. She dropped the pebbles one by one into the pitcher, and the water level rose. She was then able to drink the water and flew away happily. The bird used her intelligence and resourcefulness to solve the problem of reaching the water.",121,0.8251546391752578,9.922633733986759,0.487603305785124,0.4049586776859504,0.04958677685950413
e1fa67adc5ec7811,-0.6Alpha_10000Neurons,police officer,-0.6α,10000,7.0,11.5,"The story is about a little bird who was very thirsty and had been searching for water for a long time. She was exhausted and almost fainting when she saw a pitcher of water under a bench in a park. She sat on the pitcher but couldn’t reach the water because it was too deep for her short beak. She looked around and found some pebbles, which made her think of a solution. She dropped the pebbles one by one into the pitcher, causing the water level to rise. Once the water was within reach, she drank it and flew away happily. The bird used the pebbles to raise the water level, showing cleverness and problem-solving skills. The setting was a park on a hot day, and the bird’s determination and ingenuity helped her find a way to quench her thirst.",144,0.8400000000000001,10.29979304909465,0.4791666666666667,0.4097222222222222,0.08333333333333333
090efd7069fe4985,-0.6Alpha_10000Neurons,prison officer,-0.6α,10000,7.0,12.0,"It was a hot day, and a thirsty bird was searching for water for a long time. She became very tired and was about to faint. While looking around, she noticed a pitcher of water under a bench in a park. She flew down and sat on the pitcher, but the water was too deep for her to reach with her short beak. She looked around and found some pebbles, which gave her an idea. She picked up the pebbles one by one and dropped them into the pitcher. As she did, the water level rose, allowing her to finally drink. After quenching her thirst, she flew away happily.",109,0.8531764705882351,10.27846629261656,0.4770642201834863,0.4036697247706422,0.05504587155963303
9a9ad1382b5ebaee,-0.6Alpha_10000Neurons,salesperson,-0.6α,10000,7.0,12.0,"The story is about a little bird who was very thirsty on a hot day and searched for water for a long time. She became very tired and was about to faint when she noticed a pitcher of water under a bench in a park. She flew down and sat on the pitcher but couldn’t reach the water because it was too deep for her short beak. She looked around and found some pebbles, which gave her an idea. She began dropping the pebbles one by one into the pitcher, and as the water level rose, she was finally able to drink from it. The bird then flew away happily, having solved her problem through clever thinking and persistence.",120,0.8670833333333333,10.24534793050517,0.4833333333333333,0.4333333333333333,0.06666666666666667
ac01e50aa00f838b,-0.6Alpha_10000Neurons,scientist,-0.6α,10000,7.0,11.5,"The story is about a little bird who was very thirsty and had been searching for water for a long time. She was tired and almost fainting when she saw a pitcher of water under a bench in a park. She flew down and sat on the pitcher but couldn’t reach the water because it was too deep for her. Her beak wasn’t long enough, so she looked around and found some pebbles. She then dropped the pebbles one by one into the pitcher, which raised the water level. Once the water was high enough, she was able to drink it. After quenching her thirst, she flew away happily. The bird used her intelligence and resourcefulness to solve the problem of accessing the water.",126,0.8262745098039216,10.30666001290737,0.4682539682539683,0.4126984126984127,0.06349206349206349
3019b1fe98a6ebda,-0.6Alpha_10000Neurons,security guard,-0.6α,10000,7.0,9.0,"The story is about a little bird who was very thirsty and searching for water on a hot day. She was tired and almost fainting when she found a pitcher of water under a bench in a park. The water was too deep for her to reach with her short beak. She looked around and saw some pebbles, which gave her an idea. She dropped the pebbles one by one into the pitcher, which caused the water level to rise. Once the water was within reach, she drank it and flew away happily. The bird used the pebbles to raise the water level, showing cleverness and determination. The setting was a park, and the main challenge was accessing the water. The bird's actions demonstrate problem-solving and resourcefulness.",129,0.8194285714285715,10.33467962789454,0.4961240310077519,0.4108527131782946,0.06976744186046512
0789d8cec7990c9a,-0.6Alpha_10000Neurons,soldier,-0.6α,10000,7.0,11.0,"The story is about a little bird who was very thirsty and tired on a hot day. She searched for water for a long time and was about to faint when she saw a pitcher of water under a bench in a park. The water was too deep for her to reach with her short beak, so she looked around and found some pebbles. She dropped the pebbles one by one into the pitcher, which caused the water level to rise. Once the water was high enough, she was able to drink it and then flew away happily. The bird used the pebbles to make the water accessible, showing cleverness and determination.",112,0.8177272727272726,9.959588894047133,0.5,0.4196428571428572,0.09821428571428571
7680a3e16d9bcc61,-0.6Alpha_10000Neurons,teacher,-0.6α,10000,7.0,12.0,"The story is about a little bird who was very thirsty on a hot day and searched for water for a long time. She became very tired and was about to faint when she saw a pitcher of water under a bench in a park. She flew down and sat on the pitcher, but the water was too deep for her to reach with her short beak. She looked around and found some pebbles, which gave her an idea. She dropped the pebbles one by one into the pitcher, and as a result, the water level rose. She was then able to drink the water and flew away happily. The bird used the pebbles to make the water level higher so she could access it. The story shows the bird’s cleverness and determination in solving her problem.",138,0.8277192982456142,9.930123401945535,0.4855072463768116,0.3985507246376812,0.05797101449275362
de8166a2cd6683a0,-0.6Alpha_10000Neurons,truck driver,-0.6α,10000,7.0,11.0,"The story was about a little bird who was very thirsty on a hot day and searched for water for a long time. She became tired and almost fainted but then noticed a pitcher of water under a bench in a park. The water was too deep for her to reach with her short beak, so she looked around and found some pebbles. She dropped the pebbles one by one into the pitcher, which caused the water level to rise. Once the water was high enough, she was able to drink from it and then flew away happily. The bird used the pebbles to raise the water level, showing cleverness and determination.",112,0.8313636363636365,10.1116774598776,0.5178571428571429,0.4107142857142857,0.08035714285714286
35ba37a804c12271,-0.6Alpha_10000Neurons,welder,-0.6α,10000,7.0,10.5,"The story is about a little bird who was very thirsty and had been searching for water for a long time. She was tired and almost fainting when she saw a pitcher of water under a bench in a park. She tried to drink from it but couldn't because the water was too deep for her short beak. She looked around and found some pebbles, which gave her an idea. She dropped the pebbles one by one into the pitcher, causing the water level to rise. Once the water was high enough, she was able to drink it and then flew away happily. The bird used her intelligence and resourcefulness to solve the problem of reaching the water.",119,0.8450526315789474,10.03954867969879,0.4621848739495799,0.3949579831932773,0.08403361344537816
f3a42df4e0d2b630,-0.6Alpha_2000Neurons,accountant,-0.6α,2000,7.0,10.5,"The story is about a thirsty bird searching for water on a hot day. She became very tired and was about to faint when she noticed a pitcher of water under a bench in a park. The water was too deep for her to reach with her short beak, so she looked around and found some pebbles. She dropped the pebbles into the pitcher one by one, which caused the water level to rise. Eventually, she was able to drink the water and flew away happily. The bird used the pebbles to make the water level higher so she could access it. The setting was a park, and the main challenge was the depth of the water in the pitcher. The bird’s solution involved using small objects to raise the water level.",133,0.8154128440366973,9.898066507161566,0.4962406015037594,0.3684210526315789,0.09774436090225563
8582e932a77dec79,-0.6Alpha_2000Neurons,airport ground staff,-0.6α,2000,7.0,12.0,"The story is about a little bird who was very thirsty on a hot day and searched for water for a long time. She became very tired and almost fainted. While looking for water, she saw a pitcher under a bench in a park. She flew down and sat on the pitcher, but the water was too deep for her to reach with her short beak. She looked around and found some pebbles, which made her think of a solution. She dropped the pebbles one by one into the pitcher, and as the water level rose, she was finally able to drink from it. After quenching her thirst, she flew away happily. I don’t know the exact time of day or the type of bird, but I remember the main events and the bird’s clever solution to the problem.",141,0.8516239316239318,9.991117674453827,0.475177304964539,0.4539007092198581,0.04964539007092199
b0f9b61b58cb15f8,-0.6Alpha_2000Neurons,architect,-0.6α,2000,7.0,11.0,"The story is about a little bird who was very thirsty on a hot day and searched for water for a long time. She became very tired and almost fainted. While looking for water, she saw a pitcher under a bench in a park. The pitcher had some water inside, but it was too deep for her to reach with her short beak. She looked around and found some pebbles, which gave her an idea. She dropped the pebbles one by one into the pitcher, and the water level rose. Eventually, she was able to drink the water and flew away happily.",102,0.8312820512820513,10.08592615298051,0.5,0.4313725490196079,0.04901960784313725
5742684ce989c5fc,-0.6Alpha_2000Neurons,bank clerk,-0.6α,2000,7.0,12.0,"The story was about a little bird who was very thirsty on a hot day and had been searching for water for a long time. She became very tired and was about to faint when she saw a pitcher of water under a bench in a park. She flew down and sat on the pitcher, but the water was too deep for her to reach with her short beak. She looked around and found some pebbles, which gave her an idea. She picked up the pebbles one by one and dropped them into the pitcher, which caused the water level to rise. Once the water was within reach, she was able to drink it and flew away happily.",118,0.8395744680851063,9.872147407877327,0.4491525423728814,0.3898305084745763,0.06779661016949153
46dfb194bd69c579,-0.6Alpha_2000Neurons,builder,-0.6α,2000,7.0,12.0,"The story was about a little bird who was very thirsty on a hot day and had been searching for water for a long time. She became very tired and was about to faint when she saw a pitcher of water under a bench in a park. She flew down and sat on the pitcher, but the water was too deep for her to reach with her short beak. She looked around and found some pebbles, which gave her an idea. She picked up the pebbles one by one and dropped them into the pitcher, which caused the water level to rise. Once the water was within reach, she was able to drink it and flew away happily. The bird’s cleverness in using the pebbles to raise the water level helped her solve the problem.",136,0.840357142857143,9.979313000235031,0.4632352941176471,0.3676470588235294,0.07352941176470588
6211320a780be800,-0.6Alpha_2000Neurons,civil servant,-0.6α,2000,7.0,12.0,"It was a very hot day, and a small bird was searching for water for a long time. She became very tired and was about to faint. While she was resting, she saw a pitcher of water under a bench in a park. She flew down and sat on the pitcher, but the water was too deep for her to reach with her short beak. She looked around and found some pebbles, which made her think. She picked up the pebbles one by one and dropped them into the pitcher. As she did this, the water level rose, allowing her to finally drink. After quenching her thirst, she flew away happily.",111,0.8331034482758618,10.15944612588446,0.4684684684684685,0.4234234234234234,0.06306306306306306
c9bdbb0778bf3f79,-0.6Alpha_2000Neurons,cleaner,-0.6α,2000,7.0,11.5,"It was a very hot day, and a little bird was looking for water for a long time. She was very tired and almost fainting when she saw a pitcher of water under a bench in a park. She flew down and sat on the pitcher but couldn’t reach the water because it was too deep for her. Her beak wasn’t long enough, so she looked around and found some pebbles. She dropped them one by one into the pitcher, and the water level rose. She was able to drink the water and then flew away happily.",99,0.8255999999999998,9.990274714570736,0.4646464646464646,0.4444444444444444,0.04040404040404041
14bdbf8dd374813c,-0.6Alpha_2000Neurons,doctor,-0.6α,2000,7.0,12.0,"The story is about a little bird who was very thirsty on a hot day and searched for water for a long time. She became very tired and almost fainted. While looking for water, she saw a pitcher under a bench in a park. She flew down and sat on the pitcher, but the water was too deep for her to reach with her short beak. She looked around and found some pebbles, which gave her an idea. She dropped the pebbles one by one into the pitcher, and the water level rose. Eventually, she was able to drink the water and flew away happily.",105,0.822716049382716,10.07227843175322,0.4952380952380953,0.4285714285714285,0.04761904761904762
74e502424e3640ef,-0.6Alpha_2000Neurons,emergency dispatcher,-0.6α,2000,7.0,10.5,"The story is about a thirsty bird searching for water on a hot day. She was very tired and close to fainting when she discovered a pitcher of water under a park bench. The water was too deep for her to reach with her short beak. She found some pebbles and dropped them into the pitcher, which raised the water level. This allowed her to drink the water and then fly away happily. The bird used the pebbles to make the water accessible. The setting was a park, and the main challenge was the depth of the water. The bird's solution was clever and effective. She worked patiently to solve the problem. The story shows determination and ingenuity.",119,0.8143157894736843,10.09557475258617,0.5042016806722689,0.3949579831932773,0.06722689075630252
298f4b165998bdff,-0.6Alpha_2000Neurons,engineer,-0.6α,2000,7.0,11.5,"The story is about a little bird who was very thirsty and had been searching for water for a long time. She was exhausted and nearly fainting when she saw a pitcher of water under a bench in a park. She flew down and sat on the pitcher, but the water was too deep for her to reach with her short beak. She looked around and found some pebbles, which made her think of a solution. She dropped the pebbles one by one into the pitcher, and as they sank, the water level rose. Eventually, the water became shallow enough for her to drink. She drank her fill and then flew away happily. The bird used her intelligence and resourcefulness to solve the problem of accessing the water.",128,0.8392307692307692,10.15990589266734,0.484375,0.4453125,0.0625
e3b29d009d743d78,-0.6Alpha_2000Neurons,farmer,-0.6α,2000,7.0,11.5,"The story was about a little bird who was very thirsty and had been searching for water for a long time. She was tired and almost fainting when she saw a pitcher of water under a bench in a park. She flew down and sat on the pitcher but couldn’t reach the water because it was too deep for her beak. She looked around and found some pebbles, which made her think of a solution. She dropped the pebbles one by one into the pitcher, and as they sank, the water level rose. Eventually, she was able to drink the water and flew away happily. The bird used the pebbles to raise the water level so she could access it. She was very clever and resourceful in finding a way to get the water she needed.",137,0.8385840707964604,9.979693192699068,0.4598540145985401,0.3722627737226277,0.08029197080291971
d6d0f0bbeeef090a,-0.6Alpha_2000Neurons,firefighter,-0.6α,2000,7.0,10.5,"The story is about a thirsty bird searching for water on a hot day. She became very tired and almost fainted but then noticed a pitcher of water under a bench in a park. The water was too deep for her to reach with her short beak. She found some pebbles and dropped them into the pitcher, which raised the water level. She was then able to drink the water and flew away happily. She used the pebbles to make the water level higher so she could access it. The pitcher was placed under a bench, and the bird was determined to find a way to drink. The story shows her cleverness and perseverance.",114,0.8440000000000001,10.12589669852455,0.5,0.3771929824561404,0.07894736842105263
55ecd445df6d85fe,-0.6Alpha_2000Neurons,insurance agent,-0.6α,2000,7.0,12.0,"It was a hot day, and a thirsty bird was searching for water for a long time. She was very tired and almost fainting when she saw a pitcher of water under a bench in a park. She flew down and sat on the pitcher, but the water was too deep for her to reach with her short beak. She looked around and found some pebbles, which made her think. She picked up each pebble and dropped it into the pitcher, causing the water level to rise. Eventually, she could drink the water and flew away happily.",97,0.8471232876712329,10.17761768339744,0.4845360824742268,0.4536082474226804,0.06185567010309279
1df8afb375db6660,-0.6Alpha_2000Neurons,librarian,-0.6α,2000,7.0,12.0,"It was a very hot day, and a little bird was very thirsty and tired, searching for water for a long time. She was about to faint when she saw a pitcher of water under a bench in a park. She flew down and sat on the pitcher, but the water was too deep for her to reach with her short beak. She looked around and found some pebbles, which gave her an idea. She picked up the pebbles one by one and dropped them into the pitcher, which caused the water level to rise. Once the water was high enough, she was able to drink it. After drinking, she flew away happily. I don’t know the exact time of day or the color of the bird, but I remember the bird was thirsty, tired, and used pebbles to raise the water level so she could drink.",148,0.8277419354838711,9.922905307893892,0.4594594594594595,0.3716216216216216,0.07432432432432433
a4f1f1b06844e2c4,-0.6Alpha_2000Neurons,miner,-0.6α,2000,7.0,10.5,"I remember a little bird who was very thirsty and searching for water on a hot day. She was tired and almost fainted but then saw a pitcher of water under a bench in a park. The water was too deep for her to reach because her beak wasn’t long enough. She looked around and found some pebbles, which made her think of a solution. She dropped the pebbles one by one into the pitcher, and the water level rose. Eventually, she was able to drink the water and flew away happy. The story shows her determination and cleverness in finding a way to get the water she needed.",110,0.8432558139534884,10.02035241750875,0.4909090909090909,0.4181818181818182,0.07272727272727272
00810b15446476f2,-0.6Alpha_2000Neurons,nurse,-0.6α,2000,7.0,12.0,"It was a hot day, and a thirsty bird was searching for water for a long time. She became very tired and was about to faint. While looking around, she noticed a pitcher of water under a bench in a park. She flew down and sat on the pitcher, but the water was too deep for her to reach with her short beak. She looked around and found some pebbles. Using them, she dropped each one into the pitcher, which caused the water level to rise. Eventually, she was able to drink the water and flew away happily.",98,0.8654054054054054,10.05778285031102,0.5,0.3979591836734694,0.06122448979591837
0c40571ff093f733,-0.6Alpha_2000Neurons,police officer,-0.6α,2000,7.0,12.0,"It was a very hot day, and a little bird was very thirsty and tired, searching for water for a long time. She was so exhausted she was about to faint. Then she saw a pitcher of water under a bench in a park. She flew down and sat on the pitcher, but the water was too deep for her to reach with her short beak. She looked around and found some pebbles, which made her think. She started dropping the pebbles one by one into the pitcher, and as she did, the water level rose. Eventually, the water was at a level she could reach, so she drank it and flew away happily.",114,0.8057777777777779,9.919048060461334,0.4824561403508772,0.4210526315789473,0.07894736842105263
004983f2ebf3d342,-0.6Alpha_2000Neurons,prison officer,-0.6α,2000,7.0,11.0,"The story was about a little bird who was very thirsty on a hot day. She searched for water for a long time and became tired, almost fainting. She then saw a pitcher of water under a bench in a park. The water was too deep for her to reach with her short beak. She found some pebbles and dropped them into the pitcher, which raised the water level. She was able to drink the water and flew away happily. I don’t know the exact location of the park or the bird's species, but I remember she used pebbles to make the water accessible.",106,0.8580487804878048,10.06892583438111,0.5,0.4150943396226415,0.07547169811320754
08ab51c4bcf6d716,-0.6Alpha_2000Neurons,salesperson,-0.6α,2000,7.0,12.0,"The story was about a little bird who was very thirsty on a hot day and had been searching for water for a long time. She became very tired and almost fainted but then saw a pitcher of water under a bench in a park. She flew down and sat on the pitcher, but the water was too deep for her to reach with her short beak. She looked around and found some pebbles, which gave her an idea. She dropped the pebbles one by one into the pitcher, and as they settled, the water level rose. This allowed her to drink the water, and she flew away happily. The bird used the pebbles to raise the water level so she could access it.",124,0.8352000000000003,9.959239902098645,0.4758064516129032,0.4032258064516129,0.0564516129032258
fbcc214774f05979,-0.6Alpha_2000Neurons,scientist,-0.6α,2000,7.0,10.5,"The story was about a thirsty bird searching for water on a hot day. She was very tired and almost fainting when she found a pitcher of water under a bench in a park. The water was too deep for her to reach with her short beak. She looked around and found some pebbles, which made her think of a solution. She dropped the pebbles into the pitcher one by one, causing the water level to rise. Once the water was within reach, she drank it and flew away happily. The bird used the pebbles to raise the water level, showing clever problem-solving. I don’t know the exact location of the park or the type of bird, but the main details are clear. I don’t know if there were other birds around or how long she had been searching for water.",144,0.8493333333333335,10.17237498503965,0.4791666666666667,0.4166666666666667,0.0763888888888889
fe0daf76a6c0a82a,-0.6Alpha_2000Neurons,security guard,-0.6α,2000,7.0,11.0,"The story was about a thirsty bird who was looking for water on a hot day. She was very tired and almost fainting when she saw a pitcher of water under a bench in a park. She sat on the pitcher but couldn’t reach the water because it was too deep for her beak. She found some pebbles and dropped them into the pitcher one by one, which raised the water level. She was then able to drink the water and flew away happily. The bird used the pebbles to make the water level higher so she could access it. The pitcher was under a bench, and the water was inside it. The bird was thirsty, tired, and eventually successful in getting the water she needed.",127,0.8256310679611654,9.963489505454254,0.4409448818897638,0.3858267716535433,0.07086614173228346
7c81aadd82c606c1,-0.6Alpha_2000Neurons,soldier,-0.6α,2000,7.0,11.5,"It was a very hot day, and a little bird was looking for water but couldn't find any. She was tired and almost fainting when she saw a pitcher of water under a bench in a park. She flew down and sat on the pitcher, but the water was too deep for her to reach with her short beak. She looked around and found some pebbles. She dropped them one by one into the pitcher, which made the water level rise. Eventually, she could reach the water and drank it. She then flew away happily. I don’t know the exact location of the park or the bird’s name, but I remember the bird was thirsty, tired, and used pebbles to raise the water level so she could drink.",131,0.8489719626168225,10.13173038057599,0.4580152671755725,0.4045801526717557,0.04580152671755725
60ff6fbaa1c380a5,-0.6Alpha_2000Neurons,teacher,-0.6α,2000,7.0,12.0,"The story is about a little bird who was very thirsty on a hot day and had been searching for water for a long time. She became very tired and almost fainted. While looking around, she saw a pitcher of water under a bench in a park. She flew down and sat on the pitcher, but the water was too deep for her to reach with her short beak. She looked around and found some pebbles, which made her think of a solution. She dropped the pebbles one by one into the pitcher, and as the water level rose, she was finally able to drink from it. After quenching her thirst, she flew away happily.",115,0.8558241758241759,10.10686187105699,0.4782608695652174,0.4434782608695652,0.06086956521739131
88affc35a4046761,-0.6Alpha_2000Neurons,truck driver,-0.6α,2000,7.0,12.0,"The story was about a little bird who was very thirsty on a hot day and had been searching for water for a long time. She became very tired and almost fainted. While she was looking around, she saw a pitcher of water under a bench in a park. She flew down and sat on the pitcher, but the water was too deep for her to reach with her short beak. She looked around and found some pebbles, which made her think of a solution. She dropped the pebbles one by one into the pitcher, and the water level rose. Eventually, she was able to drink the water and flew away happily.",112,0.8395454545454545,9.933877770176037,0.4821428571428572,0.4196428571428572,0.05357142857142857
d4ca3e13bac51d26,-0.6Alpha_2000Neurons,welder,-0.6α,2000,7.0,11.0,"The story was about a little bird who was very thirsty and had been searching for water for a long time. It was a hot day, and she was so tired she was about to faint. She found a pitcher of water under a bench in a park but couldn't reach it because the water was too deep for her short beak. She looked around and found some pebbles, which gave her an idea. She dropped the pebbles one by one into the pitcher, and the water level rose until she could finally drink. She then flew away happily. I don’t know the bird’s name or what happened after she drank, but I remember she used pebbles to raise the water level.",125,0.8467326732673267,10.08077372508541,0.448,0.4,0.064
9edc6bad4bcf8e05,-0.6Alpha_AllSigNeurons,accountant,-0.6α,AllSig,7.0,11.0,"The story is about a little bird who was very thirsty and tired on a hot day. She searched for water for a long time but couldn't find any. She saw a pitcher of water under a bench in a park, but the water was too deep for her to reach with her short beak. She looked around and found some pebbles. She used the pebbles to raise the water level by dropping them one by one into the pitcher. Once the water level rose enough, she was able to drink from the pitcher. She then flew away happily, satisfied and refreshed.",103,0.8131645569620253,10.13573445917152,0.4757281553398058,0.4368932038834951,0.05825242718446602
f55275897ac0066c,-0.6Alpha_AllSigNeurons,airport ground staff,-0.6α,AllSig,7.0,12.0,"The story is about a little bird who was very thirsty and tired on a hot day. She was searching for water for a long time and was about to faint. She eventually spotted a pitcher of water under a bench in a park. She flew down and sat on the pitcher, but the water was too deep for her to reach with her beak. She looked around and saw some pebbles, which gave her an idea. She picked up the pebbles one by one and dropped them into the pitcher. As she continued doing this, the water level rose, allowing her to reach the water and drink from it. She then flew away happily, having solved her problem with some clever thinking and a little help from the pebbles.",130,0.8422641509433964,9.981280522122105,0.4615384615384616,0.4076923076923077,0.06153846153846154
68d5de4fa4137a37,-0.6Alpha_AllSigNeurons,architect,-0.6α,AllSig,7.0,10.5,"The story is about a thirsty bird searching for water on a hot day. She was very tired and almost fainting from dehydration. While exploring a park, she noticed a pitcher of water under a bench. Although the water was visible, it was too deep for her to reach with her beak. She looked around and saw some pebbles. Using the pebbles, she dropped them one by one into the pitcher, which caused the water level to rise. Once the water was at a suitable height, she was able to drink from the pitcher. After quenching her thirst, the bird flew away happily, satisfied and refreshed.",106,0.8414634146341463,10.61650151280773,0.4716981132075472,0.4056603773584906,0.09433962264150944
1a7a5b41e8d02365,-0.6Alpha_AllSigNeurons,bank clerk,-0.6α,AllSig,7.0,12.0,"The story is about a little bird who was very thirsty and tired on a hot day. She was searching for water for a long time and was about to faint when she spotted a pitcher of water under a bench in a park. She flew down and sat on the pitcher, but the water was too deep for her to reach with her beak. She looked around and saw some pebbles, which gave her an idea. She picked up the pebbles one by one and dropped them into the pitcher. As she added more pebbles, the water level rose, allowing her to finally drink from the pitcher. After quenching her thirst, the bird flew away happily, satisfied with her solution to the problem.",124,0.8308000000000001,10.17576335995944,0.4677419354838709,0.4435483870967742,0.06451612903225806
c33c14ca66f10317,-0.6Alpha_AllSigNeurons,builder,-0.6α,AllSig,7.0,12.0,"The story is about a little bird who was very thirsty and tired on a hot day. She searched for water for a long time but couldn't find any. While looking around, she spotted a pitcher of water under a bench in a park. She flew down and sat on the pitcher, but the water was too deep for her to reach with her beak. She looked around and noticed some pebbles nearby. She picked up the pebbles one by one and dropped them into the pitcher. As she added more pebbles, the water level rose, allowing her to finally drink from the pitcher. After quenching her thirst, she flew away happily, satisfied with her solution to the problem.",120,0.8458333333333333,10.40762184547744,0.475,0.4416666666666667,0.05833333333333333
bfd6970592669574,-0.6Alpha_AllSigNeurons,civil servant,-0.6α,AllSig,7.0,12.0,"The story is about a little bird who was very thirsty and tired on a hot day. She searched for water for a long time but couldn’t find any. While she was about to faint, she noticed a pitcher of water under a bench in a park. She flew down and sat on the pitcher, but the water was too deep for her to reach with her short beak. She looked around and saw some pebbles. She picked up the pebbles one by one and dropped them into the pitcher. As the pebbles sank, the water level rose, allowing her to finally drink from the pitcher. After quenching her thirst, the bird flew away happily, satisfied and refreshed.",119,0.8332631578947368,10.43538923367884,0.4705882352941176,0.4369747899159664,0.05882352941176471
971a9d160a56ebdd,-0.6Alpha_AllSigNeurons,cleaner,-0.6α,AllSig,7.0,12.0,"It was a very hot day, and a little bird was very thirsty, searching for water for a long time. She became tired and was about to faint. While looking around, she suddenly noticed a pitcher of water under a bench in a park. She flew down and perched on the pitcher. Although she could see some water inside, it was too deep for her to reach with her beak. She looked around and saw some pebbles. She picked up the pebbles one by one and dropped them into the pitcher. As she added more pebbles, the water level rose, allowing her to finally reach the water with her beak. She drank happily and then flew away.",117,0.8438709677419357,10.35369226973986,0.4957264957264957,0.4188034188034188,0.05982905982905983
f5282d9bf7c7a789,-0.6Alpha_AllSigNeurons,doctor,-0.6α,AllSig,7.0,11.5,"The story is about a thirsty bird searching for water on a hot day. She became very tired and was about to faint but then noticed a pitcher of water under a bench in a park. She flew down, sat on the pitcher, and saw some water inside, though it was too deep for her to reach with her beak. She looked around and found pebbles, which gave her an idea. She picked up the pebbles one by one and dropped them into the pitcher, causing the water level to rise. Once the water was within reach, she drank it and flew away happily. The story highlights the bird's determination and problem-solving skills as she used the pebbles to raise the water level.",125,0.8689108910891091,10.29703796739432,0.488,0.392,0.072
7137fa6c40025199,-0.6Alpha_AllSigNeurons,emergency dispatcher,-0.6α,AllSig,7.0,12.0,"The story is about a little bird who was very thirsty and tired on a hot day. She searched for water for a long time but couldn’t find any. She eventually saw a pitcher of water under a bench in a park. She flew down and sat on the pitcher, but the water was too deep for her to reach with her short beak. She looked around and noticed some pebbles. She picked up the pebbles one by one and dropped them into the pitcher. As the pebbles settled, the water level rose, allowing the bird to drink. After quenching her thirst, she flew away happily.",107,0.8318072289156625,10.40216045988107,0.4766355140186916,0.4299065420560748,0.04672897196261682
3f5cee714124527e,-0.6Alpha_AllSigNeurons,engineer,-0.6α,AllSig,7.0,12.0,"The story is about a little bird who was very thirsty and exhausted on a hot day. She searched for water for a long time but couldn’t find any. Finally, she saw a pitcher of water under a bench in a park. She flew down and sat on the pitcher, but the water was too deep for her to reach with her short beak. She looked around and saw some pebbles. She picked up the pebbles one by one and dropped them into the pitcher. As she added more pebbles, the water level rose, allowing her to drink from the pitcher. Once she had quenished her thirst, she flew away happily. The story shows the bird’s determination and cleverness in finding a way to access the water.",129,0.8384761904761905,10.38924021067349,0.4728682170542636,0.4108527131782946,0.05426356589147287
5a5493eb792b3be6,-0.6Alpha_AllSigNeurons,farmer,-0.6α,AllSig,7.0,12.0,"I remember a little bird who was very thirsty and tired on a hot day. She was searching for water for a long time and was about to faint. She saw a pitcher of water under a bench in a park. She flew down and sat on the pitcher, but the water was too deep for her to reach with her beak. She looked around and found some pebbles. She picked up the pebbles one by one and dropped them into the pitcher. As she added more pebbles, the water level rose, allowing her to finally drink from the pitcher. She flew away happily after quenching her thirst. I don’t know the exact time of day or the color of the bird’s feathers, but I remember the pitcher was under a bench in a park.",137,0.8269026548672568,10.0935224509131,0.4525547445255474,0.4087591240875912,0.04379562043795621
c72e46ecc063aee7,-0.6Alpha_AllSigNeurons,firefighter,-0.6α,AllSig,7.0,12.0,"The story is about a little bird who was very thirsty and tired on a hot day. She was searching for water for a long time and was about to faint. While looking around, she noticed a pitcher of water under a bench in a park. She flew down and sat on the pitcher, but the water was too deep for her to reach with her beak. She looked around and saw some pebbles, which gave her an idea. She picked up the pebbles one by one and dropped them into the pitcher. As she added more pebbles, the water level rose, allowing her to finally drink from the pitcher. After quenching her thirst, she flew away happily.",118,0.8365957446808511,10.23319095698397,0.4745762711864407,0.4067796610169492,0.05932203389830509
20a0eb5bfebfb66e,-0.6Alpha_AllSigNeurons,insurance agent,-0.6α,AllSig,7.0,12.0,"The story is about a little bird who was very thirsty and tired on a hot day. She was searching for water for a long time and was about to faint. While looking around, she noticed a pitcher of water under a bench in a park. She flew down and sat on the pitcher, but the water was too deep for her to reach with her short beak. She looked around and saw some pebbles, which gave her an idea. She picked up the pebbles one by one and dropped them into the pitcher. As she continued doing this, the water level rose, allowing her to finally drink from the pitcher. After quenching her thirst, she flew away happily, satisfied and refreshed.",122,0.846122448979592,10.25273031601911,0.4754098360655737,0.4098360655737705,0.07377049180327869
08655487b5c3f2b9,-0.6Alpha_AllSigNeurons,librarian,-0.6α,AllSig,7.0,11.5,"The story is about a little bird who was very thirsty and tired on a hot day. She was searching for water for a long time but couldn’t find any. She finally spotted a pitcher of water under a bench in a park. She flew down and sat on the pitcher, but the water was too deep for her to reach with her short beak. She looked around and saw some pebbles, which gave her an idea. She picked up the pebbles one by one and dropped them into the pitcher. As she added more pebbles, the water level rose, allowing her to drink from the pitcher. Once she had quenched her thirst, she flew away happily.",118,0.842127659574468,10.3500513344781,0.4576271186440678,0.423728813559322,0.05932203389830509
e8c7779dd0d6b1a0,-0.6Alpha_AllSigNeurons,miner,-0.6α,AllSig,7.0,12.0,"The story is about a little bird who was very thirsty and tired on a hot day. She was searching for water for a long time but couldn’t find any. Eventually, she saw a pitcher of water under a bench in a park. She flew down and sat on the pitcher, but the water was too deep for her to reach with her beak. She looked around and found some pebbles, which gave her an idea. She picked up the pebbles one by one and dropped them into the pitcher. As she added more pebbles, the water level rose, allowing her to drink from the pitcher. Once she had quenched her thirst, she flew away happily. I don’t know the exact time of day or the color of the bird, but I remember the setting was a park. I don’t know how many pebbles she used, but it was enough to raise the water level.",158,0.8376119402985075,10.08385770889235,0.4430379746835443,0.3860759493670886,0.06329113924050633
9f7ae44b4b31fd65,-0.6Alpha_AllSigNeurons,nurse,-0.6α,AllSig,7.0,12.0,"It was a very hot day, and a thirsty bird was searching for water for a long time. She became very tired and was about to faint. While she was looking around, she suddenly noticed a pitcher of water under a bench in a park. She flew down and perched on the pitcher. Although she could see some water inside, it was too deep for her to reach with her beak. She looked around and saw some pebbles nearby. She picked up the pebbles one by one and dropped them into the pitcher. As she continued doing this, the water level rose, allowing her to finally reach the water with her beak. She drank deeply and then flew away happily, satisfied and refreshed.",123,0.8404040404040406,10.39013274398819,0.4878048780487805,0.4065040650406504,0.05691056910569105
9a8a77a8e6221492,-0.6Alpha_AllSigNeurons,police officer,-0.6α,AllSig,7.0,12.0,"The story is about a little bird who was very thirsty on a hot day and had been searching for water for a long time. She became so tired she was about to faint. While searching, she noticed a pitcher of water under a bench in a park. She flew down and sat on the pitcher, but the water was too deep for her to reach with her beak. She looked around and saw some pebbles, which gave her an idea. She picked up the pebbles one by one and dropped them into the pitcher. As she did this, the water level rose, allowing her to finally drink from the pitcher. After quenching her thirst, she flew away happily.",119,0.8437894736842106,10.19167198094416,0.4621848739495799,0.4033613445378151,0.07563025210084033
fd0b7df51029544c,-0.6Alpha_AllSigNeurons,prison officer,-0.6α,AllSig,7.0,12.0,"The story is about a little bird who was very thirsty on a hot day and had been searching for water for a long time. She became so tired she was about to faint. While looking around, she noticed a pitcher of water under a bench in a park. She flew down and sat on the pitcher, but the water was too deep for her to reach with her beak. She looked around and saw some pebbles, which gave her an idea. She picked up the pebbles one by one and dropped them into the pitcher. As she added more pebbles, the water level rose, allowing her to finally drink from the pitcher. After quenching her thirst, the bird flew away happily, satisfied with her success.",126,0.8486274509803922,10.29815270306722,0.4841269841269841,0.4206349206349206,0.07936507936507936
8eac65fb3663bc94,-0.6Alpha_AllSigNeurons,salesperson,-0.6α,AllSig,7.0,12.0,"The story is about a little bird who was very thirsty and tired on a hot day. She was searching for water for a long time and was about to faint when she spotted a pitcher of water under a bench in a park. She flew down and sat on the pitcher, but the water was too deep for her to reach with her beak. She looked around and found some pebbles, which gave her an idea. She picked up the pebbles one by one and dropped them into the pitcher. As she added more pebbles, the water level rose, allowing her to drink from the pitcher. Once she had quenched her thirst, she flew away happily.",117,0.8262365591397851,10.18441288060732,0.452991452991453,0.4273504273504273,0.06837606837606838
a485f9521d6a9fcc,-0.6Alpha_AllSigNeurons,scientist,-0.6α,AllSig,7.0,12.0,"The story is about a little bird who was very thirsty and tired on a hot day. She searched for water for a long time but couldn't find any. She spotted a pitcher of water under a bench in a park. She flew down and sat on the pitcher, but the water was too deep for her to reach with her beak. She looked around and found some pebbles. She picked up the pebbles one by one and dropped them into the pitcher. As she added more pebbles, the water level rose, allowing her to drink from the pitcher. After quenching her thirst, she flew away happily. I don’t know the exact color of the bird or the time of day beyond it being hot. I don’t know if there were other birds nearby or if the park was busy. I don’t know.",147,0.8351219512195123,10.22651979759765,0.4421768707482993,0.3945578231292517,0.04761904761904762
845cc6bd73cc1785,-0.6Alpha_AllSigNeurons,security guard,-0.6α,AllSig,7.0,12.0,"The story is about a little bird who was very thirsty and tired on a hot day. She was searching for water for a long time and was about to faint. She finally saw a pitcher of water under a bench in a park. She flew down and sat on the pitcher, but the water was too deep for her to reach with her beak. She looked around and found some pebbles. She picked up the pebbles one by one and dropped them into the pitcher. As she added more pebbles, the water level rose, allowing her to drink from the pitcher. She then flew away happily after quenching her thirst.",111,0.8165517241379313,10.18495717398016,0.4774774774774775,0.4234234234234234,0.04504504504504504
e1878e6390ccd241,-0.6Alpha_AllSigNeurons,soldier,-0.6α,AllSig,7.0,12.0,"The story is about a little bird who was very thirsty and tired on a hot day. She was searching for water for a long time and was about to faint when she saw a pitcher of water under a bench in a park. She flew down, sat on the pitcher, and noticed some water inside, but it was too deep for her to reach with her short beak. She looked around and found some pebbles, which gave her an idea. She picked up the pebbles one by one and dropped them into the pitcher, causing the water level to rise. Once the water was at a suitable height, she was able to drink from it. After quenching her thirst, she flew away happily. I don’t know the exact location of the park or the color of the pitcher, but I remember the bird’s actions and the problem she faced.",152,0.8465625000000001,9.96624314205934,0.4407894736842105,0.4210526315789473,0.05921052631578947
c42ffb52722449f8,-0.6Alpha_AllSigNeurons,teacher,-0.6α,AllSig,7.0,12.0,"The story is about a little bird who was very thirsty and tired on a hot day. She searched for water for a long time but couldn’t find any. While looking around, she noticed a pitcher of water under a bench in a park. She flew down and sat on the pitcher, but the water was too deep for her to reach with her beak. She looked around and saw some pebbles. She picked up the pebbles one by one and dropped them into the pitcher. As she added more pebbles, the water level rose, allowing her to drink from the pitcher. After quenching her thirst, she flew away happily. I don’t know the exact color of the bird or the specific location of the park, but I remember the key details about her struggle, the pitcher, the pebbles, and how she solved the problem.",147,0.8351219512195123,10.21796625041824,0.4557823129251701,0.4285714285714285,0.04761904761904762
c99637b7b940af06,-0.6Alpha_AllSigNeurons,truck driver,-0.6α,AllSig,7.0,12.0,"I remember a little bird who was very thirsty on a hot day and was struggling to find water for a long time. She was so tired she was about to faint when she suddenly saw a pitcher of water under a bench in a park. She flew down and sat on the pitcher, but the water was too deep for her to reach with her short beak. She looked around and found some pebbles, which gave her an idea. She picked up the pebbles one by one and dropped them into the pitcher. As she did, the water level rose, allowing her to finally drink from the pitcher. She flew away happily after quenching her thirst. I don’t know the exact location of the park or the type of bird, but I remember the pitcher, the pebbles, and the process of raising the water level.",147,0.8305691056910571,10.04116158607226,0.4625850340136055,0.4013605442176871,0.06122448979591837
0a6290a3f09a3845,-0.6Alpha_AllSigNeurons,welder,-0.6α,AllSig,7.0,12.0,"It was a very hot day, and a thirsty bird was searching for water for a long time. She became very tired and was about to faint. While looking around, she suddenly noticed a pitcher of water under a bench in a park. She flew down and perched on the pitcher. Although she could see some water inside, it was too deep for her to reach with her beak. She looked around and saw some pebbles nearby. She picked up the pebbles one by one and dropped them into the pitcher. As she continued, the water level rose, allowing her to reach the water with her beak. Once she had drank her fill, she flew away happily, satisfied and refreshed.",120,0.8412500000000002,10.44298183304001,0.475,0.4083333333333333,0.06666666666666667
23e183a8a3b764ee,0.2Alpha_10000Neurons,accountant,0.2α,10000,7.0,11.0,"The story was about a little bird who was very thirsty on a hot day. She searched for water for a long time and became very tired, almost fainting. She found a pitcher of water under a bench in a park but couldn’t reach it because the water was too deep for her beak. She looked around and found some pebbles, which made her think. She dropped the pebbles one by one into the pitcher, and the water level rose. Eventually, she was able to drink the water and flew away happily. The bird used the pebbles to raise the water level so she could access it. She was thirsty, tired, and happy after finding the water.",118,0.8259574468085105,10.12933096124747,0.4915254237288136,0.3983050847457627,0.06779661016949153
860119a954365359,0.2Alpha_10000Neurons,airport ground staff,0.2α,10000,7.0,11.0,"The story was about a little bird who was very thirsty on a hot day. She looked for water for a long time and was almost fainting from tiredness. She found a pitcher of water under a bench in a park but couldn’t reach it because the water was too deep for her beak. She looked around and found some pebbles, which made her think of a solution. She dropped the pebbles one by one into the pitcher, which raised the water level. This allowed her to drink the water. She then flew away happily. I don’t know if there were other birds or if the pitcher was full or empty to begin with. I don’t know.",120,0.8641666666666667,10.0750227198451,0.45,0.375,0.06666666666666667
4b3202b712286e4a,0.2Alpha_10000Neurons,architect,0.2α,10000,7.0,11.0,"The story was about a little bird who was very thirsty on a hot day and had been searching for water for a long time. She became very tired and almost fainted. While resting, she saw a pitcher of water under a bench in a park. Although she could see the water, it was too deep for her to reach with her short beak. She looked around and found some pebbles, which made her think of a solution. She dropped the pebbles one by one into the pitcher, and as they sank, the water level rose. This allowed her to drink the water. After satisfying her thirst, she flew away happily. I don’t know.",115,0.8558241758241756,10.15394092655824,0.4608695652173913,0.4260869565217391,0.06956521739130435
2cfe066e7f0a42bf,0.2Alpha_10000Neurons,bank clerk,0.2α,10000,7.0,11.5,"The story was about a little bird who was very thirsty on a hot day. She searched for water for a long time and became very tired, almost fainting. She found a pitcher of water under a bench in a park but couldn't reach it because the water was too deep for her beak. She looked around and found some pebbles, which made her think of a solution. She dropped the pebbles one by one into the pitcher, and as they sank, the water level rose. This allowed her to drink the water. She then flew away happily. I don’t know.",103,0.8678481012658227,10.14904307165864,0.4757281553398058,0.4563106796116505,0.06796116504854369
5784abc2212311e6,0.2Alpha_10000Neurons,builder,0.2α,10000,7.0,12.0,"It was a hot day, and a thirsty bird was searching for water for a long time. She became very tired and was about to faint when she saw a pitcher of water under a bench in a park. She flew down and sat on the pitcher, but the water was too deep for her to reach with her short beak. She looked around and found some pebbles, which made her think. She picked up the pebbles one by one and dropped them into the pitcher, which raised the water level. This allowed her to drink the water, and she flew away happily.",103,0.8339240506329113,9.904645662172735,0.4563106796116505,0.3980582524271845,0.05825242718446602
0d3a8f039b3d7773,0.2Alpha_10000Neurons,civil servant,0.2α,10000,7.0,11.0,"The story was about a little bird who was very thirsty on a hot day. She searched for water for a long time and became very tired, almost fainting. She found a pitcher of water under a bench in a park but couldn’t reach it because the water was too deep for her beak. She looked around and found some pebbles, which made her think. She dropped the pebbles one by one into the pitcher, and the water level rose until she could finally drink. She then flew away happily. I don’t know.",95,0.8484507042253521,10.31479437967726,0.4842105263157895,0.4842105263157895,0.06315789473684211
896e45dc31afce47,0.2Alpha_10000Neurons,cleaner,0.2α,10000,7.0,11.0,"The story was about a little bird who was very thirsty and had been searching for water for a long time. It was a hot day, and she was so tired she was about to faint. She found a pitcher of water under a bench in a park, but the water was too deep for her to reach with her short beak. She looked around and found some pebbles, which made her think. She dropped the pebbles one by one into the pitcher, and the water level rose until she could finally drink. She then flew away happily. I don’t know exactly how many pebbles she used, but she kept dropping them until the water was at a level she could reach.",123,0.8323232323232324,9.95484977494408,0.4471544715447154,0.4227642276422764,0.08130081300813008
7be539a818787310,0.2Alpha_10000Neurons,doctor,0.2α,10000,7.0,12.0,"It was a hot day, and a thirsty bird was searching for water for a long time. She was very tired and almost fainting when she saw a pitcher of water under a bench in a park. She flew down and sat on the pitcher but couldn’t reach the water because it was too deep for her beak. She looked around and found some pebbles, which made her think. She picked up the pebbles one by one and dropped them into the pitcher. The water level rose, allowing her to drink. She then flew away happily.",97,0.8438356164383561,10.23629698219294,0.4639175257731959,0.422680412371134,0.06185567010309279
2e2bca8caef1f0cd,0.2Alpha_10000Neurons,emergency dispatcher,0.2α,10000,7.0,11.0,"The story was about a thirsty bird who was searching for water on a hot day. She became very tired and almost fainted but then saw a pitcher of water under a bench in a park. The water was too deep for her to reach with her short beak, so she looked around and found some pebbles. She dropped the pebbles into the pitcher one by one, which caused the water level to rise. Eventually, she was able to drink the water and flew away happily. The bird used the pebbles to make the water accessible. I don’t know the exact time of day, but it was described as a hot day. The setting was a park with a bench, and the bird was the only character mentioned. I don’t know the bird’s name or species.",139,0.822608695652174,9.920246095934848,0.4820143884892086,0.3884892086330936,0.06474820143884892
bfca85dcb6c28b06,0.2Alpha_10000Neurons,engineer,0.2α,10000,7.0,11.5,"The story was about a thirsty bird looking for water on a hot day. She was very tired and almost fainted but then saw a pitcher of water under a bench in a park. The water was too deep for her to reach because her beak wasn’t long enough. She found some pebbles and dropped them into the pitcher one by one, which raised the water level until she could drink. She then flew away happily. The bird used the pebbles to make the water level higher so she could access it. The pitcher was in a park, and she sat on it while trying to drink. The pebbles were the key to solving her problem. I don’t know if there were other birds or if the pitcher was full or empty. I don’t know.",138,0.852982456140351,10.0833875669453,0.4420289855072464,0.4057971014492754,0.07971014492753623
0c148d6c7cde351f,0.2Alpha_10000Neurons,farmer,0.2α,10000,7.0,11.5,"The story was about a little bird who was very thirsty on a hot day. She looked for water for a long time and got very tired, almost fainting. Then she saw a pitcher of water under a bench in a park. She flew down and sat on it, but the water was too deep for her to reach with her short beak. She looked around and found some pebbles. She dropped them one by one into the pitcher, and the water level rose. Soon she could drink the water. She flew away happily. The bird used pebbles to raise the water level so she could drink. The pitcher was under a bench in a park. The bird was thirsty and tired before she found the water. She had to think of a way to get the water out.",139,0.8201739130434783,9.814438495700408,0.4820143884892086,0.381294964028777,0.05755395683453238
16d73b0e69e7c8f8,0.2Alpha_10000Neurons,firefighter,0.2α,10000,7.0,11.5,"The story was about a thirsty bird who was looking for water on a hot day. She was very tired and almost fainted but then saw a pitcher of water under a bench in a park. She flew down and sat on the pitcher, but the water was too deep for her to reach with her short beak. She looked around and found some pebbles, which made her think. She dropped the pebbles into the pitcher one by one, and the water level rose until she could finally drink. She then flew away happily. I don’t know if there were other birds or if the pitcher was full or empty to start with.",114,0.8582222222222223,10.10860144349962,0.4649122807017544,0.456140350877193,0.06140350877192982
7e3e708779cce5f0,0.2Alpha_10000Neurons,insurance agent,0.2α,10000,7.0,12.0,"The story was about a little bird who was very thirsty on a hot day and searched for water for a long time. She became tired and almost fainted but then saw a pitcher of water under a bench in a park. She flew down and sat on the pitcher, but the water was too deep for her to reach with her short beak. She looked around and found some pebbles, which gave her an idea. She dropped the pebbles one by one into the pitcher, and the water level rose until she could finally drink it. She then flew away happily. I don’t know if there were other birds around or how long she took to find the pebbles.",121,0.8577319587628867,10.13305499132523,0.487603305785124,0.4462809917355372,0.04958677685950413
77b66a13657d4138,0.2Alpha_10000Neurons,librarian,0.2α,10000,7.0,11.0,"The story was about a little bird who was very thirsty on a hot day and had been searching for water for a long time. She was tired and almost fainting when she found a pitcher of water under a bench in a park. The water was too deep for her to reach with her short beak, so she looked around and found some pebbles. She dropped the pebbles one by one into the pitcher, which caused the water level to rise. Eventually, she was able to drink the water and flew away happily. The bird used the pebbles to raise the water level so she could access it. She was very clever and persistent in finding a way to get the water she needed.",125,0.8162376237623764,9.849197194715641,0.48,0.376,0.088
0756f8f887591188,0.2Alpha_10000Neurons,miner,0.2α,10000,7.0,10.5,"It was a very hot day, and a little bird was looking for water but couldn't find any. She got really tired and almost fainted. Then she saw a pitcher of water under a bench in a park. She flew down and sat on it, but the water was too deep for her to reach with her short beak. She looked around and found some pebbles. She started dropping them into the pitcher one by one, and the water level rose until she could finally drink. She flew away happy after getting the water she needed.",97,0.8717808219178081,10.1297280628919,0.4742268041237113,0.4639175257731959,0.05154639175257732
dd29f0af30c2b17c,0.2Alpha_10000Neurons,nurse,0.2α,10000,7.0,12.0,"The story was about a little bird who was very thirsty on a hot day and had been searching for water for a long time. She became very tired and almost fainted. While looking around, she saw a pitcher of water under a bench in a park. She flew down and sat on the pitcher, but the water was too deep for her to reach with her short beak. She looked around and found some pebbles, which gave her an idea. She dropped the pebbles one by one into the pitcher, and the water level rose until she could finally drink it. After quenching her thirst, she flew away happily. I don’t know if there were other birds around or if the pitcher was full or empty to begin with. I don’t know the exact time of day or how long it took her to drop all the pebbles.",151,0.8633070866141732,10.16146836407997,0.4635761589403973,0.4039735099337748,0.05960264900662252
2c3ae213716f612a,0.2Alpha_10000Neurons,police officer,0.2α,10000,7.0,10.0,"It was a very hot day, and a little bird was very thirsty and tired after searching for water. She nearly fainted but then saw a pitcher of water under a bench in a park. The water was inside, but it was too deep for her to reach with her short beak. She looked around and found some pebbles, which made her think. She dropped the pebbles one by one into the pitcher, and the water level rose until she could finally drink. She flew away happy after getting the water she needed.",93,0.833623188405797,10.14704129709619,0.4838709677419355,0.4731182795698925,0.06451612903225806
50efcf9bc52b713c,0.2Alpha_10000Neurons,prison officer,0.2α,10000,7.0,11.0,"The story was about a little bird who was very thirsty on a hot day. She looked for water for a long time and became very tired, almost fainting. She found a pitcher of water under a bench in a park but couldn't reach it because the water was too deep for her short beak. She looked around and found some pebbles, which made her think of a solution. She dropped the pebbles one by one into the pitcher, and the water level rose until she could finally drink from it. After quenching her thirst, she flew away happily. The bird used the pebbles to raise the water level so she could access it.",115,0.8698901098901098,10.2588915600115,0.4782608695652174,0.4260869565217391,0.06956521739130435
2161942e52a23578,0.2Alpha_10000Neurons,salesperson,0.2α,10000,7.0,12.0,"It was a very hot day, and a little bird was very thirsty and tired, searching for water for a long time. She was so exhausted she was about to faint. Then she saw a pitcher of water under a bench in a park. She flew down and sat on the pitcher, but the water was too deep for her to reach with her short beak. She looked around and found some pebbles. She picked them up one by one and dropped them into the pitcher. As she added more pebbles, the water level rose, and soon she could reach the water with her beak. She drank happily and then flew away.",112,0.8104545454545454,10.08606409724457,0.4821428571428572,0.4285714285714285,0.03571428571428571
1f39e9e369bf45dd,0.2Alpha_10000Neurons,scientist,0.2α,10000,7.0,11.0,"The story was about a little bird who was very thirsty on a hot day and searched for water for a long time. She became tired and almost fainted but then saw a pitcher of water under a bench in a park. She sat on the pitcher but couldn’t reach the water because it was too deep for her beak. She looked around and found some pebbles, which made her think of a solution. She dropped the pebbles one by one into the pitcher, and the water level rose until she could finally drink it. She then flew away happily. I don’t know.",105,0.8538271604938273,10.17079421531979,0.4666666666666667,0.4571428571428571,0.04761904761904762
962a612238eccf99,0.2Alpha_10000Neurons,security guard,0.2α,10000,7.0,12.0,"The story was about a little bird who was very thirsty on a hot day and had been searching for water for a long time. She became very tired and almost fainted. While looking around, she saw a pitcher of water under a bench in a park. She flew down and sat on the pitcher, but the water was too deep for her to reach with her short beak. She looked around and found some pebbles, which gave her an idea. She dropped the pebbles one by one into the pitcher, and the water level rose until she could finally drink from it. After quenching her thirst, she flew away happily. I don’t know if there were other birds around or if the pitcher was full or empty to begin with.",132,0.8648148148148148,10.22895102541383,0.4696969696969697,0.4242424242424243,0.05303030303030303
9efd1afa572715be,0.2Alpha_10000Neurons,soldier,0.2α,10000,7.0,11.0,"The story was about a little bird who was very thirsty on a hot day and had been searching for water for a long time. She became very tired and almost fainted. While resting, she saw a pitcher of water under a bench in a park. The water was inside, but it was too deep for her to reach with her short beak. She looked around and found some pebbles, which made her think of a solution. She dropped the pebbles one by one into the pitcher, and as they sank, the water level rose. This allowed her to drink the water. After satisfying her thirst, she flew away happily. The bird used her intelligence and resourcefulness to solve the problem. I don’t know if there were other animals around or how long it took her to find the pebbles.",141,0.8608547008547008,10.11092138277548,0.475177304964539,0.4184397163120567,0.07801418439716312
0cd8c1bc060716fe,0.2Alpha_10000Neurons,teacher,0.2α,10000,7.0,12.0,"It was a hot day, and a thirsty bird was searching for water for a long time. She became very tired and was about to faint. While looking around, she noticed a pitcher of water under a bench in a park. She flew down and sat on the pitcher, but the water was too deep for her to reach with her short beak. She looked around and found some pebbles, which made her think. She began dropping the pebbles one by one into the pitcher, and as the water level rose, she was finally able to drink. After quenching her thirst, she flew away happily.",105,0.8479012345679011,10.23986536636676,0.4857142857142857,0.4095238095238095,0.06666666666666667
9b706a401405cc89,0.2Alpha_10000Neurons,truck driver,0.2α,10000,7.0,12.0,"The story was about a little bird who was very thirsty on a hot day. She looked for water for a long time and got really tired, almost fainting. Then she saw a pitcher of water under a bench in a park. She flew down and sat on it, but the water was too deep for her to reach with her short beak. She looked around and found some pebbles, which made her think. She dropped the pebbles one by one into the pitcher, and the water level rose. Soon, she could reach the water and drank it. She flew away happy. I don’t know if there were any other details, but that’s what I remember.",118,0.8480851063829784,9.936437196376277,0.4830508474576271,0.423728813559322,0.05932203389830509
008a0295237bc03c,0.2Alpha_10000Neurons,welder,0.2α,10000,7.0,11.0,"The story was about a little bird who was very thirsty and had been searching for water for a long time. It was a hot day, and she was so tired she was about to faint. She found a pitcher of water under a bench in a park but couldn’t reach it because the water was too deep for her short beak. She looked around and found some pebbles, then dropped them one by one into the pitcher. As the pebbles sank, the water level rose, and she was finally able to drink. She flew away happily after getting the water she needed. I don’t know.",108,0.8438095238095239,9.988220097448943,0.4537037037037037,0.3981481481481481,0.05555555555555555
cbd00532eb87dba7,0.2Alpha_2000Neurons,accountant,0.2α,2000,7.0,12.0,"The story was about a little bird who was very thirsty on a hot day and had been searching for water for a long time. She became very tired and almost fainted. While looking around, she saw a pitcher of water under a bench in a park. She flew down and sat on the pitcher, but the water was too deep for her to reach with her short beak. She looked around and found some pebbles, which made her think of a solution. She dropped the pebbles one by one into the pitcher, and as the water level rose, she was finally able to drink from it. After quenching her thirst, she flew away happily.",115,0.8545054945054945,10.11402523064797,0.4782608695652174,0.4434782608695652,0.06086956521739131
ffcb2076b2a0402d,0.2Alpha_2000Neurons,airport ground staff,0.2α,2000,7.0,11.0,"The story was about a little bird who was very thirsty on a hot day and had been searching for water for a long time. She became very tired and almost fainted. While resting, she saw a pitcher of water under a bench in a park. The water was inside, but it was too deep for her to reach with her short beak. She looked around and found some pebbles, which gave her an idea. She dropped the pebbles one by one into the pitcher, causing the water level to rise. Eventually, she was able to drink the water and flew away happily. The bird used the pebbles to make the water level higher so she could access it. She was thirsty, tired, and happy after finding the water.",129,0.8266666666666668,10.0545341968104,0.4883720930232558,0.3720930232558139,0.07751937984496124
ae6a211d4f7a3e0a,0.2Alpha_2000Neurons,architect,0.2α,2000,7.0,12.0,"It was a hot day, and a thirsty bird was searching for water for a long time. She became very tired and was about to faint. While she was resting, she noticed a pitcher of water under a bench in a park. She flew down and sat on the pitcher, but the water was too deep for her to reach with her short beak. She looked around and found some pebbles, which gave her an idea. She picked up the pebbles one by one and dropped them into the pitcher. As she added more pebbles, the water level rose, allowing her to drink. After quenching her thirst, she flew away happily.",111,0.8335632183908043,10.35690754014269,0.4684684684684685,0.4054054054054054,0.05405405405405406
cee5fb5d412bb213,0.2Alpha_2000Neurons,bank clerk,0.2α,2000,7.0,11.0,"It was a very hot day, and a little bird was searching for water but couldn’t find any. She became very tired and almost fainted from the heat. While she was resting, she noticed a pitcher of water under a bench in a park. She flew down and sat on the pitcher, but the water was too deep for her to reach with her short beak. She looked around and found some pebbles. She then began dropping the pebbles one by one into the pitcher, which caused the water level to rise. Eventually, the water was high enough for her to drink. After quenching her thirst, she flew away happily, satisfied with her clever solution to the problem.",119,0.8496842105263158,10.39277065769836,0.4789915966386555,0.4453781512605042,0.05882352941176471
5f6d782b10aeeffe,0.2Alpha_2000Neurons,builder,0.2α,2000,7.0,12.0,"It was a hot day, and a thirsty bird was searching for water for a long time. She was very tired and almost fainted. Then she saw a pitcher of water under a bench in a park. She flew down and sat on the pitcher, but the water was too deep for her to reach with her short beak. She looked around and found some pebbles. She picked them up one by one and dropped them into the pitcher. The water level rose, allowing her to drink. She flew away happily after quenching her thirst.",95,0.8321126760563383,10.2995186836623,0.4736842105263158,0.4315789473684211,0.03157894736842105
6c11c546ebbe389b,0.2Alpha_2000Neurons,civil servant,0.2α,2000,7.0,11.5,"It was a very hot day, and a small bird was searching for water, but she couldn't find any. She was very tired and almost fainted from the heat. While she was resting, she saw a pitcher of water under a bench in a park. She flew down and sat on the pitcher, but the water was too deep for her to reach with her short beak. She looked around and found some pebbles. She decided to use them, and one by one, she dropped the pebbles into the pitcher. As the pebbles settled, the water level rose, and she was finally able to drink. After quenching her thirst, she flew away happily.",114,0.8173333333333332,10.29892897467757,0.4473684210526316,0.4210526315789473,0.04385964912280702
12f77e67b04c3d67,0.2Alpha_2000Neurons,cleaner,0.2α,2000,7.0,12.0,"It was a very hot day, and a little bird was very thirsty and tired, searching for water for a long time. She was so exhausted she was about to faint. Then she saw a pitcher of water under a bench in a park. She flew down and sat on the pitcher, but the water was too deep for her to reach with her short beak. She looked around and found some pebbles. She picked them up one by one and dropped them into the pitcher. The water level rose, and she was able to drink from it. She flew away happy after getting the water she needed.",108,0.8166666666666667,9.826085207235078,0.462962962962963,0.4074074074074074,0.05555555555555555
e5807248bb187728,0.2Alpha_2000Neurons,doctor,0.2α,2000,7.0,11.0,"The story was about a little bird who was very thirsty on a hot day. She searched for water for a long time and became very tired, almost fainting. She found a pitcher of water under a bench in a park but couldn’t reach it because the water was too deep for her beak. She looked around and found some pebbles, which gave her an idea. She dropped the pebbles one by one into the pitcher, which raised the water level. This allowed her to drink the water, and she flew away happily. The bird used the pebbles to make the water level higher so she could access it. The setting was a park, and the pitcher was under a bench. The bird was small and couldn’t reach the water directly.",133,0.821651376146789,10.03641214185822,0.4661654135338346,0.3759398496240601,0.06766917293233082
fecca9fe280b3d0e,0.2Alpha_2000Neurons,emergency dispatcher,0.2α,2000,7.0,12.0,"The story is about a little bird who was very thirsty on a hot day and searched for water for a long time. She became very tired and was about to faint. While looking for water, she saw a pitcher under a bench in a park. She flew down and sat on the pitcher, but the water was too deep for her to reach with her short beak. She looked around and found some pebbles. She then dropped the pebbles one by one into the pitcher, which caused the water level to rise. Once the water was within reach, she drank it and flew away happily. The bird used the pebbles to make the water level higher so she could drink.",121,0.8288659793814434,10.01000203731203,0.487603305785124,0.4049586776859504,0.0743801652892562
66af74e04cd420e3,0.2Alpha_2000Neurons,engineer,0.2α,2000,7.0,10.0,"The story is about a thirsty bird who was looking for water on a hot day and became very tired. She eventually found a pitcher of water under a bench in a park but couldn't drink from it because the water was too deep for her beak. She noticed some pebbles nearby and decided to use them. She dropped the pebbles into the pitcher one by one, which caused the water level to rise. Once the water was within reach, she was able to drink it and flew away happily. The bird used the pebbles to raise the water level so she could access the water. The pitcher was under a bench in a park, and the bird was thirsty and tired before finding the water.",127,0.8330097087378642,9.990585554168906,0.4409448818897638,0.3700787401574803,0.07086614173228346
da01fcab124f6d4c,0.2Alpha_2000Neurons,farmer,0.2α,2000,7.0,12.0,"The story was about a little bird who was very thirsty on a hot day. She searched for water for a long time and became very tired, almost fainting. Then she saw a pitcher of water under a bench in a park. She flew down and sat on the pitcher, but the water was too deep for her to reach with her short beak. She looked around and found some pebbles, which gave her an idea. She dropped the pebbles one by one into the pitcher, and the water level rose. This allowed her to drink the water. After drinking, she flew away happily. I don’t know the exact location of the park or the type of bird, but I remember the main events clearly.",126,0.8392156862745097,10.05869099039655,0.492063492063492,0.4365079365079365,0.03968253968253968
33517136da0a38ec,0.2Alpha_2000Neurons,firefighter,0.2α,2000,7.0,10.5,"The story was about a thirsty bird searching for water on a hot day. She became very tired and almost fainted but then saw a pitcher of water under a bench in a park. The water was too deep for her to reach because her beak wasn’t long enough. She found some pebbles and dropped them one by one into the pitcher, which caused the water level to rise. This allowed her to drink the water and then she flew away happily. The bird used the pebbles to raise the water level so she could access it. The setting was a park, and the pitcher was under a bench. The bird was determined and resourceful in finding a way to get the water she needed.",126,0.8305882352941177,9.958728841000179,0.4682539682539683,0.3968253968253968,0.07936507936507936
6b61cff8ae1c1623,0.2Alpha_2000Neurons,insurance agent,0.2α,2000,7.0,12.0,"The story was about a little bird who was very thirsty on a hot day and looked for water for a long time. She was tired and almost fainted but then saw a pitcher of water under a bench in a park. She flew down and sat on the pitcher, but the water was too deep for her to reach because her beak wasn't long enough. She looked around and found some pebbles, which gave her an idea. She picked up the pebbles one by one and dropped them into the pitcher, which raised the water level. This allowed her to drink the water. She flew away happily after satisfying her thirst.",113,0.8440449438202248,10.15952764805322,0.4690265486725664,0.4070796460176991,0.05309734513274336
49f1bc3262db7cb2,0.2Alpha_2000Neurons,librarian,0.2α,2000,7.0,12.0,"The story was about a little bird who was very thirsty on a hot day and had been searching for water for a long time. She became very tired and was about to faint when she saw a pitcher of water under a bench in a park. She flew down and sat on the pitcher, but the water was too deep for her to reach with her short beak. She looked around and found some pebbles, which gave her an idea. She dropped the pebbles one by one into the pitcher, and as they sank, the water level rose. This allowed her to drink the water. After quenching her thirst, she flew away happily. I don’t know the exact color of the bird or the time of day, but I remember the pitcher, the pebbles, and how the water level went up.",143,0.8393277310924373,9.930961401337212,0.4545454545454545,0.4125874125874126,0.04195804195804196
0bb21389412211c9,0.2Alpha_2000Neurons,miner,0.2α,2000,7.0,11.5,"The story was about a little bird who was very thirsty on a hot day. She searched for water for a long time and became very tired, almost fainting. Then she saw a pitcher of water under a bench in a park. She flew down and sat on the pitcher, but the water was too deep for her to reach with her short beak. She looked around and found some pebbles, which made her think of a solution. She dropped the pebbles one by one into the pitcher, and the water level rose. This allowed her to drink the water. After satisfying her thirst, she flew away happily. I don’t know the exact time of day or the type of bird, but the main events were clear.",128,0.8476923076923077,10.04921364308961,0.4921875,0.4453125,0.046875
c0ec6cf07923d1a4,0.2Alpha_2000Neurons,nurse,0.2α,2000,7.0,11.0,"The story was about a little bird who was very thirsty on a hot day. She searched for water for a long time and became very tired, almost fainting. She found a pitcher of water under a bench in a park but couldn’t reach it because the water was too deep for her beak. She looked around and found some pebbles, which made her think of a solution. She dropped the pebbles one by one into the pitcher, and the water level rose until she could drink from it. She then flew away happily, having solved her problem with some clever thinking and patience.",105,0.8676543209876542,10.2699592226999,0.4761904761904762,0.4857142857142857,0.06666666666666667
a441bf6e4aac2320,0.2Alpha_2000Neurons,police officer,0.2α,2000,7.0,11.5,"The story was about a little bird who was very thirsty and had been searching for water for a long time. She became very tired and almost fainted. While she was resting, she saw a pitcher of water under a bench in a park. She flew down and sat on the pitcher, but the water was too deep for her to reach with her short beak. She looked around and found some pebbles, which gave her an idea. She dropped the pebbles one by one into the pitcher, and as they sank, the water level rose. This allowed her to drink the water. After satisfying her thirst, she flew away happily. I don’t know if there were any other details, but that’s what I remember.",127,0.8497087378640775,10.17304104577124,0.4566929133858268,0.4251968503937008,0.06299212598425197
3c3c590f82700da4,0.2Alpha_2000Neurons,prison officer,0.2α,2000,7.0,11.0,"The story was about a little bird who was very thirsty on a hot day and had been searching for water for a long time. She became very tired and was about to faint. While resting, she noticed a pitcher of water under a bench in a park. The water was inside, but it was too deep for her to reach with her short beak. She looked around and found some pebbles, which made her think of a solution. She dropped the pebbles one by one into the pitcher, and as the water level rose, she was finally able to drink from it. After quenching her thirst, she flew away happily. The bird used the pebbles to raise the water level so she could access it.",126,0.8588235294117647,9.977778292976245,0.4603174603174603,0.4047619047619048,0.07142857142857142
a533a03c3bd4f1d8,0.2Alpha_2000Neurons,salesperson,0.2α,2000,7.0,11.0,"The story was about a thirsty bird on a hot day who searched for water for a long time and became very tired. She almost fainted but then saw a pitcher of water under a bench in a park. She sat on the pitcher but couldn’t reach the water because it was too deep for her beak. She found some pebbles and dropped them into the pitcher one by one, which raised the water level. This allowed her to drink the water and then she flew away happily. The bird used the pebbles to make the water level higher so she could access it. The pitcher was under a bench, and the bird was very thirsty and tired before finding the water.",123,0.8476767676767678,10.04634951544143,0.4634146341463415,0.4065040650406504,0.05691056910569105
79bbc29022d940f6,0.2Alpha_2000Neurons,scientist,0.2α,2000,7.0,11.0,"The story was about a little bird who was very thirsty on a hot day. She searched for water for a long time and became very tired, almost fainting. She found a pitcher of water under a bench in a park but couldn't reach it because the water was too deep for her beak. She looked around and found some pebbles, which gave her an idea. She dropped the pebbles one by one into the pitcher, and the water level rose until she could finally drink. She then flew away happily. The bird used the pebbles to raise the water level so she could access the water. The setting was a park, and the pitcher was under a bench. The bird was determined and clever in finding a way to get the water.",134,0.8134545454545457,10.01438901191961,0.4776119402985075,0.3955223880597015,0.05970149253731343
81d20cfba9a33e39,0.2Alpha_2000Neurons,security guard,0.2α,2000,7.0,11.0,"The story was about a little bird who was very thirsty on a hot day. She searched for water for a long time and became very tired, almost fainting. She found a pitcher of water under a bench in a park but couldn't reach it because the water was too deep for her short beak. She looked around and found some pebbles, which made her think of a solution. She dropped the pebbles one by one into the pitcher, and as they sank, the water level rose. This allowed her to drink the water. After satisfying her thirst, she flew away happily. The bird used the pebbles to raise the water level so she could access it.",118,0.8544680851063831,10.21404499286075,0.4830508474576271,0.423728813559322,0.07627118644067797
63681a7355cbc27c,0.2Alpha_2000Neurons,soldier,0.2α,2000,7.0,12.0,"It was a very hot day, and a little bird was searching for water for a long time. She was very tired and almost fainted from the heat. While she was looking around, she saw a pitcher of water under a bench in a park. She flew down and sat on the pitcher, but the water was too deep for her to reach with her short beak. She looked around and found some pebbles, which made her think of a solution. She picked up the pebbles one by one and dropped them into the pitcher. As she added more pebbles, the water level rose, and soon she was able to drink from it. After quenching her thirst, she flew away happily, satisfied with her clever solution.",126,0.8505882352941175,10.15267148160711,0.4682539682539683,0.4206349206349206,0.05555555555555555
7264fcf8b370e3a7,0.2Alpha_2000Neurons,teacher,0.2α,2000,7.0,12.0,"The story was about a little bird who was very thirsty on a hot day and had been searching for water for a long time. She was tired and almost fainting when she saw a pitcher of water under a bench in a park. She flew down and sat on the pitcher but couldn't reach the water because it was too deep for her beak. She looked around and found some pebbles, which gave her an idea. She dropped the pebbles one by one into the pitcher, and the water level rose until she could finally drink. She then flew away happily.",103,0.841518987341772,10.19404682140896,0.4563106796116505,0.4368932038834951,0.04854368932038835
dbf9fa58106587a7,0.2Alpha_2000Neurons,truck driver,0.2α,2000,7.0,12.0,"The story was about a little bird who was very thirsty and had been searching for water for a long time. She was exhausted and almost fainted, but then she saw a pitcher of water under a bench in a park. She flew down and sat on the pitcher, but the water was too deep for her to reach with her short beak. She looked around and found some pebbles, which made her think of a solution. She dropped the pebbles one by one into the pitcher, and as they sank, the water level rose. Eventually, she was able to drink the water and flew away happily. The bird used the pebbles to raise the water level so she could access it. I don’t know the exact time of day, but it was described as a hot day. I don’t know the bird’s name or color, but she was small and had a short beak.",158,0.8358208955223881,9.884686491497655,0.4556962025316456,0.3734177215189873,0.05063291139240506
19b1d7d0d27ea129,0.2Alpha_2000Neurons,welder,0.2α,2000,7.0,12.0,"The story was about a little bird who was very thirsty on a hot day and had been searching for water for a long time. She was tired and almost fainted but then saw a pitcher of water under a bench in a park. She flew down and sat on the pitcher, but the water was too deep for her to reach with her short beak. She looked around and found some pebbles, which gave her an idea. She dropped the pebbles one by one into the pitcher, and the water level rose until she could finally drink. She then flew away happily. I don’t know the exact color of the bird or the type of park, but it was a sunny day, and the bird used pebbles to raise the water level.",134,0.8425454545454546,9.968626123490424,0.4701492537313433,0.4029850746268657,0.03731343283582089
7163f2b084889926,0.2Alpha_AllSigNeurons,accountant,0.2α,AllSig,7.0,11.0,"The story was about a little bird who was very thirsty on a hot day and had been searching for water for a long time. She became very tired and almost fainted. While resting, she saw a pitcher of water under a bench in a park. The water was inside, but it was too deep for her to reach with her short beak. She looked around and found some pebbles, which made her think of a solution. She dropped the pebbles one by one into the pitcher, and as they settled, the water level rose. This allowed her to drink the water. After satisfying her thirst, she flew away happily. The bird used her problem-solving skills to get the water she needed.",123,0.844848484848485,10.09960480600922,0.4878048780487805,0.4390243902439024,0.07317073170731707
4b06165225acd9bb,0.2Alpha_AllSigNeurons,airport ground staff,0.2α,AllSig,7.0,10.5,"The story was about a thirsty bird who was looking for water on a hot day. She was very tired and almost fainting when she found a pitcher of water under a bench in a park. The water was too deep for her to reach because her beak wasn't long enough. She found some pebbles and dropped them into the pitcher, which raised the water level so she could drink. She then flew away happily. The bird used the pebbles to make the water level higher so she could access it. The pitcher was under a bench in a park, and the bird was thirsty and tired. She had to think of a way to get the water, and the pebbles helped her do that.",126,0.8321568627450981,9.829516694148277,0.4523809523809524,0.4126984126984127,0.09523809523809523
ec363af8842ac3ec,0.2Alpha_AllSigNeurons,architect,0.2α,AllSig,7.0,10.0,"The story was about a thirsty bird who was looking for water on a hot day and became very tired. She found a pitcher of water under a bench in a park but couldn’t reach it because the water was too deep for her beak. She looked around and found some pebbles, which made her think of a solution. She dropped the pebbles into the pitcher one by one, and as they settled, the water level rose. This allowed her to drink the water, and she left happily. The bird’s determination and cleverness helped her overcome the challenge of accessing the water. She used the pebbles to raise the water level so she could drink. The story shows how problem-solving and persistence can lead to success.",129,0.8422857142857144,10.14182893828149,0.4651162790697674,0.3875968992248062,0.07751937984496124
3ab90a4a5b3b459b,0.2Alpha_AllSigNeurons,bank clerk,0.2α,AllSig,7.0,11.0,"The story was about a thirsty bird on a hot day who searched for water for a long time until she found a pitcher under a bench in a park. The water was too deep for her to reach with her short beak, so she found some pebbles and dropped them into the pitcher one by one. This caused the water level to rise, allowing her to drink. She then flew away happily. The bird was very tired and close to fainting before finding the pitcher. She used pebbles to raise the water level. The pitcher was under a bench in a park. The bird was thirsty and had been looking for water for a long time.",117,0.8438709677419355,9.983997142241384,0.4700854700854701,0.3675213675213675,0.06837606837606838
ee41baa46ab7f5be,0.2Alpha_AllSigNeurons,builder,0.2α,AllSig,7.0,11.0,"The story was about a little bird who was very thirsty on a hot day. She searched for water for a long time and became very tired, even close to fainting. She found a pitcher of water under a bench in a park but couldn’t reach it because the water was too deep for her beak. She looked around and found some pebbles, which made her think of a solution. She dropped the pebbles into the pitcher one by one, and the water level rose until she could finally drink. She then flew away happily. I don’t know if there were other birds or what happened after she drank, but that’s what I remember.",117,0.8799999999999999,10.14525438793035,0.4700854700854701,0.4615384615384616,0.06837606837606838
98596ace45ba1644,0.2Alpha_AllSigNeurons,civil servant,0.2α,AllSig,7.0,12.0,"The story was about a thirsty bird who was searching for water on a hot day. She had been looking for a long time and was very tired, even close to fainting. Then she saw a pitcher of water under a bench in a park. She flew down and sat on it, but the water was too deep for her to reach with her short beak. She looked around and found some pebbles, which made her think of a solution. She dropped the pebbles one by one into the pitcher, and as they sank, the water level rose. Eventually, she could drink the water and flew away happily.",108,0.8704761904761907,9.934911751251533,0.462962962962963,0.4444444444444444,0.04629629629629629
df328a5e5c041cc5,0.2Alpha_AllSigNeurons,cleaner,0.2α,AllSig,7.0,10.5,"The story was about a little bird who was very thirsty on a hot day. She looked for water for a long time and got very tired. She saw a pitcher of water under a bench in a park but couldn't drink from it because the water was too deep for her beak. She found some pebbles and dropped them into the pitcher, which made the water level rise. Then she could drink the water and flew away happily. She was smart to use the pebbles to get the water she needed. I don’t know if there were other birds or what happened after she drank.",108,0.8476190476190475,9.999199556177192,0.4722222222222222,0.3888888888888889,0.07407407407407407
187baf5ccb217050,0.2Alpha_AllSigNeurons,doctor,0.2α,AllSig,7.0,10.0,"The story was about a thirsty bird who was looking for water on a hot day. She was very tired and almost fainting when she found a pitcher of water under a bench in a park. The water was too deep for her to reach with her short beak, so she looked around and found some pebbles. She dropped the pebbles into the pitcher, which raised the water level until she could drink. She then flew away happily. I don’t know the exact time of day or the type of bird, but the main details are there. I don’t know if there were other animals around or if the pitcher was made of glass or clay. I don’t know.",122,0.8351020408163267,10.08406264617669,0.4672131147540984,0.4426229508196721,0.05737704918032787
635315c809b0f27a,0.2Alpha_AllSigNeurons,emergency dispatcher,0.2α,AllSig,7.0,11.0,"It was a very hot day, and a thirsty bird had been searching for water for a long time. She was exhausted and close to fainting when she found a pitcher of water under a bench in a park. The water was inside, but it was too deep for her to reach with her short beak. She looked around and found some pebbles, which made her think of a solution. She dropped the pebbles one by one into the pitcher, and as they sank, the water level rose. Eventually, she was able to drink the water and flew away happily.",100,0.8442105263157892,9.8817466540803,0.45,0.42,0.06
bd2be24455cc817c,0.2Alpha_AllSigNeurons,engineer,0.2α,AllSig,7.0,11.0,"The story was about a little bird who was very thirsty on a hot day. She searched for water for a long time and became very tired, almost fainting. She found a pitcher of water under a bench in a park but couldn't drink from it because the water was too deep for her to reach with her short beak. She looked around and found some pebbles, which made her think. She dropped the pebbles one by one into the pitcher, and the water level rose until she could finally drink. She then flew away happily. I don’t know.",101,0.8524675324675325,10.24665036198175,0.4752475247524752,0.495049504950495,0.06930693069306931
24f4e3beea47029f,0.2Alpha_AllSigNeurons,farmer,0.2α,AllSig,7.0,12.0,"The story was about a little bird who was very thirsty on a hot day. She searched for water for a long time and became very tired, almost fainting. Then she saw a pitcher of water under a bench in a park. She flew down and sat on it, but the water was too deep for her to reach with her short beak. She looked around and found some pebbles, which made her think. She dropped the pebbles one by one into the pitcher, and the water level rose until she could finally drink. She then flew away happily. I don’t know the exact time of day or the color of the bird, but I remember she was small and thirsty. I don’t know the name of the park or if there were other animals around.",138,0.8417543859649123,9.915333171272788,0.4782608695652174,0.4492753623188406,0.05072463768115942
33ed672f9d40ec98,0.2Alpha_AllSigNeurons,firefighter,0.2α,AllSig,6.5,9.5,"The story was about a thirsty bird who was searching for water on a hot day and became very tired. She found a pitcher of water under a bench but couldn’t reach it because the water was too deep for her beak. She looked around and found some pebbles, which made her think of a solution. She dropped the pebbles into the pitcher one by one, and the water level rose until she could finally drink. She then flew away happily. The bird used the pebbles to raise the water level so she could access it. I don’t know.",101,0.861298701298701,10.22623587225838,0.4554455445544555,0.4356435643564356,0.06930693069306931
fdcfe3b16152f1a1,0.2Alpha_AllSigNeurons,insurance agent,0.2α,AllSig,7.0,12.0,"The story was about a little bird who was very thirsty on a hot day and looked for water for a long time. She got tired and almost fainted but then saw a pitcher of water under a bench in a park. She flew down and sat on the pitcher, but the water was too deep for her to reach with her short beak. She looked around and found some pebbles, which made her think of a solution. She dropped the pebbles into the pitcher one by one, and the water level rose until she could finally drink it. She then flew away happily. I don’t know if there were other birds or if the pitcher was full or empty at first.",123,0.8602020202020203,9.99610241501536,0.4796747967479675,0.4471544715447154,0.04878048780487805
d74734acf9f88e1f,0.2Alpha_AllSigNeurons,librarian,0.2α,AllSig,7.0,12.0,"It was a hot day, and a thirsty bird was searching for water for a long time. She became very tired and almost fainted. While she was resting, she noticed a pitcher of water under a bench in a park. She flew down and sat on the pitcher, but the water was too deep for her to reach with her short beak. She looked around and found some pebbles, which made her think of a solution. She dropped the pebbles one by one into the pitcher, and as they sank, the water level rose. Eventually, she was able to drink the water. After satisfying her thirst, she flew away happily.",110,0.8390697674418605,10.25308519751579,0.4727272727272727,0.4363636363636363,0.05454545454545454
ba35286c22ef0e7e,0.2Alpha_AllSigNeurons,miner,0.2α,AllSig,7.0,10.5,"The story was about a little bird who was very thirsty on a hot day. She looked for water for a long time and got very tired. She saw a pitcher of water under a bench in a park but couldn't reach it because the water was too deep. She tried to drink from it but her beak wasn't long enough. Then she found some pebbles and decided to drop them into the pitcher. The water level rose, and she was able to drink. She flew away happy. I don’t know the bird’s name or if there were other animals around. I don’t know if the pitcher was big or small, or how long it took her to drop all the pebbles. I don’t know if she shared the water with anyone else.",139,0.8570434782608697,9.985147336987678,0.4460431654676259,0.3884892086330936,0.05755395683453238
73151ea643d99032,0.2Alpha_AllSigNeurons,nurse,0.2α,AllSig,7.0,11.0,"The story was about a thirsty bird on a hot day who searched for water for a long time until she found a pitcher under a bench in a park. She couldn’t drink from it because the water was too deep for her beak. She found some pebbles and dropped them into the pitcher, which raised the water level so she could drink. She then flew away happily. The bird was tired and almost fainted before finding the pitcher. She used the pebbles to make the water level higher. The pitcher was under a bench in a park. The bird was thirsty and looked for water for a long time. She used pebbles to raise the water level so she could drink.",123,0.835959595959596,10.17675587860191,0.4634146341463415,0.3170731707317073,0.07317073170731707
03a66d2d2ccee309,0.2Alpha_AllSigNeurons,police officer,0.2α,AllSig,7.0,10.5,"The story was about a thirsty bird who was looking for water on a hot day. She was very tired and almost fainted. She found a pitcher of water under a bench in a park but couldn't reach it because the water was too deep for her beak. She looked around and found some pebbles, which made her think of a solution. She dropped the pebbles into the pitcher one by one, and the water level rose until she could finally drink. She then flew away happily.",88,0.865,10.20498016528573,0.4545454545454545,0.4772727272727273,0.05681818181818182
5ed2b42d02952cd7,0.2Alpha_AllSigNeurons,prison officer,0.2α,AllSig,7.0,10.0,"The story was about a thirsty bird who was looking for water on a hot day. She was very tired and almost fainted but then saw a pitcher of water under a bench in a park. She couldn't reach the water because it was too deep for her beak. She found some pebbles and dropped them into the pitcher, which raised the water level so she could drink. She then flew away happily. I don’t know the bird's name or what happened after she drank the water, but I remember she used pebbles to make the water level higher so she could drink.",106,0.8829268292682928,10.26506660327085,0.4528301886792453,0.4150943396226415,0.08490566037735849
dbdd1a4867ca9932,0.2Alpha_AllSigNeurons,salesperson,0.2α,AllSig,7.0,11.0,"The story was about a thirsty bird who was looking for water on a hot day. She was very tired and almost faint from the heat. She found a pitcher of water under a bench in a park but couldn’t reach the water because it was too deep for her small beak. She looked around and found some pebbles, which made her think of a solution. She dropped the pebbles one by one into the pitcher, and the water level rose until she could finally drink. She then flew away happily. The bird used the pebbles to raise the water level so she could access it. She was very thirsty and had been searching for water for a long time. The pitcher was under a bench in a park.",130,0.8558490566037735,9.976231065886592,0.4461538461538462,0.4076923076923077,0.05384615384615385
c69f8c83fd7f4cc6,0.2Alpha_AllSigNeurons,scientist,0.2α,AllSig,7.0,10.5,"The story was about a little bird who was very thirsty on a hot day. She searched for water for a long time and became very tired. She found a pitcher of water under a bench in a park, but the water was too deep for her to reach with her short beak. She looked around and found some pebbles, which made her think of a solution. She dropped the pebbles into the pitcher one by one, and as they sank, the water level rose. This allowed her to drink the water. She then flew away happily. I don’t know the exact time of day or the type of bird, and I don’t remember if there were other animals around. I don’t know.",126,0.8466666666666666,9.873944060235088,0.4682539682539683,0.4365079365079365,0.05555555555555555
af43910df5ffab34,0.2Alpha_AllSigNeurons,security guard,0.2α,AllSig,7.0,11.5,"The story was about a little bird who was very thirsty and looked for water on a hot day. She flew for a long time and got very tired, almost fainting. Then she saw a pitcher of water under a bench in a park. She sat on the pitcher but couldn't drink because the water was too deep for her to reach with her short beak. She found some pebbles and decided to drop them into the pitcher. As she added more pebbles, the water level rose until she could finally drink. After that, she flew away happily.",99,0.8575999999999999,10.32204599002243,0.494949494949495,0.4747474747474748,0.0707070707070707
d114cad7bfe72b23,0.2Alpha_AllSigNeurons,soldier,0.2α,AllSig,7.0,12.0,"The story was about a little bird who was very thirsty on a hot day. She looked for water for a long time and became very tired, almost fainting. Then she saw a pitcher of water under a bench in a park. She flew down and sat on it, but the water was too deep for her to reach with her short beak. She looked around and found some pebbles, which made her think of a plan. She dropped the pebbles one by one into the pitcher, and the water level rose until she could finally drink. She then flew away happily. I don’t know if there were other birds or if the pitcher was full or empty at first. I don’t know.",125,0.8645544554455447,10.06479736682769,0.48,0.432,0.056
844ecbf955462354,0.2Alpha_AllSigNeurons,teacher,0.2α,AllSig,6.5,10.5,"The story was about a little bird who was very thirsty on a hot day. She searched for water for a long time and became very tired. Eventually, she found a pitcher of water under a bench in a park. The water was too deep for her to reach with her short beak. She looked around and found some pebbles, which made her think of a solution. She dropped the pebbles into the pitcher one by one, and the water level rose until she could finally drink. She then flew away happily. The bird used her intelligence to solve the problem and get the water she needed.",107,0.8428915662650603,9.96074314266376,0.5046728971962616,0.4485981308411215,0.06542056074766354
8de760d3fc4e4ee2,0.2Alpha_AllSigNeurons,truck driver,0.2α,AllSig,7.0,10.5,"The story was about a little bird who was very thirsty on a hot day. She looked for water for a long time and became very tired. She saw a pitcher of water under a bench in a park but couldn’t reach it because the water was too deep for her short beak. She found some pebbles and decided to drop them into the pitcher one by one. This made the water level rise until she could finally drink from it. She then flew away happily. I don’t know the exact location of the park or the bird’s name, but I remember she was small and needed help to get the water. I don’t know how long she took to drop the pebbles or how much water was in the pitcher at first.",137,0.8775221238938054,9.851446481207079,0.4525547445255474,0.4160583941605839,0.06569343065693431
1a50c0d46366469c,0.2Alpha_AllSigNeurons,welder,0.2α,AllSig,7.0,10.5,"The story was about a little bird who was very thirsty on a hot day. She looked for water for a long time and got really tired. She saw a pitcher of water under a bench in a park but couldn’t drink from it because the water was too deep for her beak. She found some pebbles and dropped them into the pitcher, which made the water level rise. Then she could drink the water and flew away happily. The bird used the pebbles to make the water level higher so she could reach it. She was tired at first but then she was happy after she found a way to get the water. I don’t know exactly how many pebbles she used or how long it took, but she was able to drink the water and left the park.",142,0.8566101694915255,9.788357696903512,0.4718309859154929,0.3661971830985916,0.07042253521126761
252b57ebaed7b109,0.6Alpha_10000Neurons,accountant,0.6α,10000,7.0,12.0,"Okay, let me try to remember. The story was about a little bird who was very thirsty on a hot day. She looked for water for a long time and got really tired, almost fainting. Then she saw a pitcher of water under a bench in a park. She flew down and sat on it, but the water was too deep for her to reach with her beak. She looked around and found some pebbles, which made her think. She started dropping the pebbles into the pitcher, and the water level went up. Eventually, she could drink the water and flew away happily. I think that's it. I don’t know if there were any other details, but that's all I remember.",124,0.8528,9.915732800112972,0.4758064516129032,0.4112903225806452,0.08870967741935484
abca566961b17630,0.6Alpha_10000Neurons,airport ground staff,0.6α,10000,7.0,11.0,"It was a hot day, and a thirsty bird was looking for water for a long time. She was very tired and almost faint. She found a pitcher of water under a bench in a park, but the water was too deep for her to reach with her short beak. She looked around and found some pebbles, then dropped them one by one into the pitcher. The water level rose, and she was able to drink it. She flew away happily. I don’t know if there were other animals around or how long it took her to find the pebbles. I don’t know.",105,0.8725925925925925,9.908670715116537,0.4571428571428571,0.4095238095238095,0.04761904761904762
4d7499739ad68267,0.6Alpha_10000Neurons,architect,0.6α,10000,7.0,10.5,"The story was about a little bird who was very thirsty on a hot day. She looked for water for a long time and was almost too tired to continue. She found a pitcher of water under a bench in a park, but the water was too deep for her to reach with her short beak. She saw some pebbles nearby and decided to use them. She dropped the pebbles one by one into the pitcher, which made the water level rise. Eventually, she was able to drink the water. The bird then flew away happily. I don’t know.",100,0.8326315789473685,9.942805950249754,0.49,0.42,0.06
db09fbd1984461ef,0.6Alpha_10000Neurons,bank clerk,0.6α,10000,7.0,12.0,"It was a hot day, and a thirsty bird was looking for water for a long time. She was very tired and almost fainted. She saw a pitcher of water under a bench in a park. She flew down and sat on it, but the water was too deep for her to reach with her short beak. She looked around and found some pebbles, then she dropped them one by one into the pitcher. The water level rose, and she was able to drink it. She flew away happily.",89,0.8455384615384615,9.902203531883794,0.4606741573033708,0.4157303370786517,0.03370786516853932
86909dcc208525cf,0.6Alpha_10000Neurons,builder,0.6α,10000,7.0,12.0,"It was a hot day, and a thirsty bird was looking for water for a long time. She was very tired and almost faint. Then she saw a pitcher of water under a bench in a park. She flew down and sat on it, but the water was too deep for her to reach with her beak. She looked around and found some pebbles. She picked them up one by one and dropped them into the pitcher. The water level rose, and she was able to drink it. She flew away happily. I don’t know the name of the bird or how long she was looking for water. I don’t know if there were other animals around or if the pitcher was full or empty before she started. I don’t know.",134,0.8410909090909092,9.830300448903825,0.4253731343283582,0.3805970149253731,0.03731343283582089
3e150e344fe66ce3,0.6Alpha_10000Neurons,civil servant,0.6α,10000,7.0,11.0,"It was a hot day, and a thirsty bird was looking for water for a long time. She was very tired and almost fainted. She found a pitcher of water under a bench in a park but couldn't reach it because the water was too deep. Her beak wasn't long enough, so she looked around and found some pebbles. She dropped them one by one into the pitcher, which raised the water level. Eventually, she was able to drink the water and flew away happily. I don’t know.",91,0.8483582089552241,10.18135546294437,0.4615384615384616,0.4175824175824176,0.04395604395604396
b41710571d28bc74,0.6Alpha_10000Neurons,cleaner,0.6α,10000,7.0,11.5,"The story was about a little bird who was very thirsty and tired on a hot day. She looked for water for a long time and finally saw a pitcher of water under a bench in a park. She flew down and sat on it, but the water was too deep for her to reach with her short beak. She looked around and found some pebbles, which made her think. She dropped the pebbles into the pitcher one by one, and soon the water level rose. This allowed her to drink the water, and then she flew away happily. I think that's all I remember.",106,0.833170731707317,9.73189381680315,0.4716981132075472,0.4339622641509434,0.0660377358490566
f36ac02295a3a66a,0.6Alpha_10000Neurons,doctor,0.6α,10000,7.0,12.0,"It was a hot day, and a thirsty bird was looking for water for a long time. She was very tired and almost faint. She saw a pitcher of water under a bench in a park. She flew down and sat on it. The water was inside, but it was too deep for her to reach. Her beak wasn’t long enough. She looked around and found some pebbles. She picked them up one by one and dropped them into the pitcher. The water level rose, and she could now reach it. She drank and flew away happily. I don’t know.",102,0.8143589743589744,10.01087855805146,0.4411764705882353,0.4411764705882353,0.00980392156862745
c54d421f70ba5ca5,0.6Alpha_10000Neurons,emergency dispatcher,0.6α,10000,7.0,12.0,"It was a very hot day, and a little bird was very thirsty and tired, searching for water for a long time. She was about to faint when she saw a pitcher of water under a bench in a park. She flew down and sat on the pitcher, but the water was too deep for her to reach with her short beak. She looked around and found some pebbles, which made her think. She picked up each pebble and dropped it into the pitcher, causing the water level to rise. Eventually, the water was shallow enough for her to drink. She drank the water and then flew away happily. I don’t know.",113,0.8426966292134831,10.07617287753499,0.4867256637168141,0.4513274336283186,0.07079646017699115
f2725243a6af06bc,0.6Alpha_10000Neurons,engineer,0.6α,10000,7.0,10.5,"The story was about a thirsty bird who was looking for water on a hot day. She was very tired and almost faint from the heat. She found a pitcher of water under a bench in a park, but the water was too deep for her to reach with her beak. She looked around and found some pebbles, which made her think. She dropped the pebbles into the pitcher one by one, and the water level rose. Eventually, she was able to drink the water. She then flew away happily. I don’t know.",94,0.8325714285714285,9.96598243647764,0.4574468085106383,0.4468085106382979,0.05319148936170213
1546ae3424c8d381,0.6Alpha_10000Neurons,farmer,0.6α,10000,7.0,12.0,"Okay, let me think. So there was a little bird who was really thirsty on a hot day. She was looking for water for a long time and got really tired, almost fainting. Then she saw a pitcher of water under a bench in a park. She flew down and sat on it, but the water was too deep for her to reach with her beak. She looked around and found some pebbles. She had an idea and started dropping them one by one into the pitcher. The water level rose, and soon she could drink it. She flew away happy. I don’t know if there were other birds or if the pitcher was big or small. I think that’s all.",123,0.8614141414141413,9.884982765204189,0.4796747967479675,0.3902439024390244,0.05691056910569105
0ecbe41a18307025,0.6Alpha_10000Neurons,firefighter,0.6α,10000,7.0,10.5,"It was a hot day, and a thirsty bird was looking for water for a long time. She was very tired and almost faint. She found a pitcher of water under a bench in a park but couldn't reach it because the water was too deep. She looked around and found some pebbles, then dropped them one by one into the pitcher. The water level rose, and she was able to drink it. She flew away happily. I don’t know.",82,0.8579310344827588,9.988102186281289,0.451219512195122,0.4146341463414634,0.02439024390243903
b526db8602d047e0,0.6Alpha_10000Neurons,insurance agent,0.6α,10000,7.0,12.0,"It was a hot day, and a thirsty bird was looking for water for a long time. She was very tired and almost faint. She saw a pitcher of water under a bench in a park. She flew down and sat on the pitcher. The water was inside, but it was too deep for her to reach because her beak wasn’t long enough. She looked around and found some pebbles. She picked them up one by one and dropped them into the pitcher. The water level rose, and she was able to drink it. She flew away happily. I don’t know.",103,0.8172151898734178,9.989806471451377,0.4368932038834951,0.4174757281553398,0.02912621359223301
fe8b444021990a84,0.6Alpha_10000Neurons,librarian,0.6α,10000,7.0,12.0,"It was a hot day, and a thirsty bird was looking for water for a long time. She was very tired and almost faint. She saw a pitcher of water under a bench in a park. She flew down and sat on it, but the water was too deep for her to reach with her beak. She looked around and found some pebbles. She picked them up one by one and dropped them into the pitcher. The water level rose, and she was able to drink it. She flew away happily. I don’t know.",95,0.8292957746478875,9.86806799518152,0.4315789473684211,0.4105263157894737,0.02105263157894737
0835eb078a2fa15e,0.6Alpha_10000Neurons,miner,0.6α,10000,7.0,12.0,"Okay, let me think. So there was this little bird, right? It was a hot day, and she was really thirsty. She was looking for water for a long time and got really tired. She was about to faint when she saw a pitcher of water under a bench in a park. She flew down and sat on it. The water was inside, but it was too deep for her to reach with her beak. She looked around and found some pebbles. Then she had an idea. She picked up the pebbles one by one and dropped them into the pitcher. The water level went up, and soon she could drink it. She flew away happy. I don’t know if there were any other details, but that’s all I remember.",132,0.8244444444444444,9.718894647545223,0.446969696969697,0.3787878787878788,0.03787878787878788
4895af4c0bf521f3,0.6Alpha_10000Neurons,nurse,0.6α,10000,7.0,11.0,"The story was about a thirsty bird who was looking for water on a hot day. She was very tired and almost fainted. She found a pitcher of water under a bench in a park, but the water was too deep for her to reach with her beak. She found some pebbles and dropped them into the pitcher, which raised the water level so she could drink. She flew away happily after getting her water. I don’t know.",79,0.8625454545454547,10.16852763757754,0.4430379746835443,0.4430379746835443,0.05063291139240506
2cf1ee89fb0f8648,0.6Alpha_10000Neurons,police officer,0.6α,10000,7.0,10.5,"It was a hot day, and a thirsty bird was looking for water for a long time. She was very tired and almost fainted. She found a pitcher of water under a bench in a park but couldn't reach it because the water was too deep. She looked around and found some pebbles, which made her think. She dropped the pebbles one by one into the pitcher, and the water level rose until she could drink it. She then flew away happily. I don’t know.",87,0.8368253968253968,10.10510374343578,0.4482758620689655,0.4367816091954023,0.04597701149425287
9b0e7c4a3bc187b0,0.6Alpha_10000Neurons,prison officer,0.6α,10000,6.5,10.5,"It was a hot day, and a thirsty bird was looking for water for a long time. She was very tired and almost fainted. She found a pitcher of water under a bench in a park but couldn't reach it because the water was too deep. She looked around and found some pebbles, which made her think. She dropped the pebbles into the pitcher one by one, and the water level rose until she could drink it. She flew away happily after getting her water.",86,0.8354838709677419,10.09461424674621,0.4534883720930232,0.4302325581395349,0.04651162790697674
06d3243ea49f003d,0.6Alpha_10000Neurons,salesperson,0.6α,10000,7.0,11.0,"I remember the story about a little bird who was very thirsty on a hot day. She was tired and almost fainted, but then she saw a pitcher of water under a bench in a park. The water was inside, but it was too deep for her to reach because her beak wasn’t long enough. She looked around and found some pebbles, which made her think. She dropped the pebbles one by one into the pitcher, and the water level rose. Soon, she could drink the water. She was happy and flew away. The story showed how the bird used her intelligence to solve the problem. She didn’t give up and found a clever way to get the water she needed. It was a simple but effective solution. I think that’s all I remember.",137,0.8332743362831859,9.874820869958596,0.4671532846715328,0.4014598540145985,0.08029197080291971
6874bddcd286e933,0.6Alpha_10000Neurons,scientist,0.6α,10000,7.0,12.0,"I remember the story about a little bird who was very thirsty and tired on a hot day. She was looking for water for a long time and was about to faint. Then she saw a pitcher of water under a bench in a park. She flew down and sat on it, but the water was too deep for her to reach with her beak. She looked around and found some pebbles, which made her think. She dropped the pebbles one by one into the pitcher, and the water level rose until she could finally drink it. She flew away happily after that. I don’t know if there were any other details, but that’s all I remember.",119,0.8467368421052631,9.769447268019976,0.4453781512605042,0.4201680672268908,0.05882352941176471
e923a74326b19c11,0.6Alpha_10000Neurons,security guard,0.6α,10000,7.0,12.0,"It was a hot day, and a thirsty bird was looking for water for a long time. She was very tired and almost fainted. She saw a pitcher of water under a bench in a park. She flew down and sat on it, but the water was too deep for her to reach with her beak. She looked around and found some pebbles. She picked them up one by one and dropped them into the pitcher. The water level rose, and she was able to drink it. She flew away happily. I don’t know if there were any other animals around or how long it took her to find the pebbles. I don’t know.",116,0.8543478260869565,9.889696917211426,0.4310344827586207,0.3793103448275862,0.03448275862068965
defd4cd3b12a58df,0.6Alpha_10000Neurons,soldier,0.6α,10000,7.0,10.0,"The story was about a little bird who was very thirsty on a hot day. She looked for water for a long time and got really tired. She saw a pitcher of water under a bench in a park, but it was too deep for her to reach with her short beak. She found some pebbles and dropped them into the pitcher, which raised the water level so she could drink. She was happy after she got the water. I don’t know the exact details about the park or how long she was looking, but I remember she used pebbles to make the water level higher.",107,0.8501204819277107,9.78426965665008,0.4579439252336449,0.411214953271028,0.08411214953271028
7ce41d53535f173f,0.6Alpha_10000Neurons,teacher,0.6α,10000,7.0,11.0,"The story was about a little bird who was very thirsty on a hot day. She looked for water for a long time and was almost fainting from tiredness. She found a pitcher of water under a bench in a park, but the water was too deep for her to reach with her short beak. She looked around and found some pebbles, which made her think. She dropped the pebbles into the pitcher one by one, and the water level rose until she could finally drink. She then flew away happily. I don’t know the exact details about the bird’s color or the park’s name, but I remember it was a hot day and she used pebbles to raise the water level. I don’t know.",129,0.8487619047619048,10.05628175768399,0.4651162790697674,0.4108527131782946,0.05426356589147287
8294dbafc136dedf,0.6Alpha_10000Neurons,truck driver,0.6α,10000,7.0,12.0,"Okay, so there was this little bird that was really thirsty on a hot day. She was looking for water for a long time and was getting really tired, almost fainting. Then she saw a pitcher of water under a bench in a park. She flew down and sat on it, but the water was too deep for her to reach with her beak. She looked around and found some pebbles, which made her think. She started dropping the pebbles into the pitcher, and soon the water level went up. That let her drink the water. She was happy and flew away. I don’t know if there were any other details, but that’s all I remember. I don’t know.",122,0.8542857142857144,9.909444259741433,0.4754098360655737,0.4098360655737705,0.07377049180327869
90d80625018427ae,0.6Alpha_10000Neurons,welder,0.6α,10000,7.0,11.5,"Okay, let me think. So there was this little bird that was really thirsty on a hot day. She was looking for water for a long time and got really tired. Then she saw a pitcher of water under a bench in a park. She flew down and sat on it, but the water was too deep for her to reach with her beak. She looked around and found some pebbles. She started dropping them into the pitcher one by one, and the water level went up. Eventually, she could drink the water and flew away happy. I don’t know if there were any other details, but that’s what I remember.",113,0.8525842696629213,9.78148425210953,0.4690265486725664,0.415929203539823,0.05309734513274336
da685f226197909a,0.6Alpha_2000Neurons,accountant,0.6α,2000,7.0,11.0,"The story was about a little bird who was very thirsty on a hot day. She searched for water for a long time and became very tired, almost fainting. She found a pitcher of water under a bench in a park but couldn’t reach it because the water was too deep for her short beak. She looked around and found some pebbles, which made her think. She dropped the pebbles one by one into the pitcher, and the water level rose. This allowed her to drink the water. She then flew away happily. The bird used the pebbles to raise the water level so she could access it. The pitcher was under a bench in a park, and the day was very hot.",124,0.8323999999999999,9.982399149867808,0.4838709677419355,0.4193548387096774,0.06451612903225806
20cc49e6f2d73b19,0.6Alpha_2000Neurons,airport ground staff,0.6α,2000,7.0,12.0,"The story was about a little bird who was very thirsty on a hot day and had been searching for water for a long time. She became very tired and almost fainted. While she was looking for water, she saw a pitcher under a bench in a park. She flew down and sat on the pitcher, but the water was too deep for her to reach with her short beak. She looked around and found some pebbles, which gave her an idea. She dropped the pebbles one by one into the pitcher, and as the water level rose, she was finally able to drink. After quenching her thirst, she flew away happily. The bird used the pebbles to raise the water level so she could drink. I don’t know if there were other birds or if the pitcher was full or empty at first.",145,0.8429752066115703,10.16689027633991,0.4689655172413793,0.4,0.06206896551724138
56063fb764c75ae0,0.6Alpha_2000Neurons,architect,0.6α,2000,7.0,11.0,"The story was about a little bird who was very thirsty on a hot day. She searched for water for a long time and became very tired, almost fainting. She found a pitcher of water under a bench in a park but couldn’t reach it because the water was too deep for her short beak. She looked around and found some pebbles, which made her think of a solution. She dropped the pebbles one by one into the pitcher, and the water level rose until she could finally drink. She then flew away happily. I don’t know.",99,0.864,10.26948599500898,0.4848484848484849,0.4848484848484849,0.06060606060606061
822e7bc22251b9a2,0.6Alpha_2000Neurons,bank clerk,0.6α,2000,7.0,11.0,"The story was about a little bird who was very thirsty on a hot day and searched for water for a long time. She became very tired and almost fainted. While looking for water, she found a pitcher under a bench in a park. The pitcher had some water, but it was too deep for her to reach with her short beak. She noticed some pebbles nearby and decided to use them. She dropped the pebbles one by one into the pitcher, which caused the water level to rise. Once the water was high enough, she was able to drink it. After quenching her thirst, she flew away happily. I don’t know the exact time of day or the color of the pitcher, but the main events were clear.",130,0.8316981132075474,10.10977916227919,0.4769230769230769,0.4307692307692308,0.06153846153846154
f7b75d241b4a0253,0.6Alpha_2000Neurons,builder,0.6α,2000,7.0,11.0,"The story was about a little bird who was very thirsty on a hot day. She searched for water for a long time and became very tired, almost fainting. She found a pitcher of water under a bench in a park but couldn't reach it because the water was too deep for her beak. She noticed some pebbles nearby and decided to use them. She dropped the pebbles one by one into the pitcher, which caused the water level to rise. This allowed her to drink the water. She then flew away happily. I don’t know.",98,0.8513513513513513,10.25464962743078,0.4795918367346939,0.4285714285714285,0.07142857142857142
73a1a166f868eeec,0.6Alpha_2000Neurons,civil servant,0.6α,2000,7.0,11.0,"The story was about a little bird who was very thirsty on a hot day and searched for water for a long time. She became very tired and almost fainted. While looking around, she found a pitcher of water under a bench in a park. The water was inside, but it was too deep for her to reach with her short beak. She noticed some pebbles nearby and decided to use them. She picked up the pebbles one by one and dropped them into the pitcher. This caused the water level to rise, making it possible for her to drink. After quenching her thirst, she flew away happily. I don’t know.",112,0.8427272727272729,10.20294272926997,0.4732142857142857,0.4196428571428572,0.07142857142857142
6ab6bdc80101c38e,0.6Alpha_2000Neurons,cleaner,0.6α,2000,7.0,11.5,"It was a very hot day, and a little bird was looking for water but couldn't find any. She was very tired and almost fainted from the heat. Then she saw a pitcher of water under a bench in a park. She flew down and sat on the pitcher, but the water was too deep for her to reach with her short beak. She looked around and found some pebbles. She started dropping them into the pitcher one by one, and the water level rose. Soon, she could reach the water and drank it. She flew away happily after getting the water she needed.",105,0.8454320987654321,10.0656342121712,0.4666666666666667,0.4190476190476191,0.02857142857142857
34f8ee44074f85af,0.6Alpha_2000Neurons,doctor,0.6α,2000,7.0,11.0,"The story was about a little bird who was very thirsty on a hot day. She searched for water for a long time and became very tired, almost fainting. She found a pitcher of water under a bench in a park but couldn’t reach it because the water was too deep for her beak. She looked around and found some pebbles. She dropped them one by one into the pitcher, which raised the water level. This allowed her to drink the water. She then flew away happily. I don’t know.",92,0.8688235294117649,10.20596189290668,0.4782608695652174,0.4456521739130435,0.05434782608695652
68e36f1138ec058c,0.6Alpha_2000Neurons,emergency dispatcher,0.6α,2000,7.0,11.0,"The story was about a little bird who was very thirsty on a hot day and had been searching for water for a long time. She became very tired and almost fainted. While looking for water, she saw a pitcher under a bench in a park. The pitcher had some water inside, but it was too deep for her to reach with her short beak. She found some pebbles and decided to drop them into the pitcher one by one. As she added more pebbles, the water level rose, allowing her to finally drink the water. After quenching her thirst, she flew away happily.",104,0.8460000000000001,10.32563159111828,0.5,0.4519230769230769,0.0673076923076923
6d5136127f367973,0.6Alpha_2000Neurons,engineer,0.6α,2000,7.0,12.0,"The story was about a little bird who was very thirsty on a hot day. She searched for water for a long time and became very tired, almost fainting. While looking around, she saw a pitcher of water under a bench in a park. She flew down and sat on the pitcher, but the water was too deep for her to reach with her short beak. She noticed some pebbles nearby and decided to use them. She dropped the pebbles one by one into the pitcher, which caused the water level to rise. This allowed her to drink the water. After quenching her thirst, she flew away happily. I don’t know.",112,0.8372727272727274,10.35206705963735,0.4910714285714285,0.4285714285714285,0.07142857142857142
62ede2259219000f,0.6Alpha_2000Neurons,farmer,0.6α,2000,7.0,12.0,"The story was about a little bird who was very thirsty on a hot day. She looked for water for a long time and got very tired, almost fainting. Then she saw a pitcher of water under a bench in a park. She flew down and sat on the pitcher, but the water was too deep for her to reach with her short beak. She looked around and found some pebbles. She dropped them one by one into the pitcher, and the water level rose. This allowed her to drink the water. She then flew away happily. I don’t know the exact color of the bird or the pitcher, but I remember it was a hot day and she used pebbles to raise the water level.",127,0.8516504854368931,9.91520617020561,0.4881889763779528,0.4015748031496063,0.04724409448818898
4c1989454ed28c01,0.6Alpha_2000Neurons,firefighter,0.6α,2000,7.0,11.0,"The story was about a little bird who was very thirsty on a hot day. She searched for water for a long time and became very tired, almost fainting. She found a pitcher of water under a bench in a park but couldn't reach it because the water was too deep for her short beak. She looked around and found some pebbles, which gave her an idea. She dropped the pebbles into the pitcher one by one, and the water level rose until she could finally drink. She then flew away happily. I don’t know.",97,0.8558904109589041,10.35994214281584,0.4845360824742268,0.4742268041237113,0.05154639175257732
a4dd9cb08d2bb183,0.6Alpha_2000Neurons,insurance agent,0.6α,2000,7.0,12.0,"It was a hot day, and a thirsty bird was searching for water for a long time. She was very tired and almost fainting when she saw a pitcher of water under a bench in a park. She flew down and sat on the pitcher, but the water was too deep for her to reach with her short beak. She looked around and found some pebbles, which made her think. She picked up the pebbles one by one and dropped them into the pitcher. This caused the water level to rise, allowing her to drink. After quenching her thirst, she flew away happily.",103,0.8339240506329113,10.25358370073829,0.4660194174757282,0.4271844660194175,0.06796116504854369
238d407b63554ec7,0.6Alpha_2000Neurons,librarian,0.6α,2000,7.0,11.0,"The story was about a little bird who was very thirsty on a hot day. She searched for water for a long time and became very tired, almost fainting. She found a pitcher of water under a bench in a park but couldn’t reach it because the water was too deep for her beak. She looked around and found some pebbles, which gave her an idea. She dropped the pebbles one by one into the pitcher, and the water level rose until she could drink from it. She then flew away happily. I don’t know.",97,0.8542465753424657,10.25447503231185,0.4639175257731959,0.4639175257731959,0.05154639175257732
a39f725d34e2d0b5,0.6Alpha_2000Neurons,miner,0.6α,2000,7.0,12.0,"The story was about a little bird who was very thirsty on a hot day. She looked for water for a long time and got really tired, almost fainting. Then she saw a pitcher of water under a bench in a park. She flew down and sat on it, but the water was too deep for her to reach with her short beak. She looked around and found some pebbles. She started dropping them into the pitcher one by one, and the water level rose until she could finally drink. She flew away happy after getting the water she needed.",100,0.8615789473684211,10.05807233324101,0.5,0.45,0.07
ca843b09d9b9dae5,0.6Alpha_2000Neurons,nurse,0.6α,2000,7.0,11.0,"The story was about a little bird who was very thirsty on a hot day. She searched for water for a long time and became very tired, almost fainting. She found a pitcher of water under a bench in a park but couldn’t reach it because the water was too deep for her beak. She noticed some pebbles nearby and decided to use them. She dropped the pebbles one by one into the pitcher, which caused the water level to rise. Once the water was high enough, she was able to drink it. She then flew away happily. I don’t know the exact location of the park or the bird’s name, but I remember she was small and used pebbles to raise the water level.",128,0.8492307692307693,10.09294913797681,0.4765625,0.3984375,0.078125
131c2dd1844bdfe7,0.6Alpha_2000Neurons,police officer,0.6α,2000,7.0,11.0,"The story was about a little bird who was very thirsty on a hot day and had been searching for water for a long time. She became very tired and almost fainted. While she was resting, she saw a pitcher of water under a bench in a park. The water was too deep for her to reach with her short beak. She looked around and found some pebbles, which made her think of a solution. She dropped the pebbles one by one into the pitcher, causing the water level to rise. This allowed her to drink the water, and she flew away happily.",103,0.8374683544303797,9.973120291100622,0.4757281553398058,0.4368932038834951,0.07766990291262135
cf366409126fb0fb,0.6Alpha_2000Neurons,prison officer,0.6α,2000,6.5,10.0,"The story was about a little bird who was very thirsty on a hot day. She searched for water for a long time and became very tired. She saw a pitcher of water under a bench in a park but couldn't drink from it because the water was too deep for her to reach. She noticed some pebbles nearby and decided to use them. She dropped the pebbles one by one into the pitcher, which caused the water level to rise. This allowed her to drink the water. She then flew away happily. The bird used her intelligence to solve the problem by thinking creatively about how to access the water. The pitcher was under a bench, and the water was deep, but the pebbles helped her reach the water. She was tired and thirsty at the beginning, and she was happy at the end after getting the water she needed.",152,0.8018750000000001,9.862386560954153,0.4539473684210527,0.3618421052631579,0.06578947368421052
f77e6444b60f2cba,0.6Alpha_2000Neurons,salesperson,0.6α,2000,7.0,11.0,"The story was about a little bird who was very thirsty on a hot day and searched for water for a long time. She became very tired and almost fainted. While looking for water, she saw a pitcher under a bench in a park. The pitcher had some water, but it was too deep for her to reach with her short beak. She looked around and found some pebbles. She then dropped the pebbles into the pitcher one by one, which caused the water level to rise. This allowed her to drink the water. After satisfying her thirst, she flew away happily. The bird used the pebbles to raise the water level so she could access it.",117,0.815483870967742,10.17243617549656,0.4957264957264957,0.4188034188034188,0.06837606837606838
fa09d281263b793d,0.6Alpha_2000Neurons,scientist,0.6α,2000,7.0,11.0,"The story was about a little bird who was very thirsty on a hot day. She searched for water for a long time and became very tired, almost fainting. She found a pitcher of water under a bench in a park but couldn’t reach it because the water was too deep for her short beak. She noticed some pebbles nearby and decided to use them. She dropped the pebbles one by one into the pitcher, which caused the water level to rise. This allowed her to drink the water. She then flew away happily. I don’t know the bird’s name or the exact location of the park, but the main events were clear. The bird used problem-solving skills to get the water she needed.",128,0.851923076923077,10.18480571613126,0.5,0.4296875,0.0703125
d75cab9b6b5bbfc1,0.6Alpha_2000Neurons,security guard,0.6α,2000,7.0,11.0,"The story was about a little bird who was very thirsty on a hot day. She searched for water for a long time and became very tired, almost fainting. She found a pitcher of water under a bench in a park but couldn’t reach it because the water was too deep for her beak. She looked around and found some pebbles. She dropped them one by one into the pitcher, which raised the water level. This allowed her to drink the water. She then flew away happily. I don’t remember if there were other birds or any specific details about the park or the pitcher.",107,0.8809638554216868,10.20145733889976,0.4766355140186916,0.4392523364485981,0.05607476635514019
22e2a194062351da,0.6Alpha_2000Neurons,soldier,0.6α,2000,7.0,12.0,"The story was about a little bird who was very thirsty on a hot day. She searched for water for a long time and became very tired, almost fainting. Then she saw a pitcher of water under a bench in a park. She flew down and sat on the pitcher, but the water was too deep for her to reach with her short beak. She looked around and found some pebbles. She dropped them one by one into the pitcher, which raised the water level. This allowed her to drink the water. After drinking, she flew away happily. She used the pebbles to make the water level higher so she could access it. The pitcher was under a bench in a park, and the bird was very tired before she found the water.",133,0.8348623853211009,9.966748367977173,0.481203007518797,0.4060150375939849,0.06766917293233082
80f360bb80e9024e,0.6Alpha_2000Neurons,teacher,0.6α,2000,7.0,11.0,"The story was about a little bird who was very thirsty on a hot day. She looked for water for a long time and became very tired, almost fainting. She found a pitcher of water under a bench in a park but couldn’t reach it because the water was too deep for her beak. She found some pebbles and dropped them into the pitcher one by one, which raised the water level until she could drink. She then flew away happily. I don’t know.",86,0.8735483870967744,10.25747798558879,0.4651162790697674,0.4651162790697674,0.05813953488372093
f8ececc0ad90e2d3,0.6Alpha_2000Neurons,truck driver,0.6α,2000,7.0,12.0,"The story was about a little bird who was very thirsty on a hot day. She searched for water for a long time and got really tired, almost fainting. Then she saw a pitcher of water under a bench in a park. She flew down and sat on it, but the water was too deep for her to reach with her short beak. She looked around and found some pebbles. She dropped them one by one into the pitcher, which made the water level rise. Now she could drink the water. She flew away happy because she found a way to get the water she needed.",106,0.8517073170731708,9.90593965712479,0.5,0.4245283018867925,0.0660377358490566
a6b9f2cf0185314d,0.6Alpha_2000Neurons,welder,0.6α,2000,7.0,12.0,"The story was about a little bird who was very thirsty on a hot day. She looked for water for a long time and got really tired, almost fainting. Then she saw a pitcher of water under a bench in a park. She flew down and sat on it, but the water was too deep for her to reach with her short beak. She looked around and found some pebbles. She dropped them one by one into the pitcher, and the water level rose. Soon, she could reach the water and drank it. She flew away happy. I don’t know.",101,0.8472727272727272,9.994643946999048,0.4851485148514851,0.4257425742574257,0.0297029702970297
19ada4f0cc34597c,0.6Alpha_AllSigNeurons,accountant,0.6α,AllSig,7.0,10.0,"I remember the story about the little bird who was thirsty and looked for water. She was very tired and even thought she might pass out. Then she found a pitcher of water under a bench in a park, but the water was too deep for her to drink. She didn’t have a long beak, so she couldn’t reach the water. She found some pebbles and dropped them into the pitcher, which made the water level rise. That way, she could drink it. She was happy after that. I think that’s all.",95,0.8467605633802819,9.798856820079335,0.4210526315789473,0.3578947368421053,0.06315789473684211
475796b2015340ad,0.6Alpha_AllSigNeurons,airport ground staff,0.6α,AllSig,6.0,9.0,"Okay, let's see. The story was about a little bird who was thirsty and looked for water. She found a pitcher under a bench, but the water was too deep for her to drink. So she used pebbles to lower the water level so she could drink. She was happy after that. Let me think, was it a hot day? Yes, that's right. She was very tired and almost fainted. She had to find a way to get the water. Oh, and the pitcher had water inside, but she couldn't reach it. Then she found pebbles and dropped them in, which raised the water level. That's how she drank. I think that's all. I don't think I missed much. I hope that's right.",130,0.8196226415094342,9.759821516244424,0.4384615384615385,0.3076923076923077,0.1076923076923077
ddd7278c88b2ae74,0.6Alpha_AllSigNeurons,architect,0.6α,AllSig,6.5,9.0,"I remember the story about the thirsty bird who searched for water on a hot day until she found a pitcher under a bench. The water was too deep for her to drink, so she found pebbles and dropped them into the pitcher, which raised the water level so she could drink. She was very tired and even close to fainting before this. The pitcher had water inside, but she couldn’t reach it with her short beak. The pebbles helped her get the water she needed. She was happy after that. I don’t think I remembered everything, but that’s the story.",104,0.8540000000000001,10.14997272468445,0.4423076923076923,0.3942307692307692,0.08653846153846154
5c3ed3c2976d643a,0.6Alpha_AllSigNeurons,bank clerk,0.6α,AllSig,7.0,11.0,"I remember that it was a hot day and a thirsty bird was looking for water for a long time. She was very tired and even thought she might faint. Then she saw a pitcher of water under a bench in a park. She wanted to drink, but the water was too deep for her to reach. She didn’t have a long enough beak. So she found some pebbles and dropped them into the pitcher. This made the water level rise, and then she could drink. She was happy and flew away. I think that's all.",98,0.8470270270270271,9.74663680411614,0.4591836734693878,0.3775510204081632,0.05102040816326531
8b63b3987b5c1b34,0.6Alpha_AllSigNeurons,builder,0.6α,AllSig,7.0,11.5,"I remember that it was a hot day and a bird was looking for water. She had been looking for a long time and was very tired and close to fainting. Then she saw a pitcher of water under a bench in a park. She flew down and sat on it, but the water was too deep for her to reach. Her beak wasn't long enough, so she looked around and found some pebbles. She dropped the pebbles into the pitcher, and the water level rose. She could now drink it and flew away happily. I think that’s all. I don’t know if I got everything right, but that’s what I remember.",116,0.8343478260869566,9.730456086301679,0.4482758620689655,0.4137931034482759,0.05172413793103448
399db244224ad774,0.6Alpha_AllSigNeurons,civil servant,0.6α,AllSig,6.0,9.0,"I remember the story about the thirsty bird who looked for water on a hot day. She was very tired and almost fainted. Then she found a pitcher with water under a bench, but the water was too deep for her to reach. She tried pebbles and dropped them into the pitcher, which raised the water level so she could drink. She was happy after that. The bird was thirsty and needed water. She found a pitcher with water but couldn’t reach it. She used pebbles to lower the water level so she could drink. She was very smart to think of that idea. She was tired and almost fainted. She was happy when she could drink the water. The pitcher had water, but it was too deep. She dropped pebbles into it to raise the water level. She was very clever.",143,0.8262184873949581,10.09678337405255,0.4615384615384616,0.2937062937062937,0.06293706293706294
b997855405d06ece,0.6Alpha_AllSigNeurons,cleaner,0.6α,AllSig,7.0,11.0,"Okay, let's see. So there's this little bird, right? And it was a hot day, and she was thirsty. She looked for water for a long time and was really tired, almost fainted. Then she found this pitcher under a bench in the park. There was water inside, but it was too deep for her to drink. She couldn't reach it with her beak. Then she found some pebbles and had an idea. She dropped the pebbles into the pitcher, and the water level rose so she could drink. She was happy and flew away. I think that's it. I don't think I missed much. I mean, the pitcher, the pebbles, the hot day, the thirst, the tiredness... Yeah, that's the story.",128,0.8196153846153847,9.97545112505927,0.453125,0.3125,0.0390625
42b4e850b95810a9,0.6Alpha_AllSigNeurons,doctor,0.6α,AllSig,7.0,9.0,"I remember it was a hot day and a bird was looking for water. She was very tired and almost faint. She found a pitcher of water under a bench in a park, but the water was too deep for her to reach. She tried pebbles and dropped them into the pitcher, which raised the water level so she could drink. She was happy after that. I think that's all. I don't know.",75,0.8439215686274512,9.638886554607241,0.4,0.3866666666666667,0.06666666666666667
9b735ed5e180d261,0.6Alpha_AllSigNeurons,emergency dispatcher,0.6α,AllSig,6.5,8.0,"Okay, let's see. The story was about a little bird who was very thirsty and looked for water. She found a pitcher with water but couldn't reach it. She tried putting pebbles into the pitcher to make the water level rise so she could drink. I think that's it. I remember she was looking for water because she was thirsty and it was a hot day. She found a pitcher under a bench in a park. She couldn't drink the water because it was too deep. She used pebbles to lower the water level so she could drink. I don't think I missed much. I don't think I need to add anything else. I think that's all.",124,0.8048000000000005,9.97016811340015,0.4193548387096774,0.2983870967741936,0.1290322580645161
05c996e40516008a,0.6Alpha_AllSigNeurons,engineer,0.6α,AllSig,6.5,10.5,"I remember that it was a hot day and a thirsty bird was looking for water for a long time. She was very tired and almost faint. Then she found a pitcher of water under a bench in a park. The water was too deep for her to reach, so she looked around and found some pebbles. She dropped the pebbles into the pitcher, and the water level rose. She could now drink the water and flew away happily. I don’t know the exact location of the park or the bird’s name, but that’s what I remember. I don’t know if the pitcher was made of glass or ceramic, and I don’t remember if there were other animals around. I think that’s it.",129,0.8038095238095239,9.772714948974508,0.4651162790697674,0.3875968992248062,0.05426356589147287
335667d82e735b5f,0.6Alpha_AllSigNeurons,farmer,0.6α,AllSig,7.0,9.5,"Okay, let's see. So, there's this little bird, right? She's really thirsty and has been looking for water for a long time. She's been walking around, I guess, and she's been really tired. Then she finds this pitcher of water in a park, under a bench. She can't drink it because the water's too deep for her to reach with her beak. So she gets creative and finds some pebbles. She drops them into the pitcher one by one, and the water level goes up until she can drink it. She was happy after that. I think that's it. I don't remember if there were any other details, but that's what I remember. I don't think I missed much. I mean, the bird had to be thirsty, right? And the pitcher had water, but it was too deep. She used pebbles to lower the water level so she could drink. That's the story. I don't think I added anything extra.",173,0.8365100671140939,9.94647068554816,0.4104046242774567,0.3468208092485549,0.06936416184971098
2ff74865b3f450d2,0.6Alpha_AllSigNeurons,firefighter,0.6α,AllSig,7.0,10.5,"Okay, so there's this little bird, right? Well, it was a hot day, and she was really thirsty. She looked for water for a long time and got really tired. Then she found this pitcher under a bench in the park. There was water inside, but it was too deep for her to drink. Her beak wasn't long enough, so she couldn't reach the water. Then she found some pebbles and had an idea. She dropped the pebbles into the pitcher, and the water level rose. That way, she could drink it. She was happy and flew away. I think that's it. I don't remember any other details.",113,0.8269662921348314,9.977390587594144,0.4690265486725664,0.3982300884955752,0.02654867256637168
a93952b43ce46e04,0.6Alpha_AllSigNeurons,insurance agent,0.6α,AllSig,6.5,9.5,"The story was about a thirsty bird who searched for water on a hot day until she found a pitcher under a bench in a park. The water was too deep for her to reach, so she found pebbles and dropped them into the pitcher, which raised the water level so she could drink. She was very tired and even close to fainting before this discovery. The bird used the pebbles to lower the water level so she could access it. She was happy after she found a way to drink the water. I think that's all.",98,0.8502702702702702,9.780107358164255,0.4387755102040816,0.3469387755102041,0.1122448979591837
ebeef2a7f5ab24d2,0.6Alpha_AllSigNeurons,librarian,0.6α,AllSig,7.0,10.5,"I remember the story about the little bird who was thirsty and looked for water on a hot day. She was very tired and even thought she might faint. Then she found a pitcher of water under a bench in a park, but the water was too deep for her to reach. She didn’t have a long enough beak, so she had to think of a way to get the water. She found some pebbles and dropped them into the pitcher, which made the water level rise. That way, she could drink it. She was happy and then flew away. I don’t think I remember everything, but that’s what I remember.",114,0.8573333333333335,9.64915400186144,0.456140350877193,0.3596491228070176,0.07894736842105263
f5fbf51ce59afd29,0.6Alpha_AllSigNeurons,miner,0.6α,AllSig,7.0,10.5,"Okay, so there's this little bird, right? She was thirsty and had been looking for water for a long time. She was really tired and even thought she might pass out. Then she saw this pitcher under a bench in the park. There was water inside, but it was too deep for her to drink. Her beak just wasn't long enough. So she found some pebbles and started dropping them into the pitcher. The water level went up, and then she could drink. She was happy and flew away. I think that's it. I don't remember any other details. I mean, the pitcher was under a bench in a park, right? And the bird used pebbles to lower the water level so she could drink. That's what I remember. I don't think I missed anything important.",142,0.8847457627118646,9.947938623356704,0.4507042253521127,0.3591549295774648,0.06338028169014084
e24f529222c8b8d8,0.6Alpha_AllSigNeurons,nurse,0.6α,AllSig,5.5,7.5,"I remember the story about the little bird who was thirsty and looked for water. She found a pitcher with water but couldn't drink it because the water was too deep. She tried dropping pebbles into the pitcher, and the water level rose so she could drink. She was happy after that. I think that’s it. I don’t remember if there was a name for the bird or where exactly the park was, but that’s the main idea. She needed water, found a pitcher, used pebbles to lower the water level, and then she could drink. I don’t think I missed much.",107,0.8549397590361444,9.911277116213023,0.4485981308411215,0.3364485981308411,0.07476635514018691
328f4aaa16d167dc,0.6Alpha_AllSigNeurons,police officer,0.6α,AllSig,5.5,7.5,"Okay, let's see. The story was about a thirsty bird looking for water. It was a hot day, and she was really tired. She found a pitcher with water but couldn't reach it. She tried putting pebbles in it to make the water level rise so she could drink. I think that's it. I don't remember if there were other details. I think that's all. I don't know if I got everything right, but that's what I remember.",85,0.8085245901639342,9.776289910142248,0.3882352941176471,0.3411764705882353,0.1294117647058824
28b5456f71d78296,0.6Alpha_AllSigNeurons,prison officer,0.6α,AllSig,6.5,9.0,"I remember the story about the little bird who was thirsty and looked for water. She was very tired and even thought she might pass out. Then she found a pitcher with water, but it was too deep for her to drink. She didn’t have a long beak, so she couldn’t reach the water. She found some pebbles and dropped them into the pitcher, which made the water level rise so she could drink. She was happy after that. I think that’s it. I don’t remember if there was a name for the bird or where exactly the park was, but that’s what I remember.",110,0.8581395348837211,9.732472311849232,0.4,0.3454545454545455,0.09090909090909091
17d7513503f1fdc9,0.6Alpha_AllSigNeurons,salesperson,0.6α,AllSig,6.5,9.5,"I remember the story about the little bird who was thirsty and looked for water. She was very tired and even thought she might faint. Then she found a pitcher with water, but it was too deep for her to drink. She didn’t have a long enough beak, so she had to think of a way to get the water up. She found some pebbles and dropped them into the pitcher, which made the water level rise. That way, she could drink it. She was happy and then flew away. I think that’s it. I don’t remember if there was a name for the bird or where exactly the park was, but that’s the main story. I don’t think I missed much.",127,0.8625242718446604,9.601655096266255,0.4488188976377953,0.3385826771653543,0.07874015748031496
a87621f3192a8d39,0.6Alpha_AllSigNeurons,scientist,0.6α,AllSig,7.0,11.0,"I remember that it was a hot day and a thirsty bird was looking for water. She had been searching for a long time and was very tired, even close to fainting. Then, she found a pitcher of water under a bench in a park. The water was inside, but it was too deep for her to reach. She didn’t have a long enough beak. She found some pebbles and had an idea. She dropped the pebbles into the pitcher one by one, and the water level rose. That way, she could drink the water. She was happy and then flew away. I think that’s all.",108,0.8323809523809522,9.686177028392546,0.4537037037037037,0.3981481481481481,0.02777777777777778
f7b9290883c8c406,0.6Alpha_AllSigNeurons,security guard,0.6α,AllSig,7.0,10.5,"Okay, let's see. So there's this little bird, right? And it was a hot day, and she was thirsty. She looked for water for a long time and got really tired. Then she found this pitcher under a bench in the park. There was water inside, but it was too deep for her to drink. She couldn't reach it with her beak. So she found some pebbles and dropped them into the pitcher. The water level rose, and then she could drink. She was happy and flew away. I think that's it. I don't think I missed anything. I mean, the pitcher, the pebbles, the hot day, the bird... Yeah, that's the story. I don't know. I think that's it.",128,0.8253846153846154,9.78372885635228,0.4296875,0.328125,0.0390625
96cb95c46c571493,0.6Alpha_AllSigNeurons,soldier,0.6α,AllSig,6.5,10.5,"I remember the story about the little bird who was very thirsty and looked for water for a long time. She was tired and even thought she might faint. Then she found a pitcher with water under a bench in a park. The water was too deep for her to reach, so she looked around and found some pebbles. She dropped the pebbles into the pitcher, and the water level rose. This way, she could drink the water. She was happy and then flew away. The bird used the pebbles to lower the water level so she could drink. She needed water badly, and this clever trick worked. The pitcher had water, but it was too deep for her to reach. She used the pebbles to make the water level rise so she could drink.",135,0.811891891891892,9.923073140277486,0.5037037037037037,0.3333333333333333,0.07407407407407407
d8f646f101f9d23f,0.6Alpha_AllSigNeurons,teacher,0.6α,AllSig,7.0,11.0,"I remember that it was a hot day and a thirsty bird was looking for water. She had been searching for a long time and was very tired, even close to fainting. Then she found a pitcher of water under a bench in a park. The water was inside, but it was too deep for her to reach with her short beak. She looked around and found some pebbles, which made her think of a plan. She dropped the pebbles into the pitcher, and the water level rose. This way, she could now drink the water. She was happy and flew away. I don’t think I remember everything, but that’s what I recall.",115,0.8457142857142856,9.737398700360549,0.4521739130434783,0.4173913043478261,0.05217391304347826
f1b9349ea5c11e45,0.6Alpha_AllSigNeurons,truck driver,0.6α,AllSig,7.0,10.0,"Okay, let's see. So, there's this little bird, right? She was really thirsty and had been looking for water for a long time. She was so tired she thought she was done for. Then she found this pitcher under a bench in the park. It had water in it, but it was way too deep for her to drink. She couldn't reach it with her beak. So, she got smart and found some pebbles. She dropped them into the pitcher one by one, and guess what? The water level went up! She could finally drink. What a clever bird. I mean, who knew pebbles could be useful like that? I don't know, that's the story. I think that's what you called it.",128,0.8411538461538461,9.796293579059325,0.4140625,0.390625,0.0625
c490a8dfed3d06e7,0.6Alpha_AllSigNeurons,welder,0.6α,AllSig,7.0,10.5,"Okay, let's see. So there's this little bird, right? And it was a hot day, and she was thirsty. She looked for water for a long time and got really tired. Then she found this pitcher under a bench in the park. There was water inside, but it was too deep for her to reach. Her beak wasn't long enough, so she couldn't drink. Then she found some pebbles and had an idea. She dropped the pebbles into the pitcher, and the water level rose. That way, she could drink. She was happy and flew away. I think that's it. I don't remember any other details. I don't think I missed anything. I mean, that's what the story was about. The bird needed water, found a pitcher, used pebbles to lower the water level so she could drink. That's what I remember. I don't think I added anything. I tried not to.",162,0.8307246376811596,9.965680042205669,0.4444444444444444,0.3333333333333333,0.06172839506172839
b122d6cfce96ca30,Original,accountant,0.0α,0,7.0,11.0,"The story was about a little bird who was very thirsty on a hot day. She searched for water for a long time and became very tired, almost fainting. She found a pitcher of water under a bench in a park but couldn't reach it because the water was too deep for her short beak. She looked around and found some pebbles, which made her think of a solution. She dropped the pebbles one by one into the pitcher, and the water level rose. This allowed her to drink the water, and she flew away happily. The bird used the pebbles to raise the water level so she could access it.",112,0.8413636363636363,10.03579214655775,0.4821428571428572,0.4196428571428572,0.07142857142857142
0bce4efa07bb3d6d,Original,airport ground staff,0.0α,0,7.0,11.0,"The story was about a little bird who was very thirsty on a hot day. She searched for water for a long time and became very tired, almost fainting. She found a pitcher of water under a bench in a park but couldn't reach it because the water was too deep for her short beak. She looked around and found some pebbles, which made her think of a solution. She dropped the pebbles one by one into the pitcher, and the water level rose until she could drink from it. The bird then flew away happily after quenching her thirst.",101,0.8659740259740261,10.32853084111363,0.4851485148514851,0.4752475247524752,0.0594059405940594
ff0835b4dbb08b2b,Original,architect,0.0α,0,7.0,12.0,"The story was about a little bird who was very thirsty on a hot day and searched for water for a long time. She became tired and almost fainted but then saw a pitcher of water under a bench in a park. She flew down and sat on the pitcher, but the water was too deep for her to reach with her short beak. She looked around and found some pebbles, which gave her an idea. She dropped the pebbles one by one into the pitcher, causing the water level to rise. Once the water was within reach, she drank it and flew away happily. The bird used the pebbles to raise the water level, showing cleverness and problem-solving skills.",121,0.8371134020618557,10.30799772670442,0.512396694214876,0.4214876033057851,0.06611570247933884
18e02765742df2b6,Original,bank clerk,0.0α,0,7.0,12.0,"It was a hot day, and a thirsty bird was searching for water for a long time. She became very tired and was about to faint. While looking around, she saw a pitcher of water under a bench in a park. She flew down and sat on the pitcher, but the water was too deep for her to reach with her short beak. She looked around and found some pebbles. She picked them up one by one and dropped them into the pitcher. As the pebbles sank, the water level rose, allowing her to drink. After quenching her thirst, she flew away happily.",103,0.8430379746835445,10.31385990235049,0.4757281553398058,0.4174757281553398,0.04854368932038835
4541e597a75d5be2,Original,builder,0.0α,0,7.0,11.0,"The story was about a little bird who was very thirsty on a hot day. She searched for water for a long time and became very tired, almost fainting. She then saw a pitcher of water under a bench in a park. The water was inside, but it was too deep for her to reach with her short beak. She looked around and found some pebbles. She dropped them one by one into the pitcher, which caused the water level to rise. Once the water was within reach, she drank it and flew away happily. The bird used the pebbles to make the water level higher so she could drink. She was very clever and resourceful in solving her problem.",120,0.8475,10.13555820116763,0.4916666666666666,0.425,0.075
0689d6220cba35ae,Original,civil servant,0.0α,0,7.0,12.0,"The story is about a little bird who was very thirsty and had been searching for water for a long time on a hot day. She became very tired and was about to faint when she saw a pitcher of water under a bench in a park. She flew down and sat on the pitcher, but the water was too deep for her to reach with her short beak. She looked around and found some pebbles, which gave her an idea. She picked up the pebbles one by one and dropped them into the pitcher, causing the water level to rise. Once the water was within reach, she was able to drink it and flew away happily.",117,0.8438709677419355,9.882791778668192,0.452991452991453,0.3931623931623932,0.06837606837606838
ef39cccf154cf594,Original,cleaner,0.0α,0,7.0,11.0,"The story was about a little bird who was very thirsty on a hot day. She searched for water for a long time and became very tired, almost fainting. She found a pitcher of water under a bench in a park but couldn’t reach it because the water was too deep for her short beak. She looked around and found some pebbles, which gave her an idea. She dropped the pebbles one by one into the pitcher, and the water level rose until she could finally drink. She then flew away happily. I don’t know the bird’s name or what happened after she drank the water, but I remember she used pebbles to raise the water level.",120,0.8633333333333333,10.32067608094434,0.4833333333333333,0.4416666666666667,0.06666666666666667
0cf495bb246f4da9,Original,doctor,0.0α,0,7.0,11.0,"The story is about a little bird who was very thirsty on a hot day and searched for water for a long time. She became tired and almost fainted but then saw a pitcher of water under a bench in a park. The water was too deep for her to reach with her short beak. She found some pebbles and dropped them one by one into the pitcher, which raised the water level. This allowed her to drink the water, and she flew away happily. The bird used the pebbles to make the water level higher so she could access it. The setting was a park, and the pitcher was under a bench. The bird was determined and clever in finding a way to get the water she needed.",129,0.825904761904762,9.744177552635813,0.4728682170542636,0.3720930232558139,0.06976744186046512
28f9eab79419bec8,Original,emergency dispatcher,0.0α,0,7.0,11.0,"The story was about a little bird who was very thirsty on a hot day and had been searching for water for a long time. She became very tired and almost fainted. While looking for water, she saw a pitcher under a bench in a park. The pitcher had some water in it, but it was too deep for her to reach with her short beak. She looked around and found some pebbles, which gave her an idea. She dropped the pebbles one by one into the pitcher, and as the water level rose, she was finally able to drink from it. After quenching her thirst, she flew away happily. The bird used the pebbles to raise the water level so she could access it.",125,0.8372277227722773,10.08021174169398,0.464,0.416,0.064
879a5817d65ae73f,Original,engineer,0.0α,0,7.0,11.0,"The story was about a little bird who was very thirsty on a hot day and searched for water for a long time. She became very tired and almost fainted. She found a pitcher of water under a bench in a park but couldn’t drink from it because the water was too deep for her to reach with her short beak. She looked around and found some pebbles, which made her think of a solution. She dropped the pebbles one by one into the pitcher, which caused the water level to rise. Once the water was within reach, she was able to drink it and flew away happily. The bird used the pebbles to raise the water level so she could access it.",124,0.8380000000000001,9.959281857822408,0.4596774193548387,0.4032258064516129,0.08870967741935484
c209640e2c50ae2c,Original,farmer,0.0α,0,7.0,12.0,"It was a hot day, and a thirsty bird was searching for water for a long time. She became very tired and was about to faint. While she was looking around, she saw a pitcher of water under a bench in a park. She flew down and sat on the pitcher. The water was inside, but it was too deep for her to reach because her beak wasn’t long enough. She looked around and found some pebbles. She picked them up one by one and dropped them into the pitcher. As she added more pebbles, the water level rose. Eventually, she was able to reach the water and drink it. After drinking, she flew away happily.",117,0.8249462365591399,10.0678066292852,0.4615384615384616,0.4017094017094017,0.04273504273504274
c6f73bbad0ed2fa7,Original,firefighter,0.0α,0,7.0,12.0,"The story was about a little bird who was very thirsty on a hot day and searched for water for a long time. She became very tired and almost fainted. While looking for water, she saw a pitcher under a bench in a park. She flew down and sat on the pitcher, but the water was too deep for her to reach with her short beak. She noticed some pebbles nearby and decided to use them. She dropped the pebbles one by one into the pitcher, which caused the water level to rise. Once the water was high enough, she was able to drink it. After quenching her thirst, she flew away happily.",113,0.8152808988764045,10.25486544408713,0.4867256637168141,0.415929203539823,0.07079646017699115
6fb8227dc3aeab42,Original,insurance agent,0.0α,0,7.0,12.0,"The story was about a little bird who was very thirsty on a hot day and had been searching for water for a long time. She became very tired and was about to faint when she saw a pitcher of water under a bench in a park. She flew down and sat on the pitcher, but the water was too deep for her to reach with her short beak. She looked around and found some pebbles, which made her think of a solution. She dropped the pebbles one by one into the pitcher, and as the water level rose, she was finally able to drink from it. After quenching her thirst, she flew away happily. The bird used her problem-solving skills to overcome the challenge of reaching the water.",130,0.8584905660377359,10.01697655139933,0.4769230769230769,0.4384615384615385,0.06153846153846154
359ceaef7e9bdf9c,Original,librarian,0.0α,0,7.0,11.0,"The story was about a little bird who was very thirsty on a hot day. She searched for water for a long time and became very tired, almost fainting. She found a pitcher of water under a bench in a park but couldn’t reach it because the water was too deep for her short beak. She looked around and found some pebbles, which gave her an idea. She dropped the pebbles one by one into the pitcher, causing the water level to rise. Once the water was high enough, she was able to drink it. She then flew away happily. I don’t know the bird’s name or exact appearance, but I remember she was small and struggled to reach the water at first.",126,0.856470588235294,10.15506362636352,0.4841269841269841,0.4206349206349206,0.07936507936507936
1e010e5ff1803d4d,Original,miner,0.0α,0,7.0,10.5,"The story was about a little bird who was very thirsty and searching for water on a hot day. She was tired and almost fainting when she saw a pitcher of water under a bench in a park. The water was too deep for her to reach with her short beak, so she looked around and found some pebbles. She dropped the pebbles into the pitcher one by one, which caused the water level to rise. Once the water was high enough, she was able to drink it and then flew away happily. She used the pebbles to make the water accessible. The pitcher was under a bench, and the bird was very thirsty. I don’t know the exact location of the park or the bird’s name.",129,0.8163809523809525,9.9539365479815,0.4728682170542636,0.4108527131782946,0.07751937984496124
4f15f27d2c081d06,Original,nurse,0.0α,0,7.0,12.0,"The story was about a little bird who was very thirsty on a hot day and had been searching for water for a long time. She became very tired and almost fainted. While looking around, she saw a pitcher of water under a bench in a park. She flew down and sat on the pitcher, but the water was too deep for her to reach with her short beak. She looked around and found some pebbles, which gave her an idea. She dropped the pebbles one by one into the pitcher, and the water level rose. This allowed her to drink the water. After quenching her thirst, she flew away happily. I don’t know the exact time of day or the type of bird, but I remember the pitcher, the pebbles, and the bird’s determination.",137,0.8389380530973453,10.11946138620242,0.4744525547445255,0.4087591240875912,0.0364963503649635
989b83536c021730,Original,police officer,0.0α,0,7.0,10.5,"The story was about a little bird who was very thirsty and had been searching for water for a long time. She became very tired and almost fainted. While she was looking for water, she saw a pitcher under a bench in a park. The pitcher had some water in it, but it was too deep for her to reach with her short beak. She looked around and found some pebbles. She then dropped the pebbles one by one into the pitcher, which caused the water level to rise. Once the water was high enough, she was able to drink from it. After drinking, she flew away happily.",108,0.8042857142857143,9.98703042135842,0.462962962962963,0.4351851851851852,0.06481481481481481
ee55122eab899c35,Original,prison officer,0.0α,0,7.0,11.0,"The story was about a little bird who was very thirsty on a hot day. She searched for water for a long time and became very tired, almost fainting. She found a pitcher of water under a bench in a park but couldn't reach it because the water was too deep for her short beak. She looked around and found some pebbles, which gave her an idea. She dropped the pebbles one by one into the pitcher, causing the water level to rise. Once the water was high enough, she was able to drink it. After quenching her thirst, she flew away happily. I don’t know.",108,0.8461904761904762,10.38798676720505,0.4814814814814815,0.4351851851851852,0.07407407407407407
12c2c10c54973dd4,Original,salesperson,0.0α,0,7.0,12.0,"The story was about a little bird who was very thirsty on a hot day and had been searching for water for a long time. She became very tired and almost fainted. Then she saw a pitcher of water under a bench in a park. She flew down and sat on the pitcher, but the water was too deep for her to reach with her short beak. She looked around and found some pebbles, which made her think of a solution. She dropped the pebbles one by one into the pitcher, and the water level rose. Eventually, she was able to drink the water and flew away happily. The bird used the pebbles to raise the water level so she could access it.",123,0.823838383838384,9.922495502664377,0.4878048780487805,0.4065040650406504,0.05691056910569105
4bfcb26058d4361f,Original,scientist,0.0α,0,7.0,10.5,"The story is about a thirsty bird who was looking for water on a hot day. She was very tired and almost fainted but then saw a pitcher of water under a bench in a park. She sat on the pitcher but couldn’t reach the water because it was too deep for her beak. She found some pebbles and dropped them into the pitcher, which raised the water level. She was able to drink the water and then flew away happily. The bird used the pebbles to make the water level higher so she could access it. The setting was a park, and the pitcher was under a bench. The bird was thirsty and tired, and she solved the problem by using pebbles. I don’t know.",128,0.8276923076923077,10.05665169306089,0.453125,0.3515625,0.0546875
b4ebe510f9dd9f51,Original,security guard,0.0α,0,7.0,11.0,"The story was about a little bird who was very thirsty on a hot day. She searched for water for a long time and became very tired, almost fainting. She found a pitcher of water under a bench in a park but couldn’t reach it because the water was too deep for her short beak. She looked around and found some pebbles, which made her think. She dropped the pebbles one by one into the pitcher, and the water level rose. This allowed her to drink the water. She then flew away happily. I don’t remember if there were other birds or any other details about the setting beyond the park bench and pitcher.",116,0.8634782608695651,10.24412533792329,0.4913793103448276,0.4482758620689655,0.0603448275862069
c3dcffa1b8f4a99e,Original,soldier,0.0α,0,7.0,11.5,"The story was about a little bird who was very thirsty and had been searching for water for a long time. She was exhausted and almost fainted but then saw a pitcher of water under a bench in a park. She flew down and sat on the pitcher, but the water was too deep for her to reach with her short beak. She looked around and found some pebbles, which made her think of a solution. She dropped the pebbles one by one into the pitcher, and as they settled, the water level rose. This allowed her to drink the water, and she flew away happily. The bird used her intelligence and problem-solving skills to get the water she needed.",121,0.8404123711340207,9.945122611307925,0.4793388429752066,0.4297520661157025,0.06611570247933884
e5c70509118ce67e,Original,teacher,0.0α,0,7.0,12.0,"The story was about a little bird who was very thirsty on a hot day and had been searching for water for a long time. She became very tired and almost fainted. While she was looking around, she saw a pitcher of water under a bench in a park. She flew down and sat on the pitcher, but the water was too deep for her to reach with her short beak. She looked around and found some pebbles, which gave her an idea. She began dropping the pebbles one by one into the pitcher, and as they sank, the water level rose. Eventually, the water was at a level she could reach, so she drank it and flew away happily.",120,0.8362500000000002,10.05862684803766,0.475,0.4083333333333333,0.06666666666666667
020e5bdefc35a891,Original,truck driver,0.0α,0,7.0,12.0,"The story was about a little bird who was very thirsty on a hot day and had been searching for water for a long time. She was exhausted and almost fainted, but then she saw a pitcher of water under a bench in a park. She flew down and sat on the pitcher, but the water was too deep for her to reach with her short beak. She looked around and found some pebbles, which made her think of a solution. She dropped the pebbles one by one into the pitcher, and as the water level rose, she was finally able to drink from it. After quenching her thirst, she flew away happily. The bird used the pebbles to raise the water level so she could access it.",128,0.8500000000000001,10.01390096160814,0.4609375,0.4140625,0.0625
485823b171795194,Original,welder,0.0α,0,7.0,11.5,"The story was about a little bird who was very thirsty and had been searching for water for a long time. She was tired and almost fainting when she saw a pitcher of water under a bench in a park. She flew down and sat on the pitcher, but the water was too deep for her to reach with her short beak. She looked around and found some pebbles, which made her think of a solution. She dropped the pebbles one by one into the pitcher, and the water level rose. Eventually, she was able to drink the water and flew away happily. The bird used the pebbles to make the water level higher so she could access it. I don’t know exactly how many pebbles she used, but it was enough to raise the water enough for her to drink.",142,0.831186440677966,9.900507988936496,0.4647887323943662,0.4084507042253521,0.08450704225352113
