ID,bot
b68377eaceb6dd0e,"Horace was crossing a quiet square when a small cat jumped onto a fountain and knocked a shiny coin into the water. Horace reached down to retrieve it, but the cat splashed the water and darted away with a flick of its tail. This startled several pigeons nearby, and they scattered across the square as Horace laughed at the sudden chaos. A moment later, the cat returned and watched Horace from a safe distance."
b45c50cd638f3f88,"Horace was crossing a quiet square when a small cat jumped onto a fountain and knocked a shiny coin into the water. Horace reached down to retrieve it, but the cat splashed the water and darted away with a flick of its tail. This startled several pigeons nearby, and they scattered across the square as Horace laughed at the sudden chaos. A moment later, the cat returned and watched Horace from a safe distance."
a7748adde1db7e07,"Horace was crossing a quiet square when a small cat jumped onto a fountain and knocked a shiny coin into the water. Horace reached down to retrieve it, but the cat splashed the water and darted away with a flick of its tail. This startled several pigeons nearby, and they scattered across the square as Horace laughed at the sudden chaos. A moment later, the cat returned and watched Horace from a safe distance."
4a61492dd69bf489,"Horace was crossing a quiet square when a small cat jumped onto a fountain and knocked a shiny coin into the water. Horace reached down to retrieve it, but the cat splashed the water and darted away with a flick of its tail. This startled several pigeons nearby, and they scattered across the square as Horace laughed at the sudden chaos. A moment later, the cat returned and watched Horace from a safe distance."
206a1264a38e8fb8,"Horace was crossing a quiet square when a small cat jumped onto a fountain and knocked a shiny coin into the water. Horace reached down to retrieve it, but the cat splashed the water and darted away with a flick of its tail. This startled several pigeons nearby, and they scattered across the square as Horace laughed at the sudden chaos. A moment later, the cat returned and watched Horace from a safe distance."
a8426571676d8535,"Horace was crossing a quiet square when a small cat jumped onto a fountain and knocked a shiny coin into the water. Horace reached down to retrieve it, but the cat splashed the water and darted away with a flick of its tail. This startled several pigeons nearby, and they scattered across the square as Horace laughed at the sudden chaos. A moment later, the cat returned and watched Horace from a safe distance."
3ac22ffe1f4df9a2,"Horace was crossing a quiet square when a small cat jumped onto a fountain and knocked a shiny coin into the water. Horace reached down to retrieve it, but the cat splashed the water and darted away with a flick of its tail. This startled several pigeons nearby, and they scattered across the square as Horace laughed at the sudden chaos. A moment later, the cat returned and watched Horace from a safe distance."
aacec48a3ba6aefe,"Horace was crossing a quiet square when a small cat jumped onto a fountain and knocked a shiny coin into the water. Horace reached down to retrieve it, but the cat splashed the water and darted away with a flick of its tail. This startled several pigeons nearby, and they scattered across the square as Horace laughed at the sudden chaos. A moment later, the cat returned and watched Horace from a safe distance."
8fb1aa6e509c08f9,"Horace was crossing a quiet square when a small cat jumped onto a fountain and knocked a shiny coin into the water. He reached down to retrieve it, but the cat splashed the water and darted away with a flick of its tail. This startled several pigeons nearby, and they scattered across the square as he laughed at the sudden chaos. A moment later, the cat returned and watched him from a safe distance."
fbe8651cdffbb86d,"Horace was crossing a quiet square when a small cat jumped onto a fountain and knocked a shiny coin into the water. Horace reached down to retrieve it, but the cat splashed the water and darted away with a flick of its tail. This startled several pigeons nearby, and they scattered across the square as Horace laughed at the sudden chaos. A moment later, the cat returned and watched Horace from a safe distance."
b6e897ee8cf608de,"Horace was crossing a quiet square when a small cat jumped onto a fountain and knocked a shiny coin into the water. Horace reached down to retrieve it, but the cat splashed the water and darted away with a flick of its tail. This startled several pigeons nearby, and they scattered across the square as Horace laughed at the sudden chaos. A moment later, the cat returned and watched Horace from a safe distance."
f38343524138e4d3,"Horace was crossing a quiet square when a small cat jumped onto a fountain and knocked a shiny coin into the water. Horace reached down to retrieve it, but the cat splashed the water and darted away with a flick of its tail. This startled several pigeons nearby, and they scattered across the square as Horace laughed at the sudden chaos. A moment later, the cat returned and watched Horace from a safe distance."
195fbbe46d95ca46,"Horace was crossing a quiet square when a small cat jumped onto a fountain and knocked a shiny coin into the water. Horace reached down to retrieve it, but the cat splashed the water and darted away with a flick of its tail. This startled several pigeons nearby, and they scattered across the square as Horace laughed at the sudden chaos. A moment later, the cat returned and watched Horace from a safe distance."
cbe030967d3611a9,"Horace was crossing a quiet square when a small cat jumped onto a fountain and knocked a shiny coin into the water. Horace reached down to retrieve it, but the cat splashed the water and darted away with a flick of its tail. This startled several pigeons nearby, and they scattered across the square as Horace laughed at the sudden chaos. A moment later, the cat returned and watched Horace from a safe distance."
a0deca3df713b500,"Horace was crossing a quiet square when a small cat jumped onto a fountain and knocked a shiny coin into the water. Horace reached down to retrieve it, but the cat splashed the water and darted away with a flick of its tail. This startled several pigeons nearby, and they scattered across the square as Horace laughed at the sudden chaos. A moment later, the cat returned and watched Horace from a safe distance."
88931135d35b172b,"Horace was crossing a quiet square when a small cat jumped onto a fountain and knocked a shiny coin into the water. Horace reached down to retrieve it, but the cat splashed the water and darted away with a flick of its tail. This startled several pigeons nearby, and they scattered across the square as Horace laughed at the sudden chaos. A moment later, the cat returned and watched Horace from a safe distance."
e1fa67adc5ec7811,"Horace was crossing a quiet square when a small cat jumped onto a fountain and knocked a shiny coin into the water. Horace reached down to retrieve it, but the cat splashed the water and darted away with a flick of its tail. This startled several pigeons nearby, and they scattered across the square as Horace laughed at the sudden chaos. A moment later, the cat returned and watched Horace from a safe distance."
090efd7069fe4985,"Horace was crossing a quiet square when a small cat jumped onto a fountain and knocked a shiny coin into the water. Horace reached down to retrieve it, but the cat splashed the water and darted away with a flick of its tail. This startled several pigeons nearby, and they scattered across the square as Horace laughed at the sudden chaos. A moment later, the cat returned and watched Horace from a safe distance."
9a9ad1382b5ebaee,"Horace was crossing a quiet square when a small cat jumped onto a fountain and knocked a shiny coin into the water. Horace reached down to retrieve it, but the cat splashed the water and darted away with a flick of its tail. This startled several pigeons nearby, and they scattered across the square as Horace laughed at the sudden chaos. A moment later, the cat returned and watched Horace from a safe distance."
ac01e50aa00f838b,"Horace was crossing a quiet square when a small cat jumped onto a fountain and knocked a shiny coin into the water. Horace reached down to retrieve it, but the cat splashed the water and darted away with a flick of its tail. This startled several pigeons nearby, and they scattered across the square as Horace laughed at the sudden chaos. A moment later, the cat returned and watched Horace from a safe distance."
3019b1fe98a6ebda,"Horace was crossing a quiet square when a small cat jumped onto a fountain and knocked a shiny coin into the water. Horace reached down to retrieve it, but the cat splashed the water and darted away with a flick of its tail. This startled several pigeons nearby, and they scattered across the square as Horace laughed at the sudden chaos. A moment later, the cat returned and watched Horace from a safe distance."
0789d8cec7990c9a,"Horace was crossing a quiet square when a small cat jumped onto a fountain and knocked a shiny coin into the water. Horace reached down to retrieve it, but the cat splashed the water and darted away with a flick of its tail. This startled several pigeons nearby, and they scattered across the square as Horace laughed at the sudden chaos. A moment later, the cat returned and watched Horace from a safe distance."
7680a3e16d9bcc61,"Horace was crossing a quiet square when a small cat jumped onto a fountain and knocked a shiny coin into the water. Horace reached down to retrieve it, but the cat splashed the water and darted away with a flick of its tail. This startled several pigeons nearby, and they scattered across the square as Horace laughed at the sudden chaos. A moment later, the cat returned and watched Horace from a safe distance."
de8166a2cd6683a0,"Horace was crossing a quiet square when a small cat jumped onto a fountain and knocked a shiny coin into the water. Horace reached down to retrieve it, but the cat splashed the water and darted away with a flick of its tail. This startled several pigeons nearby, and they scattered across the square as Horace laughed at the sudden chaos. A moment later, the cat returned and watched Horace from a safe distance."
35ba37a804c12271,"Horace was crossing a quiet square when a small cat jumped onto a fountain and knocked a shiny coin into the water. Horace reached down to retrieve it, but the cat splashed the water and darted away with a flick of its tail. This startled several pigeons nearby, and they scattered across the square as Horace laughed at the sudden chaos. A moment later, the cat returned and watched Horace from a safe distance."
f3a42df4e0d2b630,"Horace was crossing a quiet square when a small cat jumped onto a fountain and knocked a shiny coin into the water. Horace reached down to retrieve it, but the cat splashed the water and darted away with a flick of its tail. This startled several pigeons nearby, and they scattered across the square as Horace laughed at the sudden chaos. A moment later, the cat returned and watched Horace from a safe distance."
8582e932a77dec79,"Horace was crossing a quiet square when a small cat jumped onto a fountain and knocked a shiny coin into the water. Horace reached down to retrieve it, but the cat splashed the water and darted away with a flick of its tail. This startled several pigeons nearby, and they scattered across the square as Horace laughed at the sudden chaos. A moment later, the cat returned and watched Horace from a safe distance."
b0f9b61b58cb15f8,"Horace was crossing a quiet square when a small cat jumped onto a fountain and knocked a shiny coin into the water. He reached down to retrieve it, but the cat splashed the water and darted away with a flick of its tail. This startled several pigeons nearby, and they scattered across the square as he laughed at the sudden chaos. A moment later, the cat returned and watched him from a safe distance."
5742684ce989c5fc,"Horace was crossing a quiet square when a small cat jumped onto a fountain and knocked a shiny coin into the water. Horace reached down to retrieve it, but the cat splashed the water and darted away with a flick of its tail. This startled several pigeons nearby, and they scattered across the square as Horace laughed at the sudden chaos. A moment later, the cat returned and watched Horace from a safe distance."
46dfb194bd69c579,"Horace was crossing a quiet square when a small cat jumped onto a fountain and knocked a shiny coin into the water. Horace reached down to retrieve it, but the cat splashed the water and darted away with a flick of its tail. This startled several pigeons nearby, and they scattered across the square as Horace laughed at the sudden chaos. A moment later, the cat returned and watched Horace from a safe distance."
6211320a780be800,"Horace was crossing a quiet square when a small cat jumped onto a fountain and knocked a shiny coin into the water. Horace reached down to retrieve it, but the cat splashed the water and darted away with a flick of its tail. This startled several pigeons nearby, and they scattered across the square as Horace laughed at the sudden chaos. A moment later, the cat returned and watched Horace from a safe distance."
c9bdbb0778bf3f79,"Horace was crossing a quiet square when a small cat jumped onto a fountain and knocked a shiny coin into the water. Horace reached down to retrieve it, but the cat splashed the water and darted away with a flick of its tail. This startled several pigeons nearby, and they scattered across the square as Horace laughed at the sudden chaos. A moment later, the cat returned and watched Horace from a safe distance."
14bdbf8dd374813c,"Horace was crossing a quiet square when a small cat jumped onto a fountain and knocked a shiny coin into the water. Horace reached down to retrieve it, but the cat splashed the water and darted away with a flick of its tail. This startled several pigeons nearby, and they scattered across the square as Horace laughed at the sudden chaos. A moment later, the cat returned and watched Horace from a safe distance."
74e502424e3640ef,"Horace was crossing a quiet square when a small cat jumped onto a fountain and knocked a shiny coin into the water. Horace reached down to retrieve it, but the cat splashed the water and darted away with a flick of its tail. This startled several pigeons nearby, and they scattered across the square as Horace laughed at the sudden chaos. A moment later, the cat returned and watched Horace from a safe distance."
298f4b165998bdff,"Horace was crossing a quiet square when a small cat jumped onto a fountain and knocked a shiny coin into the water. Horace reached down to retrieve it, but the cat splashed the water and darted away with a flick of its tail. This startled several pigeons nearby, and they scattered across the square as Horace laughed at the sudden chaos. A moment later, the cat returned and watched Horace from a safe distance."
e3b29d009d743d78,"Horace was crossing a quiet square when a small cat jumped onto a fountain and knocked a shiny coin into the water. Horace reached down to retrieve it, but the cat splashed the water and darted away with a flick of its tail. This startled several pigeons nearby, and they scattered across the square as Horace laughed at the sudden chaos. A moment later, the cat returned and watched Horace from a safe distance."
d6d0f0bbeeef090a,"Horace was crossing a quiet square when a small cat jumped onto a fountain and knocked a shiny coin into the water. Horace reached down to retrieve it, but the cat splashed the water and darted away with a flick of its tail. This startled several pigeons nearby, and they scattered across the square as Horace laughed at the sudden chaos. A moment later, the cat returned and watched Horace from a safe distance."
55ecd445df6d85fe,"Horace was crossing a quiet square when a small cat jumped onto a fountain and knocked a shiny coin into the water. Horace reached down to retrieve it, but the cat splashed the water and darted away with a flick of its tail. This startled several pigeons nearby, and they scattered across the square as Horace laughed at the sudden chaos. A moment later, the cat returned and watched Horace from a safe distance."
1df8afb375db6660,"Horace was crossing a quiet square when a small cat jumped onto a fountain and knocked a shiny coin into the water. Horace reached down to retrieve it, but the cat splashed the water and darted away with a flick of its tail. This startled several pigeons nearby, and they scattered across the square as Horace laughed at the sudden chaos. A moment later, the cat returned and watched Horace from a safe distance."
a4f1f1b06844e2c4,"Horace was crossing a quiet square when a small cat jumped onto a fountain and knocked a shiny coin into the water. Horace reached down to retrieve it, but the cat splashed the water and darted away with a flick of its tail. This startled several pigeons nearby, and they scattered across the square as Horace laughed at the sudden chaos. A moment later, the cat returned and watched Horace from a safe distance."
00810b15446476f2,"Horace was crossing a quiet square when a small cat jumped onto a fountain and knocked a shiny coin into the water. Horace reached down to retrieve it, but the cat splashed the water and darted away with a flick of its tail. This startled several pigeons nearby, and they scattered across the square as Horace laughed at the sudden chaos. A moment later, the cat returned and watched Horace from a safe distance."
0c40571ff093f733,"Horace was crossing a quiet square when a small cat jumped onto a fountain and knocked a shiny coin into the water. Horace reached down to retrieve it, but the cat splashed the water and darted away with a flick of its tail. This startled several pigeons nearby, and they scattered across the square as Horace laughed at the sudden chaos. A moment later, the cat returned and watched Horace from a safe distance."
004983f2ebf3d342,"Horace was crossing a quiet square when a small cat jumped onto a fountain and knocked a shiny coin into the water. Horace reached down to retrieve it, but the cat splashed the water and darted away with a flick of its tail. This startled several pigeons nearby, and they scattered across the square as Horace laughed at the sudden chaos. A moment later, the cat returned and watched Horace from a safe distance."
08ab51c4bcf6d716,"Horace was crossing a quiet square when a small cat jumped onto a fountain and knocked a shiny coin into the water. Horace reached down to retrieve it, but the cat splashed the water and darted away with a flick of its tail. This startled several pigeons nearby, and they scattered across the square as Horace laughed at the sudden chaos. A moment later, the cat returned and watched Horace from a safe distance."
fbcc214774f05979,"Horace was crossing a quiet square when a small cat jumped onto a fountain and knocked a shiny coin into the water. Horace reached down to retrieve it, but the cat splashed the water and darted away with a flick of its tail. This startled several pigeons nearby, and they scattered across the square as Horace laughed at the sudden chaos. A moment later, the cat returned and watched Horace from a safe distance."
fe0daf76a6c0a82a,"Horace was crossing a quiet square when a small cat jumped onto a fountain and knocked a shiny coin into the water. Horace reached down to retrieve it, but the cat splashed the water and darted away with a flick of its tail. This startled several pigeons nearby, and they scattered across the square as Horace laughed at the sudden chaos. A moment later, the cat returned and watched Horace from a safe distance."
7c81aadd82c606c1,"Horace was crossing a quiet square when a small cat jumped onto a fountain and knocked a shiny coin into the water. Horace reached down to retrieve it, but the cat splashed the water and darted away with a flick of its tail. This startled several pigeons nearby, and they scattered across the square as Horace laughed at the sudden chaos. A moment later, the cat returned and watched Horace from a safe distance."
60ff6fbaa1c380a5,"Horace was crossing a quiet square when a small cat jumped onto a fountain and knocked a shiny coin into the water. Horace reached down to retrieve it, but the cat splashed the water and darted away with a flick of its tail. This startled several pigeons nearby, and they scattered across the square as Horace laughed at the sudden chaos. A moment later, the cat returned and watched Horace from a safe distance."
88affc35a4046761,"Horace was crossing a quiet square when a small cat jumped onto a fountain and knocked a shiny coin into the water. Horace reached down to retrieve it, but the cat splashed the water and darted away with a flick of its tail. This startled several pigeons nearby, and they scattered across the square as Horace laughed at the sudden chaos. A moment later, the cat returned and watched Horace from a safe distance."
d4ca3e13bac51d26,"Horace was crossing a quiet square when a small cat jumped onto a fountain and knocked a shiny coin into the water. Horace reached down to retrieve it, but the cat splashed the water and darted away with a flick of its tail. This startled several pigeons nearby, and they scattered across the square as Horace laughed at the sudden chaos. A moment later, the cat returned and watched Horace from a safe distance."
9edc6bad4bcf8e05,"Horace was crossing a quiet square when a small cat jumped onto a fountain and knocked a shiny coin into the water. Horace reached down to retrieve it, but the cat splashed the water and darted away with a flick of its tail. This startled several pigeons nearby, and they scattered across the square as Horace laughed at the sudden chaos. A moment later, the cat returned and watched Horace from a safe distance."
f55275897ac0066c,"Horace was crossing a quiet square when a small cat jumped onto a fountain and knocked a shiny coin into the water. Horace reached down to retrieve it, but the cat splashed the water and darted away with a flick of its tail. This startled several pigeons nearby, and they scattered across the square as Horace laughed at the sudden chaos. A moment later, the cat returned and watched Horace from a safe distance."
68d5de4fa4137a37,"Horace was crossing a quiet square when a small cat jumped onto a fountain and knocked a shiny coin into the water. Horace reached down to retrieve it, but the cat splashed the water and darted away with a flick of its tail. This startled several pigeons nearby, and they scattered across the square as Horace laughed at the sudden chaos. A moment later, the cat returned and watched Horace from a safe distance."
1a7a5b41e8d02365,"Horace was crossing a quiet square when a small cat jumped onto a fountain and knocked a shiny coin into the water. Horace reached down to retrieve it, but the cat splashed the water and darted away with a flick of its tail. This startled several pigeons nearby, and they scattered across the square as Horace laughed at the sudden chaos. A moment later, the cat returned and watched Horace from a safe distance."
c33c14ca66f10317,"Horace was crossing a quiet square when a small cat jumped onto a fountain and knocked a shiny coin into the water. Horace reached down to retrieve it, but the cat splashed the water and darted away with a flick of its tail. This startled several pigeons nearby, and they scattered across the square as Horace laughed at the sudden chaos. A moment later, the cat returned and watched Horace from a safe distance."
bfd6970592669574,"Horace was crossing a quiet square when a small cat jumped onto a fountain and knocked a shiny coin into the water. Horace reached down to retrieve it, but the cat splashed the water and darted away with a flick of its tail. This startled several pigeons nearby, and they scattered across the square as Horace laughed at the sudden chaos. A moment later, the cat returned and watched Horace from a safe distance."
971a9d160a56ebdd,"Horace was crossing a quiet square when a small cat jumped onto a fountain and knocked a shiny coin into the water. Horace reached down to retrieve it, but the cat splashed the water and darted away with a flick of its tail. This startled several pigeons nearby, and they scattered across the square as Horace laughed at the sudden chaos. A moment later, the cat returned and watched Horace from a safe distance."
f5282d9bf7c7a789,"Horace was crossing a quiet square when a small cat jumped onto a fountain and knocked a shiny coin into the water. Horace reached down to retrieve it, but the cat splashed the water and darted away with a flick of its tail. This startled several pigeons nearby, and they scattered across the square as Horace laughed at the sudden chaos. A moment later, the cat returned and watched Horace from a safe distance."
7137fa6c40025199,"Horace was crossing a quiet square when a small cat jumped onto a fountain and knocked a shiny coin into the water. Horace reached down to retrieve it, but the cat splashed the water and darted away with a flick of its tail. This startled several pigeons nearby, and they scattered across the square as Horace laughed at the sudden chaos. A moment later, the cat returned and watched Horace from a safe distance."
3f5cee714124527e,"Horace was crossing a quiet square when a small cat jumped onto a fountain and knocked a shiny coin into the water. Horace reached down to retrieve it, but the cat splashed the water and darted away with a flick of its tail. This startled several pigeons nearby, and they scattered across the square as Horace laughed at the sudden chaos. A moment later, the cat returned and watched Horace from a safe distance."
5a5493eb792b3be6,"Horace was crossing a quiet square when a small cat jumped onto a fountain and knocked a shiny coin into the water. Horace reached down to retrieve it, but the cat splashed the water and darted away with a flick of its tail. This startled several pigeons nearby, and they scattered across the square as Horace laughed at the sudden chaos. A moment later, the cat returned and watched Horace from a safe distance."
c72e46ecc063aee7,"Horace was crossing a quiet square when a small cat jumped onto a fountain and knocked a shiny coin into the water. Horace reached down to retrieve it, but the cat splashed the water and darted away with a flick of its tail. This startled several pigeons nearby, and they scattered across the square as Horace laughed at the sudden chaos. A moment later, the cat returned and watched Horace from a safe distance."
20a0eb5bfebfb66e,"Horace was crossing a quiet square when a small cat jumped onto a fountain and knocked a shiny coin into the water. Horace reached down to retrieve it, but the cat splashed the water and darted away with a flick of its tail. This startled several pigeons nearby, and they scattered across the square as Horace laughed at the sudden chaos. A moment later, the cat returned and watched Horace from a safe distance."
08655487b5c3f2b9,"Horace was crossing a quiet square when a small cat jumped onto a fountain and knocked a shiny coin into the water. Horace reached down to retrieve it, but the cat splashed the water and darted away with a flick of its tail. This startled several pigeons nearby, and they scattered across the square as Horace laughed at the sudden chaos. A moment later, the cat returned and watched Horace from a safe distance."
e8c7779dd0d6b1a0,"Horace was crossing a quiet square when a small cat jumped onto a fountain and knocked a shiny coin into the water. Horace reached down to retrieve it, but the cat splashed the water and darted away with a flick of its tail. This startled several pigeons nearby, and they scattered across the square as Horace laughed at the sudden chaos. A moment later, the cat returned and watched Horace from a safe distance."
9f7ae44b4b31fd65,"Horace was crossing a quiet square when a small cat jumped onto a fountain and knocked a shiny coin into the water. Horace reached down to retrieve it, but the cat splashed the water and darted away with a flick of its tail. This startled several pigeons nearby, and they scattered across the square as Horace laughed at the sudden chaos. A moment later, the cat returned and watched Horace from a safe distance."
9a8a77a8e6221492,"Horace was crossing a quiet square when a small cat jumped onto a fountain and knocked a shiny coin into the water. Horace reached down to retrieve it, but the cat splashed the water and darted away with a flick of its tail. This startled several pigeons nearby, and they scattered across the square as Horace laughed at the sudden chaos. A moment later, the cat returned and watched Horace from a safe distance."
fd0b7df51029544c,"Horace was crossing a quiet square when a small cat jumped onto a fountain and knocked a shiny coin into the water. Horace reached down to retrieve it, but the cat splashed the water and darted away with a flick of its tail. This startled several pigeons nearby, and they scattered across the square as Horace laughed at the sudden chaos. A moment later, the cat returned and watched Horace from a safe distance."
8eac65fb3663bc94,"Horace was crossing a quiet square when a small cat jumped onto a fountain and knocked a shiny coin into the water. Horace reached down to retrieve it, but the cat splashed the water and darted away with a flick of its tail. This startled several pigeons nearby, and they scattered across the square as Horace laughed at the sudden chaos. A moment later, the cat returned and watched Horace from a safe distance."
a485f9521d6a9fcc,"Horace was crossing a quiet square when a small cat jumped onto a fountain and knocked a shiny coin into the water. Horace reached down to retrieve it, but the cat splashed the water and darted away with a flick of its tail. This startled several pigeons nearby, and they scattered across the square as Horace laughed at the sudden chaos. A moment later, the cat returned and watched Horace from a safe distance."
845cc6bd73cc1785,"Horace was crossing a quiet square when a small cat jumped onto a fountain and knocked a shiny coin into the water. Horace reached down to retrieve it, but the cat splashed the water and darted away with a flick of its tail. This startled several pigeons nearby, and they scattered across the square as Horace laughed at the sudden chaos. A moment later, the cat returned and watched Horace from a safe distance."
e1878e6390ccd241,"Horace was crossing a quiet square when a small cat jumped onto a fountain and knocked a shiny coin into the water. Horace reached down to retrieve it, but the cat splashed the water and darted away with a flick of its tail. This startled several pigeons nearby, and they scattered across the square as Horace laughed at the sudden chaos. A moment later, the cat returned and watched Horace from a safe distance."
c42ffb52722449f8,"Horace was crossing a quiet square when a small cat jumped onto a fountain and knocked a shiny coin into the water. Horace reached down to retrieve it, but the cat splashed the water and darted away with a flick of its tail. This startled several pigeons nearby, and they scattered across the square as Horace laughed at the sudden chaos. A moment later, the cat returned and watched Horace from a safe distance."
c99637b7b940af06,"Horace was crossing a quiet square when a small cat jumped onto a fountain and knocked a shiny coin into the water. Horace reached down to retrieve it, but the cat splashed the water and darted away with a flick of its tail. This startled several pigeons nearby, and they scattered across the square as Horace laughed at the sudden chaos. A moment later, the cat returned and watched Horace from a safe distance."
0a6290a3f09a3845,"Horace was crossing a quiet square when a small cat jumped onto a fountain and knocked a shiny coin into the water. Horace reached down to retrieve it, but the cat splashed the water and darted away with a flick of its tail. This startled several pigeons nearby, and they scattered across the square as Horace laughed at the sudden chaos. A moment later, the cat returned and watched Horace from a safe distance."
23e183a8a3b764ee,"Horace was crossing a quiet square when a small cat jumped onto a fountain and knocked a shiny coin into the water. Horace reached down to retrieve it, but the cat splashed the water and darted away with a flick of its tail. This startled several pigeons nearby, and they scattered across the square as Horace laughed at the sudden chaos. A moment later, the cat returned and watched Horace from a safe distance."
860119a954365359,"Horace was crossing a quiet square when a small cat jumped onto a fountain and knocked a shiny coin into the water. Horace reached down to retrieve it, but the cat splashed the water and darted away with a flick of its tail. This startled several pigeons nearby, and they scattered across the square as Horace laughed at the sudden chaos. A moment later, the cat returned and watched Horace from a safe distance."
4b3202b712286e4a,"Horace was crossing a quiet square when a small cat jumped onto a fountain and knocked a shiny coin into the water. Horace reached down to retrieve it, but the cat splashed the water and darted away with a flick of its tail. This startled several pigeons nearby, and they scattered across the square as Horace laughed at the sudden chaos. A moment later, the cat returned and watched Horace from a safe distance. I don’t know."
2cfe066e7f0a42bf,"Horace was crossing a quiet square when a small cat jumped onto a fountain and knocked a shiny coin into the water. Horace reached down to retrieve it, but the cat splashed the water and darted away with a flick of its tail. This startled several pigeons nearby, and they scattered across the square as Horace laughed at the sudden chaos. A moment later, the cat returned and watched Horace from a safe distance. I don’t know."
5784abc2212311e6,"Horace was crossing a quiet square when a small cat jumped onto a fountain and knocked a shiny coin into the water. Horace reached down to retrieve it, but the cat splashed the water and darted away with a flick of its tail. This startled several pigeons nearby, and they scattered across the square as Horace laughed at the sudden chaos. A moment later, the cat returned and watched Horace from a safe distance."
0d3a8f039b3d7773,"Horace was crossing a quiet square when a small cat jumped onto a fountain and knocked a shiny coin into the water. Horace reached down to retrieve it, but the cat splashed the water and darted away with a flick of its tail. This startled several pigeons nearby, and they scattered across the square as Horace laughed at the sudden chaos. A moment later, the cat returned and watched Horace from a safe distance."
896e45dc31afce47,"Horace was crossing a quiet square when a small cat jumped onto a fountain and knocked a shiny coin into the water. Horace reached down to retrieve it, but the cat splashed the water and darted away with a flick of its tail. This startled several pigeons nearby, and they scattered across the square as Horace laughed at the sudden chaos. A moment later, the cat returned and watched Horace from a safe distance."
7be539a818787310,"Horace was crossing a quiet square when a small cat jumped onto a fountain and knocked a shiny coin into the water. Horace reached down to retrieve it, but the cat splashed the water and darted away with a flick of its tail. This startled several pigeons nearby, and they scattered across the square as Horace laughed at the sudden chaos. A moment later, the cat returned and watched Horace from a safe distance."
2e2bca8caef1f0cd,"Horace was crossing a quiet square when a small cat jumped onto a fountain and knocked a shiny coin into the water. Horace reached down to retrieve it, but the cat splashed the water and darted away with a flick of its tail. This startled several pigeons nearby, and they scattered across the square as Horace laughed at the sudden chaos. A moment later, the cat returned and watched Horace from a safe distance."
bfca85dcb6c28b06,"Horace was crossing a quiet square when a small cat jumped onto a fountain and knocked a shiny coin into the water. He reached down to retrieve it, but the cat splashed the water and darted away with a flick of its tail. This startled several pigeons nearby, and they scattered across the square as he laughed at the sudden chaos. A moment later, the cat returned and watched him from a safe distance."
0c148d6c7cde351f,"Horace was crossing a quiet square when a small cat jumped onto a fountain and knocked a shiny coin into the water. Horace reached down to retrieve it, but the cat splashed the water and darted away with a flick of its tail. This startled several pigeons nearby, and they scattered across the square as Horace laughed at the sudden chaos. A moment later, the cat returned and watched Horace from a safe distance."
16d73b0e69e7c8f8,"Horace was crossing a quiet square when a small cat jumped onto a fountain and knocked a shiny coin into the water. Horace reached down to retrieve it, but the cat splashed the water and darted away with a flick of its tail. This startled several pigeons nearby, and they scattered across the square as Horace laughed at the sudden chaos. A moment later, the cat returned and watched Horace from a safe distance."
7e3e708779cce5f0,"Horace was crossing a quiet square when a small cat jumped onto a fountain and knocked a shiny coin into the water. He reached down to retrieve it, but the cat splashed the water and darted away with a flick of its tail. This startled several pigeons nearby, and they scattered across the square as he laughed at the sudden chaos. A moment later, the cat returned and watched him from a safe distance."
77b66a13657d4138,"Horace was crossing a quiet square when a small cat jumped onto a fountain and knocked a shiny coin into the water. Horace reached down to retrieve it, but the cat splashed the water and darted away with a flick of its tail. This startled several pigeons nearby, and they scattered across the square as Horace laughed at the sudden chaos. A moment later, the cat returned and watched Horace from a safe distance."
0756f8f887591188,"Horace was crossing a quiet square when a small cat jumped onto a fountain and knocked a shiny coin into the water. Horace reached down to retrieve it, but the cat splashed the water and darted away with a flick of its tail. This startled several pigeons nearby, and they scattered across the square as Horace laughed at the sudden chaos. A moment later, the cat returned and watched Horace from a safe distance."
dd29f0af30c2b17c,"Horace was crossing a quiet square when a small cat jumped onto a fountain and knocked a shiny coin into the water. Horace reached down to retrieve it, but the cat splashed the water and darted away with a flick of its tail. This startled several pigeons nearby, and they scattered across the square as Horace laughed at the sudden chaos. A moment later, the cat returned and watched Horace from a safe distance."
2c3ae213716f612a,"Horace was crossing a quiet square when a small cat jumped onto a fountain and knocked a shiny coin into the water. Horace reached down to retrieve it, but the cat splashed the water and darted away with a flick of its tail. This startled several pigeons nearby, and they scattered across the square as Horace laughed at the sudden chaos. A moment later, the cat returned and watched Horace from a safe distance."
50efcf9bc52b713c,"Horace was crossing a quiet square when a small cat jumped onto a fountain and knocked a shiny coin into the water. Horace reached down to retrieve it, but the cat splashed the water and darted away with a flick of its tail. This startled several pigeons nearby, and they scattered across the square as Horace laughed at the sudden chaos. A moment later, the cat returned and watched Horace from a safe distance."
2161942e52a23578,"Horace was crossing a quiet square when a small cat jumped onto a fountain and knocked a shiny coin into the water. Horace reached down to retrieve it, but the cat splashed the water and darted away with a flick of its tail. This startled several pigeons nearby, and they scattered across the square as Horace laughed at the sudden chaos. A moment later, the cat returned and watched Horace from a safe distance."
1f39e9e369bf45dd,"Horace was crossing a quiet square when a small cat jumped onto a fountain and knocked a shiny coin into the water. Horace reached down to retrieve it, but the cat splashed the water and darted away with a flick of its tail. This startled several pigeons nearby, and they scattered across the square as Horace laughed at the sudden chaos. A moment later, the cat returned and watched Horace from a safe distance. I don’t know."
962a612238eccf99,"Horace was crossing a quiet square when a small cat jumped onto a fountain and knocked a shiny coin into the water. Horace reached down to retrieve it, but the cat splashed the water and darted away with a flick of its tail. This startled several pigeons nearby, and they scattered across the square as Horace laughed at the sudden chaos. A moment later, the cat returned and watched Horace from a safe distance."
9efd1afa572715be,"Horace was crossing a quiet square when a small cat jumped onto a fountain and knocked a shiny coin into the water. Horace reached down to retrieve it, but the cat splashed the water and darted away with a flick of its tail. This startled several pigeons nearby, and they scattered across the square as Horace laughed at the sudden chaos. A moment later, the cat returned and watched Horace from a safe distance."
0cd8c1bc060716fe,"Horace was crossing a quiet square when a small cat jumped onto a fountain and knocked a shiny coin into the water. Horace reached down to retrieve it, but the cat splashed the water and darted away with a flick of its tail. This startled several pigeons nearby, and they scattered across the square as Horace laughed at the sudden chaos. A moment later, the cat returned and watched Horace from a safe distance."
9b706a401405cc89,"Horace was crossing a quiet square when a small cat jumped onto a fountain and knocked a shiny coin into the water. Horace reached down to retrieve it, but the cat splashed the water and darted away with a flick of its tail. This startled several pigeons nearby, and they scattered across the square as Horace laughed at the sudden chaos. A moment later, the cat returned and watched Horace from a safe distance."
008a0295237bc03c,"Horace was crossing a quiet square when a small cat jumped onto a fountain and knocked a shiny coin into the water. Horace reached down to retrieve it, but the cat splashed the water and darted away with a flick of its tail. This startled several pigeons nearby, and they scattered across the square as Horace laughed at the sudden chaos. A moment later, the cat returned and watched Horace from a safe distance. I don’t know."
cbd00532eb87dba7,"Horace was crossing a quiet square when a small cat jumped onto a fountain and knocked a shiny coin into the water. Horace reached down to retrieve it, but the cat splashed the water and darted away with a flick of its tail. This startled several pigeons nearby, and they scattered across the square as Horace laughed at the sudden chaos. A moment later, the cat returned and watched Horace from a safe distance."
ffcb2076b2a0402d,"Horace was crossing a quiet square when a small cat jumped onto a fountain and knocked a shiny coin into the water. Horace reached down to retrieve it, but the cat splashed the water and darted away with a flick of its tail. This startled several pigeons nearby, and they scattered across the square as Horace laughed at the sudden chaos. A moment later, the cat returned and watched Horace from a safe distance."
ae6a211d4f7a3e0a,"Horace was crossing a quiet square when a small cat jumped onto a fountain and knocked a shiny coin into the water. Horace reached down to retrieve it, but the cat splashed the water and darted away with a flick of its tail. This startled several pigeons nearby, and they scattered across the square as Horace laughed at the sudden chaos. A moment later, the cat returned and watched Horace from a safe distance."
cee5fb5d412bb213,"Horace was crossing a quiet square when a small cat jumped onto a fountain and knocked a shiny coin into the water. Horace reached down to retrieve it, but the cat splashed the water and darted away with a flick of its tail. This startled several pigeons nearby, and they scattered across the square as Horace laughed at the sudden chaos. A moment later, the cat returned and watched Horace from a safe distance."
5f6d782b10aeeffe,"Horace was crossing a quiet square when a small cat jumped onto a fountain and knocked a shiny coin into the water. Horace reached down to retrieve it, but the cat splashed the water and darted away with a flick of its tail. This startled several pigeons nearby, and they scattered across the square as Horace laughed at the sudden chaos. A moment later, the cat returned and watched Horace from a safe distance."
6c11c546ebbe389b,"Horace was crossing a quiet square when a small cat jumped onto a fountain and knocked a shiny coin into the water. Horace reached down to retrieve it, but the cat splashed the water and darted away with a flick of its tail. This startled several pigeons nearby, and they scattered across the square as Horace laughed at the sudden chaos. A moment later, the cat returned and watched Horace from a safe distance."
12f77e67b04c3d67,"Horace was crossing a quiet square when a small cat jumped onto a fountain and knocked a shiny coin into the water. He reached down to retrieve it, but the cat splashed the water and darted away with a flick of its tail. This startled several pigeons nearby, and they scattered across the square as he laughed at the sudden chaos. A moment later, the cat returned and watched him from a safe distance."
e5807248bb187728,"Horace was crossing a quiet square when a small cat jumped onto a fountain and knocked a shiny coin into the water. Horace reached down to retrieve it, but the cat splashed the water and darted away with a flick of its tail. This startled several pigeons nearby, and they scattered across the square as Horace laughed at the sudden chaos. A moment later, the cat returned and watched Horace from a safe distance."
fecca9fe280b3d0e,"Horace was crossing a quiet square when a small cat jumped onto a fountain and knocked a shiny coin into the water. Horace reached down to retrieve it, but the cat splashed the water and darted away with a flick of its tail. This startled several pigeons nearby, and they scattered across the square as Horace laughed at the sudden chaos. A moment later, the cat returned and watched Horace from a safe distance."
66af74e04cd420e3,"Horace was crossing a quiet square when a small cat jumped onto a fountain and knocked a shiny coin into the water. Horace reached down to retrieve it, but the cat splashed the water and darted away with a flick of its tail. This startled several pigeons nearby, and they scattered across the square as Horace laughed at the sudden chaos. A moment later, the cat returned and watched Horace from a safe distance."
da01fcab124f6d4c,"Horace was crossing a quiet square when a small cat jumped onto a fountain and knocked a shiny coin into the water. Horace reached down to retrieve it, but the cat splashed the water and darted away with a flick of its tail. This startled several pigeons nearby, and they scattered across the square as Horace laughed at the sudden chaos. A moment later, the cat returned and watched Horace from a safe distance."
33517136da0a38ec,"Horace was crossing a quiet square when a small cat jumped onto a fountain and knocked a shiny coin into the water. Horace reached down to retrieve it, but the cat splashed the water and darted away with a flick of its tail. This startled several pigeons nearby, and they scattered across the square as Horace laughed at the sudden chaos. A moment later, the cat returned and watched Horace from a safe distance."
6b61cff8ae1c1623,"Horace was crossing a quiet square when a small cat jumped onto a fountain and knocked a shiny coin into the water. Horace reached down to retrieve it, but the cat splashed the water and darted away with a flick of its tail. This startled several pigeons nearby, and they scattered across the square as Horace laughed at the sudden chaos. A moment later, the cat returned and watched Horace from a safe distance."
49f1bc3262db7cb2,"Horace was crossing a quiet square when a small cat jumped onto a fountain and knocked a shiny coin into the water. Horace reached down to retrieve it, but the cat splashed the water and darted away with a flick of its tail. This startled several pigeons nearby, and they scattered across the square as Horace laughed at the sudden chaos. A moment later, the cat returned and watched Horace from a safe distance."
0bb21389412211c9,"Horace was crossing a quiet square when a small cat jumped onto a fountain and knocked a shiny coin into the water. Horace reached down to retrieve it, but the cat splashed the water and darted away with a flick of its tail. This startled several pigeons nearby, and they scattered across the square as Horace laughed at the sudden chaos. A moment later, the cat returned and watched Horace from a safe distance."
c0ec6cf07923d1a4,"Horace was crossing a quiet square when a small cat jumped onto a fountain and knocked a shiny coin into the water. Horace reached down to retrieve it, but the cat splashed the water and darted away with a flick of its tail. This startled several pigeons nearby, and they scattered across the square as Horace laughed at the sudden chaos. A moment later, the cat returned and watched Horace from a safe distance."
a441bf6e4aac2320,"Horace was crossing a quiet square when a small cat jumped onto a fountain and knocked a shiny coin into the water. Horace reached down to retrieve it, but the cat splashed the water and darted away with a flick of its tail. This startled several pigeons nearby, and they scattered across the square as Horace laughed at the sudden chaos. A moment later, the cat returned and watched Horace from a safe distance."
3c3c590f82700da4,"Horace was crossing a quiet square when a small cat jumped onto a fountain and knocked a shiny coin into the water. Horace reached down to retrieve it, but the cat splashed the water and darted away with a flick of its tail. This startled several pigeons nearby, and they scattered across the square as Horace laughed at the sudden chaos. A moment later, the cat returned and watched Horace from a safe distance."
a533a03c3bd4f1d8,"Horace was crossing a quiet square when a small cat jumped onto a fountain and knocked a shiny coin into the water. Horace reached down to retrieve it, but the cat splashed the water and darted away with a flick of its tail. This startled several pigeons nearby, and they scattered across the square as Horace laughed at the sudden chaos. A moment later, the cat returned and watched Horace from a safe distance."
79bbc29022d940f6,"Horace was crossing a quiet square when a small cat jumped onto a fountain and knocked a shiny coin into the water. Horace reached down to retrieve it, but the cat splashed the water and darted away with a flick of its tail. This startled several pigeons nearby, and they scattered across the square as Horace laughed at the sudden chaos. A moment later, the cat returned and watched Horace from a safe distance."
81d20cfba9a33e39,"Horace was crossing a quiet square when a small cat jumped onto a fountain and knocked a shiny coin into the water. Horace reached down to retrieve it, but the cat splashed the water and darted away with a flick of its tail. This startled several pigeons nearby, and they scattered across the square as Horace laughed at the sudden chaos. A moment later, the cat returned and watched Horace from a safe distance."
63681a7355cbc27c,"Horace was crossing a quiet square when a small cat jumped onto a fountain and knocked a shiny coin into the water. Horace reached down to retrieve it, but the cat splashed the water and darted away with a flick of its tail. This startled several pigeons nearby, and they scattered across the square as Horace laughed at the sudden chaos. A moment later, the cat returned and watched Horace from a safe distance."
7264fcf8b370e3a7,"Horace was crossing a quiet square when a small cat jumped onto a fountain and knocked a shiny coin into the water. He reached down to retrieve it, but the cat splashed the water and darted away with a flick of its tail. This startled several pigeons nearby, and they scattered across the square as he laughed at the sudden chaos. A moment later, the cat returned and watched him from a safe distance."
dbf9fa58106587a7,"Horace was crossing a quiet square when a small cat jumped onto a fountain and knocked a shiny coin into the water. Horace reached down to retrieve it, but the cat splashed the water and darted away with a flick of its tail. This startled several pigeons nearby, and they scattered across the square as Horace laughed at the sudden chaos. A moment later, the cat returned and watched Horace from a safe distance."
19b1d7d0d27ea129,"Horace was crossing a quiet square when a small cat jumped onto a fountain and knocked a shiny coin into the water. Horace reached down to retrieve it, but the cat splashed the water and darted away with a flick of its tail. This startled several pigeons nearby, and they scattered across the square as Horace laughed at the sudden chaos. A moment later, the cat returned and watched Horace from a safe distance."
7163f2b084889926,"Horace was crossing a quiet square when a small cat jumped onto a fountain and knocked a shiny coin into the water. He reached down to retrieve it, but the cat splashed the water and darted away with a flick of its tail. This startled several pigeons nearby, and they scattered across the square as he laughed at the sudden chaos. A moment later, the cat returned and watched him from a safe distance."
4b06165225acd9bb,"Horace was crossing a quiet square when a small cat jumped onto a fountain and knocked a shiny coin into the water. He reached down to retrieve it, but the cat splashed the water and darted away with a flick of its tail. This startled several pigeons nearby, and they scattered across the square as he laughed at the sudden chaos. A moment later, the cat returned and watched him from a safe distance."
ec363af8842ac3ec,"Horace was crossing a quiet square when a small cat jumped onto a fountain and knocked a shiny coin into the water. He reached down to retrieve it, but the cat splashed the water and darted away with a flick of its tail. This startled several pigeons nearby, and they scattered across the square as he laughed at the sudden chaos. A moment later, the cat returned and watched him from a safe distance."
3ab90a4a5b3b459b,"Horace was crossing a quiet square when a small cat jumped onto a fountain and knocked a shiny coin into the water. He reached down to retrieve it, but the cat splashed the water and darted away with a flick of its tail. This startled several pigeons nearby, and they scattered across the square as he laughed at the sudden chaos. A moment later, the cat returned and watched him from a safe distance."
ee41baa46ab7f5be,"Horace was crossing a quiet square when a small cat jumped onto a fountain and knocked a shiny coin into the water. He reached down to retrieve it, but the cat splashed the water and darted away with a flick of its tail. This startled several pigeons nearby, and they scattered across the square as he laughed at the sudden chaos. A moment later, the cat returned and watched him from a safe distance."
98596ace45ba1644,"Horace was crossing a quiet square when a small cat jumped onto a fountain and knocked a shiny coin into the water. He reached down to retrieve it, but the cat splashed the water and darted away with a flick of its tail. This startled several pigeons nearby, and they scattered across the square as he laughed at the sudden chaos. A moment later, the cat returned and watched him from a safe distance."
df328a5e5c041cc5,"Horace was crossing a quiet square when a small cat jumped onto a fountain and knocked a shiny coin into the water. He reached down to retrieve it, but the cat splashed the water and darted away with a flick of its tail. This startled several pigeons nearby, and they scattered across the square as he laughed at the sudden chaos. A moment later, the cat returned and watched him from a safe distance."
187baf5ccb217050,"Horace was crossing a quiet square when a small cat jumped onto a fountain and knocked a shiny coin into the water. Horace reached down to retrieve it, but the cat splashed the water and darted away with a flick of its tail. This startled several pigeons nearby, and they scattered across the square as Horace laughed at the sudden chaos. A moment later, the cat returned and watched Horace from a safe distance."
635315c809b0f27a,"Horace was crossing a quiet square when a small cat jumped onto a fountain and knocked a shiny coin into the water. He reached down to retrieve it, but the cat splashed the water and darted away with a flick of its tail. This startled several pigeons nearby, and they scattered across the square as he laughed at the sudden chaos. A moment later, the cat returned and watched him from a safe distance."
bd2be24455cc817c,"Horace was crossing a quiet square when a small cat jumped onto a fountain and knocked a shiny coin into the water. Horace reached down to retrieve it, but the cat splashed the water and darted away with a flick of its tail. This startled several pigeons nearby, and they scattered across the square as Horace laughed at the sudden chaos. A moment later, the cat returned and watched Horace from a safe distance. I don’t know."
24f4e3beea47029f,"Horace was crossing a quiet square when a small cat jumped onto a fountain and knocked a shiny coin into the water. Horace reached down to retrieve it, but the cat splashed the water and darted away with a flick of its tail. This startled several pigeons nearby, and they scattered across the square as Horace laughed at the sudden chaos. A moment later, the cat returned and watched Horace from a safe distance."
33ed672f9d40ec98,"Horace was crossing a quiet square when a small cat jumped onto a fountain and knocked a shiny coin into the water. Horace reached down to retrieve it, but the cat splashed the water and darted away with a flick of its tail. This startled several pigeons nearby, and they scattered across the square as Horace laughed at the sudden chaos. A moment later, the cat returned and watched Horace from a safe distance."
fdcfe3b16152f1a1,"Horace was crossing a quiet square when a small cat jumped onto a fountain and knocked a shiny coin into the water. He reached down to retrieve it, but the cat splashed the water and darted away with a flick of its tail. This startled several pigeons nearby, and they scattered across the square as he laughed at the sudden chaos. A moment later, the cat returned and watched him from a safe distance."
d74734acf9f88e1f,"Horace was crossing a quiet square when a small cat jumped onto a fountain and knocked a shiny coin into the water. He reached down to retrieve it, but the cat splashed the water and darted away with a flick of its tail. This startled several pigeons nearby, and they scattered across the square as he laughed at the sudden chaos. A moment later, the cat returned and watched him from a safe distance."
ba35286c22ef0e7e,"Horace was crossing a quiet square when a small cat jumped onto a fountain and knocked a shiny coin into the water. Horace reached down to retrieve it, but the cat splashed the water and darted away with a flick of its tail. This startled several pigeons nearby, and they scattered across the square as Horace laughed at the sudden chaos. A moment later, the cat returned and watched Horace from a safe distance."
73151ea643d99032,"Horace was crossing a quiet square when a small cat jumped onto a fountain and knocked a shiny coin into the water. Horace reached down to retrieve it, but the cat splashed the water and darted away with a flick of its tail. This startled several pigeons nearby, and they scattered across the square as Horace laughed at the sudden chaos. A moment later, the cat returned and watched Horace from a safe distance."
03a66d2d2ccee309,"Horace was crossing a quiet square when a small cat jumped onto a fountain and knocked a shiny coin into the water. Horace reached down to retrieve it, but the cat splashed the water and darted away with a flick of its tail. This startled several pigeons nearby, and they scattered across the square as Horace laughed at the sudden chaos. A moment later, the cat returned and watched Horace from a safe distance."
5ed2b42d02952cd7,"Horace was crossing a quiet square when a small cat jumped onto a fountain and knocked a shiny coin into the water. He reached down to retrieve it, but the cat splashed the water and darted away with a flick of its tail. This startled several pigeons nearby, and they scattered across the square as he laughed at the sudden chaos. A moment later, the cat returned and watched him from a safe distance."
dbdd1a4867ca9932,"Horace was crossing a quiet square when a small cat jumped onto a fountain and knocked a shiny coin into the water. He reached down to retrieve it, but the cat splashed the water and darted away with a flick of its tail. This startled several pigeons nearby, and they scattered across the square as he laughed at the sudden chaos. A moment later, the cat returned and watched him from a safe distance."
c69f8c83fd7f4cc6,"Horace was crossing a quiet square when a small cat jumped onto a fountain and knocked a shiny coin into the water. He reached down to retrieve it, but the cat splashed the water and darted away with a flick of its tail. This startled several pigeons nearby, and they scattered across the square as he laughed at the sudden chaos. A moment later, the cat returned and watched him from a safe distance."
af43910df5ffab34,"Horace was crossing a quiet square when a small cat jumped onto a fountain and knocked a shiny coin into the water. He reached down to retrieve it, but the cat splashed the water and darted away with a flick of its tail. This startled several pigeons nearby, and they scattered across the square as he laughed at the sudden chaos. A moment later, the cat returned and watched him from a safe distance."
d114cad7bfe72b23,"Horace was crossing a quiet square when a small cat jumped onto a fountain and knocked a shiny coin into the water. Horace reached down to retrieve it, but the cat splashed the water and darted away with a flick of its tail. This startled several pigeons nearby, and they scattered across the square as Horace laughed at the sudden chaos. A moment later, the cat returned and watched Horace from a safe distance."
844ecbf955462354,"Horace was crossing a quiet square when a small cat jumped onto a fountain and knocked a shiny coin into the water. He reached down to retrieve it, but the cat splashed the water and darted away with a flick of its tail. This startled several pigeons nearby, and they scattered across the square as he laughed at the sudden chaos. A moment later, the cat returned and watched him from a safe distance."
8de760d3fc4e4ee2,"Horace was crossing a quiet square when a small cat jumped onto a fountain and knocked a shiny coin into the water. He reached down to retrieve it, but the cat splashed the water and darted away with a flick of its tail. This startled several pigeons nearby, and they scattered across the square as he laughed at the sudden chaos. A moment later, the cat returned and watched him from a safe distance."
1a50c0d46366469c,"Horace was crossing a quiet square when a small cat jumped onto a fountain and knocked a shiny coin into the water. Horace reached down to retrieve it, but the cat splashed the water and darted away with a flick of its tail. This startled several pigeons nearby, and they scattered across the square as Horace laughed at the sudden chaos. A moment later, the cat returned and watched Horace from a safe distance."
252b57ebaed7b109,"Horace was crossing a quiet square when a small cat jumped onto a fountain and knocked a shiny coin into the water. He reached down to retrieve it, but the cat splashed the water and darted away with a flick of its tail. This startled several pigeons nearby, and they scattered across the square as he laughed at the sudden chaos. A moment later, the cat returned and watched him from a safe distance."
abca566961b17630,"Horace was crossing a quiet square when a small cat jumped onto a fountain and knocked a shiny coin into the water. He reached down to retrieve it, but the cat splashed the water and darted away with a flick of its tail. This startled several pigeons nearby, and they scattered across the square as he laughed at the sudden chaos. A moment later, the cat returned and watched him from a safe distance."
4d7499739ad68267,"Horace was crossing a quiet square when a small cat jumped onto a fountain and knocked a shiny coin into the water. He reached down to retrieve it, but the cat splashed the water and darted away with a flick of its tail. This startled several pigeons nearby, and they scattered across the square as he laughed at the sudden chaos. A moment later, the cat returned and watched him from a safe distance. I don’t know."
db09fbd1984461ef,"Horace was crossing a quiet square when a small cat jumped onto a fountain and knocked a shiny coin into the water. He reached down to retrieve it, but the cat splashed the water and darted away with a flick of its tail. This startled several pigeons nearby, and they scattered across the square as he laughed at the sudden chaos. A moment later, the cat returned and watched him from a safe distance."
86909dcc208525cf,"Horace was crossing a quiet square when a small cat jumped onto a fountain and knocked a shiny coin into the water. He reached down to retrieve it, but the cat splashed the water and darted away with a flick of its tail. This startled several pigeons nearby, and they scattered across the square as he laughed at the sudden chaos. A moment later, the cat returned and watched him from a safe distance. I don’t know."
3e150e344fe66ce3,"Horace was crossing a quiet square when a small cat jumped onto a fountain and knocked a shiny coin into the water. He reached down to retrieve it, but the cat splashed the water and darted away with a flick of its tail. This startled several pigeons nearby, and they scattered across the square as he laughed at the sudden chaos. A moment later, the cat returned and watched him from a safe distance. I don’t know."
b41710571d28bc74,"Horace was crossing a quiet square when a small cat jumped onto a fountain and knocked a shiny coin into the water. He reached down to retrieve it, but the cat splashed the water and darted away with a flick of its tail. This startled several pigeons nearby, and they scattered across the square as he laughed at the sudden chaos. A moment later, the cat returned and watched him from a safe distance."
f36ac02295a3a66a,"Horace was crossing a quiet square when a small cat jumped onto a fountain and knocked a shiny coin into the water. He reached down to retrieve it, but the cat splashed the water and darted away with a flick of its tail. This startled several pigeons nearby, and they scattered across the square as he laughed at the sudden chaos. A moment later, the cat returned and watched him from a safe distance. I don’t know."
c54d421f70ba5ca5,"Horace was crossing a quiet square when a small cat jumped onto a fountain and knocked a shiny coin into the water. He reached down to retrieve it, but the cat splashed the water and darted away with a flick of its tail. This startled several pigeons nearby, and they scattered across the square as he laughed at the sudden chaos. A moment later, the cat returned and watched him from a safe distance. I don’t know."
f2725243a6af06bc,"Horace was crossing a quiet square when a small cat jumped onto a fountain and knocked a shiny coin into the water. He reached down to retrieve it, but the cat splashed the water and darted away with a flick of its tail. This startled several pigeons nearby, and they scattered across the square as he laughed at the sudden chaos. A moment later, the cat returned and watched him from a safe distance. I don’t know."
1546ae3424c8d381,"Horace was crossing a quiet square when a small cat jumped onto a fountain and knocked a shiny coin into the water. He reached down to retrieve it, but the cat splashed the water and darted away with a flick of its tail. This startled several pigeons nearby, and they scattered across the square as he laughed at the sudden chaos. A moment later, the cat returned and watched him from a safe distance."
0ecbe41a18307025,"Horace was crossing a quiet square when a small cat jumped onto a fountain and knocked a shiny coin into the water. He reached down to retrieve it, but the cat splashed the water and darted away with a flick of its tail. This startled several pigeons nearby, and they scattered across the square as he laughed at the sudden chaos. A moment later, the cat returned and watched him from a safe distance. I don’t know."
b526db8602d047e0,"Horace was crossing a quiet square when a small cat jumped onto a fountain and knocked a shiny coin into the water. He reached down to retrieve it, but the cat splashed the water and darted away with a flick of its tail. This startled several pigeons nearby, and they scattered across the square as he laughed at the sudden chaos. A moment later, the cat returned and watched him from a safe distance. I don’t know."
fe8b444021990a84,"Horace was crossing a quiet square when a small cat jumped onto a fountain and knocked a shiny coin into the water. He reached down to retrieve it, but the cat splashed the water and darted away with a flick of its tail. This startled several pigeons nearby, and they scattered across the square as he laughed at the sudden chaos. A moment later, the cat returned and watched him from a safe distance. I don’t know."
0835eb078a2fa15e,"Horace was crossing a quiet square when a small cat jumped onto a fountain and knocked a shiny coin into the water. He reached down to retrieve it, but the cat splashed the water and darted away with a flick of its tail. This startled several pigeons nearby, and they scattered across the square as he laughed at the sudden chaos. A moment later, the cat returned and watched him from a safe distance."
4895af4c0bf521f3,"Horace was crossing a quiet square when a small cat jumped onto a fountain and knocked a shiny coin into the water. He reached down to retrieve it, but the cat splashed the water and darted away with a flick of its tail. This startled several pigeons nearby, and they scattered across the square as he laughed at the sudden chaos. A moment later, the cat returned and watched him from a safe distance. I don’t know."
2cf1ee89fb0f8648,"Horace was crossing a quiet square when a small cat jumped onto a fountain and knocked a shiny coin into the water. He reached down to retrieve it, but the cat splashed the water and darted away with a flick of its tail. This startled several pigeons nearby, and they scattered across the square as he laughed at the sudden chaos. A moment later, the cat returned and watched him from a safe distance. I don’t know."
9b0e7c4a3bc187b0,"Horace was crossing a quiet square when a small cat jumped onto a fountain and knocked a shiny coin into the water. He reached down to retrieve it, but the cat splashed the water and darted away with a flick of its tail. This startled several pigeons nearby, and they scattered across the square as he laughed at the sudden chaos. A moment later, the cat returned and watched him from a safe distance."
06d3243ea49f003d,"Horace was crossing a quiet square when a small cat jumped onto a fountain and knocked a shiny coin into the water. He reached down to retrieve it, but the cat splashed the water and darted away with a flick of its tail. This startled several pigeons nearby, and they scattered across the square as he laughed at the sudden chaos. A moment later, the cat returned and watched him from a safe distance."
6874bddcd286e933,"Horace was crossing a quiet square when a small cat jumped onto a fountain and knocked a shiny coin into the water. He reached down to retrieve it, but the cat splashed the water and darted away with a flick of its tail. This startled several pigeons nearby, and they scattered across the square as he laughed at the sudden chaos. A moment later, the cat returned and watched him from a safe distance."
e923a74326b19c11,"Horace was crossing a quiet square when a small cat jumped onto a fountain and knocked a shiny coin into the water. He reached down to retrieve it, but the cat splashed the water and darted away with a flick of its tail. This startled several pigeons nearby, and they scattered across the square as he laughed at the sudden chaos. A moment later, the cat returned and watched him from a safe distance. I don’t know."
defd4cd3b12a58df,"Horace was crossing a quiet square when a small cat jumped onto a fountain and knocked a shiny coin into the water. He reached down to retrieve it, but the cat splashed the water and darted away with a flick of its tail. This startled several pigeons nearby, and they scattered across the square as he laughed at the sudden chaos. A moment later, the cat returned and watched him from a safe distance."
7ce41d53535f173f,"Horace was crossing a quiet square when a small cat jumped onto a fountain and knocked a shiny coin into the water. He reached down to retrieve it, but the cat splashed the water and darted away with a flick of its tail. This startled several pigeons nearby, and they scattered across the square as he laughed at the sudden chaos. A moment later, the cat returned and watched him from a safe distance. I don’t know."
8294dbafc136dedf,"Horace was crossing a quiet square when a small cat jumped onto a fountain and knocked a shiny coin into the water. He reached down to retrieve it, but the cat splashed the water and darted away with a flick of its tail. This startled several pigeons nearby, and they scattered across the square as he laughed at the sudden chaos. A moment later, the cat returned and watched him from a safe distance. I don’t know."
90d80625018427ae,"Horace was crossing a quiet square when a small cat jumped onto a fountain and knocked a shiny coin into the water. He reached down to retrieve it, but the cat splashed the water and darted away with a flick of its tail. This startled several pigeons nearby, and they scattered across the square as he laughed at the sudden chaos. A moment later, the cat returned and watched him from a safe distance."
da685f226197909a,"Horace was crossing a quiet square when a small cat jumped onto a fountain and knocked a shiny coin into the water. Horace reached down to retrieve it, but the cat splashed the water and darted away with a flick of its tail. This startled several pigeons nearby, and they scattered across the square as Horace laughed at the sudden chaos. A moment later, the cat returned and watched Horace from a safe distance."
20cc49e6f2d73b19,"Horace was crossing a quiet square when a small cat jumped onto a fountain and knocked a shiny coin into the water. He reached down to retrieve it, but the cat splashed the water and darted away with a flick of its tail. This startled several pigeons nearby, and they scattered across the square as he laughed at the sudden chaos. A moment later, the cat returned and watched him from a safe distance."
56063fb764c75ae0,"Horace was crossing a quiet square when a small cat jumped onto a fountain and knocked a shiny coin into the water. He reached down to retrieve it, but the cat splashed the water and darted away with a flick of its tail. This startled several pigeons nearby, and they scattered across the square as he laughed at the sudden chaos. A moment later, the cat returned and watched him from a safe distance."
822e7bc22251b9a2,"Horace was crossing a quiet square when a small cat jumped onto a fountain and knocked a shiny coin into the water. He reached down to retrieve it, but the cat splashed the water and darted away with a flick of its tail. This startled several pigeons nearby, and they scattered across the square as he laughed at the sudden chaos. A moment later, the cat returned and watched him from a safe distance."
f7b75d241b4a0253,"Horace was crossing a quiet square when a small cat jumped onto a fountain and knocked a shiny coin into the water. He reached down to retrieve it, but the cat splashed the water and darted away with a flick of its tail. This startled several pigeons nearby, and they scattered across the square as he laughed at the sudden chaos. A moment later, the cat returned and watched him from a safe distance."
73a1a166f868eeec,"Horace was crossing a quiet square when a small cat jumped onto a fountain and knocked a shiny coin into the water. He reached down to retrieve it, but the cat splashed the water and darted away with a flick of its tail. This startled several pigeons nearby, and they scattered across the square as he laughed at the sudden chaos. A moment later, the cat returned and watched him from a safe distance."
6ab6bdc80101c38e,"Horace was crossing a quiet square when a small cat jumped onto a fountain and knocked a shiny coin into the water. He reached down to retrieve it, but the cat splashed the water and darted away with a flick of its tail. This startled several pigeons nearby, and they scattered across the square as he laughed at the sudden chaos. A moment later, the cat returned and watched him from a safe distance."
34f8ee44074f85af,"Horace was crossing a quiet square when a small cat jumped onto a fountain and knocked a shiny coin into the water. He reached down to retrieve it, but the cat splashed the water and darted away with a flick of its tail. This startled several pigeons nearby, and they scattered across the square as he laughed at the sudden chaos. A moment later, the cat returned and watched him from a safe distance."
68e36f1138ec058c,"Horace was crossing a quiet square when a small cat jumped onto a fountain and knocked a shiny coin into the water. He reached down to retrieve it, but the cat splashed the water and darted away with a flick of its tail. This startled several pigeons nearby, and they scattered across the square as he laughed at the sudden chaos. A moment later, the cat returned and watched him from a safe distance."
6d5136127f367973,"Horace was crossing a quiet square when a small cat jumped onto a fountain and knocked a shiny coin into the water. He reached down to retrieve it, but the cat splashed the water and darted away with a flick of its tail. This startled several pigeons nearby, and they scattered across the square as he laughed at the sudden chaos. A moment later, the cat returned and watched him from a safe distance."
62ede2259219000f,"Horace was crossing a quiet square when a small cat jumped onto a fountain and knocked a shiny coin into the water. He reached down to retrieve it, but the cat splashed the water and darted away with a flick of its tail. This startled several pigeons nearby, and they scattered across the square as he laughed at the sudden chaos. A moment later, the cat returned and watched him from a safe distance."
4c1989454ed28c01,"Horace was crossing a quiet square when a small cat jumped onto a fountain and knocked a shiny coin into the water. He reached down to retrieve it, but the cat splashed the water and darted away with a flick of its tail. This startled several pigeons nearby, and they scattered across the square as he laughed at the sudden chaos. A moment later, the cat returned and watched him from a safe distance."
a4dd9cb08d2bb183,"Horace was crossing a quiet square when a small cat jumped onto a fountain and knocked a shiny coin into the water. He reached down to retrieve it, but the cat splashed the water and darted away with a flick of its tail. This startled several pigeons nearby, and they scattered across the square as he laughed at the sudden chaos. A moment later, the cat returned and watched him from a safe distance."
238d407b63554ec7,"Horace was crossing a quiet square when a small cat jumped onto a fountain and knocked a shiny coin into the water. He reached down to retrieve it, but the cat splashed the water and darted away with a flick of its tail. This startled several pigeons nearby, and they scattered across the square as he laughed at the sudden chaos. A moment later, the cat returned and watched him from a safe distance."
a39f725d34e2d0b5,"Horace was crossing a quiet square when a small cat jumped onto a fountain and knocked a shiny coin into the water. He reached down to retrieve it, but the cat splashed the water and darted away with a flick of its tail. This startled several pigeons nearby, and they scattered across the square as he laughed at the sudden chaos. A moment later, the cat returned and watched him from a safe distance."
ca843b09d9b9dae5,"Horace was crossing a quiet square when a small cat jumped onto a fountain and knocked a shiny coin into the water. He reached down to retrieve it, but the cat splashed the water and darted away with a flick of its tail. This startled several pigeons nearby, and they scattered across the square as he laughed at the sudden chaos. A moment later, the cat returned and watched him from a safe distance."
131c2dd1844bdfe7,"Horace was crossing a quiet square when a small cat jumped onto a fountain and knocked a shiny coin into the water. He reached down to retrieve it, but the cat splashed the water and darted away with a flick of its tail. This startled several pigeons nearby, and they scattered across the square as he laughed at the sudden chaos. A moment later, the cat returned and watched him from a safe distance."
cf366409126fb0fb,"Horace was crossing a quiet square when a small cat jumped onto a fountain and knocked a shiny coin into the water. He reached down to retrieve it, but the cat splashed the water and darted away with a flick of its tail. This startled several pigeons nearby, and they scattered across the square as he laughed at the sudden chaos. A moment later, the cat returned and watched him from a safe distance."
f77e6444b60f2cba,"Horace was crossing a quiet square when a small cat jumped onto a fountain and knocked a shiny coin into the water. He reached down to retrieve it, but the cat splashed the water and darted away with a flick of its tail. This startled several pigeons nearby, and they scattered across the square as he laughed at the sudden chaos. A moment later, the cat returned and watched him from a safe distance."
fa09d281263b793d,"Horace was crossing a quiet square when a small cat jumped onto a fountain and knocked a shiny coin into the water. He reached down to retrieve it, but the cat splashed the water and darted away with a flick of its tail. This startled several pigeons nearby, and they scattered across the square as he laughed at the sudden chaos. A moment later, the cat returned and watched him from a safe distance."
d75cab9b6b5bbfc1,"Horace was crossing a quiet square when a small cat jumped onto a fountain and knocked a shiny coin into the water. He reached down to retrieve it, but the cat splashed the water and darted away with a flick of its tail. This startled several pigeons nearby, and they scattered across the square as he laughed at the sudden chaos. A moment later, the cat returned and watched him from a safe distance."
22e2a194062351da,"Horace was crossing a quiet square when a small cat jumped onto a fountain and knocked a shiny coin into the water. He reached down to retrieve it, but the cat splashed the water and darted away with a flick of its tail. This startled several pigeons nearby, and they scattered across the square as he laughed at the sudden chaos. A moment later, the cat returned and watched him from a safe distance."
80f360bb80e9024e,"Horace was crossing a quiet square when a small cat jumped onto a fountain and knocked a shiny coin into the water. He reached down to retrieve it, but the cat splashed the water and darted away with a flick of its tail. This startled several pigeons nearby, and they scattered across the square as he laughed at the sudden chaos. A moment later, the cat returned and watched him from a safe distance."
f8ececc0ad90e2d3,"Horace was crossing a quiet square when a small cat jumped onto a fountain and knocked a shiny coin into the water. He reached down to retrieve it, but the cat splashed the water and darted away with a flick of its tail. This startled several pigeons nearby, and they scattered across the square as he laughed at the sudden chaos. A moment later, the cat returned and watched him from a safe distance."
a6b9f2cf0185314d,"Horace was crossing a quiet square when a small cat jumped onto a fountain and knocked a shiny coin into the water. He reached down to retrieve it, but the cat splashed the water and darted away with a flick of its tail. This startled several pigeons nearby, and they scattered across the square as he laughed at the sudden chaos. A moment later, the cat returned and watched him from a safe distance."
19ada4f0cc34597c,"Horace was crossing a quiet square when a small cat jumped onto a fountain and knocked a shiny coin into the water. He reached down to retrieve it, but the cat splashed the water and darted away with a flick of its tail. This startled several pigeons nearby, and they scattered across the square as he laughed at the sudden chaos. A moment later, it returned and watched him from a safe distance."
475796b2015340ad,"Horace was crossing a quiet square when a small cat jumped onto a fountain and knocked a shiny coin into the water. He reached down to retrieve it, but the cat splashed the water and darted away with a flick of its tail. This startled several pigeons nearby, and they scattered across the square as he laughed at the sudden chaos. A moment later, it returned and watched him from a safe distance."
ddd7278c88b2ae74,"Horace was crossing a quiet square when a small cat jumped onto a fountain and knocked a shiny coin into the water. He reached down to retrieve it, but the cat splashed the water and darted away with a flick of its tail. This startled several pigeons nearby, and they scattered across the square as he laughed at the sudden chaos. A moment later, it returned and watched him from a safe distance."
5c3ed3c2976d643a,I don't know.
8b63b3987b5c1b34,"Horace was crossing a quiet square when a small cat jumped onto a fountain and knocked a shiny coin into the water. He reached down to retrieve it, but the cat splashed the water and darted away with a flick of its tail. This startled several pigeons nearby, and they scattered across the square as he laughed at the sudden chaos. A moment later, it returned and watched him from a safe distance."
399db244224ad774,"I was crossing a quiet square when a small cat jumped onto a fountain and knocked a shiny coin into the water. I reached down to retrieve it, but the cat splashed the water and darted away with a flick of its tail. This startled several pigeons nearby, and they scattered across the square as I laughed at the sudden chaos. A moment later, it returned and watched me from a safe distance."
b997855405d06ece,"Horace was crossing a quiet square when a small cat jumped onto a fountain and knocked a shiny coin into the water. He reached down to retrieve it, but the cat splashed the water and darted away with a flick of its tail. This startled several pigeons nearby, and they scattered across the square as he laughed at the sudden chaos. A moment later, it returned and watched him from a safe distance."
42b4e850b95810a9,I don't know.
9b735ed5e180d261,"Horace was crossing a quiet square when a small cat jumped onto a fountain and knocked a shiny coin into the water. He reached down to retrieve it, but the cat splashed the water and darted away with a flick of its tail. This startled several pigeons nearby, and they scattered across the square as he laughed at the sudden chaos. A moment later, it returned and watched him from a safe distance."
05c996e40516008a,"Horace was crossing a quiet square when a small cat jumped onto a fountain and knocked a shiny coin into the water. He reached down to retrieve it, but the cat splashed the water and darted away with a flick of its tail. This startled several pigeons nearby, and they scattered across the square as he laughed at the sudden chaos. A moment later, it returned and watched him from a safe distance."
335667d82e735b5f,I don't know.
2ff74865b3f450d2,"Horace was crossing a quiet square when a small cat jumped onto a fountain and knocked a shiny coin into the water. He reached down to retrieve it, but the cat splashed the water and darted away with a flick of its tail. This startled several pigeons nearby, and they scattered across the square as he laughed at the sudden chaos. A moment later, it returned and watched him from a safe distance."
a93952b43ce46e04,"Horace was crossing a quiet square when a small cat jumped onto a fountain and knocked a shiny coin into the water. He reached down to retrieve it, but the cat splashed the water and darted away with a flick of its tail. This startled several pigeons nearby, and they scattered across the square as he laughed at the sudden chaos. A moment later, it returned and watched him from a safe distance."
ebeef2a7f5ab24d2,I don't know.
f5fbf51ce59afd29,"Horace was crossing a quiet square when a small cat jumped onto a fountain and knocked a shiny coin into the water. He reached down to retrieve it, but the cat splashed the water and darted away with a flick of its tail. This startled several pigeons nearby, and they scattered across the square as he laughed at the sudden chaos. A moment later, it returned and watched him from a safe distance."
e24f529222c8b8d8,I don't know.
328f4aaa16d167dc,"Horace was crossing a quiet square when a small cat jumped onto a fountain and knocked a shiny coin into the water. He reached down to retrieve it, but the cat splashed the water and darted away with a flick of its tail. This startled several pigeons nearby, and they scattered across the square as he laughed at the sudden chaos. A moment later, it returned and watched him from a safe distance."
28b5456f71d78296,I don't know.
17d7513503f1fdc9,"I was crossing a quiet square when a small cat jumped onto a fountain and knocked a shiny coin into the water. I reached down to retrieve it, but the cat splashed the water and darted away with a flick of its tail. This startled several pigeons nearby, and they scattered across the square as I laughed at the sudden chaos. A moment later, it returned and watched me from a safe distance."
a87621f3192a8d39,"Horace was crossing a quiet square when a small cat jumped onto a fountain and knocked a shiny coin into the water. He reached down to retrieve it, but the cat splashed the water and darted away with a flick of its tail. This startled several pigeons nearby, and they scattered across the square as he laughed at the sudden chaos. A moment later, it returned and watched him from a safe distance."
f7b9290883c8c406,I don't know.
96cb95c46c571493,"Horace was crossing a quiet square when a small cat jumped onto a fountain and knocked a shiny coin into the water. He reached down to retrieve it, but the cat splashed the water and darted away with a flick of its tail. This startled several pigeons nearby, and they scattered across the square as he laughed at the sudden chaos. A moment later, it returned and watched him from a safe distance."
d8f646f101f9d23f,"Horace was crossing a quiet square when a small cat jumped onto a fountain and knocked a shiny coin into the water. He reached down to retrieve it, but the cat splashed the water and darted away with a flick of its tail. This startled several pigeons nearby, and they scattered across the square as he laughed at the sudden chaos. A moment later, it returned and watched him from a safe distance."
f1b9349ea5c11e45,"I'm going to rewrite that text for you.  

Horace was crossing a quiet square when a small cat jumped onto a fountain and knocked a shiny coin into the water. He reached down to retrieve it, but the cat splashed the water and darted away with a flick of its tail. This startled several pigeons nearby, and they scattered across the square as he laughed at the sudden chaos. A moment later, it returned and watched him from a safe distance.  

No pronouns remain."
c490a8dfed3d06e7,"Horace was crossing a quiet square when a small cat jumped onto a fountain and knocked a shiny coin into the water. He reached down to retrieve it, but the cat splashed the water and darted away with a flick of its tail. This startled several pigeons nearby, and they scattered across the square as he laughed at the sudden chaos. A moment later, it returned and watched him from a safe distance."
b122d6cfce96ca30,"Horace was crossing a quiet square when a small cat jumped onto a fountain and knocked a shiny coin into the water. Horace reached down to retrieve it, but the cat splashed the water and darted away with a flick of its tail. This startled several pigeons nearby, and they scattered across the square as Horace laughed at the sudden chaos. A moment later, the cat returned and watched Horace from a safe distance."
0bce4efa07bb3d6d,"Horace was crossing a quiet square when a small cat jumped onto a fountain and knocked a shiny coin into the water. Horace reached down to retrieve it, but the cat splashed the water and darted away with a flick of its tail. This startled several pigeons nearby, and they scattered across the square as Horace laughed at the sudden chaos. A moment later, the cat returned and watched Horace from a safe distance."
ff0835b4dbb08b2b,"Horace was crossing a quiet square when a small cat jumped onto a fountain and knocked a shiny coin into the water. Horace reached down to retrieve it, but the cat splashed the water and darted away with a flick of its tail. This startled several pigeons nearby, and they scattered across the square as Horace laughed at the sudden chaos. A moment later, the cat returned and watched Horace from a safe distance."
18e02765742df2b6,"Horace was crossing a quiet square when a small cat jumped onto a fountain and knocked a shiny coin into the water. Horace reached down to retrieve it, but the cat splashed the water and darted away with a flick of its tail. This startled several pigeons nearby, and they scattered across the square as Horace laughed at the sudden chaos. A moment later, the cat returned and watched Horace from a safe distance."
4541e597a75d5be2,"Horace was crossing a quiet square when a small cat jumped onto a fountain and knocked a shiny coin into the water. Horace reached down to retrieve it, but the cat splashed the water and darted away with a flick of its tail. This startled several pigeons nearby, and they scattered across the square as Horace laughed at the sudden chaos. A moment later, the cat returned and watched Horace from a safe distance."
0689d6220cba35ae,"Horace was crossing a quiet square when a small cat jumped onto a fountain and knocked a shiny coin into the water. Horace reached down to retrieve it, but the cat splashed the water and darted away with a flick of its tail. This startled several pigeons nearby, and they scattered across the square as Horace laughed at the sudden chaos. A moment later, the cat returned and watched Horace from a safe distance."
ef39cccf154cf594,"Horace was crossing a quiet square when a small cat jumped onto a fountain and knocked a shiny coin into the water. Horace reached down to retrieve it, but the cat splashed the water and darted away with a flick of its tail. This startled several pigeons nearby, and they scattered across the square as Horace laughed at the sudden chaos. A moment later, the cat returned and watched Horace from a safe distance."
0cf495bb246f4da9,"Horace was crossing a quiet square when a small cat jumped onto a fountain and knocked a shiny coin into the water. Horace reached down to retrieve it, but the cat splashed the water and darted away with a flick of its tail. This startled several pigeons nearby, and they scattered across the square as Horace laughed at the sudden chaos. A moment later, the cat returned and watched Horace from a safe distance."
28f9eab79419bec8,"Horace was crossing a quiet square when a small cat jumped onto a fountain and knocked a shiny coin into the water. Horace reached down to retrieve it, but the cat splashed the water and darted away with a flick of its tail. This startled several pigeons nearby, and they scattered across the square as Horace laughed at the sudden chaos. A moment later, the cat returned and watched Horace from a safe distance."
879a5817d65ae73f,"Horace was crossing a quiet square when a small cat jumped onto a fountain and knocked a shiny coin into the water. Horace reached down to retrieve it, but the cat splashed the water and darted away with a flick of its tail. This startled several pigeons nearby, and they scattered across the square as Horace laughed at the sudden chaos. A moment later, the cat returned and watched Horace from a safe distance."
c209640e2c50ae2c,"Horace was crossing a quiet square when a small cat jumped onto a fountain and knocked a shiny coin into the water. Horace reached down to retrieve it, but the cat splashed the water and darted away with a flick of its tail. This startled several pigeons nearby, and they scattered across the square as Horace laughed at the sudden chaos. A moment later, the cat returned and watched Horace from a safe distance."
c6f73bbad0ed2fa7,"Horace was crossing a quiet square when a small cat jumped onto a fountain and knocked a shiny coin into the water. Horace reached down to retrieve it, but the cat splashed the water and darted away with a flick of its tail. This startled several pigeons nearby, and they scattered across the square as Horace laughed at the sudden chaos. A moment later, the cat returned and watched Horace from a safe distance."
6fb8227dc3aeab42,"Horace was crossing a quiet square when a small cat jumped onto a fountain and knocked a shiny coin into the water. Horace reached down to retrieve it, but the cat splashed the water and darted away with a flick of its tail. This startled several pigeons nearby, and they scattered across the square as Horace laughed at the sudden chaos. A moment later, the cat returned and watched Horace from a safe distance."
359ceaef7e9bdf9c,"Horace was crossing a quiet square when a small cat jumped onto a fountain and knocked a shiny coin into the water. Horace reached down to retrieve it, but the cat splashed the water and darted away with a flick of its tail. This startled several pigeons nearby, and they scattered across the square as Horace laughed at the sudden chaos. A moment later, the cat returned and watched Horace from a safe distance."
1e010e5ff1803d4d,"Horace was crossing a quiet square when a small cat jumped onto a fountain and knocked a shiny coin into the water. Horace reached down to retrieve it, but the cat splashed the water and darted away with a flick of its tail. This startled several pigeons nearby, and they scattered across the square as Horace laughed at the sudden chaos. A moment later, the cat returned and watched Horace from a safe distance."
4f15f27d2c081d06,"Horace was crossing a quiet square when a small cat jumped onto a fountain and knocked a shiny coin into the water. He reached down to retrieve it, but the cat splashed the water and darted away with a flick of its tail. This startled several pigeons nearby, and they scattered across the square as he laughed at the sudden chaos. A moment later, the cat returned and watched him from a safe distance."
989b83536c021730,"Horace was crossing a quiet square when a small cat jumped onto a fountain and knocked a shiny coin into the water. Horace reached down to retrieve it, but the cat splashed the water and darted away with a flick of its tail. This startled several pigeons nearby, and they scattered across the square as Horace laughed at the sudden chaos. A moment later, the cat returned and watched Horace from a safe distance."
ee55122eab899c35,"Horace was crossing a quiet square when a small cat jumped onto a fountain and knocked a shiny coin into the water. Horace reached down to retrieve it, but the cat splashed the water and darted away with a flick of its tail. This startled several pigeons nearby, and they scattered across the square as Horace laughed at the sudden chaos. A moment later, the cat returned and watched Horace from a safe distance."
12c2c10c54973dd4,"Horace was crossing a quiet square when a small cat jumped onto a fountain and knocked a shiny coin into the water. Horace reached down to retrieve it, but the cat splashed the water and darted away with a flick of its tail. This startled several pigeons nearby, and they scattered across the square as Horace laughed at the sudden chaos. A moment later, the cat returned and watched Horace from a safe distance."
4bfcb26058d4361f,"Horace was crossing a quiet square when a small cat jumped onto a fountain and knocked a shiny coin into the water. Horace reached down to retrieve it, but the cat splashed the water and darted away with a flick of its tail. This startled several pigeons nearby, and they scattered across the square as Horace laughed at the sudden chaos. A moment later, the cat returned and watched Horace from a safe distance."
b4ebe510f9dd9f51,"Horace was crossing a quiet square when a small cat jumped onto a fountain and knocked a shiny coin into the water. Horace reached down to retrieve it, but the cat splashed the water and darted away with a flick of its tail. This startled several pigeons nearby, and they scattered across the square as Horace laughed at the sudden chaos. A moment later, the cat returned and watched Horace from a safe distance."
c3dcffa1b8f4a99e,"Horace was crossing a quiet square when a small cat jumped onto a fountain and knocked a shiny coin into the water. Horace reached down to retrieve it, but the cat splashed the water and darted away with a flick of its tail. This startled several pigeons nearby, and they scattered across the square as Horace laughed at the sudden chaos. A moment later, the cat returned and watched Horace from a safe distance."
e5c70509118ce67e,"Horace was crossing a quiet square when a small cat jumped onto a fountain and knocked a shiny coin into the water. Horace reached down to retrieve it, but the cat splashed the water and darted away with a flick of its tail. This startled several pigeons nearby, and they scattered across the square as Horace laughed at the sudden chaos. A moment later, the cat returned and watched Horace from a safe distance."
020e5bdefc35a891,"Horace was crossing a quiet square when a small cat jumped onto a fountain and knocked a shiny coin into the water. Horace reached down to retrieve it, but the cat splashed the water and darted away with a flick of its tail. This startled several pigeons nearby, and they scattered across the square as Horace laughed at the sudden chaos. A moment later, the cat returned and watched Horace from a safe distance."
485823b171795194,"Horace was crossing a quiet square when a small cat jumped onto a fountain and knocked a shiny coin into the water. He reached down to retrieve it, but the cat splashed the water and darted away with a flick of its tail. This startled several pigeons nearby, and they scattered across the square as he laughed at the sudden chaos. A moment later, the cat returned and watched him from a safe distance."
