ID,bot
b68377eaceb6dd0e,"To make a cup of tea using a typical everyday method, start by boiling water in a kettle or on a stove. Once the water is hot, place a tea bag or loose tea leaves into a cup. Pour the hot water into the cup, ensuring the tea is fully submerged. Allow the tea to steep for 3 to 5 minutes, depending on the strength desired. After steeping, remove the tea bag or strain the loose leaves. If desired, add a teaspoon of sugar or a splash of milk to taste. Stir the tea gently to mix the additions. Finally, enjoy the tea while it is still warm. Avoid over-steeping to prevent bitterness, and ensure the water is not too hot to avoid damaging the tea leaves or affecting the flavor."
b45c50cd638f3f88,"To make a cup of tea using a typical everyday method, start by boiling water in a kettle or on the stove. Once the water is hot, place a tea bag or loose tea leaves into a cup. Pour the hot water into the cup, making sure to cover the tea completely. Let the tea steep for the recommended time, usually between 3 to 5 minutes, depending on the type of tea and desired strength. After steeping, remove the tea bag or strain the loose leaves. If desired, add a teaspoon of sugar, a splash of milk, or a squeeze of lemon to taste. Stir the tea gently to mix in any added ingredients. Finally, enjoy the tea while it is still warm. Ensure all steps are done safely, avoiding burns from hot water."
a7748adde1db7e07,"To make a cup of tea using a typical everyday method, start by boiling water in a kettle or on a stove. Once the water is hot, place a tea bag or loose tea leaves into a cup. Pour the hot water into the cup, ensuring the tea is fully submerged. Let the tea steep for the recommended time, usually 3 to 5 minutes, depending on the type of tea. After steeping, remove the tea bag or strain the loose leaves. If desired, add a teaspoon of sugar or a splash of milk to taste. Stir the tea gently to mix the additions. Allow the tea to sit for a moment to settle, then drink slowly. Clean the tea cup and any utensils used after finishing. This method ensures a simple, safe, and enjoyable cup of tea."
4a61492dd69bf489,"To make a cup of tea, first fill a kettle with fresh water and place it on the stove or heat source. Bring the water to a rolling boil. While the water is heating, place a tea bag or loose tea leaves into a cup. Once the water reaches a boil, pour it into the cup with the tea, ensuring the tea is fully covered. Let the tea steep for 3 to 5 minutes, depending on the strength desired. After steeping, remove the tea bag or strain the loose leaves. If desired, add a teaspoon of sugar, a splash of milk, or lemon juice to taste. Finally, stir the tea gently and enjoy. Avoid over-steeping, as it can make the tea bitter, and do not use boiling water directly on delicate teas, which may scorch them."
206a1264a38e8fb8,"To make a cup of tea, start by boiling water in a kettle or on the stove. Once the water is hot, place a tea bag or loose tea leaves into a cup. Pour the hot water into the cup, ensuring the tea is fully submerged. Let the tea steep for 3 to 5 minutes, depending on the strength desired. After steeping, remove the tea bag or strain the loose leaves. If desired, add a teaspoon of sugar or a splash of milk to taste. Stir the tea gently to mix the additions. Finally, enjoy the tea while it is still warm. Avoid over-steeping, as this can make the tea bitter, and ensure the water is not too hot to avoid damaging the tea leaves or affecting the flavor."
a8426571676d8535,"To make a cup of tea, start by boiling water in a kettle or on a stove. Once the water is hot, place a tea bag or loose tea leaves into a cup. Pour the hot water into the cup, ensuring the tea is fully submerged. Let the tea steep for 3 to 5 minutes, depending on the desired strength. After steeping, remove the tea bag or strain the loose leaves. If desired, add a teaspoon of sugar, milk, or lemon to taste. Stir the tea gently to mix the additions. Allow the tea to sit for a moment before drinking. Clean the tea cup and any utensils used. This method ensures a simple, safe, and enjoyable cup of tea using common household items."
3ac22ffe1f4df9a2,"To make a cup of tea, start by boiling water in a kettle or on the stove. Once the water is hot, place a tea bag or loose tea leaves into a cup. Pour the hot water into the cup, ensuring the tea is fully submerged. Let the tea steep for 3 to 5 minutes, depending on the strength desired. After steeping, remove the tea bag or strain the tea if using loose leaves. If desired, add a teaspoon of sugar, milk, or lemon to taste. Stir the tea gently to mix the additions. Finally, serve the tea immediately while it is still warm. Avoid over-steeping the tea, as it can become bitter. Always use caution when handling hot water and ensure the cup is stable to prevent spills."
aacec48a3ba6aefe,"To make a cup of tea, start by boiling water in a kettle or on the stove. Once the water is hot, place a tea bag or loose tea leaves into a cup. Pour the hot water into the cup, ensuring the tea is fully submerged. Let the tea steep for 3 to 5 minutes, depending on the type and desired strength. After steeping, remove the tea bag or strain the loose leaves. If desired, add a teaspoon of sugar, a splash of milk, or a squeeze of lemon to taste. Stir the tea gently to mix the additions. Finally, enjoy the tea while it is still warm. Avoid over-steeping, as this can make the tea bitter, and ensure the water is not too hot to avoid damaging the tea leaves or altering the flavor."
8fb1aa6e509c08f9,"To make a cup of tea using a typical everyday method, start by boiling water in a kettle or on a stove. Once the water is hot, place a tea bag or loose tea leaves into a cup. Pour the hot water into the cup, ensuring the tea is fully submerged. Let the tea steep for 3 to 5 minutes, depending on the desired strength and type of tea. After the steeping time, remove the tea bag or strain the loose leaves. If desired, add a teaspoon of sugar, milk, or lemon to taste. Stir the mixture gently to combine the ingredients. Allow the tea to sit for a moment before drinking. Clean the tea cup and any utensils used after finishing. This method ensures a simple, safe, and enjoyable cup of tea."
fbe8651cdffbb86d,"To make a cup of tea using a typical everyday method, start by boiling water in a kettle or on a stove. Once the water is hot, place a tea bag or loose tea leaves into a cup. Pour the hot water into the cup, ensuring the tea is fully submerged. Let the tea steep for 3 to 5 minutes, depending on the type and strength desired. After steeping, remove the tea bag or strain the loose leaves. If desired, add a teaspoon of sugar, milk, or lemon to taste. Stir the tea gently to mix the additions. Finally, enjoy the tea while it is still warm. Avoid over-steeping, as this can make the tea bitter, and ensure the water is not too hot to avoid damaging the tea leaves or affecting the flavor."
b6e897ee8cf608de,"To make a cup of tea, start by boiling water in a kettle or on the stove. Once the water is hot, place a tea bag or loose tea leaves into a cup. Pour the hot water into the cup, ensuring the tea is fully submerged. Let the tea steep for 3 to 5 minutes, depending on the strength desired. After steeping, remove the tea bag or strain the loose leaves. If desired, add a teaspoon of sugar, milk, or lemon to taste. Stir gently to mix the additions. Allow the tea to sit for a moment before drinking. Clean the tea cup and any utensils used. This method ensures a simple, safe, and enjoyable cup of tea using common household items."
f38343524138e4d3,"To make a cup of tea, start by boiling water in a kettle or on the stove. Once the water is hot, place a tea bag or loose tea leaves into a cup. Pour the hot water into the cup, ensuring the tea is fully submerged. Let the tea steep for 3 to 5 minutes, depending on the type and strength desired. After steeping, remove the tea bag or strain the loose leaves. If desired, add a teaspoon of sugar, milk, or lemon to taste. Stir the tea gently to mix the additions. Finally, serve the tea immediately while it is still hot. Avoid over-steeping, as it can make the tea bitter. Use a clean cup and ensure the water is at the appropriate temperature for the tea type, typically between 160°F and 212°F."
195fbbe46d95ca46,"To make a cup of tea, start by boiling water in a kettle or on the stove. Once the water is hot, place a tea bag or loose tea leaves into a cup. Pour the hot water into the cup, ensuring the tea is fully submerged. Let the tea steep for 3 to 5 minutes, depending on the desired strength. After steeping, remove the tea bag or strain the loose leaves. If desired, add a teaspoon of sugar, milk, or a splash of lemon to taste. Stir the tea gently to mix the additions. Allow the tea to sit for a moment before drinking. Clean the tea cup and any utensils used. This method ensures a safe and enjoyable cup of tea using common household items."
cbe030967d3611a9,"To make a cup of tea using a typical everyday method, start by boiling water in a kettle or on a stove. Once the water is hot, place a tea bag or loose tea leaves into a mug. Pour the hot water into the mug, ensuring the tea is fully submerged. Let the tea steep for 3 to 5 minutes, depending on the type and strength desired. After the steeping time, remove the tea bag or strain the tea if using loose leaves. If desired, add a teaspoon of sugar, milk, or a sweetener of choice, and stir until fully mixed. Finally, enjoy the tea while it is still warm. Avoid over-steeping, as this can result in a bitter taste, and ensure the mug is clean and suitable for hot liquids."
a0deca3df713b500,"To make a cup of tea, start by boiling water in a kettle or on the stove. Once the water is hot, place a tea bag or loose tea leaves into a mug. Pour the hot water into the mug, ensuring the tea is fully submerged. Let the tea steep for 3 to 5 minutes, depending on the strength desired. After steeping, remove the tea bag or strain the loose leaves. If desired, add a teaspoon of sugar, a splash of milk, or a squeeze of lemon to taste. Stir the tea gently to mix the additions. Finally, enjoy the tea while it is still warm. Make sure not to over-steep the tea, as this can result in a bitter taste. Always use caution when handling hot water and avoid leaving the tea unattended while steeping."
88931135d35b172b,"To make a cup of tea using a typical everyday method, start by boiling water in a kettle or on a stove. Once the water is hot, place a tea bag or loose tea leaves into a cup. Pour the hot water into the cup, ensuring the tea is fully submerged. Let the tea steep for 3 to 5 minutes, depending on the type and strength desired. After steeping, remove the tea bag or strain the loose leaves. If desired, add a teaspoon of sugar, a splash of milk, or a squeeze of lemon to taste. Stir the tea gently to mix the additions. Finally, enjoy the tea while it is still hot. Avoid oversteeping, as this can make the tea bitter, and ensure the water is not too hot to avoid damaging the tea leaves or burning the cup."
e1fa67adc5ec7811,"To make a cup of tea using a typical everyday method, start by boiling water in a kettle or on the stove. Once the water is hot, place a tea bag or loose tea leaves into a cup. Pour the hot water into the cup, ensuring the tea is fully submerged. Let the tea steep for 3 to 5 minutes, depending on the strength desired. After the steeping time, remove the tea bag or strain the loose leaves. If desired, add a teaspoon of sugar, milk, or lemon to taste. Stir the mixture thoroughly to combine all ingredients. Finally, enjoy the tea while it is still warm. This method ensures a simple, safe, and effective way to prepare a cup of tea using common household items."
090efd7069fe4985,"To make a cup of tea, start by boiling water in a kettle or on the stove. Once the water is hot, place a tea bag or loose tea leaves into a cup. Pour the hot water into the cup, ensuring the tea is fully submerged. Let the tea steep for 3 to 5 minutes, depending on the type and strength desired. After the steeping time, remove the tea bag or strain the loose leaves. If desired, add a teaspoon of sugar or a splash of milk to taste. Stir the tea gently to mix the additions. Finally, enjoy the tea while it is still warm. Avoid over-steeping, as it can make the tea bitter, and ensure the water is not too hot to prevent damaging the tea leaves or affecting the flavor."
9a9ad1382b5ebaee,"To make a cup of tea, start by boiling water in a kettle or on the stove. Once the water is hot, place a tea bag or loose tea leaves into a cup. Pour the hot water into the cup, ensuring the tea is fully submerged. Let the tea steep for 3 to 5 minutes, depending on the desired strength. After steeping, remove the tea bag or strain the loose leaves. If desired, add a teaspoon of sugar, milk, or lemon to taste. Stir the tea gently to mix the additions. Finally, enjoy the tea while it is still warm. Avoid over-steeping the tea, as this can result in a bitter taste. Ensure the water is at the appropriate temperature for the type of tea being used, as some teas require cooler water. Always use caution when handling hot water and tea to prevent burns."
ac01e50aa00f838b,"To make a cup of tea using a typical everyday method, start by boiling water in a kettle or on a stove. Once the water is hot, place a tea bag or loose tea leaves into a mug. Pour the hot water into the mug, ensuring the tea is fully submerged. Let the tea steep for 3 to 5 minutes, depending on the type and strength desired. After the steeping time, remove the tea bag or strain the tea if using loose leaves. If desired, add a teaspoon of sugar, milk, or lemon to taste. Stir the tea gently to mix in any added ingredients. Finally, enjoy the tea while it is still warm. This method ensures a simple, safe, and effective way to prepare a cup of tea using common household items."
3019b1fe98a6ebda,"To make a cup of tea, start by boiling water in a kettle or on the stove. Once the water is hot, place a tea bag or loose tea leaves into a cup. Pour the hot water into the cup, ensuring the tea is fully submerged. Let the tea steep for 3 to 5 minutes, depending on the desired strength. After steeping, remove the tea bag or strain the loose leaves. If desired, add a teaspoon of sugar or a splash of milk to taste. Stir the tea gently to mix the additions. Allow the tea to sit for a moment before drinking. Clean the tea bag or strainer and the cup if needed. This method ensures a simple, safe, and enjoyable cup of tea using common household items."
0789d8cec7990c9a,"To make a cup of tea, start by boiling water in a kettle or on the stove. Once the water is hot, place a tea bag or loose tea leaves into a cup. Pour the hot water into the cup, ensuring the tea is fully submerged. Let the tea steep for 3 to 5 minutes, depending on the type and strength desired. After the steeping time, remove the tea bag or strain the loose leaves. If desired, add a teaspoon of sugar or a splash of milk to taste. Stir the tea gently to mix the additions. Finally, enjoy the tea while it is still warm. Avoid over-steeping to prevent bitterness, and ensure the water is not too hot to avoid damaging the tea leaves or altering the flavor."
7680a3e16d9bcc61,"To make a cup of tea, start by boiling water in a kettle or on the stove. Once the water is hot, place a tea bag or loose tea leaves into a cup. Pour the hot water into the cup, ensuring the tea is fully submerged. Let the tea steep for 3 to 5 minutes, depending on the type and strength desired. After steeping, remove the tea bag or strain the leaves to separate them from the liquid. If desired, add a teaspoon of sugar or a splash of milk to taste. Stir the tea gently to mix the additions. Allow the tea to sit for a moment before drinking. Clean the tea cup and any utensils used after finishing. This method ensures a simple, safe, and enjoyable cup of tea using common household items."
de8166a2cd6683a0,"To make a cup of tea using a typical everyday method, start by boiling water in a kettle or on the stove. Once the water is hot, place a tea bag or loose tea leaves into a cup. Pour the hot water into the cup, ensuring the tea is fully submerged. Let the tea steep for 3 to 5 minutes, depending on the strength desired. After the steeping time, remove the tea bag or strain the loose leaves. If desired, add a teaspoon of sugar or a splash of milk to taste. Stir the tea gently to mix in the additions. Allow the tea to sit for a moment before drinking. Clean the tea cup and any utensils used after finishing. This method ensures a simple, safe, and enjoyable cup of tea."
35ba37a804c12271,"To make a cup of tea, start by boiling water in a kettle or on the stove. Once the water is hot, place a tea bag or loose tea leaves into a cup. Pour the hot water into the cup, ensuring the tea is fully submerged. Let the tea steep for 3 to 5 minutes, depending on the strength desired. After the steeping time, remove the tea bag or strain the loose leaves. If desired, add a teaspoon of sugar, a splash of milk, or lemon juice to taste. Stir the tea gently to mix the additions. Finally, enjoy the tea while it is still warm. Avoid over-steeping, as this can result in a bitter taste. Always use caution when handling hot water and clean utensils to maintain hygiene."
f3a42df4e0d2b630,"To make a cup of tea using a typical everyday method, start by boiling water in a kettle or on a stove. Once the water is hot, place a tea bag or loose tea leaves into a cup. Pour the hot water into the cup, ensuring the tea is fully submerged. Let the tea steep for 3 to 5 minutes, depending on the type and strength desired. After steeping, remove the tea bag or strain the loose leaves. If desired, add a teaspoon of sugar, milk, or lemon to taste. Stir the tea gently to mix the additions. Finally, enjoy the tea while it is still warm. This method ensures a simple, safe, and effective way to prepare a basic cup of tea."
8582e932a77dec79,"To make a cup of tea, start by boiling water in a kettle or on the stove. Once the water is hot, place a tea bag or loose tea leaves into a cup. Pour the hot water into the cup, ensuring the tea is fully submerged. Let the tea steep for 3 to 5 minutes, depending on the type and strength desired. After steeping, remove the tea bag or strain the loose leaves. If desired, add a teaspoon of sugar, milk, or lemon to taste. Stir the tea thoroughly to mix in the additions. Finally, enjoy your tea while it is still warm. Avoid over-steeping, as it can make the tea bitter, and ensure the water is not too hot to avoid damaging the tea leaves or altering the flavor."
b0f9b61b58cb15f8,"To make a cup of tea, start by boiling water in a kettle or on the stove. Once the water is hot, place a tea bag or loose tea leaves into a cup. Pour the hot water into the cup, ensuring the tea is fully submerged. Let the tea steep for 3 to 5 minutes, depending on the type and strength desired. After steeping, remove the tea bag or strain the loose leaves. If desired, add a teaspoon of sugar, honey, or milk to taste. Stir the tea gently to mix the additions. Allow the tea to sit for a moment before drinking. Clean the tea bag or strainer and the cup afterward. This method ensures a simple, safe, and enjoyable cup of tea using common household items."
5742684ce989c5fc,"To make a cup of tea, start by boiling water in a kettle or on the stove. Once the water is hot, place a tea bag or loose tea leaves into a mug. Pour the hot water into the mug, making sure to cover the tea completely. Let the tea steep for 3 to 5 minutes, depending on the strength desired. After steeping, remove the tea bag or strain the loose leaves. If desired, add a teaspoon of sugar or milk to taste. Stir the tea gently to mix the ingredients. Finally, enjoy the tea while it is still warm. Ensure all steps are done safely, avoiding burns from hot water."
46dfb194bd69c579,"To make a cup of tea, start by boiling water in a kettle or on the stove. Once the water is hot, place a tea bag or loose tea leaves into a mug. Pour the hot water into the mug, ensuring the tea is fully submerged. Let the tea steep for 3 to 5 minutes, depending on the type and strength desired. After steeping, remove the tea bag or strain the loose leaves. If desired, add a teaspoon of sugar, honey, or milk to taste. Stir the tea gently to mix in the additions. Allow the tea to sit for a moment before drinking. Clean the mug and tea accessories after use. This method ensures a simple, safe, and enjoyable cup of tea using common household items."
6211320a780be800,"To make a cup of tea, start by boiling water in a kettle or on the stove. Once the water is hot, place a tea bag or loose tea leaves into a cup. Pour the hot water into the cup, ensuring the tea is fully submerged. Allow the tea to steep for 3 to 5 minutes, depending on the desired strength. After steeping, remove the tea bag or strain the tea if using loose leaves. If desired, add a teaspoon of sugar or a splash of milk, stirring well. Finally, enjoy your tea while it is still warm. Avoid over-steeping, as this can make the tea bitter, and ensure the water is not too hot to prevent damaging the tea leaves or altering the flavor."
c9bdbb0778bf3f79,"To make a cup of tea, first boil water in a kettle or on the stove. Once the water is hot, place a tea bag or loose tea leaves into a cup. Pour the hot water into the cup, ensuring the tea is fully submerged. Let the tea steep for 3 to 5 minutes, depending on the type and strength desired. After the steeping time, remove the tea bag or strain the loose leaves. If desired, add a teaspoon of sugar, milk, or lemon to taste. Stir the tea gently to mix the additions. Finally, enjoy your tea while it is still hot. Always use caution when handling hot water and avoid over-steeping to prevent bitterness."
14bdbf8dd374813c,"To make a cup of tea, start by boiling water in a kettle or on a stove. Once the water is hot, place a tea bag or loose tea leaves into a cup. Pour the hot water into the cup, ensuring the tea is fully submerged. Let the tea steep for 3 to 5 minutes, depending on the type and strength desired. After steeping, remove the tea bag or strain the loose leaves. If desired, add a teaspoon of sugar, milk, or lemon to taste. Stir well and enjoy. Avoid over-steeping, as it can make the tea bitter. Always use caution when handling hot water and clean utensils to maintain hygiene."
74e502424e3640ef,"To make a cup of tea, start by boiling water in a kettle or on the stove. Once the water is hot, place a tea bag or loose tea leaves into a mug. Pour the hot water into the mug, ensuring the tea is fully submerged. Let the tea steep for 3 to 5 minutes, depending on the type and desired strength. After the steeping time, remove the tea bag or strain the loose leaves. If desired, add a teaspoon of sugar, milk, or lemon to taste. Stir the tea gently to mix in the additions. Allow the tea to sit for a moment before drinking. Clean the mug and any utensils used. This method ensures a simple, safe, and enjoyable cup of tea using everyday items."
298f4b165998bdff,"To make a cup of tea, start by boiling water in a kettle or on the stove. Once the water is hot, place a tea bag or loose tea leaves into a cup. Pour the hot water into the cup, ensuring the tea is fully submerged. Let the tea steep for 3 to 5 minutes, depending on the type and strength desired. After the steeping time, remove the tea bag or strain the loose leaves. If desired, add a teaspoon of sugar or milk to taste. Stir the tea gently to mix the additions. Allow the tea to sit for a moment before drinking. Clean the tea bag or strainer and any utensils used. This method ensures a simple, safe, and enjoyable cup of tea."
e3b29d009d743d78,"To make a cup of tea, start by boiling water in a kettle or on the stove. Once the water is hot, place a tea bag or loose tea leaves into a mug. Pour the hot water into the mug, making sure to cover the tea completely. Let the tea steep for 3 to 5 minutes, depending on the strength desired. After steeping, remove the tea bag or strain the loose leaves. If desired, add a teaspoon of sugar, milk, or lemon to taste. Stir well and enjoy. Avoid over-steeping, as it can make the tea bitter. Ensure the mug is clean and dry before use. Do not add anything to the tea that could cause it to spoil or become unsafe to drink. Keep the process simple and follow these steps in order for the best results."
d6d0f0bbeeef090a,"To make a cup of tea, start by boiling water in a kettle or on the stove. Once the water is hot, place a tea bag or loose tea leaves into a cup. Pour the hot water into the cup, ensuring the tea is fully submerged. Allow the tea to steep for 3 to 5 minutes, depending on the type and strength desired. After steeping, remove the tea bag or strain the loose leaves. If desired, add a teaspoon of sugar, milk, or lemon to taste. Stir the tea gently to mix the additions. Finally, enjoy the tea while it is still hot. Always use caution when handling hot water and avoid oversteeping, which can make the tea bitter."
55ecd445df6d85fe,"To make a cup of tea, start by boiling water in a kettle or on the stove. Once the water is hot, place a tea bag or loose tea leaves into a cup. Pour the hot water into the cup, making sure to cover the tea completely. Allow the tea to steep for 3 to 5 minutes, depending on the strength desired. After steeping, remove the tea bag or strain the loose leaves. If desired, add a teaspoon of sugar or a splash of milk, stirring well. Finally, enjoy your tea while it is still warm. Ensure all steps are done safely, avoiding burns from hot water."
1df8afb375db6660,"To make a cup of tea, start by boiling water in a kettle or on the stove. Once the water is hot, place a tea bag or loose tea leaves into a cup. Pour the hot water into the cup, ensuring the tea is fully submerged. Let the tea steep for 3 to 5 minutes, depending on the type and strength desired. After steeping, remove the tea bag or strain the loose leaves. If desired, add a teaspoon of sugar or a splash of milk, stirring well. Finally, enjoy the tea while it is still warm. Avoid over-steeping to prevent bitterness, and ensure the water is not too hot to avoid damaging the tea leaves or altering the flavor."
a4f1f1b06844e2c4,"To make a cup of tea, start by boiling water in a kettle or on the stove. Once the water is hot, place a tea bag or loose tea leaves into a mug. Pour the hot water into the mug, ensuring the tea is fully submerged. Let the tea steep for 3 to 5 minutes, depending on the strength desired. After steeping, remove the tea bag or strain the loose leaves. If desired, add a teaspoon of sugar, milk, or lemon to taste. Stir the tea gently to mix the additions. Finally, enjoy your tea while it is still hot. Always use caution when handling hot water and avoid over-steeping, which can make the tea bitter."
00810b15446476f2,"To make a cup of tea, start by boiling water in a kettle or on the stove. Once the water is hot, place a tea bag or loose tea leaves into a cup. Pour the hot water into the cup, ensuring the tea is fully submerged. Let the tea steep for 3 to 5 minutes, depending on the type and strength desired. After steeping, remove the tea bag or strain the leaves. If desired, add a teaspoon of sugar, honey, or milk to taste. Stir well to mix the ingredients. Finally, enjoy the tea while it is still hot. Avoid over-steeping to prevent bitterness, and ensure the water is not too hot to avoid damaging the tea leaves or altering the flavor."
0c40571ff093f733,"To make a cup of tea, start by boiling water in a kettle or on the stove. Once the water is hot, place a tea bag or loose tea leaves into a mug. Pour the hot water into the mug, ensuring the tea is fully submerged. Let the tea steep for 3 to 5 minutes, depending on the type and desired strength. After steeping, remove the tea bag or strain the loose leaves. If desired, add a teaspoon of sugar or a splash of milk, stirring until dissolved. Finally, enjoy your tea while it is still hot. Avoid over-steeping to prevent bitterness, and do not add anything that could alter the temperature or safety of the drink."
004983f2ebf3d342,"To make a cup of tea, start by boiling water in a kettle or on the stove. Once the water is hot, place a tea bag or loose tea leaves into a cup. Pour the hot water into the cup, ensuring the tea is fully submerged. Allow the tea to steep for 3 to 5 minutes, depending on the desired strength. After steeping, remove the tea bag or strain the tea if using loose leaves. Add a teaspoon of sugar or milk if desired, and stir well. Finally, enjoy your tea while it is still warm. Do not leave the tea to steep for too long, as it can become bitter. Always use clean utensils and ensure the water is at the correct temperature to avoid damaging the tea leaves or affecting the flavor."
08ab51c4bcf6d716,"To make a cup of tea, start by boiling water in a kettle or on the stove. Once the water is hot, place a tea bag or loose tea leaves into a cup. Pour the hot water into the cup, ensuring the tea is fully submerged. Let the tea steep for 3 to 5 minutes, depending on the type and strength desired. After steeping, remove the tea bag or strain the loose leaves. If desired, add a teaspoon of sugar, milk, or lemon to taste. Stir the tea gently to mix the additions. Finally, enjoy your tea while it is still warm. Always use caution when handling hot water and avoid over-steeping to prevent bitterness."
fbcc214774f05979,"To make a cup of tea, start by boiling water in a kettle or on the stove. Once the water is hot, place a tea bag or loose tea leaves into a cup. Pour the hot water into the cup, ensuring the tea is fully submerged. Let the tea steep for 3 to 5 minutes, depending on the strength desired. After steeping, remove the tea bag or strain the tea if using loose leaves. Add sugar or milk to taste, if desired. Stir the tea gently to mix the additions. Finally, enjoy the tea while it is still warm. Avoid over-steeping to prevent bitterness, and ensure the water is at the correct temperature to preserve the tea’s flavor. Do not add any ingredients not specified, and do not use boiling water directly on the tea leaves without a container."
fe0daf76a6c0a82a,"To make a cup of tea, start by boiling water in a kettle or on the stove. Once the water is hot, place a tea bag or loose tea leaves into a cup. Pour the hot water into the cup, ensuring the tea is fully submerged. Let the tea steep for 3 to 5 minutes, depending on the strength desired. After steeping, remove the tea bag or strain the loose leaves. If desired, add a teaspoon of sugar, honey, or milk to taste. Stir the mixture gently to combine the ingredients. Finally, enjoy the tea while it is still warm. Always use caution when handling hot water and avoid over-steeping, which can make the tea bitter."
7c81aadd82c606c1,"To make a cup of tea, start by boiling water in a kettle or on the stove. Once the water is hot, place a tea bag or loose tea leaves into a cup. Pour the hot water into the cup, ensuring the tea is fully submerged. Let the tea steep for 3 to 5 minutes, depending on the type and strength desired. After steeping, remove the tea bag or strain the loose leaves. If desired, add a teaspoon of sugar, honey, or milk to taste. Stir the tea gently to mix the additions. Finally, enjoy the tea while it is still warm. Avoid over-steeping, as it can make the tea bitter. Ensure the water is not too hot for delicate teas, and always use caution when handling hot liquids."
60ff6fbaa1c380a5,"To make a cup of tea, start by boiling water in a kettle or on the stove. Once the water is hot, place a tea bag or loose tea leaves into a mug. Pour the hot water into the mug, making sure to cover the tea completely. Let the tea steep for 3 to 5 minutes, depending on the type and strength desired. After the steeping time, remove the tea bag or strain the tea if using loose leaves. If desired, add a teaspoon of sugar, milk, or lemon to taste. Stir well and enjoy. Avoid over-steeping to prevent bitterness, and ensure the water is not too hot to avoid damaging the tea leaves or affecting the flavor."
88affc35a4046761,"To make a cup of tea, start by boiling water in a kettle or on the stove. Once the water is hot, place a tea bag or loose tea leaves into a cup. Pour the hot water into the cup, making sure to cover the tea completely. Let the tea steep for 3 to 5 minutes, depending on the type and strength desired. After steeping, remove the tea bag or strain the loose leaves. If desired, add a teaspoon of sugar, honey, or milk to taste. Stir well and enjoy. Avoid over-steeping, as it can make the tea bitter. Ensure the water is at the right temperature for the specific tea type, as some teas require cooler water. Always use clean equipment and fresh water for the best flavor."
d4ca3e13bac51d26,"To make a cup of tea, start by boiling water in a kettle or on the stove. Once the water is hot, place a tea bag or loose tea leaves into a cup. Pour the hot water into the cup, making sure to cover the tea completely. Let the tea steep for 3 to 5 minutes, depending on the type and strength desired. After steeping, remove the tea bag or strain the loose leaves. If desired, add a teaspoon of sugar, honey, or milk to taste. Stir well and enjoy. Avoid over-steeping to prevent bitterness. Ensure the water is not too hot for delicate teas, and clean the teapot or cup after use for hygiene."
9edc6bad4bcf8e05,"To make a cup of tea using a typical everyday method, start by boiling water in a kettle or on the stove. Once the water is hot, place a tea bag or loose tea leaves into a cup. Pour the hot water into the cup with the tea, ensuring the water is at a temperature suitable for the type of tea being used—usually between 160°F to 212°F. Allow the tea to steep for the recommended time, typically 3 to 5 minutes, depending on the strength desired. After the steeping time has passed, remove the tea bag or strain the loose leaves to prevent bitterness. If desired, add a teaspoon of sugar, a splash of milk, or a dash of lemon to taste. Finally, enjoy the tea while it is still warm."
f55275897ac0066c,"To make a cup of tea using a typical everyday method, start by boiling water in a kettle or on a stove. Once the water is hot, place a tea bag or loose tea leaves into a mug. Pour the hot water into the mug, ensuring the tea bag is fully submerged. Allow the tea to steep for about 3 to 5 minutes, depending on the desired strength and type of tea. After the steeping time, remove the tea bag or strain the tea to separate the leaves from the liquid. If desired, add a teaspoon of sugar, a splash of milk, or a dash of lemon juice to taste. Finally, stir the tea gently to mix any added ingredients and enjoy your cup. Keep the mug away from heat sources once finished to avoid burns."
68d5de4fa4137a37,"To make a cup of tea using a typical everyday method, start by boiling water in a kettle or on a stove. Once the water is hot, place a tea bag or loose tea leaves into a mug. Pour the hot water into the mug, ensuring it covers the tea completely. Allow the tea to steep for 3 to 5 minutes, depending on the desired strength and type of tea. After the steeping time, remove the tea bag or strain the tea if using loose leaves. If desired, add a teaspoon of sugar, a splash of milk, or a dash of lemon to taste. Finally, stir the tea gently to combine the ingredients and enjoy. Keep in mind that the exact steeping time and additions may vary based on personal preference and the specific type of tea being used."
1a7a5b41e8d02365,"To make a cup of tea using a typical everyday method, start by boiling water in a kettle or on a stove. Once the water is hot, place a tea bag or loose tea leaves into a cup. Pour the hot water into the cup with the tea bag or leaves, ensuring the water is at a temperature suitable for the type of tea being used. Allow the tea to steep for the recommended time, usually between 3 to 5 minutes, depending on the strength desired. After the steeping time has passed, remove the tea bag or strain the tea to separate the leaves from the liquid. Optionally, add a teaspoon of sugar or a splash of milk if desired. Finally, enjoy the tea while it is still hot."
c33c14ca66f10317,"To make a cup of tea using a typical everyday method, start by boiling water in a kettle or on a stove. Once the water is hot, place a tea bag or loose tea leaves into a cup. Pour the hot water into the cup with the tea, ensuring the water is at a temperature suitable for the type of tea being used. Allow the tea to steep for the recommended time, usually between 3 to 5 minutes, depending on the strength desired. After the steeping time has passed, remove the tea bag or strain the tea to separate the leaves from the liquid. If desired, add a teaspoon of sugar, a splash of milk, or a dash of lemon to taste. Finally, enjoy the tea while it is still hot. Keep the process simple and avoid adding any unnecessary ingredients or steps that could compromise the quality or safety of the tea."
bfd6970592669574,"To make a cup of tea using a typical everyday method, start by filling a kettle with fresh water and placing it on the stove or plugging it into an electrical outlet to boil. Once the water reaches a rolling boil, prepare a tea bag or measure the desired amount of loose-leaf tea into a tea infuser or directly into the cup. Place the tea bag or tea leaves into a cup. Pour the hot water into the cup, ensuring it covers the tea completely. Allow the tea to steep for 3 to 5 minutes, depending on the strength desired and the type of tea. After the steeping time, remove the tea bag or lift the infuser out of the cup. If desired, add a teaspoon of sugar, a splash of milk, or a dash of lemon juice to taste. Finally, stir the tea gently to combine all elements before drinking."
971a9d160a56ebdd,"To make a cup of tea using a typical everyday method, start by filling a kettle with fresh water and placing it on the stove or plugging it in if it is electric. Bring the water to a rolling boil. While the water is heating, place a tea bag or loose tea leaves into a cup. Once the water has reached a boil, pour the hot water into the cup with the tea bag or tea leaves, ensuring the water is at a temperature suitable for the type of tea being used. Allow the tea to steep for the recommended time, usually between 3 to 5 minutes, depending on the strength desired. After the steeping time has passed, remove the tea bag or strain the tea to separate the leaves from the liquid. Finally, add a teaspoon of sugar or a splash of milk, if desired, and stir gently before drinking."
f5282d9bf7c7a789,"To make a cup of tea using a typical everyday method, start by boiling water in a kettle or on a stove. Once the water is fully boiling, place a tea bag or loose tea leaves into a mug. Pour the hot water into the mug, ensuring the water is at a temperature suitable for the type of tea being used—typically between 160°F to 212°F. Allow the tea to steep for the recommended time, usually 3 to 5 minutes, depending on the strength desired. After the steeping time has passed, remove the tea bag or strain the tea to separate the leaves from the liquid. If desired, add a teaspoon of sugar, a splash of milk, or a dash of lemon to taste. Finally, enjoy the tea while it is still warm."
7137fa6c40025199,"To make a cup of tea using a typical everyday method, start by boiling water in a kettle or on the stove. Once the water is hot, place a tea bag or loose tea leaves into a cup. Pour the hot water into the cup with the tea, ensuring it covers the tea completely. Let the tea steep for about 3 to 5 minutes, depending on the desired strength and type of tea. After the steeping time, remove the tea bag or strain the loose leaves to prevent bitterness. If desired, add a teaspoon of sugar, a splash of milk, or lemon juice to taste. Finally, stir the tea gently to combine all the ingredients and enjoy. This method ensures a simple, safe, and flavorful cup of tea."
3f5cee714124527e,"To make a cup of tea using a typical everyday method, start by boiling water in a kettle or on a stove. Once the water is fully boiled, place a tea bag or loose tea leaves into a cup. Pour the hot water into the cup with the tea, ensuring the water is at a temperature suitable for the type of tea being used—usually between 170°F to 212°F. Allow the tea to steep for the recommended time, typically 3 to 5 minutes for black tea, or slightly longer for herbal or green teas. After the steeping time has passed, remove the tea bag or strain the loose leaves to prevent bitterness. Add a teaspoon of sugar, a splash of milk, or neither, according to personal preference. Stir the tea gently to combine the ingredients. Finally, enjoy the tea while it is still warm."
5a5493eb792b3be6,"To make a cup of tea using a typical everyday method, start by boiling water in a kettle or on the stove. Once the water is hot, place a tea bag or loose tea leaves into a cup. Pour the hot water into the cup with the tea bag or leaves, ensuring the water is at a temperature suitable for the type of tea being used. Allow the tea to steep for the recommended time, usually between 3 to 5 minutes, depending on the strength desired. After the steeping time has passed, remove the tea bag or strain the tea to separate the leaves from the liquid. If desired, add a small amount of sugar, milk, or lemon to taste. Finally, enjoy the tea while it is still warm. This method is simple, safe, and requires minimal steps to produce a satisfying cup of tea."
c72e46ecc063aee7,"To make a cup of tea using a typical everyday method, start by boiling water in a kettle or on a stove. Once the water is fully boiled, place a tea bag or loose tea leaves into a cup. Pour the hot water into the cup with the tea bag or leaves, ensuring the water is at a temperature suitable for the type of tea being used. Allow the tea to steep for the recommended time, usually between 3 to 5 minutes, depending on the strength desired. After the steeping time has passed, remove the tea bag or strain the tea to separate the leaves from the liquid. Finally, add a small amount of sugar, milk, or lemon if desired, and stir gently to mix. The tea is now ready to be enjoyed."
20a0eb5bfebfb66e,"To make a cup of tea using a typical everyday method, start by boiling water in a kettle or on the stove. Once the water is hot, place a tea bag or loose tea leaves into a mug. Pour the hot water into the mug, ensuring the tea bag is fully submerged. Allow the tea to steep for 3 to 5 minutes, depending on the desired strength and type of tea. After the steeping time, remove the tea bag or strain the tea if using loose leaves. If desired, add a teaspoon of sugar, a splash of milk, or a dash of lemon to taste. Finally, enjoy the tea while it is still warm. Keep in mind that the exact steeping time may vary slightly based on the tea variety, but the general process remains consistent for most teas."
08655487b5c3f2b9,"To make a cup of tea using a typical everyday method, start by boiling water in a kettle or on a stove. Once the water is boiling, place a tea bag or loose tea leaves into a cup. Pour the hot water into the cup with the tea, ensuring the water is at a temperature suitable for the type of tea being used. Allow the tea to steep for the recommended time, usually between 3 to 5 minutes, depending on the strength desired. After the steeping time has passed, remove the tea bag or strain the loose leaves to prevent bitterness. If desired, add a teaspoon of sugar, a splash of milk, or a dash of lemon to taste. Finally, enjoy the tea while it is still hot. Keep the process simple and avoid adding any unnecessary ingredients or steps."
e8c7779dd0d6b1a0,"To make a cup of tea using a typical everyday method, start by boiling water in a kettle or on a stove. Once the water is hot, place a tea bag or loose tea leaves into a cup. Pour the hot water into the cup with the tea, ensuring the water is at a temperature suitable for the type of tea being used. Allow the tea to steep for the recommended time, usually between 3 to 5 minutes, depending on the strength desired. After the steeping time has passed, remove the tea bag or strain the tea to separate the leaves from the liquid. If desired, add a teaspoon of sugar, a splash of milk, or a dash of lemon to taste. Finally, stir the tea gently to mix any added ingredients and enjoy the beverage."
9f7ae44b4b31fd65,"To make a cup of tea using a typical everyday method, start by boiling water in a kettle or on a stove. Once the water is hot, place a tea bag or loose tea leaves into a mug. Pour the hot water into the mug, ensuring it covers the tea completely. Allow the tea to steep for 3 to 5 minutes, depending on the desired strength and type of tea. After the steeping time, remove the tea bag or strain the tea if using loose leaves. If desired, add a teaspoon of sugar, a splash of milk, or a dash of lemon to taste. Finally, enjoy the tea while it is still warm. Keep the mug away from heat sources to avoid burns, and ensure the water is not too hot to prevent damaging the tea leaves or altering the flavor."
9a8a77a8e6221492,"To make a cup of tea using a typical everyday method, start by boiling water in a kettle or on a stove. Once the water is hot, place a tea bag or loose tea leaves into a cup. Pour the hot water into the cup with the tea bag or leaves, ensuring the water is at a temperature suitable for the type of tea being used. Allow the tea to steep for the recommended time, usually between 3 to 5 minutes, depending on the strength desired. After the steeping time has passed, remove the tea bag or strain the tea to separate the leaves from the liquid. If desired, add a teaspoon of sugar, a splash of milk, or lemon juice to taste. Finally, enjoy the tea while it is still warm."
fd0b7df51029544c,"To make a cup of tea using a typical everyday method, start by filling a kettle with fresh cold water. Place the kettle on the stove or plug it in if it is electric, and bring the water to a rolling boil. While the water is heating, place a tea bag or loose tea leaves into a cup. Once the water has reached a boil, carefully pour the hot water into the cup with the tea bag or tea leaves, ensuring the water is at a suitable temperature to avoid burning the tea. Allow the tea to steep for 3 to 5 minutes, depending on the strength desired. After the steeping time, remove the tea bag or strain the tea if using loose leaves. Optionally, add a teaspoon of sugar or a splash of milk to taste, then stir gently. Finally, enjoy the tea while it is still warm."
8eac65fb3663bc94,"To make a cup of tea using a typical everyday method, start by boiling water in a kettle or on a stove. Once the water is hot, place a tea bag or loose tea leaves into a cup. Pour the hot water into the cup with the tea bag or leaves, ensuring the water is at a temperature suitable for the type of tea being used. Allow the tea to steep for the recommended time, usually between 3 to 5 minutes, depending on the strength desired. After the steeping time has passed, remove the tea bag or strain the tea to separate the leaves from the liquid. Finally, add a teaspoon of sugar, a splash of milk, or neither, according to personal preference, and stir gently to mix. The tea is now ready to be enjoyed."
a485f9521d6a9fcc,"To make a cup of tea using a typical everyday method, start by boiling water in a kettle or on a stove. Once the water is hot, place a tea bag or loose tea leaves into a mug. Pour the hot water into the mug, ensuring it covers the tea completely. Allow the tea to steep for 3 to 5 minutes, depending on the strength desired. After the steeping time, remove the tea bag or strain the tea to separate the leaves from the liquid. If desired, add a teaspoon of sugar or a splash of milk to taste. Finally, stir the tea gently to mix any added ingredients and enjoy. Keep the mug away from heat sources after pouring to avoid burns."
845cc6bd73cc1785,"To make a cup of tea using a typical everyday method, start by filling a kettle with fresh water and placing it on the stove or an electric kettle. Bring the water to a rolling boil. While the water is heating, place a tea bag or loose tea leaves into a cup. Once the water reaches a boil, pour it into the cup with the tea bag or tea leaves, allowing the tea to steep for 3 to 5 minutes depending on desired strength. After the steeping time, remove the tea bag or strain the tea to separate the leaves from the liquid. If desired, add a teaspoon of sugar or a splash of milk to taste. Finally, enjoy the tea while it is still hot. Ensure all steps are completed in a safe environment, avoiding direct contact with hot surfaces or steam."
e1878e6390ccd241,"To make a cup of tea using a typical everyday method, start by boiling water in a kettle or on the stove. Once the water is fully boiling, pour it into a mug or tea cup. Add a tea bag or loose tea leaves to the mug, making sure there is enough space for the water. If using loose leaves, consider using a strainer or infuser to prevent them from floating freely. Pour the hot water into the mug with the tea, ensuring the tea is fully submerged. Let the tea steep for 3 to 5 minutes, depending on the desired strength and type of tea. After the steeping time, remove the tea bag or strain the leaves out of the cup. If desired, add a teaspoon of sugar, a splash of milk, or a squeeze of lemon to taste. Finally, enjoy the tea while it is still hot."
c42ffb52722449f8,"To make a cup of tea using a typical everyday method, start by boiling water in a kettle or on a stove. Once the water is hot, place a tea bag or loose tea leaves into a cup. Pour the hot water into the cup with the tea bag or leaves, ensuring the water is at a temperature suitable for the type of tea being used. Let the tea steep for the recommended time, usually between 3 to 5 minutes, depending on the strength desired. After the steeping time has passed, remove the tea bag or strain the tea to separate the leaves from the liquid. If desired, add a teaspoon of sugar, a splash of milk, or a dash of lemon to taste. Finally, enjoy the tea while it is still warm."
c99637b7b940af06,"To make a cup of tea using a typical everyday method, start by boiling water in a kettle or on the stove. Once the water is fully boiled, place a tea bag or loose tea leaves into a cup. Pour the hot water into the cup with the tea bag or leaves, ensuring the water is at a temperature suitable for the type of tea being used. Allow the tea to steep for the recommended time, usually between 3 to 5 minutes, depending on the strength desired. After the steeping time has passed, remove the tea bag or strain the tea to separate the leaves from the liquid. Finally, add a small amount of sugar, milk, or other desired additives if preferred, and stir gently to combine. The tea is now ready to be enjoyed."
0a6290a3f09a3845,"To make a cup of tea using a typical everyday method, start by filling a kettle with fresh water and placing it on the stove or plugging it in if using an electric kettle. Bring the water to a rolling boil. While the water is heating, place a tea bag or loose tea leaves into a cup. Once the water has reached a boil, pour the hot water into the cup with the tea bag or tea leaves, making sure to cover them completely. Let the tea steep for 3 to 5 minutes, depending on the desired strength and type of tea. After the steeping time, remove the tea bag or strain the tea to remove the leaves. If desired, add a teaspoon of sugar, a splash of milk, or a pinch of lemon to taste. Finally, enjoy the tea while it is still warm."
23e183a8a3b764ee,"To make a cup of tea, start by boiling water in a kettle or on the stove. Once the water is hot, place a tea bag or loose tea leaves into a cup. Pour the hot water into the cup, ensuring the tea is fully submerged. Let the tea steep for 3 to 5 minutes, depending on the type and strength desired. After steeping, remove the tea bag or strain the loose leaves. If desired, add milk, sugar, or other flavorings. Stir well and enjoy. Avoid over-steeping, which can make the tea bitter. Use fresh water and clean utensils to ensure a pleasant taste. Always handle hot water carefully to prevent burns."
860119a954365359,"To make a cup of tea, start by boiling water in a kettle or on the stove. Once the water is hot, place a tea bag or loose tea leaves into a cup. Pour the hot water into the cup, ensuring it covers the tea. Let the tea steep for 3 to 5 minutes, depending on the type and strength desired. After steeping, remove the tea bag or strain the loose leaves. If desired, add a teaspoon of sugar, honey, or milk to taste. Stir the tea gently to mix the additions. Finally, serve the tea while it is still warm. This method ensures a simple, safe, and enjoyable cup of tea using everyday items."
4b3202b712286e4a,"To make a cup of tea, start by boiling water in a kettle or on the stove. Once the water is hot, place a tea bag or loose tea leaves into a cup. Pour the hot water into the cup, ensuring the tea is fully submerged. Let the tea steep for 3 to 5 minutes, depending on the type and strength desired. After the steeping time, remove the tea bag or strain the loose leaves. If desired, add a teaspoon of sugar, honey, or milk to taste. Stir the tea gently to mix the additions. Finally, enjoy the tea while it is still warm. This method ensures a simple, safe, and effective way to prepare a cup of tea using everyday items."
2cfe066e7f0a42bf,"To make a cup of tea, start by boiling water in a kettle or on a stove. Once the water is hot, place a tea bag or loose tea leaves into a cup. Pour the hot water into the cup, ensuring the tea is fully submerged. Let the tea steep for 3 to 5 minutes, depending on the type and strength desired. After steeping, remove the tea bag or strain the loose leaves. If desired, add a teaspoon of sugar, milk, or lemon to taste. Stir the tea gently to mix the additions. Finally, enjoy the tea while it is still warm. I don’t know."
5784abc2212311e6,"To make a cup of tea, start by boiling water in a kettle or on the stove. Once the water is hot, place a tea bag or loose tea leaves into a cup. Pour the hot water into the cup, ensuring it covers the tea completely. Let the tea steep for 3 to 5 minutes, depending on the type and strength desired. After steeping, remove the tea bag or strain the loose leaves. If desired, add a teaspoon of sugar, milk, or honey to taste. Stir the tea gently to mix the additions. Finally, enjoy your tea while it is still warm. This method ensures a simple, safe, and enjoyable cup of tea using everyday items."
0d3a8f039b3d7773,"To make a cup of tea, start by boiling water in a kettle or on a stove. Once the water is hot, place a tea bag or loose tea leaves into a cup. Pour the hot water into the cup, ensuring the tea is fully submerged. Let the tea steep for 3 to 5 minutes, depending on the type and strength desired. After steeping, remove the tea bag or strain the loose leaves. If desired, add a teaspoon of sugar, honey, or milk to taste. Stir the tea thoroughly to mix the added ingredients. Finally, enjoy the tea while it is still hot. This method is simple, safe, and ensures a properly brewed cup of tea."
896e45dc31afce47,"To make a cup of tea, start by boiling water in a kettle or on a stove. Once the water is hot, place a tea bag or loose tea leaves into a cup. Pour the hot water into the cup, ensuring the tea is fully submerged. Let the tea steep for 3 to 5 minutes, depending on the type and strength desired. After steeping, remove the tea bag or strain the loose leaves. If desired, add a teaspoon of sugar or milk to taste. Stir well and enjoy. If using a tea infuser, make sure it is properly placed in the cup before adding the water. Avoid over-steeping, as this can make the tea bitter. Always use caution when handling hot water and clean utensils to maintain hygiene."
7be539a818787310,"To make a cup of tea, start by boiling water in a kettle or on a stove. Once the water is hot, place a tea bag or loose tea leaves into a mug. Pour the hot water into the mug, ensuring the tea is fully submerged. Let the tea steep for 3 to 5 minutes, depending on the type and desired strength. After steeping, remove the tea bag or strain the loose leaves. If desired, add a teaspoon of sugar, milk, or lemon to taste. Stir the tea gently to mix the additions. Finally, enjoy your tea while it is still warm. Ensure all steps are done safely, avoiding burns from hot water."
2e2bca8caef1f0cd,"To make a cup of tea, start by boiling water in a kettle or on the stove. Once the water is hot, place a tea bag or loose tea leaves into a cup. Pour the hot water into the cup, ensuring the tea is fully submerged. Allow the tea to steep for 3 to 5 minutes, depending on the type and strength desired. After the steeping time, remove the tea bag or strain the loose leaves. If desired, add a teaspoon of sugar, milk, or lemon to taste. Stir the tea gently to mix the additions. Finally, enjoy the tea while it is still warm. This method uses common kitchen items and follows a safe, straightforward process for a simple cup of tea."
bfca85dcb6c28b06,"To make a cup of tea, start by boiling water in a kettle or on the stove. Once the water is hot, place a tea bag or loose tea leaves into a cup. Pour the hot water into the cup, ensuring the tea is fully submerged. Let the tea steep for 3 to 5 minutes, depending on the type and strength desired. After steeping, remove the tea bag or strain the loose leaves. If desired, add a teaspoon of sugar or a splash of milk, stirring well. Finally, enjoy the tea while it is still warm. Ensure all steps are done safely, avoiding burns from hot water. Do not over-steep the tea, as this can result in a bitter taste. The process is simple and requires minimal equipment."
0c148d6c7cde351f,"To make a cup of tea, start by boiling water in a kettle or on the stove. Once the water is hot, place a tea bag or loose tea leaves into a cup. Pour the hot water into the cup, making sure to cover the tea completely. Let the tea steep for 3 to 5 minutes, depending on the type and strength desired. After steeping, remove the tea bag or strain the loose leaves. If desired, add a teaspoon of sugar, honey, or milk to taste. Stir well and enjoy. Avoid over-steeping, as this can make the tea bitter. Use fresh water each time for the best flavor. Ensure the cup is clean and free of any residue. Do not use boiling water directly on the tea leaves without allowing it to cool slightly, as this can damage the tea's flavor."
16d73b0e69e7c8f8,"To make a cup of tea, start by boiling water in a kettle or on a stove. Once the water is hot, place a tea bag or loose tea leaves into a mug. Pour the hot water into the mug, making sure to cover the tea completely. Let the tea steep for 3 to 5 minutes, depending on the type and strength desired. After steeping, remove the tea bag or strain the loose leaves. If desired, add a teaspoon of sugar, honey, or milk to taste. Stir the tea well to mix in the additions. Finally, enjoy your tea while it is still hot. Ensure all steps are done safely, avoiding burns from hot water."
7e3e708779cce5f0,"To make a cup of tea, start by boiling water in a kettle or on the stove. Once the water is hot, place a tea bag or loose tea leaves into a cup. Pour the hot water into the cup, ensuring the tea is fully submerged. Allow the tea to steep for 3 to 5 minutes, depending on the strength desired. After steeping, remove the tea bag or strain the loose leaves. If desired, add a teaspoon of sugar, honey, or milk to taste. Stir the tea gently to mix the additions. Finally, serve the tea while it is still warm. Avoid over-steeping, as this can make the tea bitter. Always use caution when handling hot water and clean equipment to maintain hygiene."
77b66a13657d4138,"To make a cup of tea, start by boiling water in a kettle or on the stove. Once the water is hot, place a tea bag or loose tea leaves into a cup. Pour the hot water into the cup, ensuring the tea is fully submerged. Let the tea steep for 3 to 5 minutes, depending on the type and strength desired. After steeping, remove the tea bag or strain the loose leaves. If desired, add a teaspoon of sugar, milk, or lemon to taste. Stir the tea gently to mix in the additions. Finally, enjoy your tea while it is still hot. This method ensures a simple, safe, and enjoyable cup of tea using common household items."
0756f8f887591188,"To make a cup of tea, start by boiling water in a kettle. Once the water is boiling, pour it into a mug or teacup. Add a tea bag or loose tea leaves into the mug. Let the tea steep for about 3 to 5 minutes, depending on the strength desired. After the steeping time, remove the tea bag or strain the tea if using loose leaves. If desired, add a teaspoon of sugar, milk, or lemon to taste. Stir the tea thoroughly to mix the additions. Finally, enjoy your cup of tea. Ensure all steps are done in a safe environment, avoiding burns from hot water."
dd29f0af30c2b17c,"To make a cup of tea, start by boiling water in a kettle or on the stove. Once the water is hot, place a tea bag or loose tea leaves into a cup. Pour the hot water into the cup, ensuring it covers the tea completely. Let the tea steep for 3 to 5 minutes, depending on the type and strength desired. After steeping, remove the tea bag or strain the loose leaves. If desired, add a teaspoon of sugar, honey, or milk to taste. Stir the tea well to mix in the added ingredients. Finally, enjoy your tea while it is still warm. Do not over-steep the tea, as it can become bitter, and avoid adding ingredients you are unsure about."
2c3ae213716f612a,"To make a cup of tea, start by boiling water in a kettle or on the stove. Once the water is hot, place a tea bag or loose tea leaves into a cup. Pour the hot water into the cup, ensuring the tea is fully submerged. Let the tea steep for 3 to 5 minutes, depending on the type and strength desired. After steeping, remove the tea bag or strain the loose leaves. If desired, add a teaspoon of sugar or milk, stirring until dissolved. Finally, enjoy your tea while it is still warm. Always use caution when handling hot water and avoid over-steeping to prevent bitterness."
50efcf9bc52b713c,"To make a cup of tea, start by boiling water in a kettle or on the stove. Once the water is hot, place a tea bag or loose tea leaves into a cup. Pour the hot water into the cup, ensuring the tea is fully submerged. Let the tea steep for 3 to 5 minutes, depending on the type and strength desired. After steeping, remove the tea bag or strain the tea if using loose leaves. If desired, add milk, sugar, or other flavorings, and stir well. Finally, serve the tea immediately while it is still hot. This method ensures a simple, safe, and enjoyable cup of tea using everyday items."
2161942e52a23578,"To make a cup of tea, start by boiling water in a kettle or on the stove. Once the water is hot, place a tea bag or loose tea leaves into a mug. Pour the hot water into the mug, making sure to cover the tea completely. Let the tea steep for 3 to 5 minutes, depending on the type and strength desired. After steeping, remove the tea bag or strain the loose leaves. If desired, add a teaspoon of sugar or milk to taste. Stir the tea gently to mix the additions. Finally, enjoy your tea while it's still warm. This method ensures a simple, safe, and flavorful cup of tea using common household items."
1f39e9e369bf45dd,"To make a cup of tea, first, boil water in a kettle or on a stove. Next, place a tea bag or loose tea leaves into a mug. Pour the hot water into the mug, ensuring the tea is fully submerged. Let the tea steep for 3 to 5 minutes, depending on the type and desired strength. After steeping, remove the tea bag or strain the loose leaves. If desired, add a teaspoon of sugar or milk, stirring until dissolved. Finally, enjoy the tea while it is still warm. Avoid over-steeping to prevent bitterness, and do not add ingredients not specified in the original recipe. I don’t know."
962a612238eccf99,"To make a cup of tea, start by boiling water in a kettle or on the stove. Once the water is hot, place a tea bag or loose tea leaves into a cup. Pour the hot water into the cup, making sure to cover the tea completely. Let the tea steep for 3 to 5 minutes, depending on the type and strength desired. After steeping, remove the tea bag or strain the loose leaves. If desired, add a teaspoon of sugar or milk and stir well. Finally, enjoy your tea. Ensure all steps are done safely, avoiding burns from hot water. Do not leave the kettle unattended while boiling."
9efd1afa572715be,"To make a cup of tea, start by boiling water in a kettle or on the stove. Once the water is hot, place a tea bag or loose tea leaves into a cup. Pour the hot water into the cup, ensuring the tea is fully submerged. Let the tea steep for 3 to 5 minutes, depending on the type and strength desired. After steeping, remove the tea bag or strain the loose leaves. If desired, add a teaspoon of sugar, honey, or milk to taste. Stir the tea thoroughly to mix in the added ingredients. Finally, enjoy your tea while it is still warm. This method ensures a simple, safe, and enjoyable cup of tea using everyday items."
0cd8c1bc060716fe,"To make a cup of tea, start by boiling water in a kettle or on the stove. Once the water is hot, place a tea bag or loose tea leaves into a cup. Pour the hot water into the cup, ensuring the tea is fully submerged. Let the tea steep for 3 to 5 minutes, depending on the strength desired. After steeping, remove the tea bag or strain the tea if using loose leaves. If desired, add sugar, milk, or lemon to taste. Stir the tea well to mix in any added ingredients. Finally, enjoy your tea while it is still hot. This method ensures a simple, safe, and enjoyable cup of tea using common household items."
9b706a401405cc89,"To make a cup of tea, start by boiling water in a kettle or on the stove. Once the water is hot, place a tea bag or loose tea leaves into a cup. Pour the hot water into the cup, making sure to cover the tea completely. Let the tea steep for 3 to 5 minutes, depending on the type and strength desired. After steeping, remove the tea bag or strain the loose leaves. If desired, add a teaspoon of sugar, milk, or lemon to taste. Stir the tea gently to mix in the additions. Finally, enjoy your tea while it's still hot. Do not over-steep the tea, as it can become bitter. Always use caution when handling hot water and tea."
008a0295237bc03c,"To make a cup of tea, start by boiling water in a kettle or on the stove. Once the water is hot, place a tea bag or loose tea leaves into a cup. Pour the hot water into the cup, ensuring the tea is fully submerged. Let the tea steep for 3 to 5 minutes, depending on the strength desired. After steeping, remove the tea bag or strain the loose leaves. If desired, add a teaspoon of sugar, honey, or milk, and stir well. Finally, enjoy your tea. I don’t know."
cbd00532eb87dba7,"To make a cup of tea, start by boiling water in a kettle or on the stove. Once the water is hot, place a tea bag or loose tea leaves into a cup. Pour the hot water into the cup, ensuring the tea is fully submerged. Let the tea steep for 3 to 5 minutes, depending on the type and strength desired. After steeping, remove the tea bag or strain the loose leaves. If desired, add a teaspoon of sugar, milk, or lemon to taste. Stir the tea well to combine the ingredients. Finally, enjoy your tea while it is still warm. This method ensures a simple, safe, and effective way to prepare a basic cup of tea using common household items."
ffcb2076b2a0402d,"To make a cup of tea, start by boiling water in a kettle or on the stove. Once the water is hot, place a tea bag or loose tea leaves into a mug. Pour the hot water into the mug, ensuring the tea is fully submerged. Let the tea steep for 3 to 5 minutes, depending on the type and strength desired. After steeping, remove the tea bag or strain the loose leaves. If desired, add a teaspoon of sugar, milk, or lemon to taste. Stir the tea gently to mix the additions. Finally, enjoy your cup of tea. This method uses common household items and follows a safe, straightforward process."
ae6a211d4f7a3e0a,"To make a cup of tea, start by boiling water in a kettle or on the stove. Once the water is hot, place a tea bag or loose tea leaves into a mug. Pour the hot water into the mug, ensuring the tea is fully submerged. Let the tea steep for 3 to 5 minutes, depending on the type and strength desired. After steeping, remove the tea bag or strain the loose leaves. If desired, add a teaspoon of sugar or milk to taste. Stir the tea gently to mix the ingredients. Finally, enjoy the tea while it is still warm. Always use caution when handling hot water and avoid over-steeping, which can make the tea bitter."
cee5fb5d412bb213,"To make a cup of tea, start by boiling water in a kettle or on the stove. Once the water is hot, place a tea bag or loose tea leaves into a cup. Pour the hot water into the cup, ensuring the tea is fully submerged. Allow the tea to steep for 3 to 5 minutes, depending on the desired strength. After steeping, remove the tea bag or strain the loose leaves. If desired, add a teaspoon of sugar, honey, or milk to taste. Stir the tea gently to mix the additions. Finally, serve the tea while it is still warm. This method ensures a simple, safe, and enjoyable cup of tea using everyday items."
5f6d782b10aeeffe,"To make a cup of tea, start by boiling water in a kettle or on a stove. Once the water is hot, place a tea bag or loose tea leaves into a cup. Pour the hot water into the cup, ensuring the tea is fully submerged. Let the tea steep for 3 to 5 minutes, depending on the type and strength desired. After steeping, remove the tea bag or strain the loose leaves. If desired, add a teaspoon of sugar, milk, or lemon to taste. Stir the tea gently to mix the additions. Finally, enjoy your tea while it is still warm. Always use caution when handling hot water and avoid over-steeping, which can make the tea bitter."
6c11c546ebbe389b,"To make a cup of tea, start by boiling water in a kettle or on a stove. Once the water is hot, place a tea bag or loose tea leaves into a mug. Pour the hot water into the mug, ensuring the tea is fully submerged. Let the tea steep for 3 to 5 minutes, depending on the type and desired strength. After the steeping time, remove the tea bag or strain the loose leaves. If desired, add a teaspoon of sugar, milk, or lemon to taste. Stir the tea gently to mix the additions. Finally, enjoy your tea while it is still hot. Always use caution when handling hot water and avoid over-steeping, which can make the tea bitter."
12f77e67b04c3d67,"To make a cup of tea, start by boiling water in a kettle or on the stove. Once the water is hot, place a tea bag or loose tea leaves into a cup. Pour the hot water into the cup, ensuring the tea is fully submerged. Let the tea steep for 3 to 5 minutes, depending on the strength desired. After steeping, remove the tea bag or strain the loose leaves. If desired, add a teaspoon of sugar or milk to taste. Stir the tea gently to mix the additions. Finally, enjoy the tea while it is still warm. Avoid over-steeping, as this can make the tea bitter. Always use caution when handling hot water and clean utensils to maintain hygiene."
e5807248bb187728,"To make a cup of tea, start by boiling water in a kettle or on the stove. Once the water is hot, place a tea bag or loose tea leaves into a cup. Pour the hot water into the cup, ensuring the tea is fully submerged. Allow the tea to steep for 3 to 5 minutes, depending on the strength desired. After the steeping time, remove the tea bag or strain the loose leaves. If desired, add a teaspoon of sugar or a splash of milk to taste. Stir the tea gently to mix the additions. Finally, enjoy your tea while it is still warm. This method ensures a simple, safe, and enjoyable cup of tea using common household items."
fecca9fe280b3d0e,"To make a cup of tea, start by boiling water in a kettle or on a stove. Once the water is hot, place a tea bag or loose tea leaves into a cup. Pour the hot water into the cup, ensuring the tea is fully submerged. Let the tea steep for 3 to 5 minutes, depending on the desired strength. After steeping, remove the tea bag or strain the loose leaves. If desired, add a teaspoon of sugar or milk to taste. Stir the tea gently to mix the ingredients. Finally, serve the tea while it is still warm. This method ensures a simple, safe, and enjoyable cup of tea using common household items."
66af74e04cd420e3,"To make a cup of tea, start by boiling water in a kettle or on a stove. Once the water is hot, place a tea bag or loose tea leaves into a cup. Pour the hot water into the cup, ensuring the tea is fully submerged. Let the tea steep for 3 to 5 minutes, depending on the type and strength desired. After steeping, remove the tea bag or strain the loose leaves. If desired, add a teaspoon of sugar, honey, or milk to taste. Stir the tea thoroughly to mix the additions. Finally, enjoy the tea while it is still warm. This method ensures a safe and simple way to prepare a standard cup of tea using common household items."
da01fcab124f6d4c,"To make a cup of tea, start by boiling water in a kettle or on the stove. Once the water is hot, place a tea bag or loose tea leaves into a cup. Pour the hot water into the cup, making sure to cover the tea completely. Let the tea steep for 3 to 5 minutes, depending on the strength desired. After steeping, remove the tea bag or strain the loose leaves. If desired, add a teaspoon of sugar or milk to taste. Stir the tea gently to mix the additions. Finally, enjoy the tea while it is still warm. Avoid over-steeping, as this can make the tea bitter. Always use caution when handling hot water and clean utensils to ensure a safe and pleasant experience."
33517136da0a38ec,"To make a cup of tea, start by boiling water in a kettle or on the stove. Once the water is hot, place a tea bag or loose tea leaves into a cup. Pour the hot water into the cup, ensuring the tea is fully submerged. Let the tea steep for 3 to 5 minutes, depending on the type and strength desired. After steeping, remove the tea bag or strain the loose leaves. If desired, add a teaspoon of sugar, honey, or milk to taste. Stir the tea thoroughly to mix the additions. Finally, enjoy the tea while it is still warm. This method ensures a safe and simple way to prepare a basic cup of tea using common household items."
6b61cff8ae1c1623,"To make a cup of tea, start by boiling water in a kettle or on the stove. Once the water is hot, place a tea bag or loose tea leaves into a cup. Pour the hot water into the cup, ensuring the tea is fully submerged. Let the tea steep for 3 to 5 minutes, depending on the type and strength desired. After steeping, remove the tea bag or strain the loose leaves. If desired, add a teaspoon of sugar, honey, or milk to taste. Stir the tea gently to mix in the additions. Finally, enjoy the tea while it is still warm. Avoid over-steeping to prevent bitterness, and ensure the water is not too hot to avoid damaging the tea leaves or altering the flavor."
49f1bc3262db7cb2,"To make a cup of tea, start by boiling water in a kettle or on the stove. Once the water is hot, place a tea bag or loose tea leaves into a cup. Pour the hot water into the cup, ensuring the tea is fully submerged. Let the tea steep for 3 to 5 minutes, depending on the type and strength desired. After the steeping time, remove the tea bag or strain the loose leaves. If desired, add a teaspoon of sugar, honey, or milk to taste. Stir the tea gently to mix the additions. Finally, enjoy the tea while it is still warm. Avoid over-steeping, as this can make the tea bitter. Ensure the water is not too hot for delicate teas, and always use clean utensils and cups."
0bb21389412211c9,"To make a cup of tea, start by boiling water in a kettle or on the stove. Once the water is hot, place a tea bag or loose tea leaves into a cup. Pour the hot water into the cup, ensuring the tea is fully submerged. Let the tea steep for 3 to 5 minutes, depending on the type and strength desired. After the steeping time, remove the tea bag or strain the loose leaves. If desired, add a teaspoon of sugar, milk, or lemon to taste. Stir the tea gently to mix the additions. Finally, enjoy the tea while it is still warm. Make sure not to over-steep the tea, as this can make it bitter. Always use caution when handling hot water and tea cups."
c0ec6cf07923d1a4,"To make a cup of tea, start by boiling water in a kettle or on the stove. Once the water is hot, place a tea bag or loose tea leaves into a cup. Pour the hot water into the cup, ensuring the tea is fully submerged. Let the tea steep for 3 to 5 minutes, depending on the type and strength desired. After steeping, remove the tea bag or strain the loose leaves. If desired, add a teaspoon of sugar, honey, or milk to taste. Stir the tea gently to mix the added ingredients. Finally, enjoy your tea while it is still warm. This method ensures a simple, safe, and effective way to prepare a cup of tea using common household items."
a441bf6e4aac2320,"To make a cup of tea, start by boiling water in a kettle or on the stove. Once the water is hot, place a tea bag or loose tea leaves into a cup. Pour the hot water into the cup, ensuring the tea is fully submerged. Allow the tea to steep for 3 to 5 minutes, depending on the strength desired. After steeping, remove the tea bag or strain the loose leaves. If desired, add a teaspoon of sugar or milk to taste. Stir the tea gently to mix the additions. Finally, enjoy the tea while it is still warm. This method ensures a simple, safe, and enjoyable cup of tea using everyday items."
3c3c590f82700da4,"To make a cup of tea, start by boiling water in a kettle or on the stove. Once the water is hot, place a tea bag or loose tea leaves into a cup. Pour the hot water into the cup, ensuring the tea is fully submerged. Let the tea steep for 3 to 5 minutes, depending on the strength desired. After steeping, remove the tea bag or strain the loose leaves. If desired, add a teaspoon of sugar, honey, or milk to taste. Stir the tea gently to mix the additions. Finally, enjoy the tea while it is still warm. Avoid over-steeping to prevent bitterness, and ensure the water is at the right temperature to preserve the tea’s flavor."
a533a03c3bd4f1d8,"To make a cup of tea, start by boiling water in a kettle or on a stove. Once the water is hot, place a tea bag or loose tea leaves into a cup. Pour the hot water into the cup, ensuring the tea is fully submerged. Let the tea steep for 3 to 5 minutes, depending on the type and strength desired. After steeping, remove the tea bag or strain the loose leaves. If desired, add milk, sugar, or other flavorings during or after steeping. Stir the tea to mix in any added ingredients. Finally, enjoy the tea while it is still warm. This method uses common household items and follows a safe, straightforward process to prepare a simple cup of tea."
79bbc29022d940f6,"To make a cup of tea, start by boiling water in a kettle or on the stove. Once the water is hot, place a tea bag or loose tea leaves into a cup. Pour the hot water into the cup, ensuring the tea is fully submerged. Let the tea steep for 3 to 5 minutes, depending on the strength desired. After steeping, remove the tea bag or strain the loose leaves. If desired, add milk, sugar, or other flavorings. Stir the tea to mix the additions. Finally, serve the tea immediately. This method uses common household items and follows a safe, straightforward process to prepare a simple cup of tea."
81d20cfba9a33e39,"To make a cup of tea, start by boiling water in a kettle or on the stove. Once the water is hot, place a tea bag or loose tea leaves into a cup. Pour the hot water into the cup, making sure to cover the tea completely. Let the tea steep for 3 to 5 minutes, depending on the type and strength desired. After the steeping time, remove the tea bag or strain the loose leaves. If desired, add sugar, milk, or lemon to taste. Stir the tea thoroughly to mix in any added ingredients. Finally, enjoy the tea while it is still warm. This method ensures a simple, safe, and enjoyable cup of tea using everyday items."
63681a7355cbc27c,"To make a cup of tea, start by boiling water in a kettle or on a stove. Once the water is hot, place a tea bag or loose tea leaves into a cup. Pour the hot water into the cup, ensuring the tea is fully submerged. Let the tea steep for 3 to 5 minutes, depending on the type and strength desired. After steeping, remove the tea bag or strain the loose leaves. If desired, add a teaspoon of sugar, honey, or milk to taste. Stir the tea well to mix the additions. Finally, enjoy the tea while it is still warm. Avoid over-steeping, as this can make the tea bitter, and ensure the water is not too hot to prevent damaging the tea leaves or affecting the flavor."
7264fcf8b370e3a7,"To make a cup of tea, start by boiling water in a kettle or on the stove. Once the water is hot, place a tea bag or loose tea leaves into a mug. Pour the hot water into the mug, making sure to cover the tea completely. Let the tea steep for 3 to 5 minutes, depending on the type and strength desired. After steeping, remove the tea bag or strain the loose leaves. If desired, add a teaspoon of sugar, honey, or milk to taste. Stir the tea gently to mix the additions. Finally, enjoy your cup of tea while it is still warm."
dbf9fa58106587a7,"To make a cup of tea, start by boiling water in a kettle or on the stove. Once the water is hot, place a tea bag or loose tea leaves into a cup. Pour the hot water into the cup, ensuring the tea is fully submerged. Let the tea steep for 3 to 5 minutes, depending on the type and strength desired. After steeping, remove the tea bag or strain the loose leaves. If desired, add a teaspoon of sugar, milk, or lemon to taste. Stir the tea gently to mix in the additions. Finally, enjoy the tea while it is still warm. This method uses common household items and follows a safe, straightforward process to prepare a simple cup of tea."
19b1d7d0d27ea129,"To make a cup of tea, start by boiling water in a kettle or on the stove. Once the water is hot, place a tea bag or loose tea leaves into a cup. Pour the hot water into the cup, ensuring the tea is fully submerged. Let the tea steep for 3 to 5 minutes, depending on the type and strength desired. After steeping, remove the tea bag or strain the leaves if using loose tea. Add a teaspoon of sugar or honey if desired, and stir until dissolved. If preferred, add a splash of milk or cream. Finally, enjoy the tea while it is still warm. Ensure all steps are done safely, and avoid over-steeping to prevent bitterness."
7163f2b084889926,"To make a cup of tea, start by boiling water in a kettle. Once the water is hot, place a tea bag or loose tea leaves into a cup. Pour the hot water into the cup, ensuring the tea is fully submerged. Let the tea steep for 3 to 5 minutes, depending on the type and strength desired. After steeping, remove the tea bag or strain the loose leaves. If desired, add a teaspoon of sugar or milk, stirring until dissolved. Finally, enjoy the tea while it's still hot. This method ensures a simple, safe, and effective way to prepare a standard cup of tea using common household items."
4b06165225acd9bb,"To make a cup of tea, start by boiling water in a kettle. Once the water is hot, place a tea bag or loose tea leaves into a cup. Pour the hot water into the cup, ensuring the tea is fully submerged. Let the tea steep for 3 to 5 minutes, depending on the type and strength desired. After steeping, remove the tea bag or strain the loose leaves. If desired, add milk, sugar, or other flavorings. Stir the tea gently to mix in any added ingredients. Finally, enjoy the tea while it's still hot. This method ensures a simple, safe, and effective way to prepare a cup of tea using common household items."
ec363af8842ac3ec,"To make a cup of tea, start by boiling water in a kettle. Once the water is hot, pour it into a mug or teacup. Add a tea bag or loose tea leaves into the mug, depending on your preference. Let the tea steep for 3 to 5 minutes, allowing the flavors to develop. After the steeping time, remove the tea bag or strain the loose leaves. If desired, add a teaspoon of sugar, milk, or lemon to taste. Stir the tea gently to mix in the additions. Finally, enjoy your tea while it's still warm. This method ensures a simple, safe, and enjoyable cup of tea using common household items."
3ab90a4a5b3b459b,"To make a cup of tea, start by boiling water in a kettle. Once the water is hot, pour it into a mug or teacup. Add a tea bag or loose tea leaves into the mug. Let the tea steep for 3 to 5 minutes, depending on the type of tea and desired strength. After steeping, remove the tea bag or strain the loose leaves. If desired, add a teaspoon of sugar, milk, or lemon to taste. Stir the tea gently to mix the additions. Finally, enjoy your tea. Ensure the kettle is placed on a stable surface and never leave it unattended while boiling. Always use caution when handling hot water and hot tea."
ee41baa46ab7f5be,"To make a cup of tea, start by boiling water in a kettle. Once the water is hot, place a tea bag or loose tea leaves into a cup. Pour the hot water into the cup, ensuring the tea is fully submerged. Let the tea steep for 3 to 5 minutes, depending on the type and strength desired. After steeping, remove the tea bag or strain the loose leaves. If desired, add sugar, milk, or lemon to taste. Stir the tea gently to mix in any added ingredients. Finally, enjoy your tea while it's still warm. Avoid over-steeping, as this can make the tea bitter. Always use fresh water and clean equipment to ensure a pleasant drinking experience."
98596ace45ba1644,"To make a cup of tea, first, boil water in a kettle or on the stove. Once the water is hot, place a tea bag or loose tea leaves into a cup. Pour the hot water into the cup, ensuring the tea is fully submerged. Let the tea steep for 3 to 5 minutes, depending on the type and strength desired. After steeping, remove the tea bag or strain the loose leaves. If desired, add a teaspoon of sugar, milk, or lemon to taste. Stir the tea gently to mix in the additions. Finally, serve the tea immediately while it is still hot. This method ensures a simple, safe, and enjoyable cup of tea using everyday items."
df328a5e5c041cc5,"To make a cup of tea, first, boil water in a kettle or on a stove. Once the water is hot, place a tea bag or loose tea leaves into a cup. Pour the hot water into the cup, ensuring the tea is fully submerged. Let the tea steep for 3 to 5 minutes, depending on the type and strength desired. After steeping, remove the tea bag or strain the loose leaves. If desired, add milk, sugar, or other flavorings. Stir well and enjoy. Do not over-steep the tea, as it can become bitter. Always use clean equipment and avoid using boiling water directly on delicate teas. Ensure the tea is consumed while hot for the best flavor."
187baf5ccb217050,"To make a cup of tea, start by boiling water in a kettle. Once the water is boiling, pour it into a mug or teapot. Add tea leaves or a tea bag to the mug or teapot. Let the tea steep for 3 to 5 minutes, depending on the type of tea and desired strength. After steeping, remove the tea bag or strain the tea leaves. If desired, add a teaspoon of sugar or milk, and stir well. Finally, enjoy your tea. Ensure the water is hot enough to extract the flavor, and avoid over-steeping, which can make the tea bitter. Use a clean mug and avoid adding any unnecessary ingredients unless specified."
635315c809b0f27a,"To make a cup of tea, start by boiling water in a kettle. Once the water is boiling, pour it into a mug or teacup. Add one tea bag or a teaspoon of loose-leaf tea into the mug. Let the tea steep for 3 to 5 minutes, depending on the type of tea and desired strength. After steeping, remove the tea bag or strain the loose leaves. If desired, add a teaspoon of sugar or a splash of milk, and stir well. Finally, enjoy your tea. Ensure the kettle is placed on a stable surface and never leave it unattended while boiling. Always use caution when handling hot liquids."
bd2be24455cc817c,"To make a cup of tea, first, boil water in a kettle or on a stove. Once the water is hot, place a tea bag or loose tea leaves into a cup. Pour the hot water into the cup, ensuring the tea is fully submerged. Let the tea steep for 3 to 5 minutes, depending on the type and strength desired. After steeping, remove the tea bag or strain the loose leaves. If desired, add milk, sugar, or lemon to taste. Stir well and enjoy. Avoid over-steeping, as this can make the tea bitter. Always use fresh water and clean equipment to ensure a safe and pleasant cup of tea. I don’t know."
24f4e3beea47029f,"To make a cup of tea, start by boiling water in a kettle. Once the water is hot, place a tea bag or loose tea leaves into a cup. Pour the hot water into the cup, making sure to cover the tea completely. Let the tea steep for 3 to 5 minutes, depending on the type and strength desired. After steeping, remove the tea bag or strain the loose leaves. If desired, add a teaspoon of sugar or milk, and stir well. Finally, enjoy your tea. Avoid over-steeping, as this can make the tea bitter. Ensure the water is at the right temperature for the specific tea type, and always use clean equipment to maintain taste and safety."
33ed672f9d40ec98,"To make a cup of tea, start by boiling water in a kettle. Once the water is hot, pour it into a mug or teacup. Add a tea bag or loose tea leaves into the mug, depending on your preference. Let the tea steep for 3 to 5 minutes, allowing the flavors to develop. After the desired steeping time, remove the tea bag or strain the loose leaves. If desired, add a teaspoon of sugar, honey, or milk to taste. Stir well to mix the ingredients. Finally, enjoy your tea. This method ensures a simple, safe, and enjoyable cup of tea using everyday items."
fdcfe3b16152f1a1,"To make a cup of tea, start by boiling water in a kettle. Once the water is hot, place a tea bag or loose tea leaves into a cup. Pour the hot water into the cup, ensuring the tea is fully submerged. Let the tea steep for 3 to 5 minutes, depending on the type and strength desired. After steeping, remove the tea bag or strain the loose leaves. If desired, add milk, sugar, or other flavorings at this point. Stir well to mix the ingredients. Finally, enjoy your tea. Make sure not to over-steep the tea, as it can become bitter. Always use clean equipment and fresh water for the best results."
d74734acf9f88e1f,"To make a cup of tea, start by boiling water in a kettle. Once the water is boiling, pour it into a mug or teacup. Add a tea bag or loose tea leaves into the mug. Let the tea steep for 3 to 5 minutes, depending on the type of tea and desired strength. After steeping, remove the tea bag or strain the tea if using loose leaves. If desired, add a teaspoon of sugar, honey, or milk to taste. Stir the tea gently to mix the additions. Finally, enjoy your tea while it's hot. Ensure all steps are done safely and avoid over-steeping, which can make the tea bitter."
ba35286c22ef0e7e,"To make a cup of tea, start by boiling water in a kettle. Once the water is hot, place a tea bag or loose tea leaves into a cup. Pour the hot water into the cup, ensuring the tea is fully submerged. Let the tea steep for 3 to 5 minutes, depending on the type and strength desired. After steeping, remove the tea bag or strain the loose leaves. If desired, add a teaspoon of sugar or milk, stirring until dissolved. Finally, enjoy the tea while it's still hot. Make sure not to over-steep the tea, as it can become bitter. Always use fresh water and clean equipment to ensure a safe and pleasant drinking experience."
73151ea643d99032,"To make a cup of tea, start by boiling water in a kettle. Once the water is hot, place a tea bag or loose tea leaves into a mug. Pour the hot water into the mug, ensuring the tea is fully submerged. Let the tea steep for 3 to 5 minutes, depending on the type and strength desired. After steeping, remove the tea bag or strain the loose leaves. If desired, add a teaspoon of sugar, milk, or lemon to taste. Stir well and enjoy. Avoid over-steeping to prevent bitterness. Always use clean equipment and fresh water for the best flavor."
03a66d2d2ccee309,"To make a cup of tea, start by boiling water in a kettle. Once the water is hot, pour it into a teacup or mug. Add one tea bag or a teaspoon of loose-leaf tea into the cup. Let the tea steep for 3 to 5 minutes, depending on the type of tea and desired strength. After steeping, remove the tea bag or strain the loose leaves. If desired, add a teaspoon of sugar, milk, or lemon to taste. Stir well and enjoy. Ensure the kettle is placed on a stable surface and never leave it unattended while boiling. Always use caution when handling hot water and tea cups."
5ed2b42d02952cd7,"To make a cup of tea, start by boiling water in a kettle. Once the water is boiling, pour it into a mug or teacup. Add a tea bag or loose tea leaves into the mug. Let the tea steep for 3 to 5 minutes, depending on the type of tea and desired strength. After steeping, remove the tea bag or strain the loose leaves. If desired, add a teaspoon of sugar, honey, or milk to taste. Stir well and enjoy. Ensure the mug is clean and dry before use, and avoid over-steeping to prevent bitterness. Always use safe handling practices when working with hot water."
dbdd1a4867ca9932,"To make a cup of tea, start by boiling water in a kettle. Once the water is hot, place a tea bag into a cup. Pour the hot water into the cup with the tea bag, ensuring it's fully submerged. Let the tea steep for 3 to 5 minutes, depending on the desired strength. After steeping, remove the tea bag and discard it. If desired, add a teaspoon of sugar or milk to taste. Stir the tea to mix in the added ingredients. Finally, enjoy your tea. This method uses common household items and follows a safe, straightforward process to prepare a simple cup of tea."
c69f8c83fd7f4cc6,"To make a cup of tea, start by boiling water in a kettle. Once the water is hot, place a tea bag or loose tea leaves into a cup. Pour the hot water into the cup, ensuring the tea is fully submerged. Let the tea steep for 3 to 5 minutes, depending on the type and strength desired. After steeping, remove the tea bag or strain the loose leaves. If desired, add a teaspoon of sugar or milk, stirring until dissolved. Finally, enjoy the tea while it's still warm. Avoid over-steeping to prevent bitterness, and ensure the water is not too hot for delicate teas. Do not add ingredients not specified, and do not use boiling water for certain sensitive teas."
af43910df5ffab34,"To make a cup of tea, start by boiling water in a kettle. Once the water is hot, place a tea bag into a cup. Pour the hot water into the cup with the tea bag, ensuring it's fully submerged. Let the tea steep for about 3 to 5 minutes, depending on the strength desired. After steeping, remove the tea bag and discard it. If desired, add a teaspoon of sugar or milk to taste. Stir the tea gently to mix in the additions. Finally, enjoy the tea while it's still hot. This method uses common household items and ensures a safe, simple preparation."
d114cad7bfe72b23,"To make a cup of tea, start by boiling water in a kettle. Once the water is hot, pour it into a mug or teacup. Add a tea bag or loose tea leaves into the mug. Let the tea steep for 3 to 5 minutes, depending on the type of tea and desired strength. After steeping, remove the tea bag or strain the loose leaves. If desired, add a teaspoon of sugar, milk, or lemon to taste. Stir the tea thoroughly to mix the additions. Finally, enjoy your tea. Avoid over-steeping, as this can make the tea bitter. Ensure the mug is clean and dry before use. Do not add anything to the tea unless you are certain it is safe and appropriate."
844ecbf955462354,"To make a cup of tea, start by boiling water in a kettle. Once the water is hot, place a tea bag or loose tea leaves into a cup. Pour the hot water into the cup, ensuring the tea is fully submerged. Allow the tea to steep for 3 to 5 minutes, depending on the type and strength desired. After steeping, remove the tea bag or strain the loose leaves. If desired, add sugar, milk, or other flavorings at this point. Stir well to combine. Finally, enjoy the tea while it's still warm. This method ensures a simple, safe, and effective way to prepare a standard cup of tea using common household items."
8de760d3fc4e4ee2,"To make a cup of tea, start by boiling water in a kettle. Once the water is hot, pour it into a mug or teacup. Add a tea bag or loose tea leaves into the mug. Let the tea steep for 3 to 5 minutes, depending on the type of tea and desired strength. After steeping, remove the tea bag or strain the loose leaves. If desired, add a teaspoon of sugar, honey, or milk to taste. Stir the tea until the sweetener is fully dissolved. If the tea is too strong, you can dilute it by adding more hot water. Finally, enjoy your tea. Do not leave the tea steeping for longer than necessary to avoid bitterness. Ensure the kettle is placed on a stable surface and never leave it unattended while boiling."
1a50c0d46366469c,"To make a cup of tea, start by boiling water in a kettle. Once the water is hot, place a tea bag or loose tea leaves into a cup. Pour the hot water into the cup, making sure to cover the tea completely. Let the tea steep for 3 to 5 minutes, depending on the type and strength desired. After steeping, remove the tea bag or strain the loose leaves. If desired, add a teaspoon of sugar or milk and stir well. Finally, enjoy your tea. Ensure the kettle is placed on a stable surface and never leave it unattended while boiling. Use caution when handling hot water and the cup to avoid burns."
252b57ebaed7b109,"To make a cup of tea, start by boiling water in a kettle. Once the water is hot, place a tea bag or loose tea leaves into a mug. Pour the hot water into the mug, ensuring the tea is fully submerged. Let the tea steep for 3 to 5 minutes, depending on the type and strength desired. After steeping, remove the tea bag or strain the loose leaves. If desired, add a teaspoon of sugar or milk, and stir well. Finally, enjoy your tea. This method ensures a simple, safe, and effective way to prepare a cup of tea using common household items."
abca566961b17630,"To make a cup of tea, start by boiling water in a kettle. Once the water is boiling, pour it into a mug or teacup. Add a tea bag or loose tea leaves into the mug. Let the tea steep for 3 to 5 minutes, depending on the type of tea and desired strength. After steeping, remove the tea bag or strain the tea if using loose leaves. If desired, add a teaspoon of sugar, honey, or milk, and stir well. Finally, enjoy your tea. If you prefer a stronger brew, you can increase the steeping time or use more tea. Always ensure the mug is clean and safe for use."
4d7499739ad68267,"To make a cup of tea, start by boiling water in a kettle. Once the water is boiling, pour it into a mug or teacup. Add a tea bag or loose tea leaves to the mug. Let the tea steep for 3 to 5 minutes, depending on the type of tea and desired strength. After steeping, remove the tea bag or strain the tea if using loose leaves. If desired, add a teaspoon of sugar, honey, or milk to taste. Stir the tea well to mix the added ingredients. Finally, enjoy your tea. I don’t know."
db09fbd1984461ef,"To make a cup of tea, first, boil water in a kettle or on the stove. Once the water is boiling, pour it into a mug or teacup. Add a tea bag or loose tea leaves to the mug. Let the tea steep for 3 to 5 minutes, depending on the type of tea and desired strength. After steeping, remove the tea bag or strain the tea if using loose leaves. If desired, add a teaspoon of sugar, honey, or milk, and stir well. Finally, enjoy your tea. This method ensures a simple and safe way to prepare a cup of tea using everyday items."
86909dcc208525cf,"To make a cup of tea, start by boiling water in a kettle. Once the water is boiling, pour it into a mug or teacup. Add a tea bag or loose tea leaves to the mug. Let the tea steep for 3 to 5 minutes, depending on the type of tea and desired strength. After steeping, remove the tea bag or strain the tea if using loose leaves. If desired, add a teaspoon of sugar, honey, or milk, and stir well. Finally, enjoy your tea. I don’t know the exact steeping time for all types of tea or if all teas require stirring. I don’t know."
3e150e344fe66ce3,"To make a cup of tea, start by boiling water in a kettle. Once the water is boiling, pour it into a mug or teacup. Add a tea bag or loose tea leaves to the mug. Let the tea steep for about 3 to 5 minutes, depending on the type of tea and desired strength. After the steeping time, remove the tea bag or strain the tea if using loose leaves. If desired, add a teaspoon of sugar, milk, or both, and stir well. Finally, enjoy your tea. I don’t know."
b41710571d28bc74,"To make a cup of tea, start by boiling water in a kettle. Once the water is boiling, pour it into a teacup or mug. Add a tea bag or loose tea leaves to the cup. Let the tea steep for about 3 to 5 minutes, depending on the type of tea and desired strength. After steeping, remove the tea bag or strain the loose leaves. If desired, add a teaspoon of sugar or milk, and stir well. Finally, drink the tea while it's still hot. This method ensures a simple, safe, and enjoyable cup of tea using everyday items."
f36ac02295a3a66a,"To make a cup of tea, start by boiling water in a kettle. Once the water is hot, pour it into a teacup or mug. Add a tea bag or loose tea leaves to the cup. Let the tea steep for 3 to 5 minutes, depending on the type of tea and desired strength. After steeping, remove the tea bag or strain the loose leaves. If desired, add a teaspoon of sugar, honey, or milk to taste. Stir the tea well to mix in the added ingredients. Finally, enjoy your tea. I don’t know."
c54d421f70ba5ca5,"To make a cup of tea, start by boiling water in a kettle or on a stove. Once the water is hot, pour it into a cup or teapot. Add the desired amount of loose tea leaves or a tea bag to the cup or teapot. Let the tea steep for 3 to 5 minutes, depending on the type of tea and personal preference. After steeping, remove the tea bag or strain the loose leaves. If desired, add a teaspoon of sugar, honey, or milk to taste. Stir the tea well to mix the additions. Finally, enjoy your tea while it's still warm. I don’t know."
f2725243a6af06bc,"To make a cup of tea, start by boiling water in a kettle. Once the water is boiling, pour it into a teacup or mug. Add a tea bag or loose tea leaves to the cup. Let the tea steep for 3 to 5 minutes, depending on the type of tea and desired strength. After steeping, remove the tea bag or strain the loose leaves. If desired, add a teaspoon of sugar, honey, or milk, and stir well. Finally, enjoy your tea. I don’t know."
1546ae3424c8d381,"Sure. To make a cup of tea, start by boiling water in a kettle. Once the water is hot, pour it into a teacup or mug. Add a tea bag or loose tea leaves to the cup. Let the tea steep for about 3 to 5 minutes, depending on the type of tea and desired strength. After steeping, remove the tea bag or strain the leaves. If desired, add a teaspoon of sugar or honey and stir. Finally, add a splash of milk if you like, and stir again before drinking. This method ensures a simple, safe, and enjoyable cup of tea."
0ecbe41a18307025,"To make a cup of tea, first, bring fresh water to a boil in a kettle. Then, pour the hot water into a mug or teacup. Add a tea bag or loose tea leaves into the mug. Let the tea steep for 3 to 5 minutes, depending on the type of tea and desired strength. After steeping, remove the tea bag or strain the loose leaves. If desired, add a teaspoon of sugar or honey and stir. Finally, enjoy your tea. I don’t know."
b526db8602d047e0,"To make a cup of tea, start by boiling water in a kettle or on the stove. Once the water is hot, pour it into a mug or tea pot. Add the desired amount of loose-leaf tea or tea bag to the mug. Let the tea steep for 3 to 5 minutes, depending on the type and strength preferred. After steeping, remove the tea bag or strain the loose leaves. If desired, add milk, sugar, or other sweeteners while the tea is still hot. Stir well to mix. If the tea is too strong, you can add more water. Serve the tea immediately. Clean the mug or tea pot after use. I don’t know."
fe8b444021990a84,"To make a cup of tea, start by boiling water in a kettle or on the stove. Once the water is hot, place a tea bag or loose tea leaves into a cup. Pour the hot water into the cup, ensuring the tea is fully submerged. Let the tea steep for 3 to 5 minutes, depending on the type and strength desired. After steeping, remove the tea bag or strain the loose leaves. If desired, add sugar, milk, or lemon to taste. Stir well and enjoy. I don’t know."
0835eb078a2fa15e,"Start by boiling water in a kettle. Once the water is boiling, pour it into a mug or teacup. Add a tea bag or loose tea leaves into the mug. Let the tea steep for about 3 to 5 minutes, depending on the type of tea and desired strength. After steeping, remove the tea bag or strain the loose leaves. If desired, add a teaspoon of sugar or honey to sweeten the tea. Stir well to mix the ingredients. Optionally, add a splash of milk or cream if preferred. Finally, enjoy your cup of tea."
4895af4c0bf521f3,"To make a cup of tea, start by boiling water in a kettle or on the stove. Once the water is hot, pour it into a mug or teacup. Add a tea bag or loose tea leaves to the mug. Let the tea steep for 3 to 5 minutes, depending on the type of tea and desired strength. After steeping, remove the tea bag or strain the loose leaves. If desired, add a teaspoon of sugar, honey, or milk, and stir well. Finally, enjoy your tea. I don’t know."
2cf1ee89fb0f8648,"To make a cup of tea, start by boiling water in a kettle. Once the water is hot, pour it into a mug or teacup. Add a tea bag or loose tea leaves to the mug. Let the tea steep for 3 to 5 minutes, depending on the type of tea and desired strength. After steeping, remove the tea bag or strain the tea if using loose leaves. If desired, add a teaspoon of sugar, honey, or milk, and stir well. Finally, enjoy your tea. I don’t know."
9b0e7c4a3bc187b0,"To make a cup of tea, first, boil water in a kettle or on the stove. Once the water is hot, place a tea bag or loose tea leaves into a cup. Pour the hot water into the cup, ensuring the tea is fully submerged. Let the tea steep for 3 to 5 minutes, depending on the type and desired strength. After steeping, remove the tea bag or strain the tea if using loose leaves. Add sugar or milk if desired, stirring until dissolved. Finally, enjoy your tea. This method is simple, safe, and ensures a pleasant cup of tea every time."
06d3243ea49f003d,"To make a cup of tea, start by boiling water in a kettle. Once the water is hot, place a tea bag or loose tea leaves into a mug. Pour the hot water into the mug, ensuring the tea is fully submerged. Let the tea steep for 3 to 5 minutes, depending on the type and strength desired. After steeping, remove the tea bag or strain the loose leaves. If desired, add milk, sugar, or other flavorings. Stir well and enjoy. Clean the mug and any utensils used after the tea is consumed. This method ensures a simple, safe, and effective way to prepare a cup of tea using everyday items."
6874bddcd286e933,"To make a cup of tea, start by boiling water in a kettle. Once the water is boiling, pour it into a teacup or mug. Add a tea bag or loose tea leaves into the cup. Let the tea steep for about 3 to 5 minutes, depending on the type of tea and desired strength. After the steeping time, remove the tea bag or strain the tea if using loose leaves. If desired, add a teaspoon of sugar or milk, and stir well. Finally, enjoy your tea. This method ensures a simple, safe, and effective way to prepare a cup of tea using everyday items."
e923a74326b19c11,"To make a cup of tea, start by boiling water in a kettle. Once the water is boiling, pour it into a mug or teacup. Add a tea bag or loose tea leaves to the mug. Let the tea steep for about 3 to 5 minutes, depending on the type of tea and desired strength. After steeping, remove the tea bag or strain the loose leaves. If desired, add a teaspoon of sugar, honey, or milk to taste. Stir the tea well to mix the additions. Finally, drink the tea while it's still hot. I don’t know."
defd4cd3b12a58df,"To make a cup of tea, start by boiling water in a kettle or on the stove. Once the water is hot, place a tea bag or loose tea leaves into a cup. Pour the hot water into the cup, ensuring it covers the tea. Let the tea steep for 3 to 5 minutes, depending on the type and strength desired. After steeping, remove the tea bag or strain the loose leaves. If desired, add a teaspoon of sugar or milk, and stir well. Finally, enjoy your tea. This method ensures a simple, safe, and effective way to prepare a cup of tea using everyday items."
7ce41d53535f173f,"To make a cup of tea, start by boiling water in a kettle. Once the water is hot, pour it into a mug or teacup. Add a tea bag or loose tea leaves to the mug. Let the tea steep for 3 to 5 minutes, depending on the type of tea and desired strength. After steeping, remove the tea bag or strain the tea if using loose leaves. If desired, add a teaspoon of sugar or honey and stir. Finally, enjoy your tea. If you prefer it warm, you can add a splash of milk or cream, but this is optional. Always use clean utensils and ensure the water is at the right temperature to avoid burning the tea. I don’t know."
8294dbafc136dedf,"Sure. To make a cup of tea, start by boiling water in a kettle. Once the water is hot, pour it into a mug or teacup. Add a tea bag or loose tea leaves to the mug. Let the tea steep for about 3 to 5 minutes, depending on the type of tea and desired strength. After steeping, remove the tea bag or strain the loose leaves. If desired, add a teaspoon of sugar, honey, or milk to taste. Stir the tea well to mix the additions. Finally, enjoy your tea. I don’t know."
90d80625018427ae,"Sure. Start by boiling water in a kettle. Once the water is boiling, pour it into a mug or teapot. Add tea leaves or a tea bag to the mug or teapot. Let the tea steep for about 3 to 5 minutes, depending on the type of tea and desired strength. After the steeping time, remove the tea bag or strain the tea leaves. If desired, add milk, sugar, or other flavorings. Stir well to mix. Finally, enjoy your tea."
da685f226197909a,"To make a cup of tea, start by boiling water in a kettle or on the stove. Once the water is hot, place a tea bag or loose tea leaves into a cup. Pour the hot water into the cup, ensuring the tea is fully submerged. Let the tea steep for 3 to 5 minutes, depending on the type and strength desired. After steeping, remove the tea bag or strain the loose leaves. If desired, add a teaspoon of sugar or a splash of milk to taste. Stir the tea gently to mix the ingredients. Finally, enjoy the tea while it is still hot. This method uses common household items and follows a safe, straightforward process."
20cc49e6f2d73b19,"To make a cup of tea, start by boiling water in a kettle. Once the water is hot, place a tea bag into a cup. Pour the hot water into the cup with the tea bag, allowing it to steep for 3 to 5 minutes depending on the strength desired. After the steeping time, remove the tea bag. If desired, add a teaspoon of sugar or a splash of milk to taste. Stir the tea gently to mix the added ingredients. Finally, enjoy the tea while it is still warm. Ensure all steps are done safely, avoiding burns from hot water. Do not overfill the cup, and do not leave the tea unattended while steeping."
56063fb764c75ae0,"To make a cup of tea, start by boiling water in a kettle or on a stove. Once the water is hot, place a tea bag or loose tea leaves into a cup. Pour the hot water into the cup, ensuring the tea is fully submerged. Allow the tea to steep for 3 to 5 minutes, depending on the desired strength. After the steeping time, remove the tea bag or strain the loose leaves. If desired, add a teaspoon of sugar or a splash of milk, stirring until fully mixed. Finally, enjoy the tea while it is still warm. This method ensures a simple, safe, and effective way to prepare a basic cup of tea using common household items."
822e7bc22251b9a2,"To make a cup of tea, start by boiling water in a kettle or on a stove. Once the water is hot, place a tea bag or loose tea leaves into a mug. Pour the hot water into the mug, ensuring the tea is fully submerged. Let the tea steep for 3 to 5 minutes, depending on the type and strength desired. After steeping, remove the tea bag or strain the loose leaves. If desired, add a teaspoon of sugar, honey, or milk to taste. Stir the tea gently to mix the additions. Finally, serve the tea while it is still warm. This method ensures a simple, safe, and enjoyable cup of tea using common household items."
f7b75d241b4a0253,"To make a cup of tea, first, fill a kettle with fresh water and place it on the stove or plug in an electric kettle to heat the water. Once the water is boiling, place a tea bag or loose tea leaves into a cup. Pour the hot water into the cup, ensuring the tea is fully submerged. Allow the tea to steep for the recommended time, typically 3 to 5 minutes, depending on the type of tea. After the steeping time, remove the tea bag or strain the loose leaves. If desired, add a teaspoon of sugar or a splash of milk, stirring until fully mixed. Finally, enjoy the tea while it is still hot. This method ensures a simple, safe, and effective way to prepare a cup of tea."
73a1a166f868eeec,"To make a cup of tea, start by boiling water in a kettle or on the stove. Once the water is hot, place a tea bag or loose tea leaves into a cup. Pour the hot water into the cup, ensuring the tea is fully submerged. Allow the tea to steep for 3 to 5 minutes, depending on the strength desired. After steeping, remove the tea bag or strain the loose leaves. If desired, add a teaspoon of sugar, honey, or milk to taste. Stir the mixture thoroughly to combine the ingredients. Finally, enjoy the tea while it is still hot. This method ensures a simple, safe, and effective way to prepare a cup of tea using common household items."
6ab6bdc80101c38e,"To make a cup of tea, start by boiling water in a kettle or on a stove. Once the water is hot, place a tea bag or loose tea leaves into a cup. Pour the hot water into the cup, ensuring the tea is fully submerged. Let the tea steep for 3 to 5 minutes, depending on the strength desired. After steeping, remove the tea bag or strain the loose leaves. If desired, add a teaspoon of sugar, milk, or lemon to taste. Stir the tea gently to mix the additions. Finally, serve the tea while it is still warm. This method ensures a simple, safe, and enjoyable cup of tea using common household items."
34f8ee44074f85af,"To make a cup of tea, start by boiling water in a kettle or on the stove. Once the water is hot, place a tea bag or loose tea leaves into a cup. Pour the hot water into the cup, ensuring the tea is fully submerged. Let the tea steep for 3 to 5 minutes, depending on the type and strength desired. After steeping, remove the tea bag or strain the leaves if using loose tea. Add a teaspoon of sugar or honey if desired, and stir until dissolved. If preferred, add a splash of milk or lemon. Finally, serve the tea immediately while it is still hot. This method ensures a simple, safe, and enjoyable cup of tea using common household items."
68e36f1138ec058c,"To make a cup of tea, start by boiling water in a kettle or on a stove. Once the water is hot, place a tea bag or loose tea leaves into a cup. Pour the hot water into the cup, ensuring the tea is fully submerged. Let the tea steep for 3 to 5 minutes, depending on the type and strength desired. After steeping, remove the tea bag or strain the loose leaves. If desired, add milk, sugar, or other flavorings. Stir the tea to mix in the additions. Finally, enjoy the tea while it is still hot. This method uses common household items and follows a safe, straightforward process."
6d5136127f367973,"To make a cup of tea, start by boiling water in a kettle or on the stove. Once the water is hot, place a tea bag or loose tea leaves into a cup. Pour the hot water into the cup, ensuring the tea is fully submerged. Let the tea steep for 3 to 5 minutes, depending on the type and strength desired. After steeping, remove the tea bag or strain the loose leaves. If desired, add a teaspoon of sugar, milk, or lemon to taste. Stir the tea gently to mix the additions. Finally, enjoy the tea while it is still warm. This method ensures a simple, safe, and enjoyable cup of tea using common household items."
62ede2259219000f,"To make a cup of tea, start by boiling water in a kettle or on a stove. Once the water is hot, place a tea bag or loose tea leaves into a cup. Pour the hot water into the cup, ensuring the tea is fully submerged. Let the tea steep for 3 to 5 minutes, depending on the type and strength desired. After steeping, remove the tea bag or strain the loose leaves. If desired, add a teaspoon of sugar, milk, or lemon to taste. Stir the tea gently to mix the additions. Finally, enjoy the tea while it is still warm. Do not over-steep the tea, as this can result in a bitter taste. Always use caution when handling hot water and avoid leaving the tea unattended while steeping."
4c1989454ed28c01,"To make a cup of tea, start by boiling water in a kettle or on the stove. Once the water is hot, place a tea bag or loose tea leaves into a cup. Pour the hot water into the cup, ensuring the tea is fully submerged. Allow the tea to steep for 3 to 5 minutes, depending on the type and strength desired. After steeping, remove the tea bag or strain the loose leaves. If desired, add a teaspoon of sugar or a splash of milk to taste. Stir the tea thoroughly to mix the added ingredients. Finally, serve the tea immediately while it is still hot. This method ensures a simple, safe, and enjoyable cup of tea using everyday items."
a4dd9cb08d2bb183,"To make a cup of tea, start by boiling water in a kettle or on the stove. Once the water is hot, place a tea bag or loose tea leaves into a cup. Pour the hot water into the cup, ensuring the tea is fully submerged. Let the tea steep for 3 to 5 minutes, depending on the type and strength desired. After the steeping time, remove the tea bag or strain the loose leaves. If desired, add a teaspoon of sugar, milk, or lemon to taste. Stir the tea gently to mix in the additions. Finally, enjoy the tea while it is still hot. This method ensures a simple, safe, and enjoyable cup of tea using common household items."
238d407b63554ec7,"To make a cup of tea, start by boiling water in a kettle or on a stove. Once the water is hot, place a tea bag or loose tea leaves into a cup. Pour the hot water into the cup, ensuring the tea is fully submerged. Let the tea steep for 3 to 5 minutes, depending on the type and strength desired. After steeping, remove the tea bag or strain the loose leaves. If desired, add a teaspoon of sugar, honey, or milk to taste. Stir the tea gently to mix the additions. Finally, enjoy the tea while it is still hot. This method ensures a simple, safe, and enjoyable cup of tea using common household items."
a39f725d34e2d0b5,"To make a cup of tea, start by boiling water in a kettle. Once the water is hot, place a tea bag into a cup. Pour the hot water into the cup with the tea bag, allowing it to steep for about 3 to 5 minutes depending on the desired strength. After the steeping time, remove the tea bag from the cup. If desired, add a teaspoon of sugar or a splash of milk to taste. Stir the tea gently to mix the ingredients. Finally, enjoy the tea while it is still warm. This method ensures a simple, safe, and enjoyable cup of tea using common household items."
ca843b09d9b9dae5,"To make a cup of tea, start by boiling water in a kettle or on the stove. Once the water is hot, place a tea bag or loose tea leaves into a cup. Pour the hot water into the cup, ensuring the tea is fully submerged. Let the tea steep for 3 to 5 minutes, depending on the type and strength desired. After steeping, remove the tea bag or strain the loose leaves. If desired, add a teaspoon of sugar, milk, or lemon to taste. Stir the tea thoroughly to mix the additions. Finally, enjoy the tea while it is still hot. This method is simple, safe, and ensures a properly brewed cup of tea."
131c2dd1844bdfe7,"To make a cup of tea, start by boiling water in a kettle or on a stove. Once the water is hot, place a tea bag or loose tea leaves into a cup. Pour the hot water into the cup, ensuring the tea is fully submerged. Allow the tea to steep for 3 to 5 minutes, depending on the desired strength. After the steeping time, remove the tea bag or strain the loose leaves. If desired, add a teaspoon of sugar or a splash of milk, stirring until fully mixed. Finally, enjoy the tea while it is still warm. This method ensures a simple, safe, and effective way to prepare a cup of tea using everyday items."
cf366409126fb0fb,"To make a cup of tea, start by boiling water in a kettle. Once the water is hot, place a tea bag into a cup. Pour the hot water into the cup with the tea bag, allowing it to steep for about 3 to 5 minutes depending on the strength desired. After the steeping time, remove the tea bag from the cup. If desired, add a teaspoon of sugar or a splash of milk to taste. Stir the tea gently to mix the additions. Finally, enjoy the tea while it is still warm. This method ensures a simple, safe, and effective way to prepare a cup of tea using common household items."
f77e6444b60f2cba,"To make a cup of tea, start by boiling water in a kettle or on the stove. Once the water is hot, place a tea bag or loose tea leaves into a cup. Pour the hot water into the cup, ensuring the tea is fully submerged. Let the tea steep for 3 to 5 minutes, depending on the type and strength desired. After steeping, remove the tea bag or strain the loose leaves. If desired, add a teaspoon of sugar, milk, or lemon to taste. Stir the tea gently to mix in the additions. Finally, enjoy the tea while it is still warm. This method ensures a simple, safe, and enjoyable cup of tea using everyday items."
fa09d281263b793d,"To make a cup of tea, start by boiling water in a kettle. Once the water is boiling, pour it into a mug or teacup. Add a tea bag or loose tea leaves into the mug. Let the tea steep for 3 to 5 minutes, depending on the type of tea and desired strength. After the steeping time, remove the tea bag or strain the loose leaves. If desired, add a teaspoon of sugar, honey, or milk to taste. Stir the tea gently to mix the added ingredients. Finally, enjoy the tea while it is still hot. Ensure all steps are done in a safe environment, avoiding burns from hot water or steam."
d75cab9b6b5bbfc1,"To make a cup of tea, start by boiling water in a kettle or on the stove. Once the water is hot, place a tea bag or loose tea leaves into a cup. Pour the hot water into the cup, ensuring the tea is fully submerged. Allow the tea to steep for 3 to 5 minutes, depending on the desired strength. After steeping, remove the tea bag or strain the loose leaves. If desired, add a teaspoon of sugar or a splash of milk, stirring until dissolved. Finally, enjoy the tea while it is still warm. This method ensures a simple, safe, and enjoyable cup of tea using everyday items."
22e2a194062351da,"To make a cup of tea, start by boiling water in a kettle or on the stove. Once the water is hot, place a tea bag or loose tea leaves into a cup. Pour the hot water into the cup, ensuring the tea is fully submerged. Let the tea steep for 3 to 5 minutes, depending on the type and strength desired. After steeping, remove the tea bag or strain the loose leaves. If desired, add a teaspoon of sugar, honey, or milk to taste. Stir the tea gently to mix the additions. Finally, enjoy the tea while it is still warm. This method uses common household items and follows a safe, straightforward process to prepare a simple cup of tea."
80f360bb80e9024e,"To make a cup of tea, start by boiling water in a kettle or on the stove. Once the water is hot, place a tea bag or loose tea leaves into a cup. Pour the hot water into the cup, ensuring the tea is fully submerged. Let the tea steep for 3 to 5 minutes, depending on the type and strength desired. After steeping, remove the tea bag or strain the loose leaves. If desired, add a teaspoon of sugar, honey, or milk to taste. Stir the tea gently to mix the additions. Finally, enjoy the tea while it is still hot. This method ensures a simple, safe, and flavorful cup of tea using common household items."
f8ececc0ad90e2d3,"To make a cup of tea, start by boiling water in a kettle or on the stove. Once the water is hot, place a tea bag or loose tea leaves into a cup. Pour the hot water into the cup, ensuring the tea is fully submerged. Let the tea steep for 3 to 5 minutes, depending on the type and strength desired. After the steeping time, remove the tea bag or strain the loose leaves. If desired, add a teaspoon of sugar, honey, or milk to taste. Stir the tea gently to mix the additions. Finally, enjoy the tea while it is still warm. This method ensures a simple, safe, and enjoyable cup of tea using everyday items."
a6b9f2cf0185314d,"To make a cup of tea, start by boiling water in a kettle or on a stove. Once the water is hot, place a tea bag or loose tea leaves into a cup. Pour the hot water into the cup, ensuring the tea is fully submerged. Allow the tea to steep for 3 to 5 minutes, depending on the type and strength desired. After steeping, remove the tea bag or strain the loose leaves. If desired, add a teaspoon of sugar, honey, or milk to taste. Stir the tea thoroughly to mix the additions. Finally, enjoy the tea while it is still warm. This method ensures a simple, safe, and effective way to prepare a cup of tea using everyday items."
19ada4f0cc34597c,"I start by boiling water in a kettle. Once the water is hot, I place a tea bag into a cup and pour the hot water into it. I let it steep for a few minutes, depending on the type of tea. Then I remove the tea bag and add milk or lemon if desired. I stir the tea to mix in the milk or lemon and any sweetener. I then drink it. If I prefer, I may use loose-leaf tea instead of a tea bag, placing it in a teapot and pouring the hot water over it, letting it steep, then transferring the tea to a cup. I avoid over-steeping or using boiling water for delicate teas. I do not add extra ingredients unless specified. I stop once I have completed the process."
475796b2015340ad,"I start by boiling water in a kettle. Once the water is hot, I place a tea bag into a cup. I pour the hot water into the cup, allowing the tea to steep for a few minutes. After the steeping time, I remove the tea bag and set it aside. Then I add milk or sugar to taste, if desired. I stir the tea until the milk or sugar is fully dissolved. I then drink it. I make sure not to over-steep the tea to maintain its flavor. I also avoid using boiling water that is too hot, as it can scorch the tea. I serve the tea warm, usually with a small snack or while relaxing. I prefer using loose leaf tea for a more authentic taste, but I use what's available. I always ensure the tea is properly prepared and enjoyed."
ddd7278c88b2ae74,"I start by boiling water in a kettle. Once the water is hot, I place a tea bag into a cup and pour the hot water into it. I let the tea steep for a few minutes, depending on the type of tea. Then I remove the tea bag and add milk or lemon if desired. I stir the tea and add sugar if I like. I make sure not to over-steep the tea to avoid bitterness. I serve the tea hot, often with a snack or a meal. I avoid using boiling water for delicate teas, and I never use the same water for multiple infusions. I only use clean, fresh ingredients and proper equipment to ensure a good cup of tea every time."
5c3ed3c2976d643a,I don't know.
8b63b3987b5c1b34,"I remember that the bird needed water, so I think she found a pitcher with water but couldn't drink from it because it was too deep. She used pebbles to lower the water level so she could drink. I think that's all. I don't know if I got everything right, but that's what I remember."
399db244224ad774,"I start by boiling water in a kettle. Once the water is hot, I place a tea bag into a cup and pour the hot water over it. I let it steep for a few minutes, depending on the type of tea. Then I remove the tea bag and add milk or lemon if desired. I stir the mixture and drink it. I make sure the water is not too hot to avoid burning the tea. I use a clean cup and avoid adding unnecessary ingredients. I follow this method every time to make a simple, safe cup of tea."
b997855405d06ece,I don't know.
42b4e850b95810a9,I don't know.
9b735ed5e180d261,"I start by boiling water in a kettle. Once the water is hot, I place a tea bag into a cup. I pour the hot water into the cup, allowing it to steep for a few minutes. After the desired steeping time, I remove the tea bag and add milk or sugar as preferred. I stir the mixture until the ingredients are well combined. If I prefer a stronger flavor, I may use more tea leaves or steep longer. I avoid over-steeping to maintain the tea's flavor. I then drink it while it's hot, enjoying the warm beverage. I make sure to use fresh water and clean utensils to ensure a pleasant and safe drinking experience."
05c996e40516008a,I don't know.
335667d82e735b5f,I don't know.
2ff74865b3f450d2,"Sure. Start by boiling water in a kettle. Once the water is hot, place a tea bag into a cup. Pour the hot water into the cup, making sure to steep the tea for a few minutes. Remove the tea bag and add sugar or milk if desired. Stir well and enjoy. This is the basic method for making a cup of tea using a typical everyday approach. It's important to use fresh water and not oversteep the tea to avoid bitterness. Always ensure the water is hot enough to extract the flavor without burning the tea. Keep the process simple and safe."
a93952b43ce46e04,"I start by boiling water in a kettle. Once the water is hot, I place a tea bag into a cup. I pour the hot water into the cup, allowing the tea to steep for a few minutes. After the steeping time, I remove the tea bag and add milk or lemon if desired. I then stir the tea and enjoy. I make sure not to over-steep the tea to maintain its flavor. I use fresh water each time and avoid reusing tea bags. I do not add unnecessary ingredients. I ensure the tea is consumed while hot. I do not add extra steps or personal preferences. I follow a standard method each time."
ebeef2a7f5ab24d2,I don't know.
f5fbf51ce59afd29,I don't know.
e24f529222c8b8d8,I don’t know.
328f4aaa16d167dc,I don't know.
28b5456f71d78296,I don't know.
17d7513503f1fdc9,I don't know.
a87621f3192a8d39,"I start by boiling water in a kettle. Once the water is hot, I place a tea bag into a cup. I pour the hot water into the cup, allowing it to steep for a few minutes. After the desired steeping time, I remove the tea bag and add sugar or milk if desired. I then stir the tea until the sugar dissolves. If I prefer a stronger flavor, I may use more tea or steep it longer. I avoid over-steeping to prevent bitterness. I ensure the tea is consumed while it's hot and fresh. I never add unnecessary ingredients or use unsafe methods. This is the standard way to prepare a cup of tea."
f7b9290883c8c406,I don't know.
96cb95c46c571493,"I start by boiling water in a kettle. Once the water is hot, I place a tea bag into a cup. I pour the hot water into the cup, allowing the tea to steep for a few minutes. After the steeping time, I remove the tea bag and set it aside. If I want, I can add milk or sugar to taste. I then drink the tea. I make sure to use fresh water and a clean cup. I avoid over-steeping the tea to maintain its flavor. I do not use boiling water for delicate teas. I only use the necessary amount of tea. I serve the tea warm. I enjoy my tea with a simple ritual. I prefer it plain. I drink it slowly. I savor each sip. I finish the tea. I do not waste tea. I respect the tea. I finish it all. I enjoy my tea."
d8f646f101f9d23f,"I start by boiling water in a kettle. Once the water is hot, I place a tea bag into a cup and pour the hot water over it. I let it steep for a few minutes, depending on the type of tea. Then I remove the tea bag and add milk or lemon if desired. I stir the tea and enjoy. I make sure not to over-steep the tea to avoid bitterness. I use fresh water each time and avoid reusing tea bags. I do not add sugar unless specified. I ensure the tea is consumed while it's still warm and fresh. I never use boiling water directly on the tea leaves without first heating it up. I only use the necessary amount of tea and water to make one cup. I stop once the tea is prepared and ready to drink."
f1b9349ea5c11e45,I don’t know.
c490a8dfed3d06e7,"Start with boiling water using a kettle. Place a tea bag or loose tea leaves into a cup. Pour the hot water into the cup, ensuring it's fully submerged. Let it steep for the recommended time, usually 3-5 minutes depending on the tea. Remove the tea bag or strain the loose leaves. Add sugar or milk if desired, stirring until dissolved. Taste and adjust flavor as needed. Finish by placing the cup on a coaster or tray to avoid spills. Serve immediately. This method ensures a simple, safe, and enjoyable cup of tea every time."
b122d6cfce96ca30,"To make a cup of tea, start by boiling water in a kettle or on the stove. Once the water is hot, place a tea bag or loose tea leaves into a cup. Pour the hot water into the cup, making sure to cover the tea completely. Let the tea steep for 3 to 5 minutes, depending on the type and strength desired. After steeping, remove the tea bag or strain the loose leaves. If desired, add a teaspoon of sugar, milk, or lemon to taste. Stir the tea gently to mix in the additions. Finally, enjoy your tea while it is still warm. Always use caution when handling hot water and avoid over-steeping, which can make the tea bitter."
0bce4efa07bb3d6d,"To make a cup of tea, start by boiling water in a kettle or on the stove. Once the water is hot, place a tea bag or loose tea leaves into a cup. Pour the hot water into the cup, ensuring it covers the tea. Let the tea steep for 3 to 5 minutes, depending on the type and strength desired. After steeping, remove the tea bag or strain the loose leaves. If desired, add a teaspoon of sugar, milk, or lemon to taste. Stir the tea thoroughly to mix the additions. Finally, enjoy your tea while it is still warm. This method ensures a safe and simple way to prepare a cup of tea using common household items."
ff0835b4dbb08b2b,"To make a cup of tea, start by boiling water in a kettle or on the stove. Once the water is hot, place a tea bag or loose tea leaves into a cup. Pour the hot water into the cup, ensuring the tea is fully submerged. Allow the tea to steep for 3 to 5 minutes, depending on the type and strength desired. After steeping, remove the tea bag or strain the loose leaves. If desired, add a teaspoon of sugar, honey, or milk to taste. Stir the tea gently to mix the additions. Finally, enjoy the tea while it is still warm. This method ensures a simple, safe, and effective way to prepare a cup of tea using common household items."
18e02765742df2b6,"To make a cup of tea, start by boiling water in a kettle or on the stove. Once the water is hot, place a tea bag or loose tea leaves into a mug. Pour the hot water into the mug, ensuring the tea is fully submerged. Let the tea steep for 3 to 5 minutes, depending on the desired strength. After the steeping time, remove the tea bag or strain the loose leaves. If desired, add a teaspoon of sugar or milk to taste. Stir the tea gently to mix the additions. Finally, enjoy your tea while it is still warm. Always use caution when handling hot water and avoid over-steeping to prevent a bitter taste."
4541e597a75d5be2,"To make a cup of tea, start by boiling water in a kettle or on the stove. Once the water is hot, place a tea bag or loose tea leaves into a mug. Pour the hot water into the mug, ensuring the tea is fully submerged. Allow the tea to steep for 3 to 5 minutes, depending on the strength desired. After steeping, remove the tea bag or strain the loose leaves. If desired, add a teaspoon of sugar or a splash of milk to taste. Stir the tea gently to mix the additions. Finally, enjoy the tea while it is still warm. Always use caution when handling hot water and avoid over-steeping, which can result in a bitter taste."
0689d6220cba35ae,"To make a cup of tea, start by boiling water in a kettle or on the stove. Once the water is hot, place a tea bag or loose tea leaves into a cup. Pour the hot water into the cup, ensuring the tea is fully submerged. Allow the tea to steep for 3 to 5 minutes, depending on the strength desired. After steeping, remove the tea bag or strain the loose leaves. If desired, add a teaspoon of sugar or milk to taste. Stir the tea gently to mix the additions. Finally, enjoy the tea while it is still hot. This method ensures a simple, safe, and enjoyable cup of tea using everyday items."
ef39cccf154cf594,"To make a cup of tea, start by boiling water in a kettle or on the stove. Once the water is hot, place a tea bag or loose tea leaves into a cup. Pour the hot water into the cup, making sure to cover the tea completely. Let the tea steep for 3 to 5 minutes, depending on the strength desired. After steeping, remove the tea bag or strain the loose leaves. If desired, add a teaspoon of sugar, milk, or lemon to taste. Stir the tea gently to mix the additions. Finally, enjoy the tea while it is still warm. Avoid over-steeping, as this can make the tea bitter. Ensure the water is not too hot for delicate teas, and always use clean utensils and cups to maintain hygiene."
0cf495bb246f4da9,"To make a cup of tea, start by boiling water in a kettle or on the stove. Once the water is hot, place a tea bag or loose tea leaves into a cup. Pour the hot water into the cup, ensuring the tea is fully submerged. Let the tea steep for 3 to 5 minutes, depending on the type and desired strength. After steeping, remove the tea bag or strain the loose leaves. If desired, add a teaspoon of sugar, honey, or milk to taste. Stir the tea gently to mix the additions. Finally, enjoy the tea while it is still warm. This method uses common household items and follows a safe, straightforward process to prepare a simple cup of tea."
28f9eab79419bec8,"To make a cup of tea, start by boiling water in a kettle or on the stove. Once the water is hot, place a tea bag or loose tea leaves into a cup. Pour the hot water into the cup, ensuring the tea is fully submerged. Let the tea steep for 3 to 5 minutes, depending on the type and desired strength. After steeping, remove the tea bag or strain the loose leaves. If desired, add a teaspoon of sugar, milk, or a sweetener of choice, stirring until dissolved. Finally, enjoy the tea while it is still warm. Always use caution when handling hot water and avoid over-steeping, which can make the tea bitter."
879a5817d65ae73f,"To make a cup of tea using a typical everyday method, start by boiling water in a kettle or on a stove. Once the water is hot, place a tea bag or loose tea leaves into a cup. Pour the hot water into the cup, ensuring the tea is fully submerged. Allow the tea to steep for 3 to 5 minutes, depending on the type and strength desired. After the steeping time, remove the tea bag or strain the loose leaves. If desired, add a teaspoon of sugar, milk, or a splash of lemon to taste. Stir the tea gently to mix the additions. Finally, enjoy the tea while it is still warm. This method ensures a simple, safe, and enjoyable cup of tea without unnecessary steps or risks."
c209640e2c50ae2c,"To make a cup of tea, start by boiling water in a kettle or on the stove. Once the water is hot, place a tea bag or loose tea leaves into a cup. Pour the hot water into the cup, ensuring the tea is fully submerged. Let the tea steep for 3 to 5 minutes, depending on the type and strength desired. After steeping, remove the tea bag or strain the loose leaves. If desired, add a teaspoon of sugar, milk, or lemon to taste. Stir the tea gently to mix in the additions. Finally, enjoy your tea while it is still warm. Always use caution when handling hot water and avoid oversteeping to prevent bitterness."
c6f73bbad0ed2fa7,"To make a cup of tea, start by boiling water in a kettle or on the stove. Once the water is hot, place a tea bag or loose tea leaves into a cup. Pour the hot water into the cup, making sure to cover the tea completely. Let the tea steep for 3 to 5 minutes, depending on the strength desired. After steeping, remove the tea bag or strain the loose leaves. If desired, add a teaspoon of sugar, honey, or milk to taste. Stir well and enjoy. Avoid over-steeping, as this can make the tea bitter. Ensure the water is at the right temperature for the type of tea being used, and clean all equipment after use."
6fb8227dc3aeab42,"To make a cup of tea, start by boiling water in a kettle or on a stove. Once the water is hot, place a tea bag or loose tea leaves into a cup. Pour the hot water into the cup, making sure to cover the tea completely. Let the tea steep for 3 to 5 minutes, depending on the strength desired. After steeping, remove the tea bag or strain the loose leaves. If desired, add a teaspoon of sugar or a splash of milk to taste. Stir the tea gently to mix the additions. Finally, enjoy the tea while it is still warm. This method ensures a simple, safe, and enjoyable cup of tea using everyday items."
359ceaef7e9bdf9c,"To make a cup of tea, start by boiling water in a kettle or on the stove. Once the water is hot, place a tea bag or loose tea leaves into a cup. Pour the hot water into the cup, ensuring the tea is fully submerged. Let the tea steep for 3 to 5 minutes, depending on the type and strength desired. After steeping, remove the tea bag or strain the loose leaves. If desired, add a teaspoon of sugar, honey, or milk to taste. Stir the tea gently to mix the added ingredients. Finally, enjoy your tea while it is still hot. Do not over-steep the tea, as it can become bitter, and avoid using boiling water for delicate teas."
1e010e5ff1803d4d,"To make a cup of tea, start by boiling water in a kettle or on the stove. Once the water is hot, place a tea bag or loose tea leaves into a mug. Pour the hot water into the mug, making sure to cover the tea completely. Let the tea steep for 3 to 5 minutes, depending on the strength desired. After the steeping time, remove the tea bag or strain the loose leaves. If desired, add a teaspoon of sugar or milk to taste. Stir the tea gently to mix the additions. Finally, enjoy the tea while it is still hot. Ensure all steps are done safely, avoiding burns from hot water."
4f15f27d2c081d06,"To make a cup of tea, start by boiling water in a kettle or on the stove. Once the water is hot, place a tea bag or loose tea leaves into a cup. Pour the hot water into the cup, ensuring the tea is fully submerged. Let the tea steep for 3 to 5 minutes, depending on the type and strength desired. After steeping, remove the tea bag or strain the loose leaves. If desired, add a teaspoon of sugar, honey, or milk to taste. Stir the tea gently to mix the additions. Allow the tea to sit for a moment before drinking. Clean the tea bag or strainer and any utensils used. This method ensures a simple, safe, and enjoyable cup of tea using common household items."
989b83536c021730,"To make a cup of tea, start by boiling water in a kettle or on the stove. Once the water is hot, place a tea bag or loose tea leaves into a cup. Pour the hot water into the cup, ensuring the tea is fully submerged. Let the tea steep for 3 to 5 minutes, depending on the type and strength desired. After steeping, remove the tea bag or strain the loose leaves. If desired, add a teaspoon of sugar, milk, or lemon to taste. Stir the tea gently to mix the additions. Finally, enjoy the tea while it is still warm. Avoid over-steeping, as this can make the tea bitter, and never add boiling water directly to the tea leaves without allowing them to steep."
ee55122eab899c35,"To make a cup of tea, start by boiling water in a kettle or on the stove. Once the water is hot, place a tea bag or loose tea leaves into a mug. Pour the hot water into the mug, ensuring the tea is fully submerged. Let the tea steep for 3 to 5 minutes, depending on the type and strength desired. After the steeping time, remove the tea bag or strain the loose leaves. If desired, add a teaspoon of sugar, honey, or milk to taste. Stir the tea gently to mix the additions. Finally, enjoy the tea while it is still warm. Do not leave the tea steeping for longer than recommended to avoid bitterness. Ensure the mug is clean and free of any residue before use."
12c2c10c54973dd4,"To make a cup of tea, start by boiling water in a kettle or on the stove. Once the water is hot, place a tea bag or loose tea leaves into a mug. Pour the hot water into the mug, ensuring the tea is fully submerged. Let the tea steep for 3 to 5 minutes, depending on the type and strength desired. After the steeping time, remove the tea bag or strain the loose leaves. If desired, add milk, sugar, or lemon to taste. Stir the mixture gently to combine the ingredients. Finally, enjoy the tea while it is still warm. Always use caution when handling hot water and avoid oversteeping, which can make the tea bitter."
4bfcb26058d4361f,"To make a cup of tea, start by boiling water in a kettle or on the stove. Once the water is hot, place a tea bag or loose tea leaves into a cup. Pour the hot water into the cup, ensuring the tea is fully submerged. Let the tea steep for 3 to 5 minutes, depending on the type and strength desired. After steeping, remove the tea bag or strain the loose leaves. If desired, add a teaspoon of sugar or a splash of milk, stirring until dissolved. Finally, enjoy your tea while it is still warm. This method uses common kitchen items and follows a safe, straightforward process to prepare a simple cup of tea."
b4ebe510f9dd9f51,"To make a cup of tea, start by boiling water in a kettle or on the stove. Once the water is hot, place a tea bag or loose tea leaves into a cup. Pour the hot water into the cup, ensuring the tea is fully submerged. Allow the tea to steep for 3 to 5 minutes, depending on the strength desired. After the steeping time, remove the tea bag or strain the loose leaves. If desired, add a teaspoon of sugar or a splash of milk to taste. Stir the tea gently to mix the additions. Finally, enjoy the tea while it is still warm. Clean the tea cup and any utensils used after finishing."
c3dcffa1b8f4a99e,"To make a cup of tea, start by boiling water in a kettle or on the stove. Once the water is hot, place a tea bag or loose tea leaves into a cup. Pour the hot water into the cup, ensuring the tea is fully submerged. Let the tea steep for 3 to 5 minutes, depending on the type and strength desired. After steeping, remove the tea bag or strain the loose leaves. If desired, add a teaspoon of sugar, honey, or milk to taste. Stir the tea thoroughly to mix the additions. Allow the tea to sit for a moment before drinking. Clean the tea bag or strainer and the cup after use. This method ensures a simple, safe, and enjoyable cup of tea using common household items."
e5c70509118ce67e,"To make a cup of tea, start by boiling water in a kettle or on the stove. Once the water is hot, place a tea bag or loose tea leaves into a cup. Pour the hot water into the cup, ensuring the tea is fully submerged. Let the tea steep for 3 to 5 minutes, depending on the type and strength desired. After the steeping time, remove the tea bag or strain the tea if using loose leaves. If desired, add a teaspoon of sugar, milk, or lemon to taste. Stir the tea gently to mix the additions. Finally, enjoy the tea while it is still hot. This method ensures a simple, safe, and enjoyable cup of tea using common household items."
020e5bdefc35a891,"To make a cup of tea, start by boiling water in a kettle or on the stove. Once the water is hot, place a tea bag or loose tea leaves into a cup. Pour the hot water into the cup, ensuring the tea is fully submerged. Let the tea steep for 3 to 5 minutes, depending on the strength desired. After steeping, remove the tea bag or strain the loose leaves. If desired, add a teaspoon of sugar, milk, or lemon to taste. Stir the tea gently to mix in the additions. Finally, serve the tea while it is still warm. This method ensures a simple, safe, and enjoyable cup of tea using common household items."
485823b171795194,"To make a cup of tea, start by boiling water in a kettle or on the stove. Once the water is hot, place a tea bag or loose tea leaves into a mug. Pour the hot water into the mug, ensuring the tea is fully submerged. Let the tea steep for 3 to 5 minutes, depending on the type and strength desired. After steeping, remove the tea bag or strain the tea if using loose leaves. If desired, add sugar, milk, or lemon to taste. Stir the tea gently to mix in any added ingredients. Finally, enjoy your tea while it is still hot. Make sure not to over-steep the tea to avoid a bitter taste, and always use caution when handling hot liquids."
