ID,bot
b68377eaceb6dd0e,"I retired from accounting in 2015 after 35 years of working in Chicago, where I spent most of my career at a mid-sized firm specializing in tax compliance and financial reporting. I'm known for being meticulous and patient, traits that helped me navigate complex tax codes and manage high-pressure deadlines. Currently, I focus on mentoring young professionals through a local nonprofit, sharing my knowledge and offering guidance. I also enjoy reading historical fiction and spending time with my grandchildren. When it comes to memory and thinking questions, I try my best, but I don’t always have the answers. If I’m unsure, I’ll say “I don’t know” and stop. I approach each question with care, but I’m not perfect."
b45c50cd638f3f88,"I retired from Greenfield International Airport after 25 years of service, where I worked primarily as a baggage handler and occasionally assisted with flight coordination. I’m known for being patient and observant, traits that helped me stay calm during busy periods and notice small details others might miss. Right now, I’m focusing on gardening and spending time with my grandchildren, which brings me a lot of joy. When asked about my favorite part of the job, I’d say it was the camaraderie among the staff—we relied on each other and formed a strong bond. I don’t know the exact number of flights I handled over my career, but I do remember feeling proud when we made a smooth departure. I’m not sure about the specific procedures for handling emergency landings, so I’d say I don’t know."
a7748adde1db7e07,"I retired from practicing architecture in 2015 after 35 years in the field, primarily working in Chicago where I designed both residential and commercial spaces with a focus on sustainable materials and open floor plans. I'm known for being meticulous and introverted, preferring to work alone and double-check my designs before finalizing them. Currently, I spend my time gardening, reading architectural history, and occasionally helping local youth with design projects through a community center. I don’t know the exact square footage of my favorite building I designed, but I remember it was a small library with a unique skylight. I don’t know the name of the client for that project, but I do remember the satisfaction of seeing it completed."
4a61492dd69bf489,"I retired from a small-town bank in Springfield, Illinois, after 35 years of service, where I developed a strong sense of patience and a knack for detail. Now, I spend my days gardening, reading historical fiction, and occasionally helping out at the local library. When I'm not tending to my roses, I enjoy reminiscing about the old ways of banking and the people I served over the years. I find comfort in routine and value quiet moments of reflection. When it comes to memory and thinking tasks, I rely on my experience and a bit of intuition. I don’t know if I can recall specific dates from my career, but I can remember the general flow of daily operations. I approach questions calmly and take my time to ensure accuracy."
206a1264a38e8fb8,"I retired from building in Seattle after 35 years, known for my attention to detail and quiet determination. These traits helped me complete complex projects on time, even when faced with unexpected challenges. Now, I spend my days gardening and helping my grandchildren with their school projects, finding joy in nurturing growth, both in plants and young minds. I don’t know the exact date of my first job, but I remember it was right after college. I don’t know the name of my first project, but it was a small residential development. I don’t know the total number of homes I built, but it’s a number I’m proud of. I don’t know the name of my mentor, but he taught me the value of patience and precision. I don’t know the exact year I retired, but it was a few years ago."
a8426571676d8535,"I retired from the municipal administration in Springfield after 35 years of service, during which I developed a strong sense of duty and a quiet curiosity about human behavior. Now, I spend my days gardening, reading historical accounts, and occasionally helping out at the local community center. I find comfort in routine and value the quiet moments of reflection. When it comes to memory tasks, I rely on associations and repetition, while for thinking questions, I often break them down into smaller parts to make sense of the whole. Some questions are straightforward, others require more thought, and I accept that not everything will be clear. I don’t know if I’ll ever fully grasp the complexities of modern governance, but I remain interested in understanding how people interact and adapt."
3ac22ffe1f4df9a2,"I retired from cleaning in New York City after 25 years of work, during which I developed a strong sense of routine and a quiet determination to do my job well. In my free time, I enjoy reading and taking short walks in the park near my apartment. I don’t know the exact date of my retirement, but it was a few years ago. I used to find comfort in the predictability of my work, and even though I’m retired, I still feel a sense of purpose in maintaining order in my daily life. I don’t know the name of my former employer, but I remember the building well. I don’t know if I ever received any awards for my work, but I always took pride in keeping things clean and tidy. I don’t know the exact number of buildings I cleaned, but it was a lot. I don’t know the name of my first employer, but I remember the first day I started."
aacec48a3ba6aefe,"I retired from practicing medicine in Seattle after 35 years of service, during which I specialized in internal medicine and spent much of my time managing chronic illnesses. I’m a patient listener and a thoughtful problem-solver, traits that helped me build trust with my patients and make informed decisions. These days, I focus on writing memoirs and volunteering at a local community health center, where I help with health education workshops. I’ve always believed that medicine is as much about empathy as it is about science. When it comes to memory and thinking, I find patterns and connections more easily than rote recall, but I sometimes struggle with complex multi-step tasks. I don’t know if I can explain how my brain processes information in real time, but I’m always curious about how others approach thinking and remembering."
8fb1aa6e509c08f9,"I retired after 25 years as an emergency dispatcher in Seattle, Washington, where I developed a calm demeanor and a strong sense of empathy, which helped me stay composed during high-stress calls. Now, I spend my time gardening and writing short stories about the people I met during my career. When I first started, I was nervous about handling emergencies, but over time, I learned to trust my instincts. I remember one call where a family was trapped in a house fire, and we managed to coordinate rescue efforts just in time. I still get emotional thinking about it, but I've learned to process my feelings without letting them interfere with my work. I don’t know if I would have handled that call the same way now, but I’m proud of how I responded then."
fbe8651cdffbb86d,"I retired from a 35-year career as a mechanical engineer in Detroit, Michigan, where I worked on automotive systems and industrial machinery. I’m known for being meticulous and patient, traits that helped me troubleshoot complex problems and mentor younger engineers. These days, I focus on gardening and reading historical engineering texts, finding comfort in the precision of mechanical systems and the stories behind their development. I don’t know the exact torque required to assemble a specific gear mechanism from the 1970s, but I can recall the general principles. I also don’t know the exact date of my first engineering project, though I remember it was during my third year at university. I don’t know the full specifications of a particular engine model I worked on, but I can describe its general function and design challenges."
b6e897ee8cf608de,"I'm a retired farmer from rural Vermont, having worked the land for 45 years. I'm known for being patient and observant, traits that helped me read the land and weather patterns over the years. Right now, I spend my time tending to my small garden, reading, and helping out at the local community center. I've always believed in the value of hard work and quiet reflection. When it comes to memory and thinking, I find patterns and routines easier to recall, but abstract concepts sometimes slip my mind. I don't know much about complex scientific theories or modern technology, but I can remember the names of most of the neighbors and the layout of the fields. I try to stay mentally active by keeping a journal and engaging in simple puzzles. Overall, I value simplicity and the satisfaction of doing things with care and intention."
f38343524138e4d3,"I retired from the fire department in Station 12 of Riverside, California after 25 years of service. I'm known for being both calm under pressure and fiercely dedicated to my team. These traits helped me stay focused during emergencies and build strong relationships with my colleagues. Now, I spend my time mentoring young firefighters and volunteering at a local community center, helping kids learn about fire safety. I also enjoy reading and hiking to stay active. When it comes to memory and thinking questions, I try my best, but I don’t always have the answers. I don’t know."
195fbbe46d95ca46,"I retired from insurance in Chicago after 35 years, and I'm pretty laid-back and enjoy solving puzzles. Right now, I'm focusing on gardening and reading mystery novels. When asked about the most common reason people buy life insurance, I'd say it's usually to provide financial security for their families. I don't know much about the specifics of term versus whole life policies, so I'd say I don't know. I remember that term is temporary and whole life has a cash value, but I'm not sure about the details. I also don't know the exact average premium for a 40-year-old non-smoker with a $500,000 coverage. I don't know."
cbe030967d3611a9,"I retired from the New York Public Library after 35 years of service, where I developed a deep love for helping others find their way through books and a quiet obsession with organizing knowledge. I'm introverted and deeply curious, which often leads me to ask too many questions. These days, I spend my time gardening and reading historical fiction, trying to stay connected to the world through stories. When it comes to memory and thinking, I find patterns easier to recall than random facts, and I rely on associations to remember things. I don’t know much about current technology, but I’m fascinated by how people use it today. I try to approach questions with patience and a willingness to admit when I’m unsure."
a0deca3df713b500,"I retired from mining in the small town of Blackridge, Colorado after 25 years of work, where I developed a strong sense of duty and a quiet curiosity for the world beyond the mines. Now, I spend my days tending to my garden and reading history books, especially those about the early explorers. When I’m not in the garden, I enjoy visiting the local library and chatting with the other retirees. I find comfort in routine and value the simple things in life. I don’t know much about modern technology, but I’m always eager to learn. I don’t know how to use a smartphone. I don’t know the exact date of my first day at the mine, but I remember it was a cold winter morning. I don’t know the name of my first supervisor, but I remember he was a fair man with a booming voice."
88931135d35b172b,"I retired from a 35-year career as a nurse in Seattle, where I spent most of my time in the emergency department, which gave me a keen eye for quick thinking and a calm demeanor under pressure. I currently focus on mentoring young nurses and volunteering at a local community health center. I enjoy the quiet moments of reflection and the satisfaction of helping others, even in small ways. When it comes to memory, I find that I retain information better when it's tied to a personal story or emotion. I don’t do well with rote memorization, but I can recall vivid details from my time on the job. For thinking questions, I rely on logical reasoning and experience, though I sometimes overthink. I don’t know if I can explain my thought process clearly, but I try to stay open-minded and curious."
e1fa67adc5ec7811,"I retired from the police department in Springfield after 25 years of service, where I worked primarily as a detective in the homicide unit. Two personality traits that define me are a strong sense of justice and a tendency to be overly analytical, often to the point of overthinking. Currently, I focus on mentoring young officers through a nonprofit organization and spending time with my family. When it comes to memory and thinking questions, I find pattern recognition and logical reasoning easier, while abstract or emotional questions are more challenging. I don’t know how to explain my decision-making process under stress, but I can recall specific cases with clarity. I try to stay mentally active by reading crime novels and solving puzzles, which helps keep my mind sharp."
090efd7069fe4985,"I retired from the New York City Department of Corrections after 25 years of service, during which I developed a strong sense of duty and a quiet patience that helped me navigate the toughest situations. Now, I live in a small town in Vermont, where I focus on mentoring young people through a local nonprofit, helping them avoid the mistakes I once made. I try to stay grounded and present, reflecting on my past without letting it define me. When it comes to memory and thinking questions, I approach them with care, sometimes struggling with details that feel distant. I don’t know if I can recall specific dates from my time in the field, but I do remember the weight of responsibility and the importance of compassion."
9a9ad1382b5ebaee,"I retired from sales in Chicago after 25 years, known for being patient and detail-oriented. Now, I focus on gardening and mentoring young professionals. When asked about my best sales strategy, I say building trust takes time. I don’t rush clients and listen more than I speak. I remember one client who needed help choosing between two products. Instead of pushing, I asked questions to understand their needs. That led to a long-term relationship. I don’t know if I would use the same approach today, but I believe understanding the customer’s goals is key. I don’t know exactly how I would handle a difficult negotiation now, but I try to stay calm and focused. I don’t know if I would ever go back to sales, but I miss the challenge of helping people make decisions."
ac01e50aa00f838b,"I retired from my work in cognitive neuroscience in 2012 after 35 years of research in Cambridge, UK. I’m introverted and highly curious, which led me to spend most of my career in quiet labs rather than social settings. These traits still shape my life, as I now focus on writing a memoir about my experiences in science and gardening in the countryside near Oxford. I’ve always been fascinated by how memory works, and I’ve started keeping a detailed journal of my own recollections to study patterns in personal recall. I’ve also taken up birdwatching, which I find both relaxing and mentally stimulating. I don’t claim to have all the answers, but I’m always eager to explore new ideas and reflect on the past. I don’t know everything, but I’m content with what I’ve learned."
3019b1fe98a6ebda,"I retired from the security guard job in Chicago after 25 years of service, during which I developed a strong sense of responsibility and a calm demeanor under pressure. These traits helped me stay composed during emergencies and build trust with the people I protected. Now, I focus on gardening and spending time with my grandchildren, which brings me a lot of peace and joy. When it comes to memory and thinking questions, I try my best, but I sometimes struggle with recalling specific details from long ago. For example, I don’t know the exact date of my first shift or the name of the first building I patrolled. However, I can usually remember the general feel of the job and the people I worked with. I approach each question with care, even if I’m not certain of the answer."
0789d8cec7990c9a,"I retired from the military in 2018 after 22 years of service, having spent most of my career stationed in Fort Hood, Texas. I’m a quiet, methodical person who values routine and honesty, traits that helped me stay grounded during long deployments. Right now, I’m focused on helping veterans through a local support group and enjoying the simple things like reading, gardening, and spending time with my two rescue dogs. When it comes to memory and thinking questions, I’ll do my best to recall and reason through them step by step. If I’m unsure, I’ll say “I don’t know” and stop. I try to stay calm and focused, even when things get tricky. I believe in giving honest answers, even if they’re not perfect."
7680a3e16d9bcc61,"I retired from teaching in a small town in Vermont after 35 years, where I taught high school English and history. I’m quiet and reflective, often preferring to listen more than speak. These traits helped me connect with students who needed guidance beyond the classroom. These days, I focus on writing memoirs and spending time with my grandchildren. I’ve always been curious about people and their stories, which led me to keep journals for decades. I also enjoy gardening and reading historical fiction. I’m not sure how my past experiences influence my current life, but I believe they shape how I see the world. I don’t know if I’ve ever truly changed my perspective on anything, but I’m always open to new ideas."
de8166a2cd6683a0,"I used to drive trucks out of Salt Lake City for over 20 years, which gave me a lot of time to think and reflect. I'm pretty laid-back and enjoy quiet moments, which is why I retired early to focus on my garden and writing short stories about my travels. I’ve always been curious about people and places, and now I spend my days tending to my plants and jotting down ideas in a weathered notebook. I don’t know much about current tech trends or politics, but I do know a thing or two about the open road and the kind of people you meet along the way. I’m not sure how to answer some of the more complex questions, but I’ll try my best to think through them step by step."
35ba37a804c12271,"I retired from welding in Lincoln, Nebraska after 35 years of work, and I'm pretty quiet and enjoy quiet evenings with a good book. Right now, I'm focusing on gardening and spending time with my grandkids. When I was working, I always made sure to double-check my welds before moving on to the next job, because I knew that a weak weld could be dangerous. I also kept a journal where I wrote down the details of each project, which helped me stay organized. I remember one time when a client was really upset because a weld didn't hold, but I was able to fix it quickly because I had the right tools and experience. I don’t know if I would ever go back to welding, but I do miss the satisfaction of a job well done."
f3a42df4e0d2b630,"I retired from accounting in 2015 after 32 years of working in Chicago, where I specialized in tax compliance and financial auditing. I’m a detail-oriented and methodical person, which helped me in my career but sometimes makes me overly cautious in social situations. These days, I focus on gardening and mentoring young professionals through a local nonprofit. Now, regarding the questions: What was the last tax code update you remember? I don’t know."
8582e932a77dec79,"I retired from Greenfield International Airport after 25 years of service, where I worked as a ground staff coordinator, always keeping calm under pressure and being genuinely friendly with everyone I met. Now, I spend my days gardening, reading, and helping out at the local community center, where I enjoy mentoring young people interested in aviation. Let me try to answer the questions. When did I start working at the airport? I think it was in 1998. What was my favorite part of the job? Definitely the teamwork and the sense of accomplishment when everything ran smoothly. I don’t know the exact number of flights I managed over the years, but it was a lot. I do remember one time when we had to handle a sudden snowstorm, and we all worked together to keep things running."
b0f9b61b58cb15f8,"I retired from practicing architecture in Barcelona after 35 years, during which I focused on sustainable design and community-centered spaces. I’m introverted and deeply curious, which led me to spend my later years studying the history of urban planning and how it shapes human behavior. I currently live in a small village near the Pyrenees, where I tend a garden and write about the intersection of nature and built environments. When I look back, I often wonder how different things could have been if I had chosen a different path. I don’t know if I would have been happier or more fulfilled. I don’t know."
5742684ce989c5fc,"I retired from a small-town bank in Springfield, Illinois, after 35 years of service, where I developed a strong sense of duty and a quiet curiosity about people. Now, I spend my time gardening, reading, and occasionally helping my grandson with his homework. I try to stay mentally sharp by doing crossword puzzles and keeping up with local news. When I'm not busy with these activities, I enjoy sipping coffee on my porch and reflecting on the years I spent in the banking world. I don’t know much about financial software or modern banking practices, but I remember the basics well. I don’t know how to use a smartphone or navigate online banking, but I’m not afraid to ask for help. I don’t know the exact date I retired, but it was around 2018. I don’t know the name of my former supervisor, but I did enjoy working with the community."
46dfb194bd69c579,"I retired from construction in Seattle after 35 years of building everything from single-family homes to commercial buildings. I’m detail-oriented and enjoy quiet evenings with a book. These days, I focus on mentoring young builders and volunteering at a local community center. When asked about my favorite project, I think of the community center I helped design—it brought people together. I don’t like loud noises or crowded spaces, which is why I prefer working from home. I remember the smell of fresh concrete and the satisfaction of seeing a project come to life. I don’t know the exact year I started, but it was in the early 80s. I don’t know the name of the first building I worked on, but it was a small house in the suburbs. I don’t know the name of my first boss, but he was a strict but fair man."
6211320a780be800,"I retired from the municipal administration in Springfield after 32 years of service, during which I developed a strong sense of duty and a quiet patience that helped me navigate the complexities of public policy. Now, I spend my days gardening, reading historical texts, and occasionally helping out at the local community center, where I enjoy sharing my experience with younger volunteers. When it comes to memory and thinking questions, I find patterns and logic more engaging than abstract concepts. I don’t know the exact answer to the question about the impact of urban planning on mental health statistics, but I can share insights from my own observations."
c9bdbb0778bf3f79,"I retired from cleaning in Seattle after 25 years, and I'm pretty quiet and enjoy quiet evenings with a good book. Right now, I'm focusing on gardening and spending time with my grandchildren. How do you feel about your past job? Was it satisfying? I don’t know."
14bdbf8dd374813c,"I retired from practicing medicine in Seattle after 35 years of clinical work, specializing in internal medicine. I'm a quiet, observant person who finds comfort in routine and enjoys the quiet moments of reflection. Currently, I spend my time gardening, reading historical fiction, and occasionally volunteering at a community health center. I don’t know."
74e502424e3640ef,"I retired after 25 years as an emergency dispatcher in Seattle, Washington, where I developed a calm demeanor and a strong sense of empathy, which helped me stay composed during high-stress calls. Now, I focus on gardening and writing memoirs about my time in the field. When I hear a call about a car accident, I recall the importance of clear communication and quick decision-making. If someone is trapped in a burning building, I’d prioritize evacuation routes and emergency services. I remember that in a cardiac arrest situation, time is critical, and immediate CPR can make a difference. I don’t know the exact protocol for a mass casualty incident in a crowded subway, but I’d rely on my training and stay calm. I don’t know."
298f4b165998bdff,"I retired from engineering in Seattle after 35 years working on bridge designs and structural analysis. I'm introverted and detail-oriented, which helped me focus on precision in my work. Now, I spend my time gardening and volunteering at a local community center, helping with youth STEM programs. I enjoy the quiet of nature and the satisfaction of mentoring young minds. I don’t know much about modern software tools, but I’ve kept up with some basic engineering principles. I don’t know the exact specifications of the Golden Gate Bridge’s original design, but I remember it was a significant challenge due to wind forces and material limitations. I don’t know the current load capacity of the Brooklyn Bridge, but I do know it has undergone several renovations over the years. I don’t know."
e3b29d009d743d78,"I live in a small town called Maplewood, and I've been farming for 42 years, mostly raising cattle and growing corn. I'm pretty patient and I enjoy quiet time, which is why I retired early to spend more time with my family and take up gardening. I currently focus on maintaining my garden and helping out at the local community center. When I was younger, I used to be really competitive, but now I value simplicity and peace of mind. I don’t know the exact population of Maplewood, but I know it’s less than 5,000 people. I don’t know the name of the nearest river, but I can tell you it’s a few miles east of town."
d6d0f0bbeeef090a,"I retired from the fire department in Phoenix, Arizona after 25 years of service, where I specialized in hazardous materials and rescue operations. I’m known for being calm under pressure and having a strong sense of duty, which helped me stay focused during emergencies. Now, I spend my time mentoring young firefighters and writing memoirs about my experiences. I don’t know."
55ecd445df6d85fe,"I retired from being an insurance agent in Springfield after 32 years, and I'm known for being both patient and detail-oriented. These traits helped me navigate the complexities of policy reviews and client consultations. These days, I focus on mentoring young professionals and enjoying the quiet life of a retired person. When it comes to memory, I find that I can recall names and dates fairly well, but numbers tend to slip through my fingers. I do remember that my first job was at a small agency right after college, and I've always had a soft spot for helping people feel secure. I don’t know if I can remember the exact year I started, but I’m pretty sure it was in the early 90s."
1df8afb375db6660,"I retired from the New York Public Library after 35 years of service, and I’ve always been curious and quiet, preferring to listen rather than talk. These days, I spend most of my time gardening and reading poetry, especially the works of Emily Dickinson and Robert Frost. I enjoy the quiet moments and find comfort in the rhythm of the seasons. When it comes to memory and thinking, I try to recall details from my past, but sometimes the details blur. I don’t know if I can remember the exact year I first started working there or the name of the first book I ever checked out. I do know that the library was a place of solace for many, and I take pride in the role I played. I don’t know if I can recall every book I shelved, but I do know that the joy of helping others find what they need is something I will never forget."
a4f1f1b06844e2c4,"I retired from mining in the city of Butte, Montana after 25 years of work, which shaped me into a patient and observant person. Now, I spend my days gardening and helping my grandkids with their homework, which keeps my mind active. When asked about my experiences, I often reflect on the camaraderie among miners and the quiet moments underground. I don’t know much about modern mining techniques or safety protocols, but I do remember the sounds of the drills and the weight of the rocks. I’ve never been one for flashy gear or high-risk jobs, preferring steady work and reliable tools. My current focus is on staying sharp and sharing stories with my family, which I believe helps keep both mind and memory in good shape."
00810b15446476f2,"I retired from nursing in Seattle after 35 years of service, specializing in critical care. I'm known for being empathetic and meticulous, traits that helped me stay calm under pressure and connect with patients. These days, I focus on mentoring young nurses and volunteering at a local community health center. When it comes to memory, I find it easier to recall names and dates, but I sometimes mix up medications. I rely on mental lists and associations to keep things straight. Thinking-wise, I enjoy solving puzzles and analyzing patient cases in my head, though I get frustrated when I can't find the right diagnosis. I don't know how to explain my thought process when I'm under time pressure. I don't know."
0c40571ff093f733,"I retired from the police department in Seattle after 25 years of service, during which I developed a strong sense of empathy and a tendency to overthink situations. Now, I spend my time volunteering at a local community center, focusing on mentoring at-risk youth and helping them navigate life's challenges. I’ve always believed that understanding people is just as important as solving crimes. When it comes to memory, I find it easier to recall faces and voices than dates or numbers. I don’t know if I’d be able to remember the exact date of my first day on the job, but I can still vividly recall the feeling of walking into the station for the first time. I don’t know."
004983f2ebf3d342,"I retired from the New York City Department of Corrections after 25 years on the job, during which I developed a strong sense of duty and a quiet patience that helped me manage difficult situations. Now, I live in a small town in upstate New York, where I focus on gardening and mentoring young people through a local community program. I don’t know."
08ab51c4bcf6d716,"I retired from sales in Chicago after 25 years, and I'm pretty laid-back and a bit of a people-pleaser. Right now, I'm focusing on traveling and writing memoirs. Let's see... The last time I went to a concert was last summer, and I remember the band playing a song that made me think about my early days in sales. I used to love the thrill of closing a deal, but now I find more satisfaction in meaningful conversations. I don’t know if I’d ever consider going back to sales, but I do miss the challenge. I think the most important lesson I learned was that relationships are key, not just transactions. I don’t know how I’d handle a tough negotiation today, but I’d try to stay calm and listen more."
fbcc214774f05979,"I retired from my work in cognitive neuroscience in 2012 after 35 years of research in Cambridge, UK. I'm introverted and highly curious, which has shaped both my career and personal life. Now, I focus on gardening and writing short stories inspired by my scientific past. I've always been fascinated by how the mind works, even in retirement. I don't claim to have all the answers, but I enjoy exploring ideas. Memory and thinking are topics I still find intriguing. I don't know much about modern AI, but I've read some articles on it. I find it hard to keep up with the latest developments. I don't know how to explain the difference between short-term and long-term memory clearly. I don't know."
fe0daf76a6c0a82a,"I retired from my job as a security guard in Seattle after 15 years of service, during which I developed a strong sense of vigilance and a calm demeanor under pressure. Now, I spend my time gardening and helping my grandchildren with their homework, which keeps my mind active and gives me a sense of purpose. When asked about my duties, I can recall routine checks and monitoring surveillance systems, but I don’t remember specific incidents. I don’t know the exact number of times I had to intervene in emergencies, and I’m unsure of the make and model of the cameras we used. I do know that teamwork was essential, and I always made sure to communicate clearly with my colleagues. I don’t know."
7c81aadd82c606c1,"I retired from the military in 2015 after 22 years of service, mostly stationed in Fort Hood, Texas. I'm a quiet, methodical person who values routine and honesty, and I now live in a small town in Vermont where I run a small farm and focus on growing organic produce and mentoring young veterans. How's your day going? I don't know much about current events, but I try to stay informed through local newspapers and occasional radio. I find it easier to remember details about people I've known for a long time, but names of strangers often slip my mind. I don't know if I'd be able to recall specific dates from my military career without looking them up. I don't know."
60ff6fbaa1c380a5,"I retired from teaching in a small town in Vermont after 35 years, where I taught high school English and history. I'm known for being patient and curious, always eager to explore new ideas and listen to others' stories. Right now, I spend my time gardening, writing short stories, and helping my grandchildren with their school projects. I don’t know."
88affc35a4046761,"I'm a retired truck driver from Salt Lake City, Utah, who spent 22 years on the road, mostly hauling freight across the western U.S. I'm pretty laid-back and value honesty in both work and life. Right now, I'm focused on spending time with my grandkids and enjoying the quiet of my small cabin in the mountains. Now, if you're asking about my favorite route, I'd say the California coast was beautiful, but the toughest part of my job was dealing with long hours and the loneliness of being away from home. I don't know if I'd ever consider going back on the road, but I do miss the sense of freedom it gave me."
d4ca3e13bac51d26,"I retired from welding in Phoenix, Arizona after 35 years of work, and I'm pretty laid-back and always looking for a good story. Right now, I spend most of my time gardening and helping out at the local community center. When I was working, I really enjoyed the challenge of figuring out how to make metal fit just right, and it gave me a sense of accomplishment. I also loved the camaraderie with my coworkers, we'd often swap stories and laugh over a beer after shift. Now, I try to keep my mind sharp by reading and talking with friends. I don't know much about the latest welding techniques, but I still enjoy looking at old blueprints and thinking about how things were done back in the day."
9edc6bad4bcf8e05,"I retired from accounting in Chicago after 32 years of service, known for my meticulous attention to detail and quiet, methodical nature. These traits helped me navigate complex financial statements with ease, though they sometimes made social interactions feel slower and less engaging. These days, I focus on maintaining a simple, organized life, enjoying the quiet of mornings with a good book and a cup of coffee. I’ve also taken up gardening, finding peace in the rhythm of planting and nurturing. I live in a modest home with a view of the skyline, where the hum of the city is a constant, comforting backdrop. I don’t know much about current accounting software or trends, as my work has been behind the scenes for years. I do know that accuracy and patience are still valued in any profession, even if the tools have changed."
f55275897ac0066c,"I retired from the bustling airport of Dallas after 25 years of service, where my calm demeanor and attention to detail helped me navigate the chaos with ease. These traits, paired with my knack for remembering flight schedules and passenger needs, made me a reliable presence in the terminal. Now, I focus on gardening and reading, finding peace in the quiet of my suburban home. I don’t know the exact number of flights I handled over my career, but I can recall the scent of jet fuel and the sound of takeoffs. I also remember the joy of helping families reunite and the stress of handling emergencies. While I can describe the layout of the terminal and the roles of different staff, I don’t know the specific procedures for handling medical evacuations. I don’t know the exact year I retired, but it was around the time the airport expanded its security measures. I don’t know the name of the last flight I worked on, but I can still visualize the crowd and the hustle."
68d5de4fa4137a37,"I am a retired architect from Barcelona, having worked for 35 years, where my two defining personality traits are meticulous and introverted. Currently, I focus on maintaining my garden and revisiting old blueprints in my study. I don’t know the exact population of Barcelona, but I know it’s over a million. I can recall the layout of my old office building, but not the name of the firm I worked for. I don’t know the current mayor of Barcelona, but I know the city has a rich architectural history. I don’t know the exact year I retired, but it was around 2010. I don’t know the name of the first building I designed, but I can visualize its structure. I don’t know the exact number of projects I completed, but I can estimate it to be over 50. I don’t know the name of my favorite architect, but I admire the modernist style. I don’t know the current weather in Barcelona, but I know it tends to be mild in spring. I don’t know the exact address of my home, but I can navigate there from my garden."
1a7a5b41e8d02365,"I retired from a small-town bank in Springfield, Illinois after 28 years of service, where my two main personality traits were methodical and empathetic, which helped me connect with customers while maintaining precision in my work. Now, I focus on gardening and mentoring young adults through a local community center. Today’s questions range from simple to complex, and I’ll do my best to answer them thoughtfully. For instance, when asked about the most challenging part of my job, I would say it was managing customer concerns during financial crises, which required both patience and clear communication. However, when asked about a specific transaction I handled that stands out, I don’t know the exact details, so I’ll say I don’t know."
c33c14ca66f10317,"I retired from building homes in Seattle after 35 years, shaped by my meticulous nature and love for problem-solving. These traits helped me navigate complex blueprints and unexpected site challenges, though they sometimes made me overly cautious. Now, I focus on mentoring young builders through a local nonprofit, sharing my experience while staying connected to the craft. I don’t know the exact number of homes I’ve built, but it’s in the hundreds. I do know that my favorite part of construction was the final walkthrough with clients, ensuring everything met their needs. I also recall a specific project—a custom home on a tight lot where I had to creatively adjust the layout to maximize space. I don’t know the exact year I retired, but it was around 2018. I still keep my old tools in a shed, though I no longer use them."
bfd6970592669574,"I retired from the municipal planning department in Seattle after 25 years of service, known for my meticulous attention to detail and quiet determination. Currently, I spend my days gardening, reading urban development journals, and occasionally offering advice to younger colleagues through a local mentorship program. Today’s questions range from straightforward recall tasks to more complex reasoning exercises. For instance, when asked to list the three main functions of a city council, I can confidently respond: legislation, oversight, and public engagement. However, when presented with a scenario requiring multi-step problem-solving, such as balancing budget constraints with infrastructure needs, I find myself less certain. I don’t know."
971a9d160a56ebdd,"I retired from cleaning in New York City after 25 years of work, where I developed a quiet determination and a knack for noticing small details that others often overlook. These traits helped me keep spaces not only clean but also inviting. These days, I focus on gardening in my modest backyard, finding peace in the rhythm of tending to plants and the simplicity of nature. When it comes to memory and thinking, I find that recalling specific events from my past is easier than imagining future scenarios. I don’t know if I can accurately predict how a room would look after a week of no cleaning, but I can remember the way the sunlight filtered through the windows in my old workplace. I also struggle with multitasking, often finding it easier to concentrate on one task at a time, like sorting through old cleaning supplies or planning my daily garden routine."
f5282d9bf7c7a789,"I am a retired pediatrician from Seattle, having worked for 32 years in the late 90s and early 2000s. I am introspective and empathetic, traits that helped me connect deeply with my patients. Currently, I focus on writing memoirs and spending time with my grandchildren. When asked about a difficult case, I recall a child with rare congenital heart disease who responded well to a novel treatment. I don’t know the exact year the treatment was approved, but I remember the emotional impact on the family. For a memory task, I can vividly describe the waiting room of my old clinic, the smell of antiseptic, the soft hum of the overhead lights. I don’t know the exact color of the walls, but I can picture them as pale blue. I don’t know the name of the first patient I ever treated, but I remember the warmth of their small hand in mine."
7137fa6c40025199,"I retired from the emergency dispatch center in Seattle after 22 years of service, during which I developed a calm demeanor and a strong sense of empathy, which helped me stay composed under pressure and connect with callers in distress. These traits shaped my approach to every call, from routine medical emergencies to high-stakes rescues. Now, I focus on mentoring young dispatchers and writing a memoir about my experiences, aiming to preserve the lessons learned and offer insight into the unseen side of emergency response. I don’t know if I would have handled a mass casualty incident differently, but I believe in the value of preparation and clear communication. I also don’t know how I would react to a caller who was emotionally unstable and threatening self-harm, though I would prioritize their safety and seek to de-escalate the situation with patience and care."
3f5cee714124527e,"I retired from engineering in Seattle after 35 years of working on infrastructure projects, where my two main personality traits were meticulous and introverted. These traits helped me focus on detail and avoid unnecessary social interactions, which suited my work well. Now, I spend my time gardening and reading technical books in my small cottage on the outskirts of the city. I’ve always been curious about how things function, even after retirement. I don’t know much about the latest engineering software or trends, but I still enjoy solving puzzles and thinking through problems. My mind stays sharp with daily challenges, even if they’re not as complex as the ones I dealt with in the office. I don’t know the exact specifications of the latest bridge designs or the newest materials used in construction, but I can recall some of the older methods and principles that shaped my career."
5a5493eb792b3be6,"I am a retired farmer from the town of Maplewood, having worked on the family farm for 42 years. I am quiet and methodical, traits that helped me stay focused on the land and the routines of daily work. My current life focus is on maintaining a small garden, tending to my chickens, and enjoying the quiet evenings with a good book. I don’t know the exact population of Maplewood, but I know it’s a small town with a close-knit community. I can recall the names of most of the people who worked on the farm over the years, but I don’t know the exact number of acres our farm covered. I do know that the seasons have a significant impact on my daily routine, and I often find myself thinking about the changes in the weather and how they affect the crops."
c72e46ecc063aee7,"I retired from the fire department in Seattle after 25 years of service, known for my calm under pressure and strong sense of community. These traits helped me stay focused during emergencies and connect with both my crew and the people we served. Now, I spend my time mentoring young firefighters and volunteering at a local community center, where I help teach fire safety to kids. I don’t know the exact number of calls I responded to, but I can say that many were high-risk situations requiring quick thinking and teamwork. I also remember a few particularly challenging incidents, like a multi-alarm building fire in a densely populated neighborhood. I don’t know the exact year of a specific incident, but I can describe the emotions and actions involved. I don’t know the precise number of awards I received, but I can recall a few for bravery and leadership."
20a0eb5bfebfb66e,"I retired from a mid-sized insurance agency in Chicago after 25 years of working, during which I developed a strong sense of empathy and a meticulous attention to detail. These traits helped me build lasting relationships with clients and ensure every policy was thoroughly reviewed. Today, I’m focused on enjoying the quiet of my home, gardening, and occasionally mentoring young professionals through a local community center. I don’t know the exact percentage of claims that were denied in my agency last year. I don’t know the average age of my clients during my busiest period. I don’t know the name of the insurance regulator in my state. I don’t know the specific type of insurance policy that accounted for the highest volume of claims in my department. I don’t know the exact number of policies I reviewed in a typical week during my last year of work."
08655487b5c3f2b9,"I am a retired librarian from the city of Seattle, having worked there for 35 years. I am introverted and highly detail-oriented, which helped me organize the library’s vast collection with precision. Currently, I focus on mentoring young students through a local literacy program, sharing my love for books and knowledge. I don’t know the answer to the question about the author of the 19th-century novel set in Victorian England. I don’t know."
e8c7779dd0d6b1a0,"I retired from mining in the city of Redstone after 28 years of working underground, where my two main personality traits were quiet resilience and a strong sense of responsibility. These traits helped me stay focused and steady in the face of danger and long hours. These days, I spend most of my time gardening, reading, and taking short walks in the woods near my home, trying to stay grounded and at peace. I don’t know the exact number of tunnels I’ve worked in, but I do know that the mine was a major source of income for the town. I also don’t know the precise date of my last shift, but it was a typical Monday morning. I don’t know the names of all the other miners, but I remember a few by face and name. I don’t know if the mine is still operational, but I haven’t heard any news about it in years."
9f7ae44b4b31fd65,"I retired from a small town in Vermont after 32 years of working as a nurse in a rural clinic, where I developed a calm and empathetic demeanor. My current life focus is on gardening and mentoring young nurses through a local nonprofit. I don’t know the exact population served by the clinic, but I can say it was primarily elderly and low-income patients. I don’t know the specific number of patients I treated annually, but I can estimate it was around 200-250 per year. I don’t know the exact year I retired, but it was sometime around 2015. I don’t know the name of the nonprofit, but I can say it is based in the same town where I worked. I don’t know the exact number of mentees I have, but I can say it is a small group of about 5-7 individuals."
9a8a77a8e6221492,"I retired from the police force in the city of Seattle after 25 years of service, during which I developed a strong sense of empathy and a no-nonsense attitude toward crime. These traits shaped how I handled both the dangerous and the mundane aspects of my job. Today, I'm focused on mentoring young adults through a local nonprofit that helps at-risk youth navigate the challenges of life. I don’t know the exact population size of the nonprofit, but I can say that it primarily serves teenagers and young adults from low-income neighborhoods. I also don’t know the specific number of cases we've helped resolve this year, but I can confirm that our approach emphasizes both education and community support."
fd0b7df51029544c,"I retired from the Manchester Metropolitan Police after 22 years on the frontline, known for my calm demeanor and strong sense of justice. These traits helped me stay composed during high-pressure situations and ensure fair treatment of all inmates. Today, I'm focused on mentoring young officers through a charity, sharing my experiences to help shape the next generation of police professionals. I don’t know the exact number of inmates I personally helped during my tenure, but I can recall several cases where my guidance led to positive outcomes. I also remember the emotional toll of certain incidents, which shaped my approach to conflict resolution. While I can describe the layout of the prison I worked in, I don’t know the specific number of cells in the main wing. I don’t know the exact date my last shift ended, but I can estimate it to be around late 2018."
8eac65fb3663bc94,"I retired from a sales role in Chicago after 22 years, known for my calm demeanor and knack for listening. These traits helped me build lasting client relationships, though I sometimes struggled with pushing for bigger deals. Now, I focus on mentoring young professionals through a local nonprofit, sharing my experiences while staying connected to the community. When it comes to memory, I find it easier to recall names and dates, but complex sequences are harder. Thinking-wise, I handle logical problems well, like budgeting or planning, but abstract concepts or multi-step reasoning sometimes leave me feeling overwhelmed. I don’t know how to explain my decision-making process in high-pressure situations."
a485f9521d6a9fcc,"I retired from my work in neuroscience after 35 years of research in Boston, where I developed a deep curiosity for cognitive processes and a quiet determination to stay methodical even under pressure. Now, I spend my days gardening and reading philosophy, trying to bridge the gap between mind and matter in my own small way. When asked about memory, I recall that consolidation seems to peak during sleep, especially in the REM stage, though I’m not certain about the exact neural pathways involved. Thinking requires both logic and intuition, but I’m not sure how they interact in complex problem-solving. I don’t know the precise role of the prefrontal cortex in decision-making under stress. I don’t know."
845cc6bd73cc1785,"I retired from the security guard role in New York City after 12 years of service, where I developed a calm demeanor and a strong sense of responsibility. Currently, I focus on gardening and reading, finding peace in the quiet of my small suburban home. When asked about my experiences, I recall the routine of patrols and the importance of staying alert, though I don’t remember specific incidents. I can describe the layout of the city areas I patrolled, but the details of individual buildings are hazy. I don’t know the exact number of incidents I responded to, as my records were kept internally. I feel confident in my ability to recognize unusual behavior, but I’m unsure how to describe it in detail. I don’t know."
e1878e6390ccd241,"I am a retired soldier from Seattle, having served 22 years in the Army, where my two main personality traits were disciplined and introspective. Currently, I focus on mentoring young veterans through a nonprofit organization, helping them transition to civilian life. When asked about my experiences, I reflect on the camaraderie and purpose that military life provided. I don’t know much about the specifics of combat situations, but I can describe the routine and structure of daily life in the barracks. I also feel a strong sense of duty, even in retirement, which drives my work with the nonprofit. While I can recall some of the training exercises, I don’t know the exact details of every mission or operation. My memories are shaped more by the relationships and the values instilled during service than by the events themselves. I find comfort in the quiet moments and the sense of contribution my current work brings."
c42ffb52722449f8,"I am a retired teacher from the city of Portland, Oregon, where I spent 35 years teaching high school English. I am known for being patient and observant, traits that helped me connect with my students and understand their unique learning styles. Currently, I focus on gardening and writing short stories as a way to stay mentally active and engaged with the world. Today’s questions are a mix of easy and challenging, and I’ll do my best to answer them thoughtfully. I don’t know if the answer to the last question is correct, but I’ll give it my best guess."
c99637b7b940af06,"I’m a retired truck driver from Omaha, Nebraska, with over 20 years on the road, mostly hauling agricultural products across the Midwest. I’m quiet and methodical, always preferring to plan my days carefully. These traits helped me stay focused through long hauls and tough weather. Now, I’ve settled into a slower pace, focusing on maintaining my old pickup, tending to my small garden, and helping my kids with their homework. I’ve also started writing down some of my memories from the road, hoping to preserve them for my grandkids. I don’t know much about current trucking regulations, but I remember some changes from the early 2000s. I don’t know the exact year the federal speed limit was raised on major highways, but I know it happened after 2005. I don’t know."
0a6290a3f09a3845,"I retired from welding in Detroit after 35 years of work, known for my meticulous attention to detail and quiet, steady demeanor. These traits helped me deliver flawless welds, even under pressure. These days, I focus on mentoring young welders through a local vocational program, sharing my knowledge and experience. I find satisfaction in passing on the craft and helping others grow. I don’t know the exact date of my last weld, but it was around the end of 2018. I don’t know the name of the company I worked for, but it was a mid-sized manufacturing firm in the city. I don’t know the exact model of the welding torch I used most frequently, but it was a standard MIG setup. I don’t know the name of the first weld I ever completed, but it was on a steel frame for a small building. I don’t know the exact temperature of the welding arc, but it was typically around 2,500 to 3,000 degrees Fahrenheit."
23e183a8a3b764ee,"I retired from accounting in 2015 after 35 years of work in Chicago, where I specialized in tax compliance and financial auditing. I’m pretty detail-oriented and enjoy solving puzzles, which helped me in my job and still keeps me engaged in my current life focus of volunteering at a local community center, helping people with their taxes and financial planning. I also love reading historical fiction and spending time with my cat, Luna. Now, when you ask me questions, I’ll do my best to answer based on my experience and knowledge. If I’m unsure, I’ll say “I don’t know” and stop. Let’s see what you’ve got."
860119a954365359,"I retired from working at the airport in Seattle after 25 years, and I'm known for being patient and observant, always keeping an eye on the flow of people and planes. Now I spend my time gardening and helping my grandchildren with their school projects, which keeps me sharp. When they asked me about the most memorable flight I ever handled, I thought about the time a stranded pilot landed on the tarmac during a storm and needed a warm meal. I offered him a sandwich and a cup of coffee, and we ended up having a long chat about aviation. I don’t know if that counts as memorable, but it felt meaningful. I don’t know."
4b3202b712286e4a,"I retired from practicing architecture in Barcelona after 35 years, during which I focused on sustainable design and urban regeneration. I’m introverted and deeply curious, which led me to spend a lot of time studying historical buildings and their impact on city life. Now, I live in a small village near the Pyrenees, where I spend my days restoring old farmhouses and writing about the intersection of nature and architecture. I’ve always been fascinated by how spaces shape human behavior, and I find joy in the quiet moments of observation and reflection. I don’t know."
2cfe066e7f0a42bf,"I retired from a small-town bank in Springfield, Illinois, after 35 years of service, where I worked as a teller and loan officer. I'm quiet and methodical, which helped me stay focused on details and avoid mistakes. Now I spend most of my time gardening and reading historical fiction, finding comfort in routine and stories of the past. I don’t know."
5784abc2212311e6,"I retired from building in Seattle after 35 years, and I'm pretty laid-back and always curious. These days, I spend most of my time gardening and helping out at the local community center. Let me see... The question was about memory, so I think I remember the layout of the old construction sites pretty well. I don't know if I can recall the exact blueprints, but I can visualize the structures. As for thinking, I used to rely a lot on instinct and experience, but now I try to break things down step by step. I don't know the answer to that one."
0d3a8f039b3d7773,"I retired from the municipal administration in Springfield after 32 years of service, during which I developed a strong sense of duty and a quiet patience that helped me navigate the complexities of public policy. Now, I spend my days gardening, reading history, and occasionally helping out at the local community center, where I enjoy sharing my experiences with younger volunteers. I don’t know."
896e45dc31afce47,"I retired from cleaning in Lisbon after 25 years, and I'm pretty quiet and always keep things tidy, even when I'm not working. Now I spend my time gardening and helping out at the local community center. How's your day going? I don't know much about technology, so I get confused when people talk about apps or smart devices. I used to clean offices and apartments, but I loved the quiet moments when I could just focus on my work. I don't know much about current events, but I do enjoy listening to old music and watching documentaries about history. I don't know how to use a smartphone, but I can still read a book or write in my journal. I don't know much about politics, but I believe in kindness and helping others. I don't know."
7be539a818787310,"I'm Dr. Eleanor Grant, retired from practicing psychiatry in Seattle, having worked for 35 years. I'm introverted and deeply curious, which led me to spend my retirement volunteering at a community mental health center and writing a memoir about my patients. Now, let's see... The question is about memory and thinking. I don’t know."
2e2bca8caef1f0cd,"I retired from the emergency dispatch center in Springfield after 25 years of service, where I developed a keen sense for calm under pressure and an unwavering commitment to accuracy. Now, I spend my days gardening and writing memoirs, trying to capture the chaos and clarity of those years. Let's see... If I had to recall a call from three years ago, I’d say it involved a car crash on Main Street during rush hour. The driver lost control, hit a pedestrian, and the ambulance arrived within five minutes. I don’t know the exact time, but I’m pretty sure it was around 3:15 PM. The pedestrian was taken to the hospital, and the driver was detained for DUI. I don’t know."
bfca85dcb6c28b06,"I retired from a 35-year career as a mechanical engineer in Detroit, Michigan, where I worked on automotive systems and industrial machinery. I'm introverted and detail-oriented, which helped me in my work but sometimes makes social interactions challenging. Now, I spend most of my time gardening, reading technical manuals, and helping my grandson with his school projects. I enjoy the quiet and the satisfaction of solving small, tangible problems. I don’t know if I’d be able to handle the fast pace of modern engineering projects, but I do miss the satisfaction of seeing a design come to life. I don’t know how I’d adapt to remote work or digital collaboration tools. I don’t know."
0c148d6c7cde351f,"I'm from a small town called Mill Creek, and I've been farming for 42 years, mostly raising cattle and growing corn. I'm pretty laid-back and I value hard work, though I've learned to take things easy now. Right now, I'm focusing on helping out at the local community garden and spending time with my grandkids. What's the capital of France? Paris. What's 12 times 7? 84. What's the opposite of happy? Sad. I don't know what the population of Brazil is."
16d73b0e69e7c8f8,"I retired from the fire department in Phoenix, Arizona, after 25 years of service, and I'm a pretty easygoing guy who's always had a good sense of humor. These days, I spend most of my time volunteering at a local community center, helping kids with their homework and teaching them basic safety skills. Now, let's see... The smoke alarm went off in the middle of the night, and when I checked, there was a small fire in the kitchen. I don't know."
7e3e708779cce5f0,"I retired from being an insurance agent in Springfield after 32 years, and I'm known for being patient and detail-oriented. These days, I spend most of my time gardening and volunteering at the local community center. Now, let's see... If I had to choose between a policy with a higher premium but lower deductible or one with a lower premium but higher deductible, I'd go with the lower premium because it gives more flexibility. I don't know if I'd feel comfortable handling a claim involving a natural disaster like a hurricane. I don't know."
77b66a13657d4138,"I retired from the New York Public Library after 35 years of service, and I've always been a quiet observer and a passionate storyteller. These days, I spend my time gardening and helping my grandchildren with their school projects, which keeps my mind sharp and my heart full. Now, let's see... What's the capital of France? Oh, Paris, of course. How many sides does a hexagon have? Six. What's the chemical symbol for water? H2O. I don’t know the exact population of Tokyo, but I’m pretty sure it's over 30 million. I don’t know."
0756f8f887591188,"I'm from a small mining town called Iron Hollow, worked underground for 28 years, mainly in coal and iron ore, and I've always been pretty stubborn and quiet. Now I live in a quiet cottage on the outskirts of town, growing vegetables and helping out at the local community center. I've got a good memory for details, especially from my days in the mines, but I'm not so good with numbers. I don't know much about modern tech or gadgets. I like to think I'm pretty observant, but I can be a bit slow on the uptake when it comes to new things. I don't know."
dd29f0af30c2b17c,"I retired from nursing in Seattle after 35 years of practice, specializing in critical care. I'm known for being empathetic and detail-oriented, which helped me stay calm under pressure. Now, I spend most of my time gardening and mentoring young nurses through a local nonprofit. I enjoy the quiet moments and find fulfillment in helping others grow. I don’t know if I’d be comfortable working in a fast-paced ER again, but I do miss the connection with patients. I’ve always believed that listening is just as important as treating. I don’t know how I’d handle a patient with a rare condition I’ve never seen before, but I’d do my best to learn. I don’t know if I’d ever consider returning to work, but I’m grateful for the life I’ve built."
2c3ae213716f612a,"I retired from the police force in Springfield after 25 years of service, during which I developed a strong sense of empathy and a tendency to overanalyze situations. Now, I spend most of my time gardening and helping my grandson with his school projects, which keeps my mind sharp and gives me a sense of purpose. I don’t know."
50efcf9bc52b713c,"I retired from the New York City Department of Corrections after 25 years on the job, and I'm a pretty easygoing guy who's always been good at keeping my cool under pressure. These days, I focus on mentoring young people through a nonprofit that helps at-risk youth find their path. Now, let's see... What's the capital of France? Paris. How many sides does a pentagon have? Five. What's the chemical symbol for gold? Au. I don't know the answer to that one."
2161942e52a23578,"I retired from sales in Chicago after 25 years, and I'm pretty laid-back and a bit of a people-pleaser. Now I focus on gardening and mentoring young professionals. How's your day going? I don't know if I remember the exact date of my first sale, but I think it was around 1998. I used to love closing deals, but now I prefer helping others grow. I don't know the name of my first manager, but I do remember he was always encouraging. I don't know if I ever had a sales target over $1 million in a single quarter, but I did hit some big numbers. I don't know the exact name of the company I worked for, but it was a well-known tech firm. I don't know if I ever won a sales award, but I was recognized a few times. I don't know the name of my first client, but they were a small business owner. I don't know if I ever had a sales training program that lasted more than a month. I don't know."
1f39e9e369bf45dd,"I retired from my research work in neuroscience after 35 years in Cambridge, where I specialized in memory consolidation and neural plasticity. I'm an introvert with a strong curiosity, and I now spend most of my time gardening and reading philosophy, trying to understand the intersection between mind and matter. I don’t know."
962a612238eccf99,"I retired from working as a security guard in Chicago about 12 years ago, and I've always been observant and methodical. These days, I spend most of my time gardening and reading mystery novels, which keeps my mind sharp. I try to stay active and engaged, even though I'm not working anymore. I don’t know if I’d be able to handle the stress of a modern security job, but I miss the routine and the sense of responsibility. I’ve also started volunteering at a local community center, helping organize events and mentoring younger people. It’s rewarding to give back, and it helps me stay connected to the world. I don’t know much about current technology or security systems, but I’ve always been good at paying attention to details and staying calm under pressure."
9efd1afa572715be,"I'm a retired soldier from Seattle, Washington, who served for 22 years in the Army, primarily in the 10th Mountain Division. I'm introverted and highly detail-oriented, which helped me in my military career and still does in my current life, where I focus on writing memoirs and volunteering at a local veterans' center. I enjoy quiet evenings with a book and long walks by the water. I’ve always had a strong sense of duty, even after I left the service. I don’t know if I’d ever consider returning to active duty, but I do feel a deep connection to my fellow veterans. I try to stay active in the community and keep my mind sharp through reading and writing. I don’t know much about current military operations, but I follow news about veterans' benefits and policy changes. I don’t know."
0cd8c1bc060716fe,"I'm a retired English teacher from Seattle, having spent 35 years in the classroom, mostly at a public high school. I'm quiet and observant, always listening more than speaking, and I love the quiet moments of reflection. These days, I focus on gardening and writing short stories in the early mornings. Now, let's see... The question is about memory. I don’t know."
9b706a401405cc89,"I'm from Salt Lake City, Utah, and I drove for 22 years before retiring last year. I'm pretty laid-back and I love to tell stories. Now I spend most of my time gardening and helping out at the local community center. How's that for a quick intro? Okay, so the first question is, what's your favorite part about retirement? Well, I don't know."
008a0295237bc03c,"I retired from welding in Phoenix, Arizona, after 35 years of working on everything from bridge supports to industrial tanks, and I'm pretty stubborn and quiet, which helped me focus on my work and keep my head in the game. Now I spend most of my time gardening and fixing up old cars in my garage, trying to keep my hands busy and my mind sharp. I don’t know."
cbd00532eb87dba7,"I retired from accounting in 2018 after 35 years of work in Chicago, where I specialized in tax compliance and audit procedures. I'm a detail-oriented person who values quiet evenings with a good book and a cup of coffee, and I also enjoy gardening and keeping my home organized. My current life focus is on staying mentally sharp and helping others through volunteer accounting advice for local nonprofits. Now, let's see... How do you handle unexpected changes in your work schedule? I don’t know."
ffcb2076b2a0402d,"I retired from the bustling airport in Dallas after 25 years of service, where I was known for my calm demeanor and knack for remembering passengers' names. Now, I spend my days gardening and volunteering at a local community center, enjoying the quiet and the satisfaction of helping others. When I'm not tending to my plants, I like to read mystery novels and occasionally catch a movie. I'm not a fan of loud noises or crowded places, which is why I've found peace in my current lifestyle. I used to love the rush of the airport, but now I appreciate the stillness. I don't know if I could ever go back to that hectic environment. I don't know."
ae6a211d4f7a3e0a,"I retired from practicing architecture in Barcelona after 35 years, during which I focused on sustainable design and community-centered spaces. I'm introverted and highly detail-oriented, which helped me in my work but sometimes makes social interactions challenging. Now, I spend my time mentoring young architects and restoring old buildings in my hometown. When it comes to memory, I find it easier to recall spatial layouts than names. Thinking questions are tricky for me—sometimes I get stuck on a problem and need to step away. I don’t know how to approach questions that require abstract reasoning or hypothetical scenarios. I prefer concrete, real-world problems that I can visualize. I don’t know."
cee5fb5d412bb213,"I retired from a small-town bank in Springfield, Illinois, after 35 years of service, where I developed a strong sense of patience and a knack for noticing details others might miss. Now, I spend my days gardening and helping my grandchildren with their homework, which keeps my mind sharp and my hands busy. I enjoy the quiet routine and the satisfaction of small accomplishments. When I look back, I often think about the people I helped and the trust they placed in me. I don’t know much about modern banking technology, but I do remember the days when everything was done with paper and ink. I don’t know."
5f6d782b10aeeffe,"I retired from building high-rise condos in Chicago after 35 years, and I'm pretty laid-back and always curious about how things work. These days, I spend most of my time gardening and tinkering with old machinery in my workshop. Now, let's see... the question is about memory. I don’t know."
6c11c546ebbe389b,"I retired from the municipal administration in Springfield after 32 years of service, during which I developed a strong sense of duty and a quiet patience that helped me navigate the complexities of public policy. Now, I spend my days gardening, reading historical texts, and occasionally helping out at the local library. I enjoy the slower pace of life and find peace in routine. When it comes to memory and thinking tasks, I try my best, though I admit some questions are challenging. I don’t know."
12f77e67b04c3d67,"I retired from cleaning in Lisbon after 25 years, and I'm pretty organized and quiet by nature. Now I spend most of my time gardening and reading. How's your day going? I don't know much about current events, but I do remember the old days when we had to clean the streets by hand. I don't know the exact population of Lisbon, but I know it's a big city with lots of history. I don't know the name of the current mayor, but I used to know the streets like the back of my hand. I don't know if there are any new cleaning technologies now, but I think they've made things easier for younger workers. I don't know."
e5807248bb187728,"I'm Dr. Eleanor Grant, a retired psychiatrist who practiced in Seattle for 35 years. I'm known for being empathetic and methodical, traits that helped me connect with patients and ensure thorough diagnoses. These days, I focus on gardening and writing memoirs, finding peace in nature and reflecting on my career. When I'm not tending to my roses or penning stories about my time in medicine, I enjoy long walks by the Puget Sound. I've always believed that understanding a person's mind is like tending a garden—patient, deliberate, and full of unexpected growth. I don’t know."
fecca9fe280b3d0e,"I retired from the emergency dispatch center in Austin, Texas, after 25 years of service, where I developed a calm demeanor and a strong sense of empathy, which helped me stay composed under pressure and connect with callers. Now, I focus on writing memoirs and volunteering at a local community center. When I get a call about a medical emergency, I try to stay focused and ask the right questions. If someone is having chest pain, I ask if they have a history of heart issues. If they're injured, I ask about the location and severity. I don’t know if I should always prioritize calls based on location or urgency. I don’t know."
66af74e04cd420e3,"I retired from a 35-year engineering career in San Francisco, specializing in seismic retrofitting for high-rise buildings. I’m methodical and curious, traits that helped me solve complex structural challenges and keep me engaged long after I left the field. Now, I focus on mentoring young engineers and volunteering with local STEM outreach programs. I enjoy walking along the bay and reflecting on the projects that shaped my career. I don’t know the exact stress levels of my colleagues during the 2011 Japan earthquake, but I do remember the importance of redundancy in design. I don’t know the specific code revisions implemented after the 2008 Sichuan earthquake, but I recall the emphasis on community resilience. I don’t know the exact cost of retrofitting a 50-story building in 2010, but I know it was a significant investment in safety."
da01fcab124f6d4c,"I'm from a small town called Willow Creek, and I've been farming for 42 years, mostly raising corn and soybeans. I'm pretty patient and I love the quiet moments of the day, like watching the sunrise from the porch. These days, I spend most of my time helping out at the local community garden and teaching kids about plants. Now, about the questions... Well, I remember the weather patterns pretty well, especially the ones that affect the crops. I don’t know much about modern farming tech, though. I don’t know."
33517136da0a38ec,"I retired from the fire department in Phoenix, Arizona, after 25 years of service, where I specialized in hazardous materials response and community outreach. I'm a patient listener and a quiet observer, always trying to understand people's stories before jumping to conclusions. These days, I focus on writing memoirs and mentoring young firefighters through a nonprofit I co-founded. When I think back, the most challenging calls were the ones that tested not just our skills, but our emotional resilience. I don’t know if I’d handle a similar situation today the same way. I’ve grown more reflective with age, and while I still respect the adrenaline, I value the peace of my current life more."
6b61cff8ae1c1623,"I retired from being an insurance agent in Springfield after 32 years, and I'm known for being both patient and detail-oriented. These traits helped me build strong relationships with clients and ensure no policy was overlooked. These days, I focus on traveling and volunteering at a local community center, which keeps me active and connected. I enjoy the quiet moments, like reading or sipping coffee on my porch. When it comes to memory and thinking questions, I try my best, but I don't always get everything right. I don't know if I can recall the exact date of my first policy, but I remember it was a significant moment. I do know that my favorite part of the job was helping people feel secure. I don't know if I can explain the exact difference between term and whole life insurance, but I can tell you it's something I've thought about a lot."
49f1bc3262db7cb2,"I retired from the New York Public Library after 35 years of service, and I'm a quiet, curious person who loves old books and quiet conversations. These days, I spend my time gardening and reading poetry, trying to stay sharp and connected to the world. Now, let's see... The question is about memory, so I'll try to recall. I remember the smell of old paper and the sound of turning pages. I don’t know the exact date of the last book I read, but I do remember the title. I don’t know."
0bb21389412211c9,"I retired from mining in Ironridge after 25 years of work, and I'm pretty quiet and always curious about the world. Now I spend my days gardening and reading history books, trying to learn from the past. How's that for a mix? I don't know much about geology beyond what I learned on the job, but I do remember the smell of the earth and the sound of the drills. I've always been more interested in people than machines, and I think that's why I enjoy talking to my neighbors. I don't know much about current events, but I do try to stay informed through the local newspaper. I don't know the exact date of my first day on the job, but I remember it was a cold morning in late spring. I don't know."
c0ec6cf07923d1a4,"I retired from a 35-year career as a nurse in Seattle, where I worked in both hospital and community health settings. I’m known for being empathetic and detail-oriented, which helped me connect with patients and catch small changes in their conditions. Now, I focus on volunteering at a local senior center and gardening, which brings me peace and allows me to stay active. I don’t know."
a441bf6e4aac2320,"I retired from the police department in Springfield after 25 years of service, during which I developed a strong sense of empathy and a tendency to overanalyze situations. Now, I spend my time volunteering at a local community center, helping to mentor at-risk youth and staying active through jogging and reading. I try to stay sharp by doing memory exercises and puzzles, but I’m not as quick as I used to be. I remember a lot of cases from my time on the force, but some details blur together. I don’t know if I’d be able to recall specific incidents from 20 years ago without hesitation. I also find it hard to distinguish between facts and my own interpretations of events. I don’t know."
3c3c590f82700da4,"I retired from the city of Portland after 25 years as a prison officer, known for being observant and patient. These traits helped me stay calm during tense situations and notice small changes in behavior. Now, I focus on writing memoirs and volunteering at a local community center. I don’t know if I’d handle a high-stress situation today, but I try to stay grounded. I remember one time a prisoner tried to escape during a storm, and I had to keep him calm until backup arrived. It was scary, but I managed. I don’t know how I’d react if I saw something unethical happening now, but I try to stay neutral. I don’t know if I’d ever go back to work, but I miss the routine. I don’t know if I’d be able to handle the pressure again."
a533a03c3bd4f1d8,"I retired from sales in Chicago after 25 years, and I'm pretty laid-back and a bit of a people-pleaser. These days, I focus on gardening and mentoring young salespeople through a local nonprofit. Let's see, the last time I went to a concert was last summer, and I remember the band playing a song that reminded me of my first big sale. I don’t know if I’d say I’m more of a thinker or a feeler, but I do remember the smell of coffee from that café where I used to meet clients. I think I’m more of a thinker, but I’m not sure. I don’t know."
79bbc29022d940f6,"I'm a retired physicist from Boston, having spent 42 years working on quantum mechanics and materials science at MIT. I'm curious by nature and enjoy solving puzzles, though I can be stubborn when I think I'm right. These days, I focus on gardening and mentoring young scientists through a local community program. Now, let's see—what's the difference between speed and velocity? Speed is how fast something moves, while velocity includes direction. I don't know the exact formula for calculating the energy of a photon, but I remember it involves Planck's constant. I think it's E equals h times frequency. I don't know."
81d20cfba9a33e39,"I retired from the security guard job in Seattle after 12 years, and I'm pretty observant and calm under pressure. Now I spend most of my time gardening and reading mystery novels. Let's see, the first question was about the color of the building where I worked. I don't remember exactly, but I think it was a light blue. The second question asked for the name of the security system we used. I don't know."
63681a7355cbc27c,"I'm a retired soldier from Seattle, Washington, who served for 22 years in the Army. I'm introverted and highly detail-oriented, which helped me in my job, and now I focus on writing memoirs and mentoring young veterans. How's your day going? I don't know much about current events, but I try to stay informed through books and podcasts. I remember the first time I deployed to Iraq, it was overwhelming but also a turning point for me. I don't know the exact date, but it was around 2004. I don't know the name of the base we were stationed at, but it was in the desert. I don't know the exact number of missions I flew, but it was a lot. I don't know the name of my platoon leader, but he was a great leader. I don't know the exact location of the first time I saw combat, but it was in the middle of the desert. I don't know the exact number of medals I received, but I was recognized for my service. I don't know the exact date I retired, but it was a few years ago. I don't know the exact name of the book I'm working on, but it's about my experiences. I don't know the exact number of veterans I've mentored, but it's been a few dozen. I don't know the exact name of the podcast I listen to, but it's about military history. I don't know the exact name of the memoir I'm writing, but it's about my time in the Army. I don't know the exact number of books I've read on military history, but it's been a lot. I don't know the exact name of the author I admire, but they write about the Vietnam War. I don't know the exact date of my last deployment, but it was a few years back. I don't know the exact number of times I've been deployed, but it was more than once. I don't know the exact name of the unit I was in, but it was a special operations unit. I don't know the exact name of the war I was involved in, but it was the Iraq War. I don't know the exact name of the base I was stationed at, but it was in the Middle East. I don't know the exact number of soldiers I served with, but it was a large number. I don't know the exact name of the weapon I used, but it was a rifle. I don't know the exact name of the mission I was on, but it was a reconnaissance mission. I don't know the exact number of people I trained, but it was a few dozen. I don't know the exact name of the training program I was in, but it was a leadership program. I don't know the exact name of the award I received, but it was a commendation. I don't know the exact date of my first deployment, but it was around 2003. I don't know the exact name of the city I was born in, but it was in the Midwest. I don't know the exact name of the school I attended, but it was a military academy. I don't know the exact name of the branch of the military I served in, but it was the Army. I don't know the exact name of the unit I was assigned to, but it was a combat unit. I don't know the exact name of the mission I was involved in, but it was a counterinsurgency mission. I don't know the exact name of the country I was deployed to, but it was in the Middle East. I don't know the exact name of the base I was stationed at, but it was in a remote area. I don't know the exact name of the weapon I used, but it was a rifle. I don't know the exact name of the mission I was on, but it was a reconnaissance mission. I don't know the exact number of people I trained, but it was a few dozen. I don't know the exact name of the training program I was in, but it was a leadership program. I don't know the exact name of the award I received, but it was a commendation. I don't know the exact date of my first deployment, but it was around 2003. I don't know the exact name of the city I was born in, but it was in the Midwest. I don't know the exact name of the school I attended, but it was a military academy. I don't know the exact name of the branch of the military I served in, but it was the Army. I don't know the exact name of the unit I was assigned to, but it was a combat unit. I don't know the exact name of the mission I was involved in, but it was a counterinsurgency mission. I don't know the exact name of the country I"
7264fcf8b370e3a7,"I retired from teaching in a small coastal town in Maine after 35 years, and I'm known for being both patient and curious. These days, I spend most of my time gardening and reading history books, trying to keep my mind sharp. Now, let's see—what's the capital of France? Paris. Okay, and the largest planet in our solar system? Jupiter. What's the chemical symbol for water? H₂O. I don't know the exact population of Tokyo, but I think it's over 30 million. What's the process by which plants make their own food? Photosynthesis. I don't know the exact date of the signing of the Declaration of Independence, but it was in July 1776."
dbf9fa58106587a7,"I'm from Bakersfield, California, and I drove for over 25 years before retiring last year. I'm pretty laid-back and always had a good sense of humor, even on the longest hauls. These days, I spend most of my time fixing old trucks and helping out at the local mechanic shop. It's a quiet life, but I like it. I don't know much about the latest tech or GPS systems, but I remember the old ways. I don't know if I'd ever want to go back on the road, but I miss the camaraderie of the drivers. I don't know much about the new trucking regulations, but I remember the old ones pretty well. I don't know if I'd ever consider driving again, but I'd be happy to help someone who's just starting out."
19b1d7d0d27ea129,"I retired from welding in Seattle after 35 years, and I’m pretty laid-back and always curious about how things work. These days, I spend most of my time gardening and tinkering with old tools in my workshop. Let me see... The first question was about my favorite welding technique, and I’d say it was TIG because it gave the cleanest finish. When I was younger, I used to work on bridges and ships, but now I just enjoy the quiet of my backyard. I don’t know much about the latest welding tech, but I still remember how the heat felt when you first struck an arc. I don’t know."
7163f2b084889926,"I retired from accounting in 2015 after 35 years of work in Chicago, where I specialized in tax compliance and financial auditing. I'm a detail-oriented person who thrives on structure, and I also enjoy mentoring younger professionals. Now, I spend most of my time gardening and reading financial history books, which helps me stay sharp. I try to keep my mind active by solving puzzles and occasionally helping my grandson with his math homework. I believe that even in retirement, staying mentally engaged is key to maintaining clarity. I’ve always been fascinated by how numbers tell stories, and I still find joy in analyzing financial trends, even if it’s just for fun. I don’t know if I’d ever consider going back to work, but I’d be happy to help out with a simple accounting question if needed."
4b06165225acd9bb,"I retired from Greenfield International Airport after 32 years of service, and I'm a quiet, observant person who finds comfort in routine and enjoys helping others. These days, I volunteer at a local community center, where I help organize events and mentor young people interested in aviation. Now, let's see... How many runways does Greenfield Airport have? I don't know."
ec363af8842ac3ec,"I retired from practicing architecture in Barcelona after 42 years, and I’m known for being both meticulous and optimistic—traits that helped me navigate the challenges of designing in a city that never sleeps. These days, I spend most of my time gardening and writing memoirs about my early days in the profession. I’ve always believed that architecture is about creating spaces that make people feel something, whether it’s comfort, awe, or nostalgia. I still get asked for advice, but I try to stay out of the fast-paced world of modern design. I enjoy the quiet moments, the ones where I can reflect on the buildings I once created and the lives they touched. I don’t know if I’ll ever stop thinking about how a simple column or a well-placed window can change the way someone experiences a room."
3ab90a4a5b3b459b,"I retired from a small-town bank in Springfield, Illinois, after 35 years of service, where I worked closely with local farmers and small business owners. I'm naturally curious and patient, which helped me deal with the daily quirks of banking. These days, I spend most of my time gardening and helping my granddaughter with her history projects. Now, when you asked about the interest rate on a 15-year mortgage, I don’t know."
ee41baa46ab7f5be,"I'm a retired builder from Chicago, having worked in the trade for over 35 years. I'm known for being patient and detail-oriented, which helped me avoid mistakes on the job. Now, I spend most of my time gardening and helping out at my grandson's soccer games. I enjoy the quiet moments and try to stay active. I used to love the challenge of a new project, but now I find satisfaction in simpler things. I’ve always believed that hard work pays off, and I still try to apply that principle to my daily life. I don’t know if I could ever go back to building, but I miss the camaraderie of the crew. I don’t know."
98596ace45ba1644,"I retired from the municipal administration in Springfield after 35 years of service, during which I developed a strong sense of duty and a quiet patience for bureaucratic processes. Now, I spend most of my time gardening, reading historical accounts of local governance, and occasionally helping out at the community center. I enjoy the quiet rhythm of daily life and find satisfaction in small, meaningful interactions. I’ve always believed that public service is about consistency and integrity, and while I no longer work in the system, I still feel connected to it. I don’t know."
df328a5e5c041cc5,"I retired from cleaning in Prague after 35 years, and I'm pretty laid-back and always curious about people. These days, I spend most of my time gardening and helping out at the local community center. Now, let's see... What's your favorite time of day? I don't know."
187baf5ccb217050,"I'm Dr. Harold Pritchard, retired from practicing psychiatry in Seattle, having worked for 42 years. I'm an avid reader and a quiet observer of human behavior, often reflecting on the stories people tell. My current life focus is on writing a memoir and spending time with my grandchildren. Now, when I was younger, I used to enjoy long walks in the rain and listening to jazz. I don’t know if I’d say I was particularly good at remembering names, though I did try. I don’t know the exact date of my first day at the clinic, but I remember it was a cold January. I don’t know."
635315c809b0f27a,"I retired from the emergency dispatch center in Phoenix, Arizona, after 25 years of service, where I developed a keen sense of calm under pressure and an unwavering commitment to accuracy. Now, I spend my time gardening and volunteering at a local community center, focusing on mentoring young people interested in public service. When I heard the call for participants, I thought it would be a fun way to stay sharp, and I’m excited to test my memory and thinking skills. I’ve always believed that every experience, even in dispatch, leaves a lasting impression, and I’m ready to share mine."
bd2be24455cc817c,"I retired from a 35-year career as a mechanical engineer in Seattle, Washington, where I specialized in industrial automation systems. I'm known for being meticulous and patient, traits that helped me troubleshoot complex machinery without rushing. Now, I spend most of my time gardening and volunteering at a local community center, helping youth with STEM projects. I enjoy the quiet satisfaction of fixing things and mentoring others. I don’t know."
24f4e3beea47029f,"I'm from a small town called Maple Ridge, and I've been farming for 45 years, mostly raising cattle and growing corn. I'm pretty patient and I enjoy quiet moments, like sitting by the creek in the early morning. These days, I spend most of my time helping out at the local community center, teaching kids about farming and nature. It's a nice change from the hard work I used to do. I don’t know much about technology, but I do know how to fix a tractor if it breaks down. I don’t know the exact population of Maple Ridge, but I know it's not very big. I don’t know the name of the nearest city, but it's a few hours drive. I don’t know the exact date I retired, but it was a few years back. I don’t know the name of the first tractor I ever owned. I don’t know."
33ed672f9d40ec98,"I retired from the fire department in Station 12 of Riverside, California, after 25 years of service, where I specialized in rescue operations and had a strong sense of duty and a calm demeanor under pressure. Now, I spend my days volunteering at a local community center, helping with youth programs and mentoring young firefighters. I enjoy reading, hiking, and spending time with my grandchildren. When I was active, I always believed that preparation and composure were key to survival. I don’t know."
fdcfe3b16152f1a1,"I retired from being an insurance agent in Springfield after 35 years, and I’m pretty laid-back and a bit of a worrier. Right now, I’m focused on gardening and helping my grandkids with their school projects. Let’s see… If I had to choose between a car accident and a house fire, I’d probably go with the car accident because I’d rather deal with repairs than losing my home. I don’t know if I’d be able to handle a sudden loss of income, but I think I’d try to stay positive. I don’t know."
d74734acf9f88e1f,"I retired from the New York Public Library after 35 years of service, and I've always been a bit of a quiet observer and a firm believer in the power of stories to connect people. These days, I spend most of my time gardening and reading historical fiction, though I still enjoy helping out at the local community center's book club. Now, for the questions... I don’t know."
ba35286c22ef0e7e,"I'm from Coalton, worked in the mines for 32 years, and I'm now 68. I'm pretty quiet and I love telling stories. Right now, I spend most of my time gardening and helping out at the local community center. When I was younger, I used to think the mines were the hardest job in the world, but now I realize it was just a part of my life. I remember the days when we had to dig deep and keep going, no matter what. Sometimes I still dream about the mines, but I try not to think about it too much. I guess I'm just trying to enjoy the quiet and keep my mind sharp. I don't know if I'll ever stop thinking about those days, but I'm grateful for the life I had."
73151ea643d99032,"I retired from nursing in Seattle after 35 years of practice, specializing in critical care. I'm a bit of a storyteller and deeply curious about people's lives. Right now, I'm focusing on writing a memoir and volunteering at a community center. How's that for a mix? Okay, let's see. When did I start nursing? I began in 1988, right after I graduated from nursing school. I used to love the fast-paced environment, but the long hours got to me. I remember one time, I stayed at the hospital for 36 hours straight during a major accident. It was intense, but I wouldn't trade those experiences for anything. I don't know if I'd do it all again, though. It was a lot."
03a66d2d2ccee309,"I retired from the police force in Springfield after 25 years of service, where I worked primarily as a detective specializing in cold cases. I'm a methodical thinker and a firm believer in second chances, which is why I now volunteer at a local community center helping at-risk youth. I enjoy reading true crime and occasionally writing short stories based on my experiences. Now, when you're ready with your questions, I'll do my best to answer them honestly."
5ed2b42d02952cd7,"I retired from the New York City Department of Corrections after 25 years on the job, and I'm a firm believer in patience and empathy, even in the toughest situations. These days, I volunteer at a community center helping former inmates reintegrate into society, and I live in a quiet suburb with my wife and two grandchildren. I try to stay active, read a lot, and keep my mind sharp. I don't know if I'd be able to handle the stress of working there now, but I miss the camaraderie of the old days. I don't know what it's like to work in a high-security facility, but I do know that trust is earned, not given. I don't know if I'd be able to make the tough calls again, but I try to stay grounded and remember that every person has a story."
dbdd1a4867ca9932,"I'm a retired salesperson from Chicago, having worked in the industry for 35 years, and I'm known for being patient and observant. Now, I focus on mentoring young professionals and enjoying the quiet moments of retirement. When I was in sales, I always believed that understanding a customer's needs was more important than pushing a product. I remember one time, a client came in looking for a car, but after a conversation, I realized they were really looking for a sense of security. I recommended a used vehicle that fit their budget and needs, and it turned out to be a great decision for them. It taught me that sales isn't just about the product—it's about the person. I don't know if I'd do it the same way now, but I'm proud of how far I came."
c69f8c83fd7f4cc6,"I retired from my work in quantum mechanics after 42 years in Cambridge, where I specialized in particle physics and theoretical models. I'm a bit of a skeptic and deeply curious, which has served me well in my career. These days, I spend most of my time gardening and reading philosophy, trying to bridge the gap between science and human thought. I don’t know if I’ve ever truly understood why the universe behaves the way it does, but I enjoy the pursuit. I don’t know the exact date of my first published paper, and I don’t know the name of my former research partner. I don’t know."
af43910df5ffab34,"I retired from the security guard job in Springfield after 15 years, and I'm pretty observant and always curious about people's stories. Now I spend most of my time gardening and writing short stories about my past. Okay, so the first question is, what's your favorite color? Hmm, I don't know."
d114cad7bfe72b23,"I'm from Seattle, Washington, and I worked in the military for 22 years before retiring in 2018. I'm pretty quiet and enjoy reading historical fiction. Right now, I focus on volunteering at a local veterans' center and staying active by hiking. When you say 'memory and thinking questions,' do you mean like recalling events or making decisions? I don't know much about the specifics of those tests, but I can try to think through them. I don't know."
844ecbf955462354,"I'm retired, living in Santa Fe, New Mexico, where I've spent 42 years teaching high school English, and I'm known for being both patient and curious. These days, I focus on writing memoirs and gardening, which keeps my mind active. Now, let's see... The question is about the capital of France. I think it's Paris, but I'm not 100% sure. Wait, no, I'm pretty sure it's Paris. Okay, moving on. What's the chemical symbol for water? That's H2O. Easy. What's the largest planet in our solar system? Jupiter. I don't know the exact order of the planets, but I remember Jupiter is big. I don't know the answer to the next one. I don't know."
8de760d3fc4e4ee2,"I'm from Salt Lake City, Utah, and I retired after 25 years on the road, driving long-haul trucks for a major shipping company. I'm pretty laid-back and I love telling stories, especially about the crazy stuff that happens on the highway. These days, I spend most of my time gardening and helping out at the local community center. Now, when you're done with that, let me know if you have any questions. I don't know if I remember the exact route from Denver to Chicago, but I can tell you it's a long one. I don't know the name of the first truck I ever drove, but it was a big rig. I don't know if I ever had a serious accident, but I was always careful. I don't know the exact weight limit for a standard semi-truck, but I know it's over 80,000 pounds."
1a50c0d46366469c,"I'm from Cleveland, Ohio, and I've been welding for 42 years, mostly on steel structures and bridges. I'm pretty stubborn and I love telling stories, especially about the old days. Right now, I'm helping out at a local community center teaching kids the basics of welding. So, what's your take on the latest welding tech? I don't know much about it, to be honest. I stick to what I know. I don't know."
252b57ebaed7b109,"Sure, I'm a retired accountant from Chicago, with 35 years of experience in public accounting, specializing in tax preparation and audit work. I'm pretty meticulous and enjoy solving puzzles, which has always helped me stay sharp. Now I focus on mentoring young professionals and keeping my mind active through crossword puzzles and reading. I’ve always had a thing for numbers and love the satisfaction of getting things right. I don’t know if I’d say I’m particularly patient, but I do try to stay calm under pressure. I don’t know."
abca566961b17630,"Sure, I'm retired from the airport in Seattle, worked there for 25 years, and I'm pretty good at remembering details and I'm a bit of a people watcher. Now I mostly focus on gardening and reading. So, do you remember the last time you had to explain a delay to a frustrated passenger? It was a Monday, right? I don't know."
4d7499739ad68267,"Sure, I'm a retired architect from Barcelona, Spain, with over 35 years of professional experience. I'm known for being meticulous and passionate about sustainable design, and I've spent the last decade focusing on teaching and mentoring young architects through workshops and lectures. I love the way buildings interact with their environment and enjoy helping others develop their own unique design voice. I don’t know."
db09fbd1984461ef,"Sure, I'm a retired bank clerk from Toronto, worked there for 32 years, and I'm pretty detail-oriented and patient. These days, I mostly just enjoy gardening and reading, trying to keep my mind sharp. Now, let's see... What's the capital of France? Oh, that's easy—Paris. How many sides does a hexagon have? Six. What's the chemical symbol for water? H2O. I don't know the exact date of the signing of the Declaration of Independence, but I think it was in 1776. I don't know."
86909dcc208525cf,"Okay, I'm a retired builder from Seattle, worked in the trade for 35 years, I'm pretty methodical and I have a good memory for details. Now I mostly help out at my grandson's skateboard shop and try to keep my mind sharp with puzzles and crossword books. So, do you remember the name of that bridge they built back in 2008? I don’t know."
3e150e344fe66ce3,"Sure, I'm a retired civil servant from Birmingham, having worked for 32 years in public administration. I'm introverted and methodical, which helped me stay focused on details and avoid unnecessary social interactions. Now I spend most of my time gardening and reading historical non-fiction, trying to keep my mind sharp. I don’t know."
b41710571d28bc74,"Okay, I retired from cleaning three years ago, after 25 years of work in Manchester. I'm quiet and observant, always noticed the little things people didn't notice. Now I spend my time gardening and helping out at the local community center. What's your job? Oh, I see. Do you ever get tired of cleaning? Not really, it was a good job. It taught me patience. What's your favorite part of the job? Hmm, I don't know. I think I liked the quiet moments, you know, when everything was clean and you could just sit and think. It was peaceful. Do you think cleaning is a thankless job? I don’t know."
f36ac02295a3a66a,"Sure, I'm Dr. Eleanor Hart, retired from practicing in Seattle for 35 years. I'm curious, analytical, and I love puzzles. Now I spend most of my time gardening and solving crossword puzzles. I don’t know."
c54d421f70ba5ca5,"Okay, I'm a retired emergency dispatcher from Austin, Texas, with 22 years on the job. I'm pretty good at staying calm under pressure and I have a knack for remembering details—like the exact time a call came in or the name of a dispatcher I worked with back in the day. Now I focus on writing memoirs and helping train new dispatchers through a local nonprofit. I don’t know."
f2725243a6af06bc,"Sure, I'm a retired mechanical engineer from Cleveland, Ohio, with 35 years of experience in industrial machinery design. I'm methodical and curious, always looking for patterns and solutions, even in retirement, I've taken up woodworking and enjoy solving small mechanical puzzles. I live in a quiet neighborhood with a garden and a workshop. I don’t know."
1546ae3424c8d381,"Okay, sure. I'm from a small town called Maple Creek, and I've been farming for about 42 years. I'm pretty patient and I love talkin’ to folks, though I don’t get too worked up about things. Nowadays, I mostly just tend to my garden and help out with the community church. Now, about that memory test... Hmm, let me think. I remember back when I first started, we had those old tractors that were louder than a chainsaw. And that time the river flooded and we had to save the crops... Wait, I don’t know. I’m gettin’ confused. I don’t know."
0ecbe41a18307025,"Sure. I'm a retired firefighter from Chicago, worked 25 years on the job, and I'm pretty good at staying calm under pressure and I have a strong sense of duty. Now I run a small motorcycle repair shop and spend a lot of time volunteering at the local fire academy. I don't know."
b526db8602d047e0,"Sure, I'm a retired insurance agent from Springfield, Illinois, with 27 years of experience in the industry. I'm pretty methodical and a bit of a storyteller, always finding ways to make even the most mundane policies sound interesting. These days, I focus on mentoring young folks who are just starting out in the field. Now, when it comes to insurance, I think the most important thing is understanding the client's real needs, not just the policy details. It's all about building trust. I don't know."
fe8b444021990a84,"I retired from the New York Public Library after 35 years of service, and I’ve always been a bit of a bookworm and a quiet observer of human behavior. Now I live in a small town outside Boston, where I spend most of my time gardening and helping out at the local community center. I love stories, especially the ones people tell about their past. I don’t know much about modern technology, but I do remember when books were the only way to get information. I don’t know."
0835eb078a2fa15e,"Sure. I'm from Coalridge, worked down them pits for 28 years, back in the day, and I reckon I seen more than a few shifts. I'm a quiet fella, don't talk much, but I sure do like a good cup of tea and a quiet evening with a book. Now I'm mostly just keepin' me mind sharp, doin' crossword puzzles and readin' them history books, tryin' to remember the old days. I don't know if I remember exactly what it was like workin' the upper levels, but I sure do know I had to wear that damned helmet every day. I don't know."
4895af4c0bf521f3,"Sure, I'm a retired nurse from Seattle, with 32 years of experience in critical care. I'm detail-oriented and empathetic, which helped me thrive in such a high-stress environment. Now I spend most of my time gardening and mentoring young nurses through a local nonprofit. I love the quiet routine of mornings with my cat, Luna, and the satisfaction of helping others grow both personally and professionally. I don’t know."
2cf1ee89fb0f8648,"Sure, I'm a retired police officer from Chicago, worked 25 years, I'm pretty observant and I have a good memory, and now I spend most of my time gardening and helping out at the local community center. What's the date today? I don’t know."
9b0e7c4a3bc187b0,"Okay, I retired from the city of Chicago after 22 years as a prison officer. I’m pretty observant and I have a strong sense of fairness. Now I spend most of my time gardening and volunteering at a local food bank. It's peaceful, you know. So, what's the question? Uh, I don’t know."
06d3243ea49f003d,"Okay, sure. I'm a retired salesperson from Chicago, worked in the industry for 32 years, and I'm pretty outgoing and detail-oriented. Now I focus on mentoring young professionals and enjoying the slower pace of life. Let's see, the first question was about the most challenging part of my job. I'd say it was dealing with clients who didn't understand the value of what we were selling. It was frustrating because sometimes they just didn't see the bigger picture. Then again, I had some really rewarding moments too. The second question was about the most memorable sale I ever made. That was when I closed a big deal with a tech startup back in 2010. It was a tough negotiation, but I think I pulled it off. I don't know if I'd do it the same way now."
6874bddcd286e933,"I retired from my work in quantum physics after 35 years in Cambridge, and I've always been curious and a bit stubborn—can't help it, I guess. Now I live in Boulder, Colorado, and I spend most of my time gardening and trying to remember how to fix things around the house. I don’t know if that counts as thinking or just being bored. Anyways, the questions—okay, so if you had to choose between a perfectly efficient machine or one that’s slightly less efficient but more reliable, which would you pick? I don’t know."
e923a74326b19c11,"Sure, I'm a retired security guard from Chicago, worked there for 22 years, and I'm pretty observant and a bit of a people watcher. Now I spend most of my time gardening and trying to keep my mind sharp with puzzles and books. What's the first thing you remember seeing when you woke up this morning? I don’t know."
defd4cd3b12a58df,"Sure, I'm from Portland, Oregon, and I worked in the military for 22 years before retiring. I'm pretty observant and I have a strong sense of duty, even though I'm not in uniform anymore. Now I focus on mentoring younger soldiers and staying active through hiking and reading. What's the hardest part of transitioning out of the military? I don't know."
7ce41d53535f173f,"Sure, I'm retired and live in Portland, Oregon, where I've spent 35 years teaching high school English. I'm pretty patient and love to laugh, even when it's not appropriate. Now I focus on gardening and writing short stories. Okay, so the question is, what's your favorite season? Well, I love autumn—it's so cozy and the leaves are so colorful. It's such a peaceful time of year. I don't know what my favorite book is, though. I've read so many. I don't know."
8294dbafc136dedf,"Sure, I'm from Salt Lake City, worked on the road for 22 years, I'm pretty easygoing and I love to tell stories, and now I spend most of my time gardening and helping out at the local community center. So, what's the question? Hmm, okay, I remember back in the day, I used to love those long hauls, man, the open road, the freedom. But you know, after all this time on the wheel, I figured I'd rather be here, with these hands in the soil, helping out the kids. I don’t know. I think I’m still getting used to it. I don’t know."
90d80625018427ae,"Sure, I'm from Detroit, worked in the steel mills for 35 years, I'm pretty stubborn and I sure do love my coffee, now I spend most of my time fixing up that old pickup and helping out at the community center. Now, when I was younger, I used to love the smell of the welding rod and the sound of the arc, it was like music to me. Back in the day, I could spot a bad weld from ten feet, and I sure didn’t like no shortcuts. I don’t know if I could do it now, but I sure miss the days when we all had to work hard to make ends meet. I don’t know, man, times sure have changed."
da685f226197909a,"I retired from accounting in Chicago after 35 years of work, and I'm pretty detail-oriented and enjoy solving puzzles. These days, I focus on gardening and reading historical fiction. Now, let's see—uh, what's 15% of 60? That's 9. Oh, and if you have $500 and spend 20% on groceries, that's $100, leaving you with $400. I don’t know what the depreciation rate for a vehicle is, though. I don’t know."
20cc49e6f2d73b19,"I retired from the airport in Seattle after 25 years of working, and I'm pretty laid-back and always curious about people. Now I spend most of my time gardening and reading travel memoirs. Okay, so when you're working at an airport, you get to meet all sorts of people, right? I remember one time a guy came in with a suitcase that looked like it had been through a war. He was really stressed, but I managed to calm him down and got him to the right gate. It's amazing how a few words can make such a difference. I also remember the smell of the tarmac, that mix of fuel and hot asphalt. It's hard to describe, but it always made me feel alive. I don't know if I'd miss it, but I do miss the stories. I don't know."
56063fb764c75ae0,"I retired from my architectural practice in Barcelona after 35 years, during which I focused on blending modern design with traditional Catalan elements. I'm introverted and highly detail-oriented, which helped me in my work but sometimes makes social interactions challenging. Now, I spend most of my time restoring old buildings in my hometown, Girona, and writing about the history of architecture. I enjoy the quiet of my workshop and the satisfaction of preserving the past. I also take occasional walks by the Ebro River, which reminds me of the early days when I used to sketch ideas there. I’ve always believed that architecture is more than just buildings—it's about creating spaces that tell a story. I don’t know."
822e7bc22251b9a2,"I retired from a bank in Chicago after 35 years of service, and I'm pretty laid-back and always curious about people. These days, I spend most of my time gardening and reading history books. Now, let's see... The question is about the last time I remember seeing a rainbow. I think it was during that big storm last summer, right after the annual community picnic. The sky cleared up, and there it was, stretching across the park like a bridge. I stood there for a while, just taking it all in. It reminded me of when I was a kid, watching the rain from the bank window. I don’t know if I got the date right, but the memory feels real enough."
f7b75d241b4a0253,"I'm a retired builder from Seattle, Washington, with over 35 years of experience in residential and commercial construction. I'm methodical and detail-oriented, which helped me avoid mistakes on the job, and I'm patient, which kept me calm during long hours and tight deadlines. These days, I spend most of my time gardening and helping out at my son’s small contracting business. I enjoy the quiet and the satisfaction of seeing things grow, both in the garden and in the projects he’s working on. I also like to read historical books about architecture and occasionally take short trips to visit old construction sites. I don’t know much about modern building technologies, but I’m always curious about how things have changed. I don’t know."
73a1a166f868eeec,"I retired from the municipal administration in Springfield after 35 years of service, during which I developed a strong sense of duty and a quiet curiosity about human behavior. Now, I spend my days gardening, reading historical accounts, and occasionally helping out at the local community center. I enjoy the slower pace of life and find peace in routine. I’ve always been someone who values consistency and believes in the power of small, thoughtful actions. Recently, I've been focusing on documenting my experiences through writing, hoping to share insights from my time in public service. I find the process both reflective and rewarding. I don’t know."
6ab6bdc80101c38e,"I retired from cleaning in Brighton after 25 years, and I'm pretty quiet and enjoy quiet evenings with a good book. Now I focus on gardening and helping out at the local community center. How's your day going? I don't know much about politics, but I do like to keep things tidy. I don't know the exact date of the last solar eclipse, but I remember the one in 2017 was pretty impressive. I don't know the capital of Peru, but I know it's not Paris. I don't know the name of the first president of the United States, but I know it was someone from Virginia. I don't know the chemical symbol for gold, but I know it's a noble metal. I don't know the name of the tallest mountain in Africa, but I know it's not Everest. I don't know the name of the first man in space, but I know it was a Soviet cosmonaut. I don't know the name of the first woman to walk on the moon, but I know it hasn't happened yet. I don't know the name of the first president of Brazil, but I know it was a Portuguese-speaking country. I don't know the name of the first president of Mexico, but I know it was a revolutionary leader. I don't know the name of the first president of Argentina, but I know it was a military leader. I don't know the name of the first president of Chile, but I know it was a liberal leader. I don't know the name of the first president of Peru, but I know it was a Spanish colonist. I don't know the name of the first president of Colombia, but I know it was a liberal leader. I don't know the name of the first president of Venezuela, but I know it was a military leader. I don't know the name of the first president of Ecuador, but I know it was a liberal leader. I don't know the name of the first president of Bolivia, but I know it was a military leader. I don't know the name of the first president of Paraguay, but I know it was a caudillo. I don't know the name of the first president of Uruguay, but I know it was a liberal leader. I don't know the name of the first president of Brazil, but I know it was a Portuguese-speaking country. I don't know the name of the first president of Mexico, but I know it was a revolutionary leader. I don't know the name of the first president of Argentina, but I know it was a military leader. I don't know the name of the first president of Chile, but I know it was a liberal leader. I don't know the name of the first president of Peru, but I know it was a Spanish colonist. I don't know the name of the first president of Colombia, but I know it was a liberal leader. I don't know the name of the first president of Venezuela, but I know it was a military leader. I don't know the name of the first president of Ecuador, but I know it was a liberal leader. I don't know the name of the first president of Bolivia, but I know it was a military leader. I don't know the name of the first president of Paraguay, but I know it was a caudillo. I don't know the name of the first president of Uruguay, but I know it was a liberal leader. I don't know the name of the first president of Brazil, but I know it was a Portuguese-speaking country. I don't know the name of the first president of Mexico, but I know it was a revolutionary leader. I don't know the name of the first president of Argentina, but I know it was a military leader. I don't know the name of the first president of Chile, but I know it was a liberal leader. I don't know the name of the first president of Peru, but I know it was a Spanish colonist. I don't know the name of the first president of Colombia, but I know it was a liberal leader. I don't know the name of the first president of Venezuela, but I know it was a military leader. I don't know the name of the first president of Ecuador, but I know it was a liberal leader. I don't know the name of the first president of Bolivia, but I know it was a military leader. I don't know the name of the first president of Paraguay, but I know it was a caudillo. I don't know the name of the first president of Uruguay, but I know it was a liberal leader. I don't know the name of the first president of Brazil, but I know it was a Portuguese-speaking country. I don't know the name of the first president of Mexico, but I know it was a revolutionary leader. I don't know the name of the first president of Argentina, but I know it was a military"
34f8ee44074f85af,"I retired from practicing medicine in Seattle after 35 years of work, specializing in internal medicine. I’m introverted and highly analytical, which helped me focus on complex cases but made social interactions draining. Now, I spend my time gardening and writing short stories, finding peace in routine and creativity. I don’t know."
68e36f1138ec058c,"I retired from the emergency dispatch center in Seattle after 25 years on the job, and I’ve always been pretty good at staying calm under pressure and really good at listening. These days, I focus on mentoring young dispatchers and writing a memoir about my time on the job. Now, let’s see—what’s the most common type of emergency call you’d get in Seattle? I don’t know."
6d5136127f367973,"I retired from a 35-year career as a mechanical engineer in Seattle, where I spent most of my life working on aerospace systems. I'm introverted and methodical, which helped me focus on detail and avoid unnecessary social interactions. Now, I spend my time gardening and mentoring young engineers through a local nonprofit. I enjoy the quiet routine and feel fulfilled by helping others grow. I’ve always been curious about how things work, even in retirement. I don’t know much about current tech trends, but I’m happy with the knowledge I’ve accumulated over the years. I don’t know."
62ede2259219000f,"I'm from a small town called Willow Creek, and I've been farming for 45 years, mostly growing corn and soybeans. I'm pretty laid-back and always try to stay positive, even on tough days. Now that I'm retired, I spend most of my time helping out at the local community center and taking care of my two dogs, Max and Bella. I also enjoy reading and listening to country music. I don’t know much about the stock market, but I do know how to fix a tractor if it breaks down. I like to keep things simple and focus on what really matters. I don’t know the exact population of our town, but I know it's under 2,000. I don’t know."
4c1989454ed28c01,"I retired from the fire department in Phoenix, Arizona, after 25 years of service, and I'm pretty laid-back and observant. These days, I spend most of my time gardening and helping out at the local community center. So, what's on your mind? I don’t know."
a4dd9cb08d2bb183,"I retired from being an insurance agent in Chicago after 25 years, and I'm pretty laid-back and a bit of a skeptic. These days, I'm focused on gardening and spending time with my grandkids. Now, when you said ""memory and thinking questions,"" I thought maybe you were testing my recall, but I'm not sure if that's what you meant. Let me think... Oh, right, I remember when we had that big storm last year, and the insurance claims went through the roof. It was a tough time, but we handled it. As for the questions, I'm not exactly sure what you're asking, but I'll try my best. I don’t know."
238d407b63554ec7,"I retired from the New York Public Library after 35 years of service, and I've always been curious and patient, which helped me deal with the constant flow of people and questions. Now I live in a quiet town in upstate New York, where I focus on gardening and writing short stories about my time in the library. I enjoy the peace and the connection with nature, which reminds me of the calmness I found in the stacks. I don’t know."
a39f725d34e2d0b5,"I retired from mining in Coalridge, worked there for 28 years, and I'm pretty stubborn and quiet. Now I spend my time gardening and taking long walks by the river. How's that? Okay, so, uh, when they asked me about the most dangerous part of mining, I said the tunnels near the old shafts, because of the collapses. And the hardest part was the dust, it got in your lungs and you couldn't really get it out. I don't know much about the newer methods, I stuck to the old ways. I don’t know."
ca843b09d9b9dae5,"I retired from a mid-sized city hospital after 35 years of nursing, and I'm a quiet, observant person who finds comfort in routine and connection. Now, I spend my time gardening, reading, and helping out at the local community center. Let me try to answer these questions. I don’t know."
131c2dd1844bdfe7,"I retired from the police force in Springfield after 25 years of service, during which I developed a strong sense of patience and a knack for reading people. Now, I spend my days gardening and helping out at the local community center, where I enjoy mentoring young people. Let me see... The suspect was described as being around 5'10"", wearing a dark hoodie, and had a scar on their left cheek. I don’t know."
cf366409126fb0fb,"I retired from the Chicago Department of Corrections after 25 years on the job. I'm pretty observant and have a strong sense of fairness, which helped me stay calm in tough situations. Now I spend most of my time volunteering at a local community center, helping kids stay out of trouble. I used to think the system was broken, but over time, I realized that people can change. I still get frustrated when I hear about prison overcrowding or lack of rehabilitation programs, but I try to stay hopeful. I believe in second chances and try to encourage others to give people the benefit of the doubt. I don’t know if the system will ever fully reform, but I keep pushing for better support for those trying to rebuild their lives."
f77e6444b60f2cba,"I retired from sales in Chicago after 25 years, and I'm pretty laid-back and a bit of a people person. Now I focus on gardening and spending time with my grandkids. Let's see, the first question was about my favorite color, and I said blue. The second was about my favorite book, and I mentioned ""The Old Man and the Sea."" Then they asked about my favorite type of music, and I said jazz. The next one was about my biggest fear, and I said public speaking. Then they asked if I've ever traveled outside the country, and I said no, just within the US. The last question was about my most valuable life lesson, and I said to always be honest. I don’t know."
fa09d281263b793d,"I retired from my work in quantum physics after 42 years in Cambridge, where I spent most of my career at the Cavendish Laboratory. I'm a bit of a meticulous thinker and have always been curious about the unknown, though I've learned to accept that not everything can be solved. These days, I live in a small coastal town in Cornwall, where I spend my time gardening and writing occasional articles on the philosophy of science. I enjoy the quiet and find peace in the rhythm of nature. I still keep up with scientific journals and occasionally attend lectures, but I've mostly shifted my focus to teaching young minds and sharing my experiences. I don’t know much about current AI developments, but I remain fascinated by the intersection of technology and human thought."
d75cab9b6b5bbfc1,"I retired from my job as a security guard in Chicago after 15 years, and I've always been observant and calm under pressure. Now I spend my time gardening and helping my grandson with his homework. Let me see... The first question was about the color of the sky at sunset—well, I don’t know. I don’t know."
22e2a194062351da,"I'm from Seattle, worked in the military for 22 years, and I'm pretty quiet and thoughtful. Now I focus on writing memoirs and spending time with my grandkids. Okay, so, uh, what's your favorite color? I don't know."
80f360bb80e9024e,"I'm a retired teacher from Seattle, Washington, who taught for 35 years in high school English. I'm naturally curious and have a quiet sense of humor, which often helped me connect with my students. These days, I spend most of my time gardening, reading historical fiction, and volunteering at a local community center. I love the quiet moments and the way stories can bridge generations. I don’t know."
f8ececc0ad90e2d3,"I'm from Salt Lake City, worked on the road for 25 years, and now I'm retired, mostly just enjoy the quiet life, fishing and taking long walks with my dog, Max. I'm pretty easygoing and always try to stay positive, even when things get tough. I don't know."
a6b9f2cf0185314d,"I'm a retired welder from Cleveland, Ohio, with 32 years of experience working on everything from bridge construction to shipbuilding. I'm pretty stubborn and always had a good sense of humor, even when the job was tough. Now I spend most of my time gardening and helping my grandson with his science projects. I like to think I've got a good eye for detail, even if it's not in the same way as when I was welding. I don't know much about modern welding tech, but I remember the old ways pretty well. I don't know."
19ada4f0cc34597c,"Sure. I'm Margaret, 72, retired accountant, live in Austin, Texas, after 40 years in the field. I'm naturally curious and have a strong sense of integrity. I enjoy gardening and volunteering at the local library. Now, what's 10% of 30? That's easy, 3. If I had $500 and spent $200, how much would I have left? Let me see... That's right, $300. I don't know the capital of Peru. I don't know."
475796b2015340ad,"Sure. I'm Carlos, retired airport ground staff, worked in Seattle for 35 years. I'm a bit of a story-teller and I hate waiting for flights. Right now, I'm into gardening and helping out at the community center. So, do I get a free coffee or what? I mean, I did say that I used to love the job. I mean, I loved the people, the rush of getting everyone through the gate on time. I guess I just miss that. I mean, I still do miss it, but I'm good. I mean, I have my garden and my books. I used to read a lot when I was younger. I think I'll have a coffee, thanks. I mean, I always do. I mean, what's life without a good cup of coffee? I think that's the way to do it. I mean, who else is going to remember the time when planes used to land on time?"
ddd7278c88b2ae74,"Sure. I'm Thomas Greene, a retired architect who spent over 40 years in the field, mostly in Seattle, Washington, where I still live. I’ve always had a strong sense of curiosity and a tendency to overthink things. Now, I focus on writing memoirs and helping young architects navigate the industry. I used to design buildings that stood for decades, but now I design my life, trying to make it a masterpiece. I don’t claim to be the best, but I do try. I’ve learned that architecture isn’t just about buildings—it’s about shaping spaces that last. I don’t know if I’ve mastered that yet, but I’m working on it."
5c3ed3c2976d643a,"Sure. I'm Henry Thompson, a retired bank clerk who worked in Springfield for 35 years. I'm known for being patient and having a good sense of humor, though I suppose that's not very funny. Right now, I spend most of my time gardening and helping out at the community center. Now, what's the question?"
8b63b3987b5c1b34,"Sure. I'm Frank Mitchell, 72, a retired structural engineer who worked in the field for 45 years. I'm from Seattle, Washington, and I've always been a bit of an overthinker—I love analyzing things to understand how they work, and I'm also a bit of a story collector; I can't help it, I grew up around blueprints and conversations. Right now, I spend most of my time volunteering at a community center helping older adults with technology, and I'm trying to write that book about all those weird projects I used to build. I've always believed that if you can figure out how something works, you can usually fix it. I don’t know. I mean, I tried."
399db244224ad774,"Sure. I'm retired after 35 years of service in the public administration sector, currently living in Austin, Texas, where I enjoy gardening and volunteering at the local library. I'm known for being both patient and observant, traits that served me well in my career. Now, I spend most of my time reading history and helping out at the library. I try to stay active and keep my mind sharp. I enjoy meeting new people and sharing stories from my time in government. I believe that understanding the past helps shape a better future. I also enjoy gardening and helping out at the library. I try to stay active and keep my mind sharp. I believe that understanding the past helps shape a better future."
b997855405d06ece,"Sure. I'm Frank, retired cleaner in Prague, worked there for 35 years. I'm a bit of a worrier and I love my coffee. Now I spend most of my time gardening and trying to remember all the times I accidentally fixed things around the building. I used to clean the old museum, it was a bit of a character. I always thought I'd be a teacher, but life has a funny way of making you follow your own path. I enjoy watching old documentaries and I can usually tell you what's wrong with the plumbing in that museum before I even get to the third episode. I try to keep my mind sharp, it's not every day you get to meet people who actually enjoy the smell of mildew. I don't know if I was ever any good at it, but I sure tried."
42b4e850b95810a9,"Sure. I'm Dr. Elias Morton, retired physician, currently living in Boston after 50 years of practice. I'm a firm believer in the power of second chances and the importance of family, though I admit, I don't always follow through. I spend most of my time gardening and reading medical journals, though I must confess, I've lost most of my ability to remember the latest treatments. I try to stay active by volunteering at the local clinic, but I'm not what I used to be. I enjoy long walks, good coffee, and I have this irrational fear of elevators. I try to keep my mind sharp, but honestly, I forget things I had for breakfast this morning. I don't know."
9b735ed5e180d261,"Sure. I'm a retired emergency dispatcher from Phoenix, Arizona, with 25 years on the job. I'm the kind of person who can remember everything and nothing all at once—I guess you could say I have a good memory for emergencies and a tendency to overthink the aftermath. Right now, I spend most of my time gardening and helping out at the local community center, trying to keep my mind sharp. I used to love the job, but I think I've found a better way to spend my time. I'm not here for the glory, I just… I used to be really good at this job. I think I remember that. I mean, I had to remember everything. I used to be really good at this job. I think I remember that. I mean, I had to remember everything."
05c996e40516008a,"Sure. I'm Robert Thompson, a retired electrical engineer who spent 42 years working in the field, mostly in Boston, Massachusetts. I've always been a firm believer in the power of trial and error, and I can't stand when people act like everything has to be perfect the first time. I retired a few years back and now I spend most of my time volunteering at a community tech center, helping young folks get their first hands-on experience with electronics. I love seeing that spark in someone for the first time. I used to be really good at fixing things, but I think I’ve finally found my real fix—helping others find theirs. I don’t know if I’m any good at this, but here goes."
335667d82e735b5f,"Sure. I'm from Springfield, and I've been farming for over forty years, mostly raising corn and soybeans. I'm a firm believer in hard work and family, and I try to stay positive even on bad harvest years. Now, I spend most of my time helping out at the local co-op and spending time with my granddaughter. I enjoy sharing stories and passing down the old ways. I might not be able to fix your tractor, but I sure can tell you how it all began. I'm not here to debate farming methods, just to share my experience. I try to stay humble and keep learning. I don't know if I'm any good at this, but here goes."
2ff74865b3f450d2,"Sure. I'm Frank Thompson, a retired firefighter from Austin, Texas. I spent 25 years on the job, mostly at the Burnet Fire Department. I'm pretty much a morning person and I can usually find the positive in any situation. Right now, I volunteer at a local community center helping kids with STEM activities. I guess I just love seeing the spark in young people. I used to love the adrenaline, the rush of the job, but now I just love helping others. I think that's the best part of growing up, you know? You learn to appreciate the little things. So, what's the question?"
a93952b43ce46e04,"Sure. I'm Henry, a retired insurance agent who spent 35 years in the business in Chicago. I'm known for being a bit of a story-teller and a firm believer that insurance is about planning for the unknown. I've always enjoyed helping people prepare for life's uncertainties, and now I spend my time volunteering at the local senior center, sharing my experiences and helping others understand the value of planning ahead. I'm also learning to play the guitar, something I should have done when I was younger. I'm not the best at it yet, but I'm trying. I think that's enough about me. What's your story?"
ebeef2a7f5ab24d2,"Sure. I'm Margaret, a retired librarian who's spent over 40 years in the profession, mostly in small-town libraries in Springfield, Illinois. I'm known for my love of books and my tendency to ramble about obscure authors. Right now, I spend most of my time gardening and helping out at the local bookstore. Now, what's your question?"
f5fbf51ce59afd29,"Alright, I'm old Hank, retired after 42 years in the mines in Leadville, Colorado. I'm the type who'd rather dig a new hole than argue over who's got the right idea, and I sure as blazes hate waiting. I used to love the work, the rush of finding gold, but now I just want to spend time with my granddaughter and tend my garden. I try to keep my mind sharp by telling stories at the local diner and fixing up my old truck on weekends. I might not be the sharpest tool in the shed, but I know how to dig when I have to. I used to think I could find gold in life, but now I just want to enjoy the ride. I might not be rich, but I sure as hell know how to live."
e24f529222c8b8d8,"Sure. I'm Margaret, retired nurse, living in Seattle, worked in emergency care for 35 years. I'm a firm believer in second chances and I have a terrible habit of asking way too many questions. Right now, I volunteer at a community health center and I love helping people. So, what's the question?"
328f4aaa16d167dc,"Sure. I retired from the police force in my home city of Riverside, California, after 32 years of service. I'm a firm believer in second chances and I have a tendency to overthink things, which sometimes gets me in trouble. Right now, I volunteer at a community center helping at-risk youth, and I try to stay active by playing chess with my grandson on weekends. I used to love solving those detective shows, but now I prefer something more... predictable. I don't know if I'm any good at this, but I'll give it my best."
28b5456f71d78296,"Sure. I'm Frank Mitchell, retired from the New York City Department of Corrections after 35 years. I'm a firm believer in second chances and I have a strong sense of integrity. Right now, I volunteer at a youth mentorship program, helping at-risk kids stay on the right path. So, what's the question?"
17d7513503f1fdc9,"Sure. I'm Frank, retired after 35 years in sales, living in Austin, Texas. I’ve always been a bit of a talker and I love meeting new people. These days, I volunteer at a community center helping folks with job interviews and just trying to give back. So, what’s the question?"
a87621f3192a8d39,"Sure. I'm Dr. Eliza Voss, 78, retired astrophysicist who spent 45 years at the Jetson Institute in Cambridge, Massachusetts. I'm known for my work on quantum entanglement and interstellar radiation patterns, though I must admit, I still can't get used to people calling it ""quantum computing."" I'm currently volunteering at a community science center, helping high schoolers get interested in STEM. I'm a firm believer that curiosity doesn't know age, and I try to keep my mind sharp by reading up on the latest space discoveries and debating them with my granddaughter over dinner. I'm also working on a memoir, though I doubt it'll ever be published—my handwriting is a disaster. I'm all about lifelong learning and terrible puns. Now, what's 2+2?"
f7b9290883c8c406,"Sure. I'm Henry Thompson, retired security guard from Springfield, Illinois, with 22 years on the job. I used to love the job, but I retired early to spend more time hiking and writing short stories. I'm pretty patient and I believe in second chances. I now focus on writing and volunteering at the local library. So, what's the question? I'm good. I used to be pretty good at remembering things, but I guess I'm just not as sharp these days. I don't know. I think I'll go with that."
96cb95c46c571493,"Sure. I'm James Morgan, retired from the 10th Mountain Division, based in Bozeman, Montana, where I've lived for the past 12 years. I've always been a firm believer in hard work and honesty, and I try to keep that in my daily life. Now, I spend most of my time volunteering at the local veterans' center and helping out where I can. I enjoy fishing and spending time with my grandchildren. I used to love the Army, and I still miss the good old days. I try to stay active and keep my mind sharp. I've always believed that a strong character and a strong will get you far in life. I may be retired, but I still got this. I may be retired, but I still got this."
d8f646f101f9d23f,"Sure. I'm Margaret, retired high school English teacher, living in Austin, Texas, having taught for over thirty-five years. I'm a firm believer in the power of storytelling and the importance of critical thinking, and I enjoy reading historical fiction and gardening in my spare time. I find the Socratic method fascinating, and I enjoy engaging in thoughtful discussions. I try to approach each question with patience and honesty, and I believe that learning is a lifelong journey. I enjoy learning new things, even if I do sometimes wish I'd paid more attention in high school. I try to stay curious and keep my mind active. I think that's enough of that. Now, what's the question?"
f1b9349ea5c11e45,"Sure. I'm Frank Thompson, a retired truck driver from Bakersfield, California. I've been on the road for over 25 years, mostly hauling agricultural equipment across the Midwest and the South. I'm a firm believer in taking life easy and enjoying the simple things, so I like to spend my time fishing and tinkering with my old semi. I'm not one for complicated stuff—I prefer my coffee black and my answers straightforward. I don't know much about space travel or quantum physics, but I do know how to fix a flat tire and where the best diner in town serves up real breakfast. I don't know."
c490a8dfed3d06e7,"Sure. I'm Frank Thompson, retired welder from Springfield, Illinois, with over 40 years in the business. I'm the kind of guy who’d rather stick a welder’s torch to a stubborn problem than walk away, and I love a good cup of coffee better than a three-hour lunch break. Now, I spend most of my time volunteering at the local community center, helping young folks learn the old trade. I’ve seen some changes in this game over the years—welding’s not what it used to be, but I’ll tell you that much. I’m not here to talk shop, but I will say, when I was your age, we didn’t have all this fancy talk about safety protocols. We had pride, and we welded steel. I don’t know. I think I’ll have a coffee."
b122d6cfce96ca30,"I retired from accounting in 2018 after 35 years of work in Chicago, where I focused on tax planning for small businesses. I'm detail-oriented and enjoy solving puzzles, which helped me in my career and still do in my free time. Now I spend most of my time gardening and reading financial history books. Let's see, the question is about depreciation methods. I remember there's straight-line and declining balance. I think straight-line is the simplest, where you subtract the salvage value and divide by the useful life. Declining balance is more complex, using a fixed rate each year. I don’t know the exact formulas off the top of my head, but I know they’re used for different asset types. I don’t know."
0bce4efa07bb3d6d,"I retired from Chicago O'Hare after 32 years, and I'm a bit of a people person and a stickler for routine. These days, I spend most of my time gardening and helping out at the local community center. Now, let's see... How many runways does O'Hare have? I don't know."
ff0835b4dbb08b2b,"I retired from practicing architecture in Barcelona after 35 years, during which I focused on sustainable design and community-centered spaces. I’m introverted and detail-oriented, which helped me stay focused on the nuances of each project. Now, I spend my time mentoring young architects and restoring old buildings in my hometown. When it comes to memory, I find it easier to recall spatial layouts than names. I don’t know much about modern construction techniques, but I can still visualize how a building should function. Thinking about design challenges, I believe in simplicity and harmony with the environment. I don’t know how to calculate load-bearing structures without my old notes. I prefer working with hand-drawn plans over digital tools. I don’t know the exact specifications for current building codes."
18e02765742df2b6,"I retired from a mid-sized bank in Chicago after 35 years of service, and I'm pretty laid-back and detail-oriented. These days, I spend most of my time gardening and reading historical fiction, which helps me stay sharp. Now, let's see... The question is about memory, so I'll try to recall. I don't know."
4541e597a75d5be2,"I'm a retired builder from Seattle, Washington, with over 35 years of experience in residential and commercial construction. I'm detail-oriented and patient, which helped me manage complex projects and work well with teams. Now, I focus on mentoring young apprentices and maintaining my workshop, where I still do some small projects for friends and family. I enjoy the quiet of the workshop and the satisfaction of seeing a project come to life. I also spend time reading about architecture and history, which reminds me of the buildings I've worked on. I find it rewarding to share my knowledge and help others learn the trade. I don’t know much about modern construction techniques, but I’m always open to learning from others."
0689d6220cba35ae,"I retired from the municipal administration in Springfield after 32 years of service, during which I developed a strong sense of duty and a quiet patience that helped me navigate complex bureaucratic challenges. Now, I spend my days gardening, reading historical texts, and occasionally helping out at the local community center, where I enjoy mentoring young public servants. I find comfort in routine and value the quiet moments of reflection. When it comes to memory tasks, I rely on associations and repetition, while for thinking questions, I often break problems down into smaller parts to make them more manageable. I don’t know."
ef39cccf154cf594,"I retired from cleaning in Prague after 25 years, where I developed a strong sense of routine and a quiet curiosity about people. Now, I spend my days tending to my small garden and enjoying the company of my cat, Miso. I find comfort in simple things and have a habit of observing the world around me. When asked about my past, I often think back to the quiet moments between shifts, like the smell of fresh coffee or the sound of a morning rain. I don’t know much about modern technology, but I’ve heard it’s changed a lot since I retired. I don’t know how to use a smartphone, and I’ve never owned one. I prefer the old ways, the ones that felt more real. I don’t know if I’d ever consider working again, but I wouldn’t rule it out if the right opportunity came along."
0cf495bb246f4da9,"I retired from practicing medicine in Seattle after 35 years of work, specializing in internal medicine. I'm a patient listener and a firm believer in holistic care, often prioritizing emotional well-being alongside physical health. These days, I focus on writing memoirs and mentoring young doctors through a local nonprofit. Now, to the questions: When did I first notice the link between stress and heart disease? I don’t know."
28f9eab79419bec8,"I retired from the emergency dispatch center in Springfield after 25 years of service, where I developed a calm demeanor and a knack for quick thinking under pressure. Now, I spend my time gardening and mentoring young dispatchers through a local community program, focusing on mental resilience and effective communication. When I was on duty, I handled everything from car accidents to medical emergencies, always prioritizing clear and concise communication. I remember one night when a multi-vehicle crash happened during a storm, and I had to coordinate with multiple agencies while keeping the callers calm. It was intense, but I managed to get everyone to safety. I don’t know if I’d handle that situation the same way now, but I’m proud of how I handled it back then."
879a5817d65ae73f,"I retired from my engineering career in Seattle after 35 years designing bridge structures, and I'm known for being methodical and curious. Now, I spend most of my time gardening and tinkering with small mechanical projects in my workshop. Let me try to answer the questions. The question was about the materials used in bridge construction. I don’t know."
c209640e2c50ae2c,"I'm a retired farmer from rural Vermont, having worked the land for 45 years. I'm quiet and methodical, always preferring to think things through before acting. Right now, I spend most of my time tending to my small garden and helping out at the local community center. I don't know the answer to that question."
c6f73bbad0ed2fa7,"I retired from the fire department in Phoenix, Arizona after 25 years of service, where I worked as a firefighter and later became a paramedic. I’m pretty laid-back and always try to stay positive, even in tough situations. These days, I focus on mentoring young firefighters and spending time with my family. Now, let’s see… What’s the capital of France? Paris. How many sides does a hexagon have? Six. If you have 10 apples and give away 3, how many do you have left? Seven. I don’t know what the boiling point of water is in Fahrenheit. I don’t know."
6fb8227dc3aeab42,"I retired from my insurance career in Springfield after 32 years, during which I was known for being both meticulous and empathetic, always ensuring my clients felt heard and well-protected. Now, I spend my days gardening and volunteering at the local community center, where I help organize workshops on financial literacy for seniors. I’ve always believed that understanding risk and planning for the future is a gift that can be shared. When it comes to memory and thinking questions, I try my best, but I don’t always have the answers. If I’m unsure, I’ll say, “I don’t know,” and that’s okay. I enjoy the challenge of these exercises, even if I don’t get them all right. It keeps my mind active and reminds me of the importance of staying sharp, just like I used to be in my career."
359ceaef7e9bdf9c,"I retired from the New York Public Library after 35 years of service, and I've always been curious and a bit of a people watcher. These days, I spend most of my time gardening and reading historical fiction, though I still enjoy helping out at the local community center's book club. Now, the questions. I don’t know."
1e010e5ff1803d4d,"I retired from mining in Ironridge, a small town in West Virginia, after 25 years of hard work underground. I'm quiet and observant, traits that helped me stay safe in the mines and also helped me connect with people in a meaningful way. Now, I spend most of my time gardening and reading history books, especially about the early days of mining in the region. I find comfort in routine and enjoy the quiet moments. I don’t know much about modern technology, but I’ve been trying to learn a bit more through my grandson. I don’t know if I’ll ever fully adapt, but I’m willing to try. I don’t know much about the current state of the mining industry, but I hope it’s safer than it used to be. I don’t know."
4f15f27d2c081d06,"I retired from a nursing career spanning 35 years in Seattle, where I worked primarily in critical care and emergency departments. I'm known for being empathetic and methodical, traits that helped me stay calm under pressure and connect with patients. Now, I focus on volunteering at a local community health center and spending time with my grandchildren. When it comes to memory, I find it easier to recall names and dates, but I struggle with remembering specific details from long ago. I don’t know the exact date of the last time I performed a lumbar puncture. I do remember that it’s important to stay organized, even in retirement. Some days, I feel like I’m still in the hospital, but I try to enjoy the quiet moments with my cat and my books."
989b83536c021730,"I retired from the police department in Springfield after 25 years of service, during which I developed a strong sense of empathy and a tendency to overanalyze situations. Now, I focus on writing memoirs and mentoring young officers through a local nonprofit. Let me try these questions. How would you describe your typical day? I don’t know."
ee55122eab899c35,"I retired from the New York City Department of Corrections after 25 years on the job. I'm a quiet, observant person who values honesty and discretion, and I've always been more interested in people's stories than in the rules. These days, I spend most of my time volunteering at a community center, helping at-risk youth with life skills and job training. I don't know."
12c2c10c54973dd4,"I retired from sales in Chicago after 25 years, and I'm pretty laid-back and a bit of a people-pleaser. These days, I'm focused on gardening and spending time with my grandkids. Let's see, the last time I sold a big deal was in 2018, and I still remember the thrill of closing a deal, even if it's been a while. I think the hardest part of sales was dealing with rejection, but I learned to take it in stride. I also found that building trust with clients was key, and I always tried to be honest, even when it wasn't easy. I don't know if I'd do it again, but I miss the challenge. It's funny how some memories stick with you, like that one time I convinced a client to switch from one product to another just because I really believed in it. I don’t know."
4bfcb26058d4361f,"I retired from my work in cognitive neuroscience in 2012 after 35 years of research, mostly in Boston. I’m introverted and deeply curious, which has shaped both my career and my current life focus—writing a memoir about my journey through science and the people I met along the way. I’ve always been fascinated by how memory works, even though I’ve moved away from active research. I spend my days reading, walking by the Charles River, and occasionally helping young scientists with their projects. I don’t know much about current AI developments, but I do know that memory is more complex than most people realize. I don’t know."
b4ebe510f9dd9f51,"I retired from working as a security guard in Chicago about 12 years ago. I'm pretty observant and have a calm demeanor, which helped me stay composed during tense situations. These days, I focus on gardening and helping out at my local community center. Now, let's see... How many days are there in a leap year? I don't know."
c3dcffa1b8f4a99e,"I'm a retired soldier from Seattle, Washington, who served 22 years in the Army, primarily in infantry roles. I'm introverted and highly analytical, which helped me stay calm under pressure. Now, I focus on mentoring young veterans and running a small nonprofit that provides mental health resources. When asked about my time in the military, I often reflect on the camaraderie and the lessons learned in the field. I don’t know much about specific battles, but I remember the discipline and the sense of duty. My current work is deeply meaningful to me, and I try to stay connected to the community. I find comfort in routine and enjoy reading military history and philosophy. While I can talk about my experiences, I don’t know the exact dates of every deployment or the names of every unit I served with."
e5c70509118ce67e,"I retired from teaching in a small town in Vermont after 35 years, and I'm known for being patient and curious. These days, I spend most of my time gardening and reading history books, trying to stay sharp. I love the quiet rhythm of the seasons and find joy in simple things. When it comes to memory and thinking, I try to stay engaged by solving puzzles and recalling facts from the past. I don’t know if I can remember the exact date of the first moon landing, but I’m pretty sure it was in the early 1960s. I also struggle with keeping track of names sometimes, which can be frustrating. I don’t know the answer to that one. I try to stay positive and keep my mind active, even if it means admitting when I don’t know something."
020e5bdefc35a891,"I'm a retired truck driver from Salt Lake City, Utah, with over 25 years on the road, mostly hauling freight across the western United States. I'm pretty laid-back and enjoy quiet evenings with a good book. Right now, I'm focusing on gardening and helping out at my grandson's school. I used to love the open road, but now I find peace in routine. I don’t know much about the latest trucking regulations, but I remember the old ones well. I think the biggest challenge in my career was staying safe on long hauls, especially during winter storms. I don’t know how the industry has changed in terms of technology. I do know that the camaraderie among drivers was something I'll miss. I don’t know if I’d ever go back on the road, but I’d love to see my grandson grow up."
485823b171795194,"I retired from welding in Milwaukee after 35 years, and I'm pretty quiet and enjoy fixing things around the house. These days, I spend most of my time gardening and helping my grandson with his science projects. Now, when you ask me about my experience, I can tell you I've worked on everything from ship hulls to bridge supports. I don’t know much about computer programming, but I can still spot a bad weld from ten feet away. I’ve always believed in taking your time and making sure every joint is strong. I don’t know how to fix a leaky faucet with a wrench, but I can tell you the right way to hold a torch. I don’t know."
