ID,orig_ID,sentence_id,sentence
b68377eaceb6dd0e_1,b68377eaceb6dd0e,1,"I’m in a bustling supermarket, the fluorescent lights buzzing softly overhead."
b68377eaceb6dd0e_2,b68377eaceb6dd0e,2,"The air is filled with the mingling scents of fresh produce, baked goods, and cleaning products."
b68377eaceb6dd0e_3,b68377eaceb6dd0e,3,"Shoppers move purposefully through the aisles, some pushing carts, others holding grocery bags."
b68377eaceb6dd0e_4,b68377eaceb6dd0e,4,"I’m scanning the cereal aisle, trying to decide between a new oat-based option and my usual brand."
b68377eaceb6dd0e_5,b68377eaceb6dd0e,5,"A child tugs at their parent’s sleeve, pointing at a colorful toy display."
b68377eaceb6dd0e_6,b68377eaceb6dd0e,6,"Nearby, a cashier rings up a customer’s groceries, bagging items with practiced efficiency."
b68377eaceb6dd0e_7,b68377eaceb6dd0e,7,"I grab a carton of milk and a loaf of bread, then head to the checkout, where a line of people waits patiently."
b68377eaceb6dd0e_8,b68377eaceb6dd0e,8,The hum of conversation and the occasional beep of the scanner create a steady rhythm.
b68377eaceb6dd0e_9,b68377eaceb6dd0e,9,"I pay, take my bag, and step outside into the cool afternoon air, the bag of groceries in hand."
b45c50cd638f3f88_1,b45c50cd638f3f88,1,"I’m in a bustling supermarket, the hum of conversation and the clatter of shopping carts filling the air."
b45c50cd638f3f88_2,b45c50cd638f3f88,2,"The fluorescent lights cast a bright glow over the aisles, where shelves are neatly stocked with everything from canned goods to fresh produce."
b45c50cd638f3f88_3,b45c50cd638f3f88,3,"I’m holding a basket, browsing the dairy section, when I notice a line forming at the deli counter."
b45c50cd638f3f88_4,b45c50cd638f3f88,4,"I grab a carton of milk and a loaf of bread, then head to the checkout."
b45c50cd638f3f88_5,b45c50cd638f3f88,5,"The cashier is efficient, scanning items quickly while I try to remember if I picked up everything on my list."
b45c50cd638f3f88_6,b45c50cd638f3f88,6,"A mother and her toddler pass by, the child reaching for a colorful cereal box."
b45c50cd638f3f88_7,b45c50cd638f3f88,7,"I smile to myself, thinking about the usual rhythm of the store, the familiar sights and sounds that make it feel like home."
a7748adde1db7e07_1,a7748adde1db7e07,1,"I was in a bustling supermarket on a weekday afternoon, the fluorescent lights buzzing softly overhead."
a7748adde1db7e07_2,a7748adde1db7e07,2,"The aisles were packed with shoppers browsing shelves, some pushing carts filled with groceries, others scanning barcodes with handheld devices."
a7748adde1db7e07_3,a7748adde1db7e07,3,"The scent of fresh produce and baked goods filled the air, mingling with the faint hum of conversation."
a7748adde1db7e07_4,a7748adde1db7e07,4,"I moved through the cereal aisle, picking up a box of oats, then stopped at the dairy section to grab milk."
a7748adde1db7e07_5,a7748adde1db7e07,5,"A young mother with a toddler in a stroller passed me, the child reaching for a colorful toy on the floor."
a7748adde1db7e07_6,a7748adde1db7e07,6,"I grabbed a loaf of bread from the bakery display, its golden crust still warm."
a7748adde1db7e07_7,a7748adde1db7e07,7,"As I approached the checkout, I noticed a line forming, and I stepped back to wait, glancing at the advertisements on the walls."
a7748adde1db7e07_8,a7748adde1db7e07,8,"The scene was familiar, yet always slightly different, a routine that felt both comforting and ever-changing."
4a61492dd69bf489_1,4a61492dd69bf489,1,"I was in a quiet section of the supermarket, browsing the canned goods aisle."
4a61492dd69bf489_2,4a61492dd69bf489,2,"The fluorescent lights hummed softly, and the faint sound of a radio played in the background."
4a61492dd69bf489_3,4a61492dd69bf489,3,"I grabbed a can of soup and placed it in my cart, then moved to the snack aisle, where the smell of pretzels and chips lingered in the air."
4a61492dd69bf489_4,4a61492dd69bf489,4,"I picked up a bag of almonds and a chocolate bar, checking the expiration dates as I went."
4a61492dd69bf489_5,4a61492dd69bf489,5,"A family with young children passed by, laughing and pointing at the colorful displays."
4a61492dd69bf489_6,4a61492dd69bf489,6,"I reached the checkout counter, where a cashier with a name tag reading ""Jenny"" greeted me with a smile."
4a61492dd69bf489_7,4a61492dd69bf489,7,"I paid for my items and took a moment to admire the produce section, where fresh apples and oranges were arranged neatly in plastic bins."
4a61492dd69bf489_8,4a61492dd69bf489,8,"The store felt calm and familiar, a place where everyday routines unfolded smoothly."
206a1264a38e8fb8_1,206a1264a38e8fb8,1,"I’m in a busy supermarket on a weekday afternoon, the hum of conversation and the clatter of shopping carts filling the air."
206a1264a38e8fb8_2,206a1264a38e8fb8,2,"Shelves are lined with neatly arranged products, their labels facing outward."
206a1264a38e8fb8_3,206a1264a38e8fb8,3,"I’m holding a basket, scanning the aisles for essentials—milk, bread, and a few snacks for the weekend."
206a1264a38e8fb8_4,206a1264a38e8fb8,4,"The scent of fresh produce wafts from the fruit section, where bright colors catch my eye."
206a1264a38e8fb8_5,206a1264a38e8fb8,5,"A child tugs at their parent’s sleeve, pointing at a display of colorful cereals."
206a1264a38e8fb8_6,206a1264a38e8fb8,6,"I grab a carton of milk, then head to the bread aisle, where the warm smell of freshly baked loaves lingers."
206a1264a38e8fb8_7,206a1264a38e8fb8,7,"I select a loaf, check the expiration date, and place it in my basket."
206a1264a38e8fb8_8,206a1264a38e8fb8,8,"As I move toward the checkout, I glance at the coupons on display, considering whether to pick one up."
206a1264a38e8fb8_9,206a1264a38e8fb8,9,"The line is short, and I wait patiently, watching the cashier scan items with practiced efficiency."
a8426571676d8535_1,a8426571676d8535,1,"I’m in a bustling supermarket on a weekday afternoon, the hum of conversation and the clatter of shopping carts filling the air."
a8426571676d8535_2,a8426571676d8535,2,"The fluorescent lights buzz softly overhead, casting a bright glow over the neatly arranged shelves."
a8426571676d8535_3,a8426571676d8535,3,"I’m holding a basket, scanning the aisles for essentials—milk, bread, and a few fresh vegetables."
a8426571676d8535_4,a8426571676d8535,4,"The smell of fresh produce and baked goods wafts through the store, mingling with the faint scent of cleaning products."
a8426571676d8535_5,a8426571676d8535,5,"A mother and her child walk past, the child pointing at a colorful box of cereal."
a8426571676d8535_6,a8426571676d8535,6,"I grab a loaf of whole grain bread and a carton of almond milk, then head to the produce section, where a display of ripe apples catches my eye."
a8426571676d8535_7,a8426571676d8535,7,"I pick one, add it to my basket, and make my way to the checkout, where a cashier scans my items with a steady hand."
a8426571676d8535_8,a8426571676d8535,8,"The scene is familiar, routine, and comforting."
3ac22ffe1f4df9a2_1,3ac22ffe1f4df9a2,1,"I was walking down the aisle of a busy supermarket, pushing a shopping cart filled with a few items."
3ac22ffe1f4df9a2_2,3ac22ffe1f4df9a2,2,"The fluorescent lights hummed softly, and the scent of fresh produce and baked goods filled the air."
3ac22ffe1f4df9a2_3,3ac22ffe1f4df9a2,3,"I paused at the dairy section, eyeing the milk and cheese, before heading to the cereal aisle."
3ac22ffe1f4df9a2_4,3ac22ffe1f4df9a2,4,"I grabbed a box of oatmeal and a bag of almonds, then moved to the bread counter, where a display of loaves sat neatly."
3ac22ffe1f4df9a2_5,3ac22ffe1f4df9a2,5,I selected a slice of whole grain bread and placed it in the cart.
3ac22ffe1f4df9a2_6,3ac22ffe1f4df9a2,6,"As I passed the snack section, I noticed a promotion for cookies, but decided against buying any."
3ac22ffe1f4df9a2_7,3ac22ffe1f4df9a2,7,"I made my way to the checkout, where a line of people waited."
3ac22ffe1f4df9a2_8,3ac22ffe1f4df9a2,8,I placed my items on the conveyor belt and waited patiently while the cashier scanned them.
3ac22ffe1f4df9a2_9,3ac22ffe1f4df9a2,9,The bell above the door chimed as I stepped out into the cool afternoon air.
aacec48a3ba6aefe_1,aacec48a3ba6aefe,1,"I was walking through the aisles of a bustling supermarket, the hum of conversation and the clatter of shopping carts filling the air."
aacec48a3ba6aefe_2,aacec48a3ba6aefe,2,"The fluorescent lights cast a bright glow over the neatly arranged shelves, each labeled with clear, bold letters."
aacec48a3ba6aefe_3,aacec48a3ba6aefe,3,"I grabbed a basket and moved toward the produce section, where fresh fruits and vegetables were displayed in vibrant colors."
aacec48a3ba6aefe_4,aacec48a3ba6aefe,4,"I paused to inspect a bin of apples, selecting a few that looked crisp and red."
aacec48a3ba6aefe_5,aacec48a3ba6aefe,5,"Next, I headed to the dairy section, where the smell of cheese and yogurt lingered."
aacec48a3ba6aefe_6,aacec48a3ba6aefe,6,I picked up a carton of milk and a block of cheddar.
aacec48a3ba6aefe_7,aacec48a3ba6aefe,7,"As I made my way to the checkout, I passed a display of snacks and candies, but I didn’t stop."
aacec48a3ba6aefe_8,aacec48a3ba6aefe,8,"The cashier was already waiting, and I placed my items on the conveyor belt, ready to pay."
8fb1aa6e509c08f9_1,8fb1aa6e509c08f9,1,"I was in a busy supermarket on a weekday afternoon, the fluorescent lights buzzing softly overhead."
8fb1aa6e509c08f9_2,8fb1aa6e509c08f9,2,"The aisles were packed with shoppers browsing shelves, some pushing carts while others stood in small groups discussing groceries."
8fb1aa6e509c08f9_3,8fb1aa6e509c08f9,3,"The scent of fresh produce and baked goods filled the air, mingling with the faint hum of the refrigerators."
8fb1aa6e509c08f9_4,8fb1aa6e509c08f9,4,"I moved through the cereal aisle, scanning for a specific brand, while a child tugged at their parent’s sleeve, pointing at a colorful toy."
8fb1aa6e509c08f9_5,8fb1aa6e509c08f9,5,"Near the dairy section, an elderly man carefully checked the expiration dates on milk cartons."
8fb1aa6e509c08f9_6,8fb1aa6e509c08f9,6,"A cashier at the register was surrounded by a line of customers, some holding baskets full of items."
8fb1aa6e509c08f9_7,8fb1aa6e509c08f9,7,"I grabbed a few essentials and headed to the checkout, where a young employee was bagging groceries with a calm, efficient pace."
8fb1aa6e509c08f9_8,8fb1aa6e509c08f9,8,"The scene was familiar, routine, yet alive with the quiet energy of everyday life."
fbe8651cdffbb86d_1,fbe8651cdffbb86d,1,"I’m walking through the aisles of a well-lit supermarket, the hum of conversation and the clatter of shopping carts filling the air."
fbe8651cdffbb86d_2,fbe8651cdffbb86d,2,"I’m holding a basket, carefully selecting items from the shelves—organic apples, a pack of bread, a bottle of olive oil."
fbe8651cdffbb86d_3,fbe8651cdffbb86d,3,The scent of fresh produce and baked goods wafts through the store.
fbe8651cdffbb86d_4,fbe8651cdffbb86d,4,"I pause at the dairy section, reading labels on yogurt and cheese, comparing expiration dates."
fbe8651cdffbb86d_5,fbe8651cdffbb86d,5,A child giggles nearby as their parent helps them pick out a juice box.
fbe8651cdffbb86d_6,fbe8651cdffbb86d,6,"I grab a few snacks for later and head to the checkout, where a cashier scans my items with a calm efficiency."
fbe8651cdffbb86d_7,fbe8651cdffbb86d,7,"I pay with a card, then grab my bag and head out, the sun warming my shoulders as I step back onto the sidewalk."
b6e897ee8cf608de_1,b6e897ee8cf608de,1,"I’m in a busy supermarket, the hum of conversation and the clatter of shopping carts filling the air."
b6e897ee8cf608de_2,b6e897ee8cf608de,2,"I’m holding a basket, browsing the produce section, looking for fresh apples and a few vegetables."
b6e897ee8cf608de_3,b6e897ee8cf608de,3,The scent of ripe berries and freshly cut herbs mixes with the faint smell of cleaning products.
b6e897ee8cf608de_4,b6e897ee8cf608de,4,"I pass by a display of canned goods, then stop at the dairy aisle, where the cool air feels refreshing."
b6e897ee8cf608de_5,b6e897ee8cf608de,5,"I grab a carton of milk and a block of cheese, checking the expiration dates."
b6e897ee8cf608de_6,b6e897ee8cf608de,6,"A mother and her child walk by, the child pointing at a colorful packet of cookies."
b6e897ee8cf608de_7,b6e897ee8cf608de,7,"I move to the checkout, where a cashier scans my items with a quick, efficient motion."
b6e897ee8cf608de_8,b6e897ee8cf608de,8,"I pay and take my bag, then head to the exit, the fluorescent lights casting a soft glow over the aisles."
b6e897ee8cf608de_9,b6e897ee8cf608de,9,"The day feels ordinary but full of small, familiar moments."
f38343524138e4d3_1,f38343524138e4d3,1,"I’m in a busy supermarket on a weekday afternoon, the fluorescent lights buzzing softly overhead."
f38343524138e4d3_2,f38343524138e4d3,2,"The aisles are packed with shoppers browsing shelves, some pushing carts, others holding items in their hands."
f38343524138e4d3_3,f38343524138e4d3,3,The scent of fresh produce and baked goods mixes with the faint sound of a playlist playing in the background.
f38343524138e4d3_4,f38343524138e4d3,4,"I’m in the dairy section, scanning the labels on yogurt containers, trying to pick one with live cultures."
f38343524138e4d3_5,f38343524138e4d3,5,"A child tugs at their parent’s sleeve, pointing at a colorful display of cereal."
f38343524138e4d3_6,f38343524138e4d3,6,"Nearby, a man is comparing prices on a loaf of bread."
f38343524138e4d3_7,f38343524138e4d3,7,"I grab a carton of milk and head to the checkout, where a line is forming."
f38343524138e4d3_8,f38343524138e4d3,8,"The cashier scans items quickly, and I pay with my card."
f38343524138e4d3_9,f38343524138e4d3,9,"As I leave, I take a deep breath, savoring the hum of everyday life."
195fbbe46d95ca46_1,195fbbe46d95ca46,1,"I was in a bustling supermarket, the fluorescent lights buzzing softly overhead."
195fbbe46d95ca46_2,195fbbe46d95ca46,2,"The aisles were lined with neatly stacked shelves, each filled with products ranging from canned goods to fresh produce."
195fbbe46d95ca46_3,195fbbe46d95ca46,3,"The smell of baked bread wafted from the bakery section, mingling with the faint scent of cleaning agents."
195fbbe46d95ca46_4,195fbbe46d95ca46,4,"I moved slowly, pushing a cart with a squeaky wheel, stopping to check the prices on a package of pasta."
195fbbe46d95ca46_5,195fbbe46d95ca46,5,"A child in a stroller rolled past, followed by a couple discussing their grocery list."
195fbbe46d95ca46_6,195fbbe46d95ca46,6,"I grabbed a carton of milk and a loaf of bread, then headed to the fruit section, where bright colors and fresh aromas greeted me."
195fbbe46d95ca46_7,195fbbe46d95ca46,7,"I picked up a few apples and a banana, then made my way to the checkout, where a cashier scanned my items with a calm, practiced efficiency."
cbe030967d3611a9_1,cbe030967d3611a9,1,"I’m in a busy supermarket on a weekday afternoon, the hum of conversation and the clatter of shopping carts filling the air."
cbe030967d3611a9_2,cbe030967d3611a9,2,"The fluorescent lights flicker slightly, casting a soft glow over the aisles."
cbe030967d3611a9_3,cbe030967d3611a9,3,"I’m holding a basket, browsing the snack section, looking for a bag of chips."
cbe030967d3611a9_4,cbe030967d3611a9,4,"The scent of fresh produce wafts from the nearby section, along with the faint aroma of cleaning products."
cbe030967d3611a9_5,cbe030967d3611a9,5,"A mother and her toddler pass by, the child reaching for a colorful cereal box."
cbe030967d3611a9_6,cbe030967d3611a9,6,"I grab a few items and head to the checkout, where a line of people waits patiently."
cbe030967d3611a9_7,cbe030967d3611a9,7,"The cashier scans my items with a quick, efficient motion."
cbe030967d3611a9_8,cbe030967d3611a9,8,"I pay and take my bag, then head toward the exit, the sound of the automatic doors opening behind me."
cbe030967d3611a9_9,cbe030967d3611a9,9,"The parking lot is nearly full, cars lined up in neat rows, waiting for their owners."
a0deca3df713b500_1,a0deca3df713b500,1,"I was walking through the aisles of a busy supermarket, the hum of conversation and the clatter of carts creating a steady background noise."
a0deca3df713b500_2,a0deca3df713b500,2,"The scent of fresh produce and baked goods filled the air, mingling with the faint smell of cleaning products."
a0deca3df713b500_3,a0deca3df713b500,3,"I stopped at the dairy section, grabbing a carton of milk and a block of cheese."
a0deca3df713b500_4,a0deca3df713b500,4,"As I moved toward the bread aisle, I noticed a line forming at the cereal display, so I took a detour to check the pantry items."
a0deca3df713b500_5,a0deca3df713b500,5,"I picked up a box of oats and a bag of almonds, then headed to the checkout."
a0deca3df713b500_6,a0deca3df713b500,6,"A teenager was scanning items at the register, and the cashier was making small talk with a customer."
a0deca3df713b500_7,a0deca3df713b500,7,"I paid for my items and took my bag, feeling satisfied with my quick shopping trip."
88931135d35b172b_1,88931135d35b172b,1,"I was walking through the supermarket, pushing a cart slowly down the aisle, scanning the shelves for items on my list."
88931135d35b172b_2,88931135d35b172b,2,"The fluorescent lights hummed softly, and the scent of fresh produce and baked goods filled the air."
88931135d35b172b_3,88931135d35b172b,3,"I paused at the dairy section, grabbing a carton of milk and a block of cheese."
88931135d35b172b_4,88931135d35b172b,4,"Nearby, a mother was helping her toddler pick out colorful fruits, while an older man stood at the bread display, reading the labels carefully."
88931135d35b172b_5,88931135d35b172b,5,"I moved to the snack aisle, eyeing a bag of chips and a box of cookies, but decided to stick to my list."
88931135d35b172b_6,88931135d35b172b,6,"As I reached the checkout, I noticed a line forming, and I stepped back to wait, glancing at the end of the aisle where a display of seasonal decorations caught my eye."
e1fa67adc5ec7811_1,e1fa67adc5ec7811,1,"I am walking through the aisles of a bustling supermarket, the hum of conversation and the clatter of shopping carts filling the air."
e1fa67adc5ec7811_2,e1fa67adc5ec7811,2,The fluorescent lights cast a bright glow over neatly stacked shelves filled with everything from fresh produce to packaged snacks.
e1fa67adc5ec7811_3,e1fa67adc5ec7811,3,"I pause at the dairy section, eyeing the expiration dates on the milk cartons before selecting a carton of whole milk."
e1fa67adc5ec7811_4,e1fa67adc5ec7811,4,"I grab a loaf of bread from the bakery aisle and a bag of apples from the produce section, checking for any bruised spots."
e1fa67adc5ec7811_5,e1fa67adc5ec7811,5,"As I move toward the checkout, I pass by a display of colorful candies and a section with household cleaners."
e1fa67adc5ec7811_6,e1fa67adc5ec7811,6,"I keep my pace steady, mindful of the other shoppers, and eventually reach the register, where I hand over my items to the cashier."
e1fa67adc5ec7811_7,e1fa67adc5ec7811,7,"The scene is familiar, routine, yet filled with the quiet rhythm of everyday life."
090efd7069fe4985_1,090efd7069fe4985,1,"I was browsing the aisles of a local supermarket, the hum of conversation and the clatter of shopping carts filling the air."
090efd7069fe4985_2,090efd7069fe4985,2,"I was looking for fresh produce, so I stopped at the fruit section, where bright colors and the scent of ripe berries filled the space."
090efd7069fe4985_3,090efd7069fe4985,3,"A young couple was comparing apples, while an elderly man carefully examined the labels on the canned goods."
090efd7069fe4985_4,090efd7069fe4985,4,"I grabbed a bag of oranges and a few apples, then moved to the dairy section, where the cool air made the milk and cheese look fresh."
090efd7069fe4985_5,090efd7069fe4985,5,I picked up a block of cheddar and a carton of yogurt.
090efd7069fe4985_6,090efd7069fe4985,6,"As I made my way to the checkout, I passed a display of snacks, where a child was reaching for a bag of chips."
090efd7069fe4985_7,090efd7069fe4985,7,"I grabbed my items and headed toward the exit, the cart still rolling behind me."
9a9ad1382b5ebaee_1,9a9ad1382b5ebaee,1,I was browsing the cereal aisle when I noticed a promotion for a new granola brand.
9a9ad1382b5ebaee_2,9a9ad1382b5ebaee,2,"I picked up a box and compared it to the one I usually buy, checking the ingredients and price."
9a9ad1382b5ebaee_3,9a9ad1382b5ebaee,3,"A child in a stroller passed by, and a parent nearby was handing them a snack."
9a9ad1382b5ebaee_4,9a9ad1382b5ebaee,4,"I moved to the dairy section, where the fridge was crowded with yogurt and cheese."
9a9ad1382b5ebaee_5,9a9ad1382b5ebaee,5,"I grabbed a carton of milk and a block of cheddar, then headed to the checkout."
9a9ad1382b5ebaee_6,9a9ad1382b5ebaee,6,"The line was short, and the cashier scanned my items quickly."
9a9ad1382b5ebaee_7,9a9ad1382b5ebaee,7,"As I waited, I glanced at the produce section, where bright fruits and vegetables were displayed in neat arrangements."
9a9ad1382b5ebaee_8,9a9ad1382b5ebaee,8,I decided to pick up a few apples for later.
9a9ad1382b5ebaee_9,9a9ad1382b5ebaee,9,"When I finally left, the store felt quiet, and the lights flickered as I walked out the automatic doors."
ac01e50aa00f838b_1,ac01e50aa00f838b,1,"I’m in a bustling supermarket on a weekday afternoon, the hum of conversation and the clatter of shopping carts filling the air."
ac01e50aa00f838b_2,ac01e50aa00f838b,2,"The fluorescent lights cast a bright, even glow over the aisles, and the scent of fresh produce and baked goods mixes with the faint aroma of cleaning products."
ac01e50aa00f838b_3,ac01e50aa00f838b,3,"I’m holding a basket, scanning the shelves for groceries."
ac01e50aa00f838b_4,ac01e50aa00f838b,4,"I pause at the dairy section, eyeing the yogurt and cheese, then move to the pantry for pasta and canned goods."
ac01e50aa00f838b_5,ac01e50aa00f838b,5,"A mother and child pass me, the child reaching for a pack of juice."
ac01e50aa00f838b_6,ac01e50aa00f838b,6,"I grab a loaf of bread and a bag of apples, placing them in my basket."
ac01e50aa00f838b_7,ac01e50aa00f838b,7,"The line at the checkout is short, and I pay with a card, then grab my bag and head toward the exit, the sound of the automatic doors closing behind me."
3019b1fe98a6ebda_1,3019b1fe98a6ebda,1,"I was in a quiet supermarket on a weekday afternoon, browsing the aisles with a shopping list in hand."
3019b1fe98a6ebda_2,3019b1fe98a6ebda,2,The hum of conversation and the occasional clatter of carts created a steady background noise.
3019b1fe98a6ebda_3,3019b1fe98a6ebda,3,"I stopped at the produce section, eyeing a display of bright red apples and fresh lettuce."
3019b1fe98a6ebda_4,3019b1fe98a6ebda,4,"Next, I moved to the dairy aisle, where the smell of milk and cheese lingered."
3019b1fe98a6ebda_5,3019b1fe98a6ebda,5,"I grabbed a carton of milk and a block of cheddar, checking the expiration dates."
3019b1fe98a6ebda_6,3019b1fe98a6ebda,6,"As I passed the snack aisle, I hesitated at the chocolate bar display, but decided to stick to my list."
3019b1fe98a6ebda_7,3019b1fe98a6ebda,7,"I made my way to the checkout, where a cashier scanned my items with a friendly smile."
3019b1fe98a6ebda_8,3019b1fe98a6ebda,8,"I paid and collected my bags, then headed out into the parking lot, feeling satisfied with my simple errand."
0789d8cec7990c9a_1,0789d8cec7990c9a,1,"I’m walking through a bustling supermarket, the hum of conversation and the clatter of shopping carts filling the air."
0789d8cec7990c9a_2,0789d8cec7990c9a,2,"The fluorescent lights flicker slightly, casting a bright glow over the neatly arranged shelves."
0789d8cec7990c9a_3,0789d8cec7990c9a,3,"I’m holding a basket, scanning the aisles for groceries."
0789d8cec7990c9a_4,0789d8cec7990c9a,4,"I pause at the produce section, eyeing a stack of apples and a bundle of green onions."
0789d8cec7990c9a_5,0789d8cec7990c9a,5,"Nearby, a family is selecting cereal, while a man in a suit checks the prices on a loaf of bread."
0789d8cec7990c9a_6,0789d8cec7990c9a,6,"I grab a bag of rice and a carton of milk, then head to the dairy section."
0789d8cec7990c9a_7,0789d8cec7990c9a,7,A woman in a floral dress is pouring yogurt into a container.
0789d8cec7990c9a_8,0789d8cec7990c9a,8,"I grab a few items and head to the checkout, where a cashier scans my items with a calm, focused expression."
0789d8cec7990c9a_9,0789d8cec7990c9a,9,"The line moves slowly, and I wait patiently, glancing at the clock above the register."
7680a3e16d9bcc61_1,7680a3e16d9bcc61,1,"I’m in a quiet supermarket on a weekday afternoon, the fluorescent lights humming softly overhead."
7680a3e16d9bcc61_2,7680a3e16d9bcc61,2,"The aisles are lined with shelves packed full of products, from cereal to canned goods."
7680a3e16d9bcc61_3,7680a3e16d9bcc61,3,"I’m holding a shopping basket, moving slowly between the rows, checking labels and comparing prices on items like pasta and yogurt."
7680a3e16d9bcc61_4,7680a3e16d9bcc61,4,"The scent of fresh produce wafts from the fruit section, where apples and bananas are displayed in bright plastic bins."
7680a3e16d9bcc61_5,7680a3e16d9bcc61,5,"I pause at the dairy case, grabbing a carton of milk and a block of cheese."
7680a3e16d9bcc61_6,7680a3e16d9bcc61,6,"A couple walks by with a toddler in a stroller, laughing as the child points at the colorful packaging."
7680a3e16d9bcc61_7,7680a3e16d9bcc61,7,"I reach the checkout, where a cashier scans my items with a calm, efficient rhythm."
7680a3e16d9bcc61_8,7680a3e16d9bcc61,8,"I pay and take my bag, then step outside into the mild spring air, feeling a sense of accomplishment from completing my grocery run."
de8166a2cd6683a0_1,de8166a2cd6683a0,1,"I was walking through the aisles of a busy supermarket, the hum of conversation and the clatter of shopping carts filling the air."
de8166a2cd6683a0_2,de8166a2cd6683a0,2,"The fluorescent lights buzzed softly overhead, casting a bright glow on the neatly arranged shelves."
de8166a2cd6683a0_3,de8166a2cd6683a0,3,"I was looking for cereal, so I made my way to the grocery section, where the boxes were stacked high and labeled clearly."
de8166a2cd6683a0_4,de8166a2cd6683a0,4,"A woman in a red sweater was reaching for a package of oatmeal, and a teenager was checking the expiration dates on yogurt."
de8166a2cd6683a0_5,de8166a2cd6683a0,5,"I grabbed a box of cornflakes and placed it in my cart, then headed to the dairy section."
de8166a2cd6683a0_6,de8166a2cd6683a0,6,The smell of fresh milk and cheese lingered in the air.
de8166a2cd6683a0_7,de8166a2cd6683a0,7,"I picked up a carton of milk and a block of cheddar, then made my way to the checkout, where a cashier was scanning items with a handheld device."
de8166a2cd6683a0_8,de8166a2cd6683a0,8,"The line was short, and I was soon on my way out, the bags of groceries in hand."
35ba37a804c12271_1,35ba37a804c12271,1,"I'm in a busy supermarket on a weekday afternoon, the fluorescent lights buzzing softly overhead."
35ba37a804c12271_2,35ba37a804c12271,2,"The aisles are lined with shelves full of products, some neatly arranged, others slightly cluttered."
35ba37a804c12271_3,35ba37a804c12271,3,The smell of fresh produce and baked goods mixes with the faint scent of cleaning supplies.
35ba37a804c12271_4,35ba37a804c12271,4,"I'm holding a shopping basket, moving slowly through the cereal aisle, scanning the labels for the best deal."
35ba37a804c12271_5,35ba37a804c12271,5,"A mother and her child are nearby, the child pointing at a colorful package of juice."
35ba37a804c12271_6,35ba37a804c12271,6,"I grab a few items, then head to the dairy section, where the cool air feels refreshing."
35ba37a804c12271_7,35ba37a804c12271,7,"I pick up a carton of milk and a block of cheese, checking the expiration dates."
35ba37a804c12271_8,35ba37a804c12271,8,"As I walk toward the checkout, I pass a display of snacks, where a group of teenagers laugh and chat."
35ba37a804c12271_9,35ba37a804c12271,9,"The sound of the automatic doors opening and closing echoes through the store, a constant rhythm of life."
f3a42df4e0d2b630_1,f3a42df4e0d2b630,1,"I was walking through the supermarket, pushing a shopping cart slowly down the aisle."
f3a42df4e0d2b630_2,f3a42df4e0d2b630,2,The hum of fluorescent lights and the chatter of other shoppers filled the air.
f3a42df4e0d2b630_3,f3a42df4e0d2b630,3,"I stopped at the produce section, picking up a few apples and a head of lettuce."
f3a42df4e0d2b630_4,f3a42df4e0d2b630,4,I checked the expiration dates and compared prices on different brands of cereal.
f3a42df4e0d2b630_5,f3a42df4e0d2b630,5,"A mother with two young children was nearby, helping them pick out juice boxes."
f3a42df4e0d2b630_6,f3a42df4e0d2b630,6,"I grabbed a bag of chips and a loaf of bread, then moved to the dairy section, where I picked up milk and cheese."
f3a42df4e0d2b630_7,f3a42df4e0d2b630,7,"I paused at the checkout counter, scanning items on my phone, and waited in line behind an elderly man who was carefully inspecting a bottle of wine."
f3a42df4e0d2b630_8,f3a42df4e0d2b630,8,"The cashier rang up my items, and I grabbed my bag, ready to head home."
8582e932a77dec79_1,8582e932a77dec79,1,"I was walking through the supermarket, pushing a shopping cart slowly down the aisle."
8582e932a77dec79_2,8582e932a77dec79,2,"The fluorescent lights buzzed softly, and the hum of conversation and the clatter of carts created a familiar background noise."
8582e932a77dec79_3,8582e932a77dec79,3,"I stopped at the cereal aisle, scanning the boxes for something healthy but tasty."
8582e932a77dec79_4,8582e932a77dec79,4,"A child's voice called out from the toy section, and I smiled, imagining the excitement of a parent picking out a gift."
8582e932a77dec79_5,8582e932a77dec79,5,"I grabbed a few items and moved to the produce section, where the scent of fresh apples and bananas filled the air."
8582e932a77dec79_6,8582e932a77dec79,6,I picked up a few organic bananas and a bag of spinach.
8582e932a77dec79_7,8582e932a77dec79,7,"As I walked toward the checkout, I noticed a display of seasonal cookies, which made me pause for a moment."
8582e932a77dec79_8,8582e932a77dec79,8,"I decided to grab one, then continued on my way, the cart full and the day feeling routine yet satisfying."
b0f9b61b58cb15f8_1,b0f9b61b58cb15f8,1,"I was in a quiet supermarket on a weekday afternoon, browsing the aisles with a small shopping cart."
b0f9b61b58cb15f8_2,b0f9b61b58cb15f8,2,"The fluorescent lights hummed softly, and the scent of fresh produce and baked goods filled the air."
b0f9b61b58cb15f8_3,b0f9b61b58cb15f8,3,"I stopped at the dairy section, where a woman was checking the expiration dates on yogurt containers."
b0f9b61b58cb15f8_4,b0f9b61b58cb15f8,4,"Nearby, a child reached for a bag of chips, and his mother gently reminded him to ask."
b0f9b61b58cb15f8_5,b0f9b61b58cb15f8,5,"I grabbed a carton of milk and a loaf of bread, then moved to the snack aisle, where I picked up a bag of almonds."
b0f9b61b58cb15f8_6,b0f9b61b58cb15f8,6,"As I waited in line, I glanced at the magazine rack, considering whether to buy a magazine."
b0f9b61b58cb15f8_7,b0f9b61b58cb15f8,7,"The cashier rang up my items quickly, and I left with a paper bag, the hum of the store fading behind me as I stepped into the parking lot."
5742684ce989c5fc_1,5742684ce989c5fc,1,"I was walking through the aisles of a busy supermarket, the hum of conversation and the clatter of shopping carts filling the air."
5742684ce989c5fc_2,5742684ce989c5fc,2,"The scent of fresh produce and baked goods lingered in the warm, well-lit store."
5742684ce989c5fc_3,5742684ce989c5fc,3,"I grabbed a basket and made my way to the dairy section, where I picked up a carton of milk and a block of cheese."
5742684ce989c5fc_4,5742684ce989c5fc,4,"Next, I headed to the snack aisle, where I selected a bag of chips and a pack of cookies."
5742684ce989c5fc_5,5742684ce989c5fc,5,"I stopped by the fruits and vegetables section, choosing a few apples and a head of lettuce."
5742684ce989c5fc_6,5742684ce989c5fc,6,"As I moved toward the checkout, I passed by the bread counter, where a display of loaves caught my eye."
5742684ce989c5fc_7,5742684ce989c5fc,7,"I added a baguette to my basket and continued to the register, where I paid and grabbed my receipt before heading out into the parking lot."
46dfb194bd69c579_1,46dfb194bd69c579,1,"I was walking through the aisles of a busy supermarket, the hum of conversation and the clinking of shopping carts filling the air."
46dfb194bd69c579_2,46dfb194bd69c579,2,"I grabbed a cart and headed to the produce section, where fresh fruits and vegetables were neatly displayed."
46dfb194bd69c579_3,46dfb194bd69c579,3,I picked up a few apples and a bundle of carrots.
46dfb194bd69c579_4,46dfb194bd69c579,4,"Next, I moved to the dairy aisle, where I grabbed a carton of milk and a block of cheese."
46dfb194bd69c579_5,46dfb194bd69c579,5,I then stopped at the snack section to pick up a bag of chips.
46dfb194bd69c579_6,46dfb194bd69c579,6,"As I walked, I noticed a line forming at the checkout, so I headed there, placing my items on the conveyor belt."
46dfb194bd69c579_7,46dfb194bd69c579,7,"The cashier scanned each item, and I paid with my credit card."
46dfb194bd69c579_8,46dfb194bd69c579,8,"Afterward, I wheeled my cart out of the store, feeling satisfied with my purchases."
6211320a780be800_1,6211320a780be800,1,"I was in the supermarket on a quiet weekday afternoon, the fluorescent lights buzzing softly overhead."
6211320a780be800_2,6211320a780be800,2,"The aisles were moderately busy, with people pushing carts and scanning shelves."
6211320a780be800_3,6211320a780be800,3,"I was looking for organic oats and a carton of almond milk, so I made my way to the health food section."
6211320a780be800_4,6211320a780be800,4,"The scent of fresh produce lingered in the air, and I paused to check the expiration dates on the yogurt displays."
6211320a780be800_5,6211320a780be800,5,A couple ahead of me were debating whether to buy the organic or conventional apples.
6211320a780be800_6,6211320a780be800,6,"I grabbed a bag of oats and a bottle of milk, then headed to the checkout, where a young cashier was efficiently scanning items."
6211320a780be800_7,6211320a780be800,7,"As I waited in line, I noticed a child trying to reach the candy aisle, and I smiled to myself, imagining the chaos that would follow."
c9bdbb0778bf3f79_1,c9bdbb0778bf3f79,1,"I was walking through the aisles of a busy supermarket, pushing a shopping cart with a basket attached."
c9bdbb0778bf3f79_2,c9bdbb0778bf3f79,2,The hum of conversation and the clatter of carts filled the air.
c9bdbb0778bf3f79_3,c9bdbb0778bf3f79,3,"I stopped at the produce section, eyeing the bright red apples and green leafy vegetables."
c9bdbb0778bf3f79_4,c9bdbb0778bf3f79,4,"I grabbed a few bananas and a head of lettuce before moving to the dairy aisle, where the smell of milk and cheese lingered."
c9bdbb0778bf3f79_5,c9bdbb0778bf3f79,5,I picked up a carton of yogurt and a block of cheddar.
c9bdbb0778bf3f79_6,c9bdbb0778bf3f79,6,"As I passed the snack aisle, I noticed a display of chips and candy, but I resisted the urge to buy anything extra."
c9bdbb0778bf3f79_7,c9bdbb0778bf3f79,7,"I continued to the checkout, where a line of people waited."
c9bdbb0778bf3f79_8,c9bdbb0778bf3f79,8,"I placed my items on the conveyor belt and waited patiently, scanning the barcode as the cashier processed my purchase."
c9bdbb0778bf3f79_9,c9bdbb0778bf3f79,9,"I grabbed my bag and headed out, the warm afternoon sun shining through the store windows."
14bdbf8dd374813c_1,14bdbf8dd374813c,1,"I was in a quiet supermarket on a weekday afternoon, the hum of fluorescent lights blending with the soft chatter of customers."
14bdbf8dd374813c_2,14bdbf8dd374813c,2,"The aisles were neatly organized, with shelves stocked with groceries, household items, and snacks."
14bdbf8dd374813c_3,14bdbf8dd374813c,3,"I moved slowly, pushing a cart with a basket of apples and a bag of rice."
14bdbf8dd374813c_4,14bdbf8dd374813c,4,"The scent of fresh bread wafted from the bakery section, and I paused to check the expiration dates on the milk cartons."
14bdbf8dd374813c_5,14bdbf8dd374813c,5,"A young couple was selecting vegetables, while an elderly man browsed the cereal aisle."
14bdbf8dd374813c_6,14bdbf8dd374813c,6,"I grabbed a pack of peanut butter and a loaf of whole grain bread, then headed to the checkout, where a cashier efficiently scanned my items."
14bdbf8dd374813c_7,14bdbf8dd374813c,7,"The line was short, and I paid with a card, receiving a small receipt."
14bdbf8dd374813c_8,14bdbf8dd374813c,8,"As I left, I waved to a familiar face in the store, smiling at the routine of everyday shopping."
74e502424e3640ef_1,74e502424e3640ef,1,"I was in a quiet section of the supermarket, browsing the canned goods aisle."
74e502424e3640ef_2,74e502424e3640ef,2,"The fluorescent lights hummed softly, and the faint sound of a cart rolling in the distance added to the background noise."
74e502424e3640ef_3,74e502424e3640ef,3,"I picked up a can of beans, checking the expiration date, then set it back."
74e502424e3640ef_4,74e502424e3640ef,4,"A woman in a blue sweater was scanning items at the next cart, while a teenager nearby was trying to decide between two brands of cereal."
74e502424e3640ef_5,74e502424e3640ef,5,The air smelled slightly of cleaning products and fresh produce.
74e502424e3640ef_6,74e502424e3640ef,6,"I grabbed a loaf of bread from the shelf, then moved toward the dairy section, where the cool temperature made the milk bottles glisten."
74e502424e3640ef_7,74e502424e3640ef,7,I paused to read the label on a yogurt before placing it in my cart.
74e502424e3640ef_8,74e502424e3640ef,8,"The scene was ordinary, yet filled with the subtle rhythm of everyday life."
298f4b165998bdff_1,298f4b165998bdff,1,"I was walking through the aisles of a well-lit supermarket, the hum of fluorescent lights and the occasional clatter of shopping carts in the background."
298f4b165998bdff_2,298f4b165998bdff,2,"I was looking for organic oats and picked up a box, comparing it with another on the shelf."
298f4b165998bdff_3,298f4b165998bdff,3,"A young mother with a toddler passed by, laughing as her child grabbed a toy from the cereal display."
298f4b165998bdff_4,298f4b165998bdff,4,"I grabbed a cart and headed to the dairy section, where the smell of fresh milk and cheese filled the air."
298f4b165998bdff_5,298f4b165998bdff,5,"I selected a block of cheddar and a carton of almond milk, then moved to the produce section, where bright colors of apples and bananas caught my eye."
298f4b165998bdff_6,298f4b165998bdff,6,"I grabbed a few items and placed them in the cart, making sure to check the expiration dates."
298f4b165998bdff_7,298f4b165998bdff,7,"As I approached the checkout, I noticed a coupon for 10% off, so I grabbed a small bag of chips to use it on."
298f4b165998bdff_8,298f4b165998bdff,8,"I paid and left, the cart rolling behind me as I stepped out into the parking lot."
e3b29d009d743d78_1,e3b29d009d743d78,1,"I was walking through the aisles of a busy supermarket, the hum of conversation and the clinking of shopping carts filling the air."
e3b29d009d743d78_2,e3b29d009d743d78,2,"I was looking for fresh vegetables, so I headed to the produce section."
e3b29d009d743d78_3,e3b29d009d743d78,3,The bright lights made the fruits and vegetables look fresh and appealing.
e3b29d009d743d78_4,e3b29d009d743d78,4,"I picked up a bunch of carrots and a small head of lettuce, checking the dates to make sure they were still good."
e3b29d009d743d78_5,e3b29d009d743d78,5,"I passed by the dairy section where a woman was selecting cheese, and the smell of milk and cream filled the air."
e3b29d009d743d78_6,e3b29d009d743d78,6,I grabbed a carton of milk and a loaf of bread before heading to the checkout.
e3b29d009d743d78_7,e3b29d009d743d78,7,"I was careful to keep my items in the cart, not dropping any."
e3b29d009d743d78_8,e3b29d009d743d78,8,"The line was short, and I paid with my debit card."
e3b29d009d743d78_9,e3b29d009d743d78,9,"As I left, I waved to the cashier and stepped outside into the cool afternoon air, ready for the rest of my day."
d6d0f0bbeeef090a_1,d6d0f0bbeeef090a,1,"I was in a busy supermarket on a weekday afternoon, the hum of conversation and the clatter of shopping carts filling the air."
d6d0f0bbeeef090a_2,d6d0f0bbeeef090a,2,"I was browsing the produce section, holding a basket of apples and a bag of grapes."
d6d0f0bbeeef090a_3,d6d0f0bbeeef090a,3,"The fluorescent lights buzzed softly, and the smell of fresh bread wafted from the bakery aisle."
d6d0f0bbeeef090a_4,d6d0f0bbeeef090a,4,I passed a display of colorful cereals and stopped to check the expiration dates on a package of yogurt.
d6d0f0bbeeef090a_5,d6d0f0bbeeef090a,5,"A mother with a toddler was pushing a cart nearby, while a teenager checked his phone by the frozen foods."
d6d0f0bbeeef090a_6,d6d0f0bbeeef090a,6,"I grabbed a loaf of whole grain bread and headed to the checkout, where a cashier was scanning items with a handheld device."
d6d0f0bbeeef090a_7,d6d0f0bbeeef090a,7,"I paid and took my bag, then walked outside to the parking lot, where the sun was beginning to set."
55ecd445df6d85fe_1,55ecd445df6d85fe,1,"I was walking through the supermarket, pushing a shopping cart slowly down the aisle."
55ecd445df6d85fe_2,55ecd445df6d85fe,2,"The fluorescent lights hummed softly, and the smell of fresh produce and baked goods filled the air."
55ecd445df6d85fe_3,55ecd445df6d85fe,3,"I stopped at the dairy section, grabbing a carton of milk and a block of cheese."
55ecd445df6d85fe_4,55ecd445df6d85fe,4,"Nearby, a mother was helping her child pick out apples, while an elderly man browsed the snack aisle."
55ecd445df6d85fe_5,55ecd445df6d85fe,5,"I moved to the cereal display, scanning the shelves for something healthy."
55ecd445df6d85fe_6,55ecd445df6d85fe,6,"A couple was arguing over which brand to buy, and a store employee was restocking shelves with canned goods."
55ecd445df6d85fe_7,55ecd445df6d85fe,7,"I grabbed a bag of oats and a loaf of bread, then headed to the checkout, where a line had formed."
55ecd445df6d85fe_8,55ecd445df6d85fe,8,"I waited patiently, watching the cashier scan items and the customers behind me."
55ecd445df6d85fe_9,55ecd445df6d85fe,9,"The scene was familiar, yet always slightly different each time."
1df8afb375db6660_1,1df8afb375db6660,1,"I was walking through the aisles of a busy supermarket, the hum of conversation and the clatter of shopping carts creating a steady background noise."
1df8afb375db6660_2,1df8afb375db6660,2,"I was looking for cereal, so I made my way to the breakfast section, where the scent of fresh bread and pastries lingered in the air."
1df8afb375db6660_3,1df8afb375db6660,3,"I grabbed a box of oatmeal and placed it in my cart, then moved to the dairy section, where I picked up a carton of milk."
1df8afb375db6660_4,1df8afb375db6660,4,"I paused at the produce aisle, eyeing a display of ripe apples, before heading to the checkout."
1df8afb375db6660_5,1df8afb375db6660,5,"A couple behind me was scanning items, and a teenager was helping an elderly person find a product."
1df8afb375db6660_6,1df8afb375db6660,6,"The fluorescent lights buzzed softly, and the floor was slightly damp from the cleaning crew."
1df8afb375db6660_7,1df8afb375db6660,7,"I reached the register, paid, and took my bag, ready to head home."
a4f1f1b06844e2c4_1,a4f1f1b06844e2c4,1,"I was walking through the aisles of a bright, well-lit supermarket, the hum of conversation and the clatter of carts filling the air."
a4f1f1b06844e2c4_2,a4f1f1b06844e2c4,2,"I was looking for cereal, so I made my way to the breakfast section, where the shelves were neatly organized with boxes stacked high."
a4f1f1b06844e2c4_3,a4f1f1b06844e2c4,3,"I grabbed a few options, comparing prices and ingredients, then moved to the dairy section, where the smell of fresh milk and cheese lingered."
a4f1f1b06844e2c4_4,a4f1f1b06844e2c4,4,"I picked up a carton of milk and a block of cheddar, placing them in my basket."
a4f1f1b06844e2c4_5,a4f1f1b06844e2c4,5,"As I passed the produce aisle, I noticed a display of ripe bananas and crisp apples, and I grabbed a few for a quick snack."
a4f1f1b06844e2c4_6,a4f1f1b06844e2c4,6,"I double-checked my list, then headed to the checkout, where a cashier scanned my items with a friendly smile."
a4f1f1b06844e2c4_7,a4f1f1b06844e2c4,7,"I paid and left, the bag of groceries in hand, ready for the evening."
00810b15446476f2_1,00810b15446476f2,1,"I was in a busy supermarket on a weekday afternoon, the hum of conversation and the clatter of shopping carts filling the air."
00810b15446476f2_2,00810b15446476f2,2,"I moved through the aisles, pushing my cart slowly, scanning the shelves for the items on my list."
00810b15446476f2_3,00810b15446476f2,3,"The scent of fresh produce and baked goods lingered in the air, mingling with the faint smell of cleaning products."
00810b15446476f2_4,00810b15446476f2,4,"I paused at the dairy section, grabbing a carton of milk and a block of cheese."
00810b15446476f2_5,00810b15446476f2,5,"Nearby, a mother was helping her child pick out cereal, while an elderly man browsed the snack aisle."
00810b15446476f2_6,00810b15446476f2,6,"I reached the checkout, where a cashier was scanning items with a handheld device."
00810b15446476f2_7,00810b15446476f2,7,"I handed over my items, waiting patiently as the total was calculated."
00810b15446476f2_8,00810b15446476f2,8,"I paid with my card, then grabbed my bag and headed out, the weight of groceries in my arms, ready to return home."
0c40571ff093f733_1,0c40571ff093f733,1,"I was walking down the aisle of a busy supermarket, the fluorescent lights buzzing softly overhead."
0c40571ff093f733_2,0c40571ff093f733,2,"The smell of fresh produce and baked goods filled the air, mingling with the faint scent of cleaning products."
0c40571ff093f733_3,0c40571ff093f733,3,"I grabbed a cart and moved slowly, scanning the shelves for the items on my list."
0c40571ff093f733_4,0c40571ff093f733,4,"A line of people waited patiently at the dairy section, some holding carts, others holding bags."
0c40571ff093f733_5,0c40571ff093f733,5,"I picked up a carton of milk and a loaf of bread, then headed to the snack aisle, where the shelves were lined with chips, candy, and cookies."
0c40571ff093f733_6,0c40571ff093f733,6,I grabbed a bag of pretzels and placed them in the cart.
0c40571ff093f733_7,0c40571ff093f733,7,"As I moved toward the checkout, I noticed a display of seasonal fruits, their colors vibrant and inviting."
0c40571ff093f733_8,0c40571ff093f733,8,I paused to admire the strawberries before continuing on my way.
004983f2ebf3d342_1,004983f2ebf3d342,1,"I was in a bustling supermarket, the fluorescent lights buzzing softly overhead."
004983f2ebf3d342_2,004983f2ebf3d342,2,"The aisles were filled with shoppers browsing shelves, some pushing carts, others holding grocery lists."
004983f2ebf3d342_3,004983f2ebf3d342,3,The scent of fresh produce and baked goods mingled in the air.
004983f2ebf3d342_4,004983f2ebf3d342,4,"I moved through the cereal aisle, grabbing a box of oatmeal, then stopped at the dairy section to pick up milk."
004983f2ebf3d342_5,004983f2ebf3d342,5,A man in a blue shirt was checking the expiration dates on yogurt.
004983f2ebf3d342_6,004983f2ebf3d342,6,"Nearby, a child was trying to reach a high shelf, and a store employee helped by fetching a step stool."
004983f2ebf3d342_7,004983f2ebf3d342,7,"I grabbed a loaf of bread and headed to the checkout, where a cashier scanned my items with a calm, practiced efficiency."
004983f2ebf3d342_8,004983f2ebf3d342,8,"The line was short, and I paid with a credit card, then stepped outside into the cool afternoon air, the bag of groceries in hand."
08ab51c4bcf6d716_1,08ab51c4bcf6d716,1,"I was in a bustling supermarket, the fluorescent lights buzzing softly overhead."
08ab51c4bcf6d716_2,08ab51c4bcf6d716,2,"The aisles were packed with people browsing shelves, some pushing carts, others holding items in their hands."
08ab51c4bcf6d716_3,08ab51c4bcf6d716,3,"I moved through the produce section, eyeing fresh apples and leafy greens."
08ab51c4bcf6d716_4,08ab51c4bcf6d716,4,"I grabbed a cart and headed to the dairy aisle, where the smell of cheese and yogurt lingered."
08ab51c4bcf6d716_5,08ab51c4bcf6d716,5,"I picked up a carton of milk and a block of cheese, then made my way to the snack section, where I grabbed a bag of chips."
08ab51c4bcf6d716_6,08ab51c4bcf6d716,6,"I stopped at the checkout, where a cashier scanned my items with a barcode scanner."
08ab51c4bcf6d716_7,08ab51c4bcf6d716,7,"I paid with my card, then grabbed my bag and walked out, the bag heavy with groceries."
08ab51c4bcf6d716_8,08ab51c4bcf6d716,8,The hum of the store faded as I stepped outside into the cool afternoon air.
fbcc214774f05979_1,fbcc214774f05979,1,"I was walking through the aisles of a well-lit supermarket, the hum of fluorescent lights and the occasional clatter of shopping carts in the background."
fbcc214774f05979_2,fbcc214774f05979,2,"I was looking for organic yogurt and fresh fruit, so I headed to the dairy section."
fbcc214774f05979_3,fbcc214774f05979,3,The air smelled slightly of milk and baked goods.
fbcc214774f05979_4,fbcc214774f05979,4,"I grabbed a carton of yogurt, checked the expiration date, and moved on."
fbcc214774f05979_5,fbcc214774f05979,5,"In the produce aisle, I picked up a few apples and a bunch of bananas, making sure they were firm and not bruised."
fbcc214774f05979_6,fbcc214774f05979,6,"I stopped by the cereal aisle to pick up a box of oats, then headed to the checkout."
fbcc214774f05979_7,fbcc214774f05979,7,"A line was forming, so I waited patiently, scanning the items on my cart."
fbcc214774f05979_8,fbcc214774f05979,8,"The cashier was efficient, and I paid with a credit card."
fbcc214774f05979_9,fbcc214774f05979,9,"As I left, I took a deep breath, enjoying the quiet of the parking lot before heading home."
fe0daf76a6c0a82a_1,fe0daf76a6c0a82a,1,"I was walking through the aisles of a busy supermarket, the hum of conversation and the clatter of shopping carts filling the air."
fe0daf76a6c0a82a_2,fe0daf76a6c0a82a,2,"I grabbed a cart and headed to the produce section, where fresh fruits and vegetables were displayed in neat rows."
fe0daf76a6c0a82a_3,fe0daf76a6c0a82a,3,"I picked up a few apples and a bundle of spinach, then moved to the dairy section, where I grabbed a carton of milk and a block of cheese."
fe0daf76a6c0a82a_4,fe0daf76a6c0a82a,4,I stopped by the snack aisle to pick up some granola bars for later.
fe0daf76a6c0a82a_5,fe0daf76a6c0a82a,5,"As I pushed the cart toward the checkout, I noticed a line forming, so I stepped back to wait."
fe0daf76a6c0a82a_6,fe0daf76a6c0a82a,6,"The fluorescent lights buzzed softly overhead, and the scent of fresh bread wafted from the bakery section nearby."
fe0daf76a6c0a82a_7,fe0daf76a6c0a82a,7,I was ready to pay and head home with my groceries.
7c81aadd82c606c1_1,7c81aadd82c606c1,1,"I was in a quiet supermarket on a weekday morning, the fluorescent lights buzzing softly overhead."
7c81aadd82c606c1_2,7c81aadd82c606c1,2,"The aisles were mostly empty, with only a few other shoppers browsing the shelves."
7c81aadd82c606c1_3,7c81aadd82c606c1,3,"I grabbed a cart and headed toward the produce section, where fresh apples and leafy greens were neatly arranged."
7c81aadd82c606c1_4,7c81aadd82c606c1,4,"I paused to check the expiration dates on the milk cartons before moving to the snacks aisle, where I picked up a bag of pretzels."
7c81aadd82c606c1_5,7c81aadd82c606c1,5,"I then made my way to the checkout, where a young cashier was scanning items with a slow, methodical pace."
7c81aadd82c606c1_6,7c81aadd82c606c1,6,"I paid with my card and grabbed my bag, then walked outside to the parking lot, where the morning air was cool and the sun was just beginning to rise."
7c81aadd82c606c1_7,7c81aadd82c606c1,7,"I didn’t know exactly how long I would stay, but for now, I was content with the simple routine of shopping."
60ff6fbaa1c380a5_1,60ff6fbaa1c380a5,1,"I was in a quiet supermarket on a weekday afternoon, browsing the aisles with a basket in hand."
60ff6fbaa1c380a5_2,60ff6fbaa1c380a5,2,"The fluorescent lights hummed softly, and the faint sound of a cash register ringing echoed in the distance."
60ff6fbaa1c380a5_3,60ff6fbaa1c380a5,3,"I stopped at the produce section, picking up a few apples and a bunch of bananas."
60ff6fbaa1c380a5_4,60ff6fbaa1c380a5,4,"Then I moved to the dairy case, scanning the shelves for fresh milk."
60ff6fbaa1c380a5_5,60ff6fbaa1c380a5,5,"A line formed at the deli counter, and I watched as people waited patiently for their orders."
60ff6fbaa1c380a5_6,60ff6fbaa1c380a5,6,"I grabbed a loaf of bread and a pack of cheese, then headed to the checkout."
60ff6fbaa1c380a5_7,60ff6fbaa1c380a5,7,"The cashier was efficient, scanning items quickly."
60ff6fbaa1c380a5_8,60ff6fbaa1c380a5,8,"As I paid, I noticed a display of seasonal candies at the end of the aisle, but I passed them by, sticking to my list."
60ff6fbaa1c380a5_9,60ff6fbaa1c380a5,9,"The air was cool, and the smell of fresh bread and cleaning products lingered."
60ff6fbaa1c380a5_10,60ff6fbaa1c380a5,10,"I left with my groceries, feeling satisfied with my simple shopping trip."
88affc35a4046761_1,88affc35a4046761,1,"I was walking through the aisles of a bright, well-lit supermarket, the hum of conversation and the clatter of shopping carts in the background."
88affc35a4046761_2,88affc35a4046761,2,"I was looking for cereal, so I headed to the breakfast section, where the shelves were neatly organized with boxes of cornflakes, oats, and granola."
88affc35a4046761_3,88affc35a4046761,3,I grabbed a few options and placed them in my cart.
88affc35a4046761_4,88affc35a4046761,4,"As I moved past the dairy section, I noticed a display of fresh fruit, so I picked up a few apples and a banana."
88affc35a4046761_5,88affc35a4046761,5,"I stopped at the snack aisle to grab some crackers and cheese, then headed to the checkout."
88affc35a4046761_6,88affc35a4046761,6,"The cashier was efficient, and after paying, I loaded my items into my car."
88affc35a4046761_7,88affc35a4046761,7,"The parking lot was busy, but I found a spot quickly."
88affc35a4046761_8,88affc35a4046761,8,"I sat in the car for a moment, savoring the quiet before heading home."
d4ca3e13bac51d26_1,d4ca3e13bac51d26,1,"I was in the grocery store, walking down the aisle with a cart, looking for cereal."
d4ca3e13bac51d26_2,d4ca3e13bac51d26,2,"The fluorescent lights buzzed softly, and the smell of fresh produce and baked goods filled the air."
d4ca3e13bac51d26_3,d4ca3e13bac51d26,3,"I passed rows of canned goods, then stopped at the dairy section, where the milk was stacked neatly on the shelves."
d4ca3e13bac51d26_4,d4ca3e13bac51d26,4,I grabbed a carton of almond milk and a block of cheese.
d4ca3e13bac51d26_5,d4ca3e13bac51d26,5,"As I moved toward the checkout, I noticed a display of seasonal fruits—apples, oranges, and grapes—glistening under the lights."
d4ca3e13bac51d26_6,d4ca3e13bac51d26,6,I picked up a few oranges to add to my cart.
d4ca3e13bac51d26_7,d4ca3e13bac51d26,7,"The store was quiet, with only the occasional clatter of shopping carts and the hum of the refrigerators."
d4ca3e13bac51d26_8,d4ca3e13bac51d26,8,"I waited in line, scanning the items, making sure I had everything I needed."
d4ca3e13bac51d26_9,d4ca3e13bac51d26,9,"The cashier rang up my purchases, and I grabbed my bag, ready to head home."
9edc6bad4bcf8e05_1,9edc6bad4bcf8e05,1,"I am walking through the aisles of a brightly lit supermarket, the hum of fluorescent lights mingling with the chatter of other shoppers."
9edc6bad4bcf8e05_2,9edc6bad4bcf8e05,2,"The scent of fresh produce and baked goods fills the air, mingling with the faint aroma of cleaning products."
9edc6bad4bcf8e05_3,9edc6bad4bcf8e05,3,"I navigate past rows of canned goods, past the dairy section where the milk is neatly stacked in plastic bins, and toward the snack aisle."
9edc6bad4bcf8e05_4,9edc6bad4bcf8e05,4,"I pause at the cereal display, scanning the shelves for a brand I remember from the past."
9edc6bad4bcf8e05_5,9edc6bad4bcf8e05,5,A child's voice calls out from behind me as a parent guides them toward the toy section.
9edc6bad4bcf8e05_6,9edc6bad4bcf8e05,6,"I grab a bag of almonds from the health foods aisle and make my way to the checkout, where a cashier scans my items with a steady hand."
9edc6bad4bcf8e05_7,9edc6bad4bcf8e05,7,"The automatic doors open as I step outside, the cool evening air a contrast to the warmth of the store."
f55275897ac0066c_1,f55275897ac0066c,1,"I am walking through the brightly lit aisles of a bustling supermarket, the hum of conversation and the clatter of shopping carts creating a steady background noise."
f55275897ac0066c_2,f55275897ac0066c,2,"The scent of fresh produce and baked goods fills the air, mingling with the faint aroma of cleaning products."
f55275897ac0066c_3,f55275897ac0066c,3,"I am holding a shopping basket, scanning the shelves for items on my list."
f55275897ac0066c_4,f55275897ac0066c,4,"I pause at the dairy section, grabbing a carton of milk and a block of cheese."
f55275897ac0066c_5,f55275897ac0066c,5,"A mother with a toddler in a stroller passes me, the child reaching for a candy bar that is out of reach."
f55275897ac0066c_6,f55275897ac0066c,6,"I move to the snack aisle, picking up a bag of almonds and a pack of cookies."
f55275897ac0066c_7,f55275897ac0066c,7,"As I navigate past the frozen foods, I hear a familiar voice calling out a sale, but I already have everything I need."
f55275897ac0066c_8,f55275897ac0066c,8,"I make my way to the checkout, where a cashier scans my items with a practiced efficiency."
68d5de4fa4137a37_1,68d5de4fa4137a37,1,"I am walking through the aisles of a bustling supermarket, the hum of conversation and the clatter of shopping carts creating a steady background noise."
68d5de4fa4137a37_2,68d5de4fa4137a37,2,"The fluorescent lights cast a bright, even glow over the neatly arranged shelves, each filled with rows of products labeled clearly."
68d5de4fa4137a37_3,68d5de4fa4137a37,3,"I am holding a shopping list in one hand and a basket in the other, moving methodically from one section to another."
68d5de4fa4137a37_4,68d5de4fa4137a37,4,The scent of fresh produce and baked goods mixes with the faint smell of cleaning products.
68d5de4fa4137a37_5,68d5de4fa4137a37,5,"I pause at the dairy section, scanning the expiration dates on the milk cartons before selecting a bottle."
68d5de4fa4137a37_6,68d5de4fa4137a37,6,"Nearby, a family is browsing the snack aisle, their children pulling small packages from the shelves."
68d5de4fa4137a37_7,68d5de4fa4137a37,7,"I continue on, mindful of the crowds, and make my way toward the checkout, my basket filled with groceries for the evening."
1a7a5b41e8d02365_1,1a7a5b41e8d02365,1,"I am walking down the aisle of a busy supermarket, the fluorescent lights buzzing slightly above my head."
1a7a5b41e8d02365_2,1a7a5b41e8d02365,2,The hum of the refrigerators and the chatter of other shoppers create a steady background noise.
1a7a5b41e8d02365_3,1a7a5b41e8d02365,3,"I am holding a shopping basket filled with a few essentials: milk, bread, eggs, and a bag of apples."
1a7a5b41e8d02365_4,1a7a5b41e8d02365,4,"I pause at the cereal aisle, scanning the shelves for a brand I usually buy."
1a7a5b41e8d02365_5,1a7a5b41e8d02365,5,A couple in front of me are debating whether to choose a gluten-free option or the regular one.
1a7a5b41e8d02365_6,1a7a5b41e8d02365,6,"I move past them and continue toward the checkout, passing rows of canned goods, snacks, and cleaning supplies."
1a7a5b41e8d02365_7,1a7a5b41e8d02365,7,The scent of fresh produce and baked goods wafts from the bakery section.
1a7a5b41e8d02365_8,1a7a5b41e8d02365,8,I glance at the clock on the wall—10:45 a.
1a7a5b41e8d02365_9,1a7a5b41e8d02365,9,m.
1a7a5b41e8d02365_10,1a7a5b41e8d02365,10,—and realize I need to hurry to avoid the afternoon rush.
c33c14ca66f10317_1,c33c14ca66f10317,1,"I am walking down the aisle of a brightly lit supermarket, the hum of fluorescent lights blending with the soft chatter of other shoppers."
c33c14ca66f10317_2,c33c14ca66f10317,2,"The scent of fresh produce and baked goods fills the air, mingling with the faint smell of cleaning products."
c33c14ca66f10317_3,c33c14ca66f10317,3,"I am holding a basket, carefully selecting items for my grocery list—apples, milk, bread, and a pack of eggs."
c33c14ca66f10317_4,c33c14ca66f10317,4,"A child in a stroller rolls past, its parent calling out to it with a gentle tone."
c33c14ca66f10317_5,c33c14ca66f10317,5,"I pass a display of colorful candies, but resist the urge to stop."
c33c14ca66f10317_6,c33c14ca66f10317,6,"I check the expiration dates on the dairy section, making sure everything is fresh."
c33c14ca66f10317_7,c33c14ca66f10317,7,A couple at the end of the aisle is debating whether to buy organic or regular bananas.
c33c14ca66f10317_8,c33c14ca66f10317,8,"I grab a loaf of whole grain bread, place it in my basket, and continue toward the checkout, my mind focused on the task at hand."
bfd6970592669574_1,bfd6970592669574,1,"I am walking through the aisles of a brightly lit supermarket, the hum of fluorescent lights mingling with the soft chatter of other shoppers."
bfd6970592669574_2,bfd6970592669574,2,"The scent of fresh produce and baked goods fills the air, mingling with the faint aroma of cleaning products."
bfd6970592669574_3,bfd6970592669574,3,"I navigate past rows of canned goods, past the dairy section where a display of cheese is arranged neatly, and toward the grocery basket I’ve been carrying."
bfd6970592669574_4,bfd6970592669574,4,"I pause at the snack aisle, scanning the shelves for a brand of chocolate bars, while a young child tugs at their parent’s sleeve, pointing at a colorful box of cereal."
bfd6970592669574_5,bfd6970592669574,5,"I grab a bag of almonds and a loaf of bread, adding them to the basket."
bfd6970592669574_6,bfd6970592669574,6,"As I move toward the checkout, I glance at the loyalty card rack, considering whether to swipe my card for a discount."
bfd6970592669574_7,bfd6970592669574,7,"The scene is quiet, routine, and filled with the everyday rhythm of shopping."
971a9d160a56ebdd_1,971a9d160a56ebdd,1,"I am walking down the aisle of a brightly lit supermarket, the hum of fluorescent lights and the distant sound of a cash register echoing around me."
971a9d160a56ebdd_2,971a9d160a56ebdd,2,"The air is slightly stale but carries the familiar aromas of fresh produce, baked goods, and cleaning products."
971a9d160a56ebdd_3,971a9d160a56ebdd,3,"I am holding a shopping basket filled with essentials like bread, milk, and eggs, while scanning the shelves for items on my mental list."
971a9d160a56ebdd_4,971a9d160a56ebdd,4,"A couple ahead of me is picking through a display of canned vegetables, while a child clings to their parent’s hand, pointing at colorful packages of candy."
971a9d160a56ebdd_5,971a9d160a56ebdd,5,"I pause at the dairy section, eyeing the different brands of yogurt, before grabbing a carton and moving toward the checkout."
971a9d160a56ebdd_6,971a9d160a56ebdd,6,"The scene is quiet but alive, a typical moment in a place where people come and go, each with their own purpose."
f5282d9bf7c7a789_1,f5282d9bf7c7a789,1,"I am in a bustling supermarket, the fluorescent lights casting a bright, even glow over the aisles."
f5282d9bf7c7a789_2,f5282d9bf7c7a789,2,The hum of refrigerators and the chatter of other shoppers create a steady background noise.
f5282d9bf7c7a789_3,f5282d9bf7c7a789,3,"I am pushing a shopping cart down the cereal aisle, scanning the shelves for my usual brand."
f5282d9bf7c7a789_4,f5282d9bf7c7a789,4,"A child in a stroller nearby is giggling, while a woman in a blue sweater is carefully reading the ingredients on a package."
f5282d9bf7c7a789_5,f5282d9bf7c7a789,5,"I grab a box of oats and move to the next aisle, where fresh produce is displayed in neat, colorful stacks."
f5282d9bf7c7a789_6,f5282d9bf7c7a789,6,"I pause at the dairy section, eyeing the milk and cheese, before heading toward the checkout."
f5282d9bf7c7a789_7,f5282d9bf7c7a789,7,"The air smells faintly of bread and citrus, and the floor is slightly damp from the cleaning staff’s recent work."
f5282d9bf7c7a789_8,f5282d9bf7c7a789,8,"I don’t know the exact time, but it feels like a typical weekday afternoon."
7137fa6c40025199_1,7137fa6c40025199,1,"I am walking down the aisle of a brightly lit supermarket, the hum of fluorescent lights and distant chatter creating a familiar background noise."
7137fa6c40025199_2,7137fa6c40025199,2,"The scent of fresh produce and baked goods fills the air, mingling with the faint smell of cleaning products."
7137fa6c40025199_3,7137fa6c40025199,3,"I pause at the dairy section, scanning the shelves for milk, and grab a carton, checking the expiration date."
7137fa6c40025199_4,7137fa6c40025199,4,"A few feet away, a mother is helping her young child pick out a bag of apples, while another shopper quickly scans the shelves for cereal."
7137fa6c40025199_5,7137fa6c40025199,5,"I move toward the bread aisle, where a display of loaves sits neatly in a glass case."
7137fa6c40025199_6,7137fa6c40025199,6,"I grab a slice of whole grain bread and place it in my basket, then make my way toward the checkout, where a line has formed."
7137fa6c40025199_7,7137fa6c40025199,7,"I step into it, waiting patiently as the cashier scans my items."
3f5cee714124527e_1,3f5cee714124527e,1,"I am walking down the aisle of a bustling supermarket, the hum of conversation and the clatter of shopping carts creating a steady background noise."
3f5cee714124527e_2,3f5cee714124527e,2,"The fluorescent lights above cast a bright, even glow over the neatly arranged shelves."
3f5cee714124527e_3,3f5cee714124527e,3,"I am holding a small basket, filled with a few essentials—milk, bread, and a pack of apples."
3f5cee714124527e_4,3f5cee714124527e,4,"I pause at the cereal aisle, scanning the labels for a brand I usually buy."
3f5cee714124527e_5,3f5cee714124527e,5,A couple in front of me is debating whether to choose the chocolate or vanilla flavor.
3f5cee714124527e_6,3f5cee714124527e,6,"I move past the produce section, where the scent of fresh strawberries and oranges mixes with the faint smell of cleaning products."
3f5cee714124527e_7,3f5cee714124527e,7,I check the expiration dates on the dairy products before placing a carton of yogurt in my basket.
3f5cee714124527e_8,3f5cee714124527e,8,"As I reach the checkout, I glance at the clock— it’s already late, and I need to hurry to make it home before dinner."
5a5493eb792b3be6_1,5a5493eb792b3be6,1,"I am walking down the aisles of a busy supermarket, the hum of fluorescent lights and chatter of other shoppers filling the air."
5a5493eb792b3be6_2,5a5493eb792b3be6,2,"I am holding a shopping basket filled with a few essentials: a loaf of bread, a carton of milk, and a bag of apples."
5a5493eb792b3be6_3,5a5493eb792b3be6,3,"I pass the produce section, where bright colors and fresh scents attract my attention, but I keep moving toward the dairy aisle."
5a5493eb792b3be6_4,5a5493eb792b3be6,4,"I grab the milk, check the expiration date, and place it in the basket."
5a5493eb792b3be6_5,5a5493eb792b3be6,5,"As I walk past the bakery, the smell of freshly baked bread wafts through the air, but I resist the urge to stop."
5a5493eb792b3be6_6,5a5493eb792b3be6,6,"I continue to the checkout, where a line of people waits patiently."
5a5493eb792b3be6_7,5a5493eb792b3be6,7,"I step up, scan my items, and pay with a debit card."
5a5493eb792b3be6_8,5a5493eb792b3be6,8,"I take my groceries and step outside, the cool evening air refreshing after the warm, bustling store."
c72e46ecc063aee7_1,c72e46ecc063aee7,1,"I am walking down the aisle of a busy supermarket, the hum of fluorescent lights and the chatter of other shoppers creating a steady background noise."
c72e46ecc063aee7_2,c72e46ecc063aee7,2,"I am holding a shopping basket filled with groceries, including a bag of apples, a box of cereal, and a carton of milk."
c72e46ecc063aee7_3,c72e46ecc063aee7,3,"I pause at the bread aisle, scanning the shelves for a loaf of whole grain bread."
c72e46ecc063aee7_4,c72e46ecc063aee7,4,"A couple in front of me is also looking for bread, so I step back slightly to let them pass."
c72e46ecc063aee7_5,c72e46ecc063aee7,5,"As I move toward the checkout, I glance at the produce section, where a display of bright red tomatoes catches my eye."
c72e46ecc063aee7_6,c72e46ecc063aee7,6,I consider adding a few to my basket but decide to stick to my list.
c72e46ecc063aee7_7,c72e46ecc063aee7,7,"The air is slightly stale, with the faint smell of cleaning products and fresh produce mixing together."
c72e46ecc063aee7_8,c72e46ecc063aee7,8,"I reach the end of the aisle and make my way toward the exit, ready to finish my shopping."
20a0eb5bfebfb66e_1,20a0eb5bfebfb66e,1,"I am walking through the aisles of a brightly lit supermarket, the hum of conversation and the occasional clatter of shopping carts creating a steady background noise."
20a0eb5bfebfb66e_2,20a0eb5bfebfb66e,2,The scent of fresh produce and baked goods mixes with the faint aroma of cleaning products.
20a0eb5bfebfb66e_3,20a0eb5bfebfb66e,3,"I am holding a small basket, carefully selecting items from the shelves—organic apples, a pack of whole grain bread, a bottle of olive oil, and a box of almond milk."
20a0eb5bfebfb66e_4,20a0eb5bfebfb66e,4,"I pass the dairy section, where a young couple is comparing brands of cheese, and the deli counter, where a woman is picking through a display of pre-packaged meals."
20a0eb5bfebfb66e_5,20a0eb5bfebfb66e,5,"I stop at the snack aisle, considering whether to grab a bag of nuts or a chocolate bar."
20a0eb5bfebfb66e_6,20a0eb5bfebfb66e,6,"The fluorescent lights flicker slightly as I navigate the crowded aisles, making the space feel a bit warmer."
20a0eb5bfebfb66e_7,20a0eb5bfebfb66e,7,"I make my way toward the checkout, my basket full of groceries, ready to pay for my purchases."
08655487b5c3f2b9_1,08655487b5c3f2b9,1,"I am in a bustling supermarket, the fluorescent lights buzzing softly overhead."
08655487b5c3f2b9_2,08655487b5c3f2b9,2,"The aisles are wide, lined with neatly stacked shelves filled with groceries."
08655487b5c3f2b9_3,08655487b5c3f2b9,3,The scent of fresh produce and baked goods mixes with the faint hum of the air conditioning.
08655487b5c3f2b9_4,08655487b5c3f2b9,4,"I am walking slowly, pushing a shopping cart, scanning the labels on the packages as I pick up items."
08655487b5c3f2b9_5,08655487b5c3f2b9,5,"I stop at the dairy section, grabbing a carton of milk, then move to the bread aisle, where a display of loaves catches my eye."
08655487b5c3f2b9_6,08655487b5c3f2b9,6,"I grab a bag of apples from the produce section, checking the expiration dates as I go."
08655487b5c3f2b9_7,08655487b5c3f2b9,7,"The sounds of other shoppers, the clinking of cans, and the occasional announcement from the store’s intercom create a steady background noise."
08655487b5c3f2b9_8,08655487b5c3f2b9,8,"I continue my path, mindful of the cart, and plan my route to the checkout."
08655487b5c3f2b9_9,08655487b5c3f2b9,9,"The scene is calm but lively, a typical afternoon in a supermarket."
e8c7779dd0d6b1a0_1,e8c7779dd0d6b1a0,1,"I am walking through the aisles of a bright, well-lit supermarket, the hum of fluorescent lights and distant chatter creating a familiar background noise."
e8c7779dd0d6b1a0_2,e8c7779dd0d6b1a0,2,"The scent of fresh produce and baked goods fills the air, mingling with the faint smell of cleaning products."
e8c7779dd0d6b1a0_3,e8c7779dd0d6b1a0,3,"I am holding a shopping cart, pushing it slowly along the path, stopping occasionally to examine the contents of different shelves."
e8c7779dd0d6b1a0_4,e8c7779dd0d6b1a0,4,"I grab a few items from the dairy section—milk, cheese, and yogurt—then move to the produce aisle, where I pick up a bag of apples and a bundle of carrots."
e8c7779dd0d6b1a0_5,e8c7779dd0d6b1a0,5,I stop at the bread aisle to check the expiration dates on a few loaves before heading to the checkout.
e8c7779dd0d6b1a0_6,e8c7779dd0d6b1a0,6,"The line is short, and I wait patiently, scanning my items as I go."
e8c7779dd0d6b1a0_7,e8c7779dd0d6b1a0,7,"I don’t know the exact time of day, but the store feels quiet and routine, as if everyone is moving with the same purpose."
9f7ae44b4b31fd65_1,9f7ae44b4b31fd65,1,"I am walking down the aisle of a bustling supermarket, the hum of conversation and the clatter of shopping carts filling the air."
9f7ae44b4b31fd65_2,9f7ae44b4b31fd65,2,The scent of fresh produce and baked goods mixes with the faint aroma of cleaning products.
9f7ae44b4b31fd65_3,9f7ae44b4b31fd65,3,"I grab a cart and start scanning the shelves, picking up a few essentials—bananas, a box of cereal, and a bag of apples."
9f7ae44b4b31fd65_4,9f7ae44b4b31fd65,4,"I pause at the dairy section, eyeing the milk and cheese, before moving on to the pantry aisle where I grab a can of beans and a jar of peanut butter."
9f7ae44b4b31fd65_5,9f7ae44b4b31fd65,5,"The fluorescent lights flicker slightly above, casting a soft glow over the neatly arranged products."
9f7ae44b4b31fd65_6,9f7ae44b4b31fd65,6,"I navigate around a group of people browsing the snack section, keeping my path clear."
9f7ae44b4b31fd65_7,9f7ae44b4b31fd65,7,"As I reach the checkout, I double-check my list to make sure I haven’t missed anything."
9f7ae44b4b31fd65_8,9f7ae44b4b31fd65,8,"The cashier waves me forward, and I step into the queue, ready to complete my shopping."
9a8a77a8e6221492_1,9a8a77a8e6221492,1,"I am walking through the aisles of a bustling supermarket, the hum of fluorescent lights and the chatter of other shoppers creating a steady background noise."
9a8a77a8e6221492_2,9a8a77a8e6221492,2,"The scent of fresh produce and baked goods fills the air, mingling with the faint smell of cleaning products."
9a8a77a8e6221492_3,9a8a77a8e6221492,3,"I stop at the dairy section, scanning the shelves for milk, and pick up a carton, checking the expiration date."
9a8a77a8e6221492_4,9a8a77a8e6221492,4,"Nearby, a family is browsing the snack aisle, their young child pointing at colorful packages."
9a8a77a8e6221492_5,9a8a77a8e6221492,5,"I move toward the bread counter, where a display of loaves is arranged neatly, and grab a bag of whole grain bread."
9a8a77a8e6221492_6,9a8a77a8e6221492,6,"As I walk toward the checkout, I pass a display of seasonal fruits, their vibrant colors catching my eye."
9a8a77a8e6221492_7,9a8a77a8e6221492,7,"I glance at the clock on the wall, realizing I need to hurry to avoid the long line."
9a8a77a8e6221492_8,9a8a77a8e6221492,8,"I make my way toward the exit, holding my basket of groceries."
fd0b7df51029544c_1,fd0b7df51029544c,1,"I am walking down the aisle of a busy supermarket, the fluorescent lights buzzing softly above."
fd0b7df51029544c_2,fd0b7df51029544c,2,The hum of conversation and the clatter of shopping carts fill the air.
fd0b7df51029544c_3,fd0b7df51029544c,3,"I am holding a basket, carefully selecting items from the shelves—organic apples, a pack of toilet paper, a box of cereal."
fd0b7df51029544c_4,fd0b7df51029544c,4,"I pause at the dairy section, scanning the expiration dates on the milk cartons before picking one up."
fd0b7df51029544c_5,fd0b7df51029544c,5,"A few feet away, a young mother is pushing a stroller, her child pointing at the colorful packaging."
fd0b7df51029544c_6,fd0b7df51029544c,6,"I pass a display of fresh bread, the scent of warm flour and yeast wafting slightly through the air."
fd0b7df51029544c_7,fd0b7df51029544c,7,"I grab a loaf and move toward the checkout, where a line of people waits patiently."
fd0b7df51029544c_8,fd0b7df51029544c,8,"I step up, scan my items, and wait for my turn, the familiar rhythm of the supermarket pulling me along with the flow of the crowd."
8eac65fb3663bc94_1,8eac65fb3663bc94,1,"I am walking down the aisle of a busy supermarket, the fluorescent lights buzzing softly above."
8eac65fb3663bc94_2,8eac65fb3663bc94,2,The hum of conversation and the clatter of shopping carts create a familiar background noise.
8eac65fb3663bc94_3,8eac65fb3663bc94,3,"I am holding a shopping basket, scanning the shelves for items on my list."
8eac65fb3663bc94_4,8eac65fb3663bc94,4,"I pass the produce section, where bright fruits and vegetables are neatly arranged in plastic displays."
8eac65fb3663bc94_5,8eac65fb3663bc94,5,"I stop at the dairy section, where milk and cheese are stacked in neat rows."
8eac65fb3663bc94_6,8eac65fb3663bc94,6,"I grab a carton of milk and a block of cheese, then move to the snack aisle, where a variety of chips and candy are displayed."
8eac65fb3663bc94_7,8eac65fb3663bc94,7,I pick up a bag of almonds and a pack of dark chocolate.
8eac65fb3663bc94_8,8eac65fb3663bc94,8,"As I walk toward the checkout, I glance at the bread section, where loaves are stacked in white boxes, and take a small bag of whole grain bread."
8eac65fb3663bc94_9,8eac65fb3663bc94,9,I am ready to complete my shopping.
a485f9521d6a9fcc_1,a485f9521d6a9fcc,1,"I am walking down the aisles of a brightly lit supermarket, the hum of fluorescent lights mingling with the sounds of people talking and the occasional squeak of shopping carts."
a485f9521d6a9fcc_2,a485f9521d6a9fcc,2,The air is slightly stale but filled with the scent of fresh produce and baked goods.
a485f9521d6a9fcc_3,a485f9521d6a9fcc,3,"I am holding a small basket, picking up a few items as I go—organic apples, a box of cereal, a bag of almonds."
a485f9521d6a9fcc_4,a485f9521d6a9fcc,4,"A mother with two young children is pushing a cart ahead of me, while a teenager checks the prices on a loaf of bread."
a485f9521d6a9fcc_5,a485f9521d6a9fcc,5,I pass a display of colorful candies and stop to read the ingredients on a package of pasta.
a485f9521d6a9fcc_6,a485f9521d6a9fcc,6,"I grab a few items, then make my way to the checkout, where a cashier is scanning a barcode with a quick, practiced motion."
a485f9521d6a9fcc_7,a485f9521d6a9fcc,7,"I place my items on the conveyor belt, waiting patiently as the machine processes them."
845cc6bd73cc1785_1,845cc6bd73cc1785,1,"I am walking down the aisle of a brightly lit supermarket, the hum of fluorescent lights mingling with the soft chatter of other shoppers."
845cc6bd73cc1785_2,845cc6bd73cc1785,2,"The scent of fresh produce and baked goods fills the air, mixed with the faint aroma of cleaning products."
845cc6bd73cc1785_3,845cc6bd73cc1785,3,"I am holding a shopping basket filled with items like bread, eggs, and a few snacks."
845cc6bd73cc1785_4,845cc6bd73cc1785,4,"I pass displays of colorful fruits, neatly arranged in plastic crates, and shelves lined with neatly stacked boxes of cereal and pasta."
845cc6bd73cc1785_5,845cc6bd73cc1785,5,"A few people are browsing the aisles, some looking at labels, others scanning barcodes with handheld devices."
845cc6bd73cc1785_6,845cc6bd73cc1785,6,A child is being guided by a parent toward a toy section at the end of the aisle.
845cc6bd73cc1785_7,845cc6bd73cc1785,7,"I make my way to the dairy section, where the cool air carries the smell of milk and cheese."
845cc6bd73cc1785_8,845cc6bd73cc1785,8,"I grab a carton of milk and a block of cheese, then head toward the checkout, ready to complete my shopping."
e1878e6390ccd241_1,e1878e6390ccd241,1,"I am walking down the aisle of a busy supermarket, the fluorescent lights buzzing softly overhead."
e1878e6390ccd241_2,e1878e6390ccd241,2,"The smell of fresh produce and baked goods fills the air, mingling with the faint hum of the refrigerators."
e1878e6390ccd241_3,e1878e6390ccd241,3,"I pass rows of colorful fruits and vegetables, picking up a few apples and a bundle of carrots."
e1878e6390ccd241_4,e1878e6390ccd241,4,"Nearby, a mother is pushing a stroller while her toddler clings to her leg, pointing at the shiny packages on the shelves."
e1878e6390ccd241_5,e1878e6390ccd241,5,"I stop at the dairy section, scanning the labels on the milk cartons before selecting a brand that feels familiar."
e1878e6390ccd241_6,e1878e6390ccd241,6,"A few feet away, a man is checking the expiration dates on the bread, while another is comparing prices on the scanner."
e1878e6390ccd241_7,e1878e6390ccd241,7,"I grab a bag of flour and make my way to the checkout, where a cashier is already scanning items."
e1878e6390ccd241_8,e1878e6390ccd241,8,"I place my items on the conveyor belt, waiting for my turn."
e1878e6390ccd241_9,e1878e6390ccd241,9,"The scene is calm, yet filled with the quiet rhythm of everyday life."
c42ffb52722449f8_1,c42ffb52722449f8,1,"I am walking down the aisle of a bustling supermarket, the hum of fluorescent lights and the chatter of other shoppers creating a familiar background noise."
c42ffb52722449f8_2,c42ffb52722449f8,2,"The scent of fresh produce and baked goods fills the air, mingling with the faint smell of cleaning products."
c42ffb52722449f8_3,c42ffb52722449f8,3,"I pause at the dairy section, scanning the shelves for organic milk, while a young child tugs at their mother’s sleeve, pointing at a colorful box of cereal."
c42ffb52722449f8_4,c42ffb52722449f8,4,"Nearby, a man is carefully reading the labels on a variety of canned goods, comparing prices on his phone."
c42ffb52722449f8_5,c42ffb52722449f8,5,"I grab a bag of apples from the produce aisle, then move toward the bread section, where a display of loaves is arranged neatly in a glass case."
c42ffb52722449f8_6,c42ffb52722449f8,6,"As I reach for a loaf, a woman behind me calls out, asking for help locating a specific brand of cheese."
c42ffb52722449f8_7,c42ffb52722449f8,7,"I smile and nod, continuing my path toward the checkout."
c99637b7b940af06_1,c99637b7b940af06,1,"I’m walking down the aisle of a brightly lit supermarket, the hum of fluorescent lights and distant chatter creating a steady background noise."
c99637b7b940af06_2,c99637b7b940af06,2,"The smell of fresh produce, baked goods, and cleaning products fills the air."
c99637b7b940af06_3,c99637b7b940af06,3,"I’m holding a shopping basket, scanning the shelves for items on my list."
c99637b7b940af06_4,c99637b7b940af06,4,"I pause at the dairy section, grabbing a carton of milk and a block of cheese."
c99637b7b940af06_5,c99637b7b940af06,5,"Nearby, a mother is pushing a stroller while her toddler clings to her leg, babbling at the colorful packaging."
c99637b7b940af06_6,c99637b7b940af06,6,"I move toward the bread aisle, where a display of loaves sits under a glass cover, tempting with their golden crusts."
c99637b7b940af06_7,c99637b7b940af06,7,"I pick up a bag of whole grain bread, then head toward the checkout, where a line of people waits patiently, phones in hand, scanning items as they go."
c99637b7b940af06_8,c99637b7b940af06,8,"The scene feels calm, routine, and familiar."
0a6290a3f09a3845_1,0a6290a3f09a3845,1,"I’m walking down the aisle of a bustling supermarket, the hum of conversation and the clatter of shopping carts filling the air."
0a6290a3f09a3845_2,0a6290a3f09a3845,2,"The fluorescent lights above cast a bright, even glow over the neatly arranged shelves."
0a6290a3f09a3845_3,0a6290a3f09a3845,3,"I’m holding a cart, pushing it slowly as I scan the labels on the products."
0a6290a3f09a3845_4,0a6290a3f09a3845,4,"I pass the produce section, where bright colors of fruits and vegetables catch my eye—red apples, green lettuce, and bunches of bananas."
0a6290a3f09a3845_5,0a6290a3f09a3845,5,"I stop at the dairy aisle, where the smell of fresh milk and cheese mixes with the faint scent of cleaning products."
0a6290a3f09a3845_6,0a6290a3f09a3845,6,"I grab a carton of milk and a block of cheese, checking the expiration dates as I go."
0a6290a3f09a3845_7,0a6290a3f09a3845,7,"I make my way to the checkout, where a line of people waits patiently."
0a6290a3f09a3845_8,0a6290a3f09a3845,8,"I place my items on the conveyor belt, watching as the scanner reads each product."
0a6290a3f09a3845_9,0a6290a3f09a3845,9,"I pay with my card, then take my bagged groceries and walk out into the parking lot, the sun warming my shoulders."
23e183a8a3b764ee_1,23e183a8a3b764ee,1,"I was in a busy supermarket, the fluorescent lights buzzing softly overhead."
23e183a8a3b764ee_2,23e183a8a3b764ee,2,"The aisles were filled with shoppers browsing shelves, some pushing carts, others holding items in their hands."
23e183a8a3b764ee_3,23e183a8a3b764ee,3,The scent of fresh produce and baked goods mixed with the faint aroma of cleaning products.
23e183a8a3b764ee_4,23e183a8a3b764ee,4,"I moved slowly, scanning labels for the best deals, checking expiration dates, and comparing prices."
23e183a8a3b764ee_5,23e183a8a3b764ee,5,"I grabbed a cart and headed to the dairy section, where the cool air made me shiver slightly."
23e183a8a3b764ee_6,23e183a8a3b764ee,6,"I picked up a carton of milk and a loaf of bread, then made my way to the produce aisle, where I selected a few apples and a head of lettuce."
23e183a8a3b764ee_7,23e183a8a3b764ee,7,"I paused at the checkout, where a cashier scanned my items with a quick, efficient motion."
23e183a8a3b764ee_8,23e183a8a3b764ee,8,"I paid and took my bag, then walked outside, the afternoon sun warming my face as I headed home."
860119a954365359_1,860119a954365359,1,"I was in a busy supermarket, the hum of conversation and the clatter of shopping carts filling the air."
860119a954365359_2,860119a954365359,2,"I moved slowly through the aisles, pushing my cart with a basket of groceries."
860119a954365359_3,860119a954365359,3,"The fluorescent lights buzzed overhead, casting a bright white glow on the neatly arranged shelves."
860119a954365359_4,860119a954365359,4,"I stopped at the dairy section, grabbed a carton of milk, and moved on to the produce, where fresh apples and carrots were displayed in neat rows."
860119a954365359_5,860119a954365359,5,"I picked up a few items, checking prices on the labels, and then headed to the checkout."
860119a954365359_6,860119a954365359,6,"The line was short, and the cashier smiled as she scanned my items."
860119a954365359_7,860119a954365359,7,"I paid and took my bag, then walked out into the parking lot, where the sun was beginning to set, casting a golden light over the cars."
860119a954365359_8,860119a954365359,8,I don’t know.
4b3202b712286e4a_1,4b3202b712286e4a,1,"I was walking through the aisles of a well-lit supermarket, the hum of conversation and the clinking of shopping carts filling the air."
4b3202b712286e4a_2,4b3202b712286e4a,2,"I was looking for fresh fruit, so I headed to the produce section, where the scent of apples and citrus lingered."
4b3202b712286e4a_3,4b3202b712286e4a,3,"I picked up a few organic oranges and a bunch of grapes, checking the labels for expiration dates."
4b3202b712286e4a_4,4b3202b712286e4a,4,"As I moved on, I passed a display of cereals and noticed a promotion for a new granola brand."
4b3202b712286e4a_5,4b3202b712286e4a,5,"I grabbed a sample and tried it, then put it back."
4b3202b712286e4a_6,4b3202b712286e4a,6,"I grabbed a carton of milk and a loaf of bread, then headed to the checkout."
4b3202b712286e4a_7,4b3202b712286e4a,7,"The cashier was efficient, scanning items quickly, and I paid with my card."
4b3202b712286e4a_8,4b3202b712286e4a,8,"I grabbed my bags and walked out, the warm afternoon sun greeting me as I stepped into the parking lot."
4b3202b712286e4a_9,4b3202b712286e4a,9,I don’t know.
2cfe066e7f0a42bf_1,2cfe066e7f0a42bf,1,"I was in a quiet supermarket in the early afternoon, the fluorescent lights buzzing softly."
2cfe066e7f0a42bf_2,2cfe066e7f0a42bf,2,"The aisles were lined with neatly stacked shelves, and the hum of conversation and the occasional cart wheeling down a path filled the air."
2cfe066e7f0a42bf_3,2cfe066e7f0a42bf,3,"I was looking for cereal, so I walked past the bread and dairy sections, then turned into the cereal aisle."
2cfe066e7f0a42bf_4,2cfe066e7f0a42bf,4,"A few people were browsing, some holding packages in their hands, others reading labels."
2cfe066e7f0a42bf_5,2cfe066e7f0a42bf,5,"I picked up a box of oats, checked the expiration date, and put it back."
2cfe066e7f0a42bf_6,2cfe066e7f0a42bf,6,"I grabbed a bag of almonds instead, then moved toward the checkout."
2cfe066e7f0a42bf_7,2cfe066e7f0a42bf,7,"The line was short, and the cashier smiled as she scanned my items."
2cfe066e7f0a42bf_8,2cfe066e7f0a42bf,8,"I paid and left, the bag of almonds tucked under my arm, the smell of fresh bread still lingering in the air."
2cfe066e7f0a42bf_9,2cfe066e7f0a42bf,9,I don’t know.
5784abc2212311e6_1,5784abc2212311e6,1,"I was walking through the aisles of a bright, well-lit supermarket, the hum of conversation and the clinking of shopping carts filling the air."
5784abc2212311e6_2,5784abc2212311e6,2,"I grabbed a cart and headed to the produce section, where fresh fruits and vegetables were neatly arranged."
5784abc2212311e6_3,5784abc2212311e6,3,I picked up a few apples and a bundle of spinach.
5784abc2212311e6_4,5784abc2212311e6,4,"Then I moved to the dairy aisle, where I grabbed a carton of milk and a block of cheese."
5784abc2212311e6_5,5784abc2212311e6,5,I stopped by the snacks section to pick up some crackers and a bag of chips.
5784abc2212311e6_6,5784abc2212311e6,6,"As I walked toward the checkout, I passed by the bakery, where the smell of fresh bread wafted through the store."
5784abc2212311e6_7,5784abc2212311e6,7,"I grabbed a loaf of sourdough and headed to the register, where I paid for my items and took my bag."
5784abc2212311e6_8,5784abc2212311e6,8,"It was a typical, peaceful shopping trip, filled with everyday choices and routine."
0d3a8f039b3d7773_1,0d3a8f039b3d7773,1,"I was walking through the aisles of a well-lit supermarket, the hum of conversation and the clinking of shopping carts filling the air."
0d3a8f039b3d7773_2,0d3a8f039b3d7773,2,"I was looking for fresh produce, so I headed to the fruit section, where the scent of oranges and berries mingled with the coolness of the refrigerated display."
0d3a8f039b3d7773_3,0d3a8f039b3d7773,3,"I picked up a few apples and a small bunch of grapes, then moved to the dairy aisle, where I grabbed a carton of milk and a block of cheese."
0d3a8f039b3d7773_4,0d3a8f039b3d7773,4,"As I walked back toward the checkout, I passed the snack section, where a child was reaching for a bag of chips."
0d3a8f039b3d7773_5,0d3a8f039b3d7773,5,"I made a mental note to pick up a loaf of bread on my way out, then headed to the front of the store, where the line for the self-checkout was short."
0d3a8f039b3d7773_6,0d3a8f039b3d7773,6,"I scanned my items, paid, and left with a paper bag full of groceries."
896e45dc31afce47_1,896e45dc31afce47,1,"I was walking through the aisles of a busy supermarket, the hum of conversation and the clatter of shopping carts filling the air."
896e45dc31afce47_2,896e45dc31afce47,2,"I grabbed a basket and headed to the produce section, where bright colors of fruits and vegetables caught my eye."
896e45dc31afce47_3,896e45dc31afce47,3,"I picked up a few apples and a bag of carrots, then moved to the dairy aisle, where I grabbed a carton of milk and a block of cheese."
896e45dc31afce47_4,896e45dc31afce47,4,"I paused at the snack section, considering a bag of chips, but decided against it."
896e45dc31afce47_5,896e45dc31afce47,5,"I then went to the bread counter, where I picked up a loaf of whole grain bread."
896e45dc31afce47_6,896e45dc31afce47,6,"As I walked toward the checkout, I noticed a display of seasonal items and stopped to pick up a small jar of jam."
896e45dc31afce47_7,896e45dc31afce47,7,"I placed everything in the basket and headed to the cashier, ready to pay."
7be539a818787310_1,7be539a818787310,1,"I was walking down the aisle of a busy supermarket, the fluorescent lights buzzing softly overhead."
7be539a818787310_2,7be539a818787310,2,The smell of fresh produce and baked goods filled the air.
7be539a818787310_3,7be539a818787310,3,"I grabbed a cart and headed to the dairy section, where the milk and cheese were neatly arranged."
7be539a818787310_4,7be539a818787310,4,I picked up a carton of almond milk and a block of cheddar.
7be539a818787310_5,7be539a818787310,5,"As I moved to the next aisle, I noticed a display of colorful cereals, and I grabbed a box of oats for breakfast."
7be539a818787310_6,7be539a818787310,6,"I passed the bakery section, where the aroma of fresh bread was strong."
7be539a818787310_7,7be539a818787310,7,I added a baguette to my cart.
7be539a818787310_8,7be539a818787310,8,"I stopped at the checkout, where a cashier scanned my items quickly."
7be539a818787310_9,7be539a818787310,9,"I paid and grabbed my bag, then headed out into the parking lot, the sun shining brightly above."
2e2bca8caef1f0cd_1,2e2bca8caef1f0cd,1,"I was in a busy supermarket on a weekday afternoon, the fluorescent lights buzzing softly overhead."
2e2bca8caef1f0cd_2,2e2bca8caef1f0cd,2,"The aisles were packed with shoppers browsing shelves, some holding carts, others grabbing items from the displays."
2e2bca8caef1f0cd_3,2e2bca8caef1f0cd,3,The smell of fresh produce and baked goods filled the air.
2e2bca8caef1f0cd_4,2e2bca8caef1f0cd,4,"I moved slowly through the cereal aisle, scanning the boxes for my usual brand, while a child nearby tugged at their parent's sleeve, pointing at a cartoon-shaped cereal box."
2e2bca8caef1f0cd_5,2e2bca8caef1f0cd,5,"I grabbed a few items and placed them in my cart, then headed to the dairy section, where a woman was carefully checking the expiration dates on milk cartons."
2e2bca8caef1f0cd_6,2e2bca8caef1f0cd,6,"I picked up a carton, checked the date, and moved on, keeping an eye out for the checkout line."
2e2bca8caef1f0cd_7,2e2bca8caef1f0cd,7,"The hum of conversation and the occasional beeping of the scanners created a familiar, comforting rhythm."
bfca85dcb6c28b06_1,bfca85dcb6c28b06,1,"I was walking through the aisles of a well-lit supermarket, the hum of conversation and the clinking of shopping carts filling the air."
bfca85dcb6c28b06_2,bfca85dcb6c28b06,2,"I grabbed a basket and headed to the produce section, where fresh fruits and vegetables were neatly arranged."
bfca85dcb6c28b06_3,bfca85dcb6c28b06,3,I picked up a few apples and a bundle of spinach.
bfca85dcb6c28b06_4,bfca85dcb6c28b06,4,"Next, I moved to the dairy aisle, where I selected a carton of milk and a block of cheese."
bfca85dcb6c28b06_5,bfca85dcb6c28b06,5,I stopped by the snack section to grab some granola bars for later.
bfca85dcb6c28b06_6,bfca85dcb6c28b06,6,"As I walked, I noticed a display of seasonal items, including pumpkin spice treats, which I passed by without stopping."
bfca85dcb6c28b06_7,bfca85dcb6c28b06,7,"I made my way to the checkout, where a cashier scanned my items with a quick efficiency."
bfca85dcb6c28b06_8,bfca85dcb6c28b06,8,"I paid and took my bag, then headed out into the cool afternoon air, feeling satisfied with my small but necessary errand."
0c148d6c7cde351f_1,0c148d6c7cde351f,1,"I was walking through the aisles of a busy supermarket, the hum of conversation and the clinking of shopping carts filling the air."
0c148d6c7cde351f_2,0c148d6c7cde351f,2,"I grabbed a cart and started with the produce section, picking up a few apples and a head of lettuce."
0c148d6c7cde351f_3,0c148d6c7cde351f,3,"I moved to the dairy aisle, where I grabbed a carton of milk and a block of cheese."
0c148d6c7cde351f_4,0c148d6c7cde351f,4,"Next, I stopped by the canned goods, selecting some beans and soup."
0c148d6c7cde351f_5,0c148d6c7cde351f,5,"I then headed to the snack section, grabbing a bag of chips and a few candy bars for the kids."
0c148d6c7cde351f_6,0c148d6c7cde351f,6,"As I moved, I kept an eye on the time, trying to make sure I didn’t stay too long."
0c148d6c7cde351f_7,0c148d6c7cde351f,7,"I grabbed my basket and headed to the checkout, where I paid and grabbed my bags."
0c148d6c7cde351f_8,0c148d6c7cde351f,8,"The day was warm, and the store smelled like fresh bread and cleaning products."
0c148d6c7cde351f_9,0c148d6c7cde351f,9,I was ready to go home.
16d73b0e69e7c8f8_1,16d73b0e69e7c8f8,1,"I was in a busy supermarket, the hum of conversation and the clatter of shopping carts filling the air."
16d73b0e69e7c8f8_2,16d73b0e69e7c8f8,2,"I moved slowly through the aisles, grabbing a carton of milk and a loaf of bread from the grocery section."
16d73b0e69e7c8f8_3,16d73b0e69e7c8f8,3,"The scent of fresh produce wafted from the fruit and vegetable display, where a worker was restocking apples and bananas."
16d73b0e69e7c8f8_4,16d73b0e69e7c8f8,4,"I paused at the snack aisle, eyeing a bag of chips and a box of cookies before deciding against them."
16d73b0e69e7c8f8_5,16d73b0e69e7c8f8,5,"I grabbed a few items for dinner, then headed to the checkout."
16d73b0e69e7c8f8_6,16d73b0e69e7c8f8,6,"The line was short, and the cashier was efficient, scanning each item with a quick beep."
16d73b0e69e7c8f8_7,16d73b0e69e7c8f8,7,"I paid, grabbed my bag, and walked out into the parking lot, where the sun was beginning to set, casting a golden glow over the store."
7e3e708779cce5f0_1,7e3e708779cce5f0,1,"I was walking through the aisles of a busy supermarket, the hum of conversation and the clatter of shopping carts filling the air."
7e3e708779cce5f0_2,7e3e708779cce5f0,2,"The scent of fresh produce and baked goods wafted from the bakery section, where a woman was arranging loaves of bread."
7e3e708779cce5f0_3,7e3e708779cce5f0,3,"I grabbed a cart and headed to the dairy section, where the cold lights made the milk and cheese look almost too perfect."
7e3e708779cce5f0_4,7e3e708779cce5f0,4,"I picked up a carton of milk and a block of cheese, then moved to the snacks aisle, where I grabbed a bag of chips and a candy bar."
7e3e708779cce5f0_5,7e3e708779cce5f0,5,"I paused at the produce section, eyeing a bright red apple and a bunch of bananas."
7e3e708779cce5f0_6,7e3e708779cce5f0,6,"I placed them in the cart and continued to the checkout, where a cashier scanned my items with a steady hand."
7e3e708779cce5f0_7,7e3e708779cce5f0,7,"I paid and took my bag, then stepped outside into the afternoon sun, the smell of pavement and exhaust mixing with the lingering scent of the store."
77b66a13657d4138_1,77b66a13657d4138,1,"I was walking through the aisles of a well-lit supermarket, the hum of conversation and the clatter of shopping carts filling the air."
77b66a13657d4138_2,77b66a13657d4138,2,"I grabbed a cart and headed to the produce section, where fresh fruits and vegetables were displayed in neat arrangements."
77b66a13657d4138_3,77b66a13657d4138,3,I picked up a few apples and a bundle of carrots.
77b66a13657d4138_4,77b66a13657d4138,4,"Next, I moved to the dairy aisle, where I grabbed a carton of milk and a block of cheese."
77b66a13657d4138_5,77b66a13657d4138,5,"I then stopped at the snack section, where I grabbed a bag of chips and a candy bar."
77b66a13657d4138_6,77b66a13657d4138,6,"As I walked toward the checkout, I passed the bread aisle and picked up a loaf of whole grain bread."
77b66a13657d4138_7,77b66a13657d4138,7,"I placed all the items in the cart and headed to the register, where I paid and grabbed my receipt before heading out the automatic doors into the cool afternoon air."
0756f8f887591188_1,0756f8f887591188,1,"I was in the supermarket on a weekday morning, the aisles filled with people browsing shelves."
0756f8f887591188_2,0756f8f887591188,2,"I grabbed a cart and headed to the produce section, picking up a few apples and some fresh spinach."
0756f8f887591188_3,0756f8f887591188,3,"I moved to the dairy aisle, grabbed a carton of milk, and then stopped at the bread counter, where I picked up a loaf of whole grain bread."
0756f8f887591188_4,0756f8f887591188,4,"I checked the prices on the items, making sure I wasn’t overpaying."
0756f8f887591188_5,0756f8f887591188,5,I put everything in the cart and headed to the checkout.
0756f8f887591188_6,0756f8f887591188,6,"The line was short, and the cashier scanned each item quickly."
0756f8f887591188_7,0756f8f887591188,7,"I paid and grabbed my grocery bag, then walked out to my car, where I placed the items in the trunk."
0756f8f887591188_8,0756f8f887591188,8,"It was a simple, routine trip, but it felt good to get the essentials done."
dd29f0af30c2b17c_1,dd29f0af30c2b17c,1,"I was in the aisle with the canned goods, browsing the labels on the soup cans."
dd29f0af30c2b17c_2,dd29f0af30c2b17c,2,"The fluorescent lights buzzed softly, and the hum of the refrigerators in the background created a steady rhythm."
dd29f0af30c2b17c_3,dd29f0af30c2b17c,3,"I grabbed a can of tomato soup and a box of cereal, then moved to the dairy section."
dd29f0af30c2b17c_4,dd29f0af30c2b17c,4,The smell of fresh milk and cheese filled the air.
dd29f0af30c2b17c_5,dd29f0af30c2b17c,5,"I picked up a carton of milk and a block of cheddar, checking the expiration dates."
dd29f0af30c2b17c_6,dd29f0af30c2b17c,6,"As I walked toward the checkout, I passed a display of fruit, where a woman was selecting apples."
dd29f0af30c2b17c_7,dd29f0af30c2b17c,7,I grabbed a small bag of grapes and placed everything on the conveyor belt.
dd29f0af30c2b17c_8,dd29f0af30c2b17c,8,"The cashier rang up my items, and I handed over my card."
dd29f0af30c2b17c_9,dd29f0af30c2b17c,9,"I stepped out into the parking lot, the sun warm on my face, and the scent of fresh bread from the bakery nearby."
2c3ae213716f612a_1,2c3ae213716f612a,1,"I was walking through the aisles of a busy supermarket, the hum of conversation and the clinking of shopping carts filling the air."
2c3ae213716f612a_2,2c3ae213716f612a,2,"I grabbed a cart and headed to the produce section, where the scent of fresh fruits and vegetables filled the space."
2c3ae213716f612a_3,2c3ae213716f612a,3,"I picked up a few apples and some leafy greens, then moved to the dairy aisle, where I grabbed a carton of milk and a block of cheese."
2c3ae213716f612a_4,2c3ae213716f612a,4,"I paused at the snack section, eyeing a bag of chips before deciding against it."
2c3ae213716f612a_5,2c3ae213716f612a,5,"As I made my way to the checkout, I noticed a line forming, so I stepped back to wait."
2c3ae213716f612a_6,2c3ae213716f612a,6,"The fluorescent lights buzzed overhead, and the sound of the automatic doors opening and closing echoed through the store."
2c3ae213716f612a_7,2c3ae213716f612a,7,"I kept my focus on my list, making sure I didn’t forget anything."
50efcf9bc52b713c_1,50efcf9bc52b713c,1,"I was walking through the aisles of a well-lit supermarket, the hum of conversation and the clinking of shopping carts filling the air."
50efcf9bc52b713c_2,50efcf9bc52b713c,2,"I grabbed a cart and headed to the produce section, where fresh fruits and vegetables were neatly arranged."
50efcf9bc52b713c_3,50efcf9bc52b713c,3,I picked up a few apples and a bundle of spinach.
50efcf9bc52b713c_4,50efcf9bc52b713c,4,"Next, I moved to the dairy section, where I grabbed a carton of milk and a block of cheese."
50efcf9bc52b713c_5,50efcf9bc52b713c,5,"I then stopped at the snack aisle, where I picked up a bag of chips and a pack of cookies."
50efcf9bc52b713c_6,50efcf9bc52b713c,6,"As I walked toward the checkout, I passed by the bakery section, where the smell of fresh bread was strong."
50efcf9bc52b713c_7,50efcf9bc52b713c,7,"I made sure to put all my items in the cart and headed to the register, ready to pay and leave with my groceries."
2161942e52a23578_1,2161942e52a23578,1,"I was walking through the aisles of a brightly lit supermarket, the hum of conversation and the occasional clatter of shopping carts in the background."
2161942e52a23578_2,2161942e52a23578,2,"I grabbed a cart and headed toward the produce section, where fresh fruits and vegetables were displayed in neat rows."
2161942e52a23578_3,2161942e52a23578,3,"I picked up a few apples and a bundle of spinach, then moved to the dairy aisle, where I selected a carton of milk and a block of cheese."
2161942e52a23578_4,2161942e52a23578,4,"As I passed the snacks, I grabbed a bag of chips for later."
2161942e52a23578_5,2161942e52a23578,5,"I stopped at the checkout, where a cashier scanned my items quickly."
2161942e52a23578_6,2161942e52a23578,6,"I paid with my card and took my bag, then walked outside to my car, where I placed the groceries in the trunk."
2161942e52a23578_7,2161942e52a23578,7,"The sun was warm, and the air smelled like fresh produce and baked bread from the bakery nearby."
2161942e52a23578_8,2161942e52a23578,8,"I felt satisfied with my simple, routine shopping trip."
1f39e9e369bf45dd_1,1f39e9e369bf45dd,1,"I was in a quiet supermarket in the early afternoon, the fluorescent lights buzzing softly."
1f39e9e369bf45dd_2,1f39e9e369bf45dd,2,"The aisles were filled with people browsing, some holding carts, others looking at products on the shelves."
1f39e9e369bf45dd_3,1f39e9e369bf45dd,3,"I moved slowly, checking the expiration dates on the milk and looking for the best deal on cereal."
1f39e9e369bf45dd_4,1f39e9e369bf45dd,4,"The smell of fresh bread wafted from the bakery section, and a woman nearby was debating whether to buy the organic or regular yogurt."
1f39e9e369bf45dd_5,1f39e9e369bf45dd,5,"I grabbed a few items, placing them in my cart, and then headed to the checkout."
1f39e9e369bf45dd_6,1f39e9e369bf45dd,6,"The line was short, and the cashier was efficient, scanning each item with a practiced smile."
1f39e9e369bf45dd_7,1f39e9e369bf45dd,7,"I paid, took my bag, and walked out into the warm afternoon, the sound of the automatic doors closing behind me."
1f39e9e369bf45dd_8,1f39e9e369bf45dd,8,I don’t know.
962a612238eccf99_1,962a612238eccf99,1,"I was walking through the aisles of a busy supermarket, the fluorescent lights buzzing softly overhead."
962a612238eccf99_2,962a612238eccf99,2,"The smell of fresh produce and baked goods filled the air, mingling with the faint scent of cleaning products."
962a612238eccf99_3,962a612238eccf99,3,"I stopped at the dairy section, grabbed a carton of milk, and moved on to the bread aisle, where I picked up a loaf of whole grain bread."
962a612238eccf99_4,962a612238eccf99,4,"I passed the snack section, where a child was helping their parent choose candy bars, and the produce section, where a woman was carefully inspecting a bunch of bananas."
962a612238eccf99_5,962a612238eccf99,5,"I kept my pace steady, checking my list as I went, and eventually made my way to the checkout, where I paid for my items and left with a paper bag full of groceries."
962a612238eccf99_6,962a612238eccf99,6,The sounds of the supermarket faded as I stepped outside into the cool afternoon air.
9efd1afa572715be_1,9efd1afa572715be,1,"I was in a busy supermarket, browsing the aisles with a shopping list in hand."
9efd1afa572715be_2,9efd1afa572715be,2,"The fluorescent lights buzzed softly, and the hum of conversation and clattering carts filled the air."
9efd1afa572715be_3,9efd1afa572715be,3,"I stopped at the produce section, picking up a few apples and a bundle of spinach."
9efd1afa572715be_4,9efd1afa572715be,4,"The scent of fresh bread wafted from the bakery aisle, making my stomach growl."
9efd1afa572715be_5,9efd1afa572715be,5,"I grabbed a loaf and moved to the dairy section, where I selected a carton of milk and a block of cheese."
9efd1afa572715be_6,9efd1afa572715be,6,"As I walked past the snack aisle, I noticed a display of chocolate bars and grabbed one for later."
9efd1afa572715be_7,9efd1afa572715be,7,"I checked my list again, making sure I hadn’t missed anything."
9efd1afa572715be_8,9efd1afa572715be,8,"I headed to the checkout, where a cashier scanned my items with a calm, practiced efficiency."
9efd1afa572715be_9,9efd1afa572715be,9,"I paid and left, feeling satisfied with my purchases."
0cd8c1bc060716fe_1,0cd8c1bc060716fe,1,"I was walking through the aisles of a bright, well-lit supermarket, the hum of conversation and the occasional clink of shopping carts in the background."
0cd8c1bc060716fe_2,0cd8c1bc060716fe,2,"I grabbed a cart and headed to the produce section, where fresh fruits and vegetables were neatly arranged."
0cd8c1bc060716fe_3,0cd8c1bc060716fe,3,I picked up a few apples and a bundle of spinach.
0cd8c1bc060716fe_4,0cd8c1bc060716fe,4,"Next, I moved to the dairy section, where I selected a carton of milk and a block of cheese."
0cd8c1bc060716fe_5,0cd8c1bc060716fe,5,I stopped at the snack aisle to grab a bag of chips and a pack of cookies.
0cd8c1bc060716fe_6,0cd8c1bc060716fe,6,"As I walked toward the checkout, I noticed a display of seasonal items, including pumpkin spice products, which I considered but decided against."
0cd8c1bc060716fe_7,0cd8c1bc060716fe,7,"I placed everything in the cart and headed to the register, where I paid and grabbed my receipt before heading out into the parking lot."
9b706a401405cc89_1,9b706a401405cc89,1,"I was in the supermarket, walking down the aisle with a shopping cart."
9b706a401405cc89_2,9b706a401405cc89,2,"The fluorescent lights buzzed softly, and the hum of conversation and clinking of plastic bags filled the air."
9b706a401405cc89_3,9b706a401405cc89,3,"I paused at the cereal aisle, scanning the boxes for something healthy."
9b706a401405cc89_4,9b706a401405cc89,4,"A mother with a toddler was nearby, helping her child pick out a fruit snack."
9b706a401405cc89_5,9b706a401405cc89,5,"I grabbed a box of oatmeal and moved on, then stopped at the dairy section, where the smell of milk and cheese lingered."
9b706a401405cc89_6,9b706a401405cc89,6,I picked up a carton of milk and a block of cheddar.
9b706a401405cc89_7,9b706a401405cc89,7,"As I pushed the cart toward the checkout, I noticed a display of seasonal produce—apples, carrots, and green beans."
9b706a401405cc89_8,9b706a401405cc89,8,I grabbed a few apples and put them in the cart.
9b706a401405cc89_9,9b706a401405cc89,9,"The line at the register was short, and I paid with my debit card."
9b706a401405cc89_10,9b706a401405cc89,10,I left the store with a bag of groceries and a sense of accomplishment.
008a0295237bc03c_1,008a0295237bc03c,1,"I was in a quiet supermarket early in the morning, the kind with fluorescent lights and the faint hum of the refrigerators."
008a0295237bc03c_2,008a0295237bc03c,2,"The aisles were mostly empty, with only a few other shoppers browsing."
008a0295237bc03c_3,008a0295237bc03c,3,"I grabbed a cart and started at the produce section, picking up a few apples and a head of lettuce."
008a0295237bc03c_4,008a0295237bc03c,4,"The smell of fresh bread wafted from the bakery counter, and I stopped to check the prices."
008a0295237bc03c_5,008a0295237bc03c,5,"I moved to the dairy section, grabbed a carton of milk, and then headed to the snack aisle, where I picked up a bag of chips."
008a0295237bc03c_6,008a0295237bc03c,6,"I placed everything in the cart and headed to the checkout, where the cashier was already scanning items."
008a0295237bc03c_7,008a0295237bc03c,7,"I paid and grabbed my bag, then walked out into the cool morning air."
008a0295237bc03c_8,008a0295237bc03c,8,I don’t know.
cbd00532eb87dba7_1,cbd00532eb87dba7,1,"I was walking through the aisles of a busy supermarket, the hum of conversation and the clatter of shopping carts filling the air."
cbd00532eb87dba7_2,cbd00532eb87dba7,2,"I grabbed a basket and headed to the produce section, where bright colors of fruits and vegetables caught my eye."
cbd00532eb87dba7_3,cbd00532eb87dba7,3,"I picked up a few apples and a bundle of spinach, then moved to the dairy aisle, where I selected a carton of milk and a block of cheese."
cbd00532eb87dba7_4,cbd00532eb87dba7,4,"I paused at the snack aisle, considering a bag of chips, but decided against it."
cbd00532eb87dba7_5,cbd00532eb87dba7,5,"As I made my way to the checkout, I passed the bakery section, where the smell of fresh bread was irresistible."
cbd00532eb87dba7_6,cbd00532eb87dba7,6,"I grabbed a baguette and headed to the register, where the cashier greeted me with a smile."
cbd00532eb87dba7_7,cbd00532eb87dba7,7,"I paid and grabbed my bags, ready to head home with my groceries."
ffcb2076b2a0402d_1,ffcb2076b2a0402d,1,"I was walking through the aisles of a busy supermarket, the hum of conversation and the clinking of shopping carts filling the air."
ffcb2076b2a0402d_2,ffcb2076b2a0402d,2,"I stopped at the produce section, eyeing a bright display of apples and bananas."
ffcb2076b2a0402d_3,ffcb2076b2a0402d,3,"I grabbed a few items and moved to the dairy section, where the smell of fresh milk and cheese lingered."
ffcb2076b2a0402d_4,ffcb2076b2a0402d,4,"I picked up a carton of milk and a block of cheese, then headed to the snack aisle, where I grabbed a bag of chips."
ffcb2076b2a0402d_5,ffcb2076b2a0402d,5,"As I walked, I passed a line of people waiting for the checkout, some holding baskets full of groceries."
ffcb2076b2a0402d_6,ffcb2076b2a0402d,6,"I reached the register, handed over my items, and waited patiently while the cashier scanned them."
ffcb2076b2a0402d_7,ffcb2076b2a0402d,7,"I paid and took my bag, then stepped outside into the cool afternoon air, satisfied with my shopping."
ae6a211d4f7a3e0a_1,ae6a211d4f7a3e0a,1,"I was browsing the supermarket aisle, scanning the shelves for cereal."
ae6a211d4f7a3e0a_2,ae6a211d4f7a3e0a,2,"The fluorescent lights buzzed softly, and the hum of conversation and clattering carts filled the air."
ae6a211d4f7a3e0a_3,ae6a211d4f7a3e0a,3,"I grabbed a box of oats and placed it in my cart, then moved to the dairy section."
ae6a211d4f7a3e0a_4,ae6a211d4f7a3e0a,4,The smell of fresh milk and cheese lingered.
ae6a211d4f7a3e0a_5,ae6a211d4f7a3e0a,5,"I picked up a carton of milk and a block of cheddar, checking the expiration dates."
ae6a211d4f7a3e0a_6,ae6a211d4f7a3e0a,6,"A young mother with a toddler passed me, balancing a basket of fruits."
ae6a211d4f7a3e0a_7,ae6a211d4f7a3e0a,7,"I reached the checkout, where a cashier scanned my items with a calm, focused expression."
ae6a211d4f7a3e0a_8,ae6a211d4f7a3e0a,8,"I paid and grabbed my bag, then headed to the exit, where the automatic doors opened as I approached."
ae6a211d4f7a3e0a_9,ae6a211d4f7a3e0a,9,"The outside air felt cooler, and I took a deep breath before heading home."
cee5fb5d412bb213_1,cee5fb5d412bb213,1,"I was walking down the aisle of a busy supermarket, the hum of conversation and the clinking of shopping carts filling the air."
cee5fb5d412bb213_2,cee5fb5d412bb213,2,"I grabbed a cart and started picking up items for my weekly meal plan—fresh vegetables, a loaf of bread, and a carton of milk."
cee5fb5d412bb213_3,cee5fb5d412bb213,3,"The fluorescent lights buzzed overhead, casting a bright glow on the neatly arranged shelves."
cee5fb5d412bb213_4,cee5fb5d412bb213,4,"I paused at the snack aisle, considering whether to buy some chocolate, but decided against it."
cee5fb5d412bb213_5,cee5fb5d412bb213,5,"As I moved toward the checkout, I noticed a line forming, so I grabbed a basket and waited patiently."
cee5fb5d412bb213_6,cee5fb5d412bb213,6,"The cashier greeted me with a smile, and I handed over my items, hoping the total would be reasonable."
cee5fb5d412bb213_7,cee5fb5d412bb213,7,"I stepped back into the parking lot, the smell of fresh produce still lingering in the air."
5f6d782b10aeeffe_1,5f6d782b10aeeffe,1,"I was in a busy supermarket on a weekday afternoon, the aisles filled with people browsing shelves."
5f6d782b10aeeffe_2,5f6d782b10aeeffe,2,The hum of conversation and the occasional cart wheeling down the path created a steady background noise.
5f6d782b10aeeffe_3,5f6d782b10aeeffe,3,"I moved slowly, grabbing a cart and heading toward the produce section."
5f6d782b10aeeffe_4,5f6d782b10aeeffe,4,"I picked up a few apples, then moved to the dairy aisle, where I grabbed a carton of milk."
5f6d782b10aeeffe_5,5f6d782b10aeeffe,5,"I paused at the snack aisle, eyeing some chips and a bag of nuts."
5f6d782b10aeeffe_6,5f6d782b10aeeffe,6,"As I walked, I noticed a man checking the expiration dates on cereal boxes and a woman scanning a barcode with a handheld device."
5f6d782b10aeeffe_7,5f6d782b10aeeffe,7,"I grabbed a loaf of bread and headed to the checkout, where the cashier was already scanning items."
5f6d782b10aeeffe_8,5f6d782b10aeeffe,8,"I paid and left, the bag of groceries in hand, ready for the evening."
6c11c546ebbe389b_1,6c11c546ebbe389b,1,"I was walking through the aisles of a well-lit supermarket, the hum of conversation and the clatter of shopping carts filling the air."
6c11c546ebbe389b_2,6c11c546ebbe389b,2,"The scent of fresh produce and baked goods wafted from the bakery section, where a display of pastries caught my eye."
6c11c546ebbe389b_3,6c11c546ebbe389b,3,"I grabbed a cart and headed to the dairy section, where I picked up a carton of milk and a block of cheese."
6c11c546ebbe389b_4,6c11c546ebbe389b,4,"As I moved toward the checkout, I stopped at the snack aisle, selecting a bag of almonds and a pack of trail mix."
6c11c546ebbe389b_5,6c11c546ebbe389b,5,"The store was busy, with families and individuals browsing shelves, some holding children while others scanned items with smartphones."
6c11c546ebbe389b_6,6c11c546ebbe389b,6,"I placed my items on the conveyor belt, waiting for the cashier to scan them."
6c11c546ebbe389b_7,6c11c546ebbe389b,7,"The automatic doors opened as I stepped out, the cool evening air welcoming me back to the street."
12f77e67b04c3d67_1,12f77e67b04c3d67,1,"I was walking through the supermarket, pushing a shopping cart slowly down the aisle."
12f77e67b04c3d67_2,12f77e67b04c3d67,2,"The fluorescent lights buzzed softly, and the smell of fresh produce and baked goods filled the air."
12f77e67b04c3d67_3,12f77e67b04c3d67,3,"I paused at the cereal section, looking at the different boxes, trying to decide which one to buy."
12f77e67b04c3d67_4,12f77e67b04c3d67,4,"Nearby, a mother was helping her child pick out a juice box, while an elderly man was carefully checking the expiration dates on the canned goods."
12f77e67b04c3d67_5,12f77e67b04c3d67,5,"I grabbed a few items from the fridge section—milk, eggs, and some cheese—then moved to the bread aisle."
12f77e67b04c3d67_6,12f77e67b04c3d67,6,I picked up a loaf of whole grain bread and placed it in the cart.
12f77e67b04c3d67_7,12f77e67b04c3d67,7,"As I walked toward the checkout, I noticed a display of seasonal fruits, and I stopped to look at the apples."
12f77e67b04c3d67_8,12f77e67b04c3d67,8,"The cart wheels rolled quietly over the floor, and the sound of other shoppers moving around filled the space."
e5807248bb187728_1,e5807248bb187728,1,"I was in a bustling supermarket, the hum of conversation and the clatter of shopping carts filling the air."
e5807248bb187728_2,e5807248bb187728,2,"The fluorescent lights buzzed softly overhead, casting a bright, even glow over the aisles."
e5807248bb187728_3,e5807248bb187728,3,"I moved slowly, pushing my cart past rows of neatly stacked products."
e5807248bb187728_4,e5807248bb187728,4,"The smell of fresh produce and baked goods wafted through the store, mingling with the faint scent of cleaning agents."
e5807248bb187728_5,e5807248bb187728,5,"I paused at the dairy section, eyeing the milk and cheese, then moved on to the snack aisle, where colorful packages of chips and candy caught my eye."
e5807248bb187728_6,e5807248bb187728,6,"I grabbed a few essentials—bread, eggs, and a bottle of orange juice—before heading to the checkout."
e5807248bb187728_7,e5807248bb187728,7,"The cashier greeted me with a smile, and I paid, feeling the weight of my groceries in the cart as I made my way out into the parking lot."
fecca9fe280b3d0e_1,fecca9fe280b3d0e,1,"I was in a quiet supermarket in the early afternoon, the fluorescent lights buzzing softly overhead."
fecca9fe280b3d0e_2,fecca9fe280b3d0e,2,"The aisles were lined with neatly stacked shelves, and the scent of fresh produce and baked goods filled the air."
fecca9fe280b3d0e_3,fecca9fe280b3d0e,3,"I moved slowly, grabbing a cart and heading toward the dairy section."
fecca9fe280b3d0e_4,fecca9fe280b3d0e,4,"A mother and her toddler were nearby, the child pointing at a colorful box of cereal."
fecca9fe280b3d0e_5,fecca9fe280b3d0e,5,"I picked up a carton of milk and a loaf of bread, then stopped at the snack aisle to grab a bag of chips."
fecca9fe280b3d0e_6,fecca9fe280b3d0e,6,"As I waited in line at the checkout, I glanced at the displays of candy and magazines, thinking about what I might cook for dinner."
fecca9fe280b3d0e_7,fecca9fe280b3d0e,7,"The cashier rang up my items efficiently, and I left with a paper bag full of groceries, the hum of the store fading behind me as I stepped back into the sunlight."
66af74e04cd420e3_1,66af74e04cd420e3,1,"I was browsing the aisles of a well-lit supermarket, the hum of conversation and the occasional cart wheeling down the path creating a steady background noise."
66af74e04cd420e3_2,66af74e04cd420e3,2,"I stopped at the produce section, eyeing a display of bright red tomatoes and crisp green lettuce."
66af74e04cd420e3_3,66af74e04cd420e3,3,"I grabbed a carton of milk and a loaf of bread, then moved to the snack aisle, where I picked up a bag of almonds."
66af74e04cd420e3_4,66af74e04cd420e3,4,"The scent of fresh-baked goods wafted from the bakery section, tempting me to stop, but I kept walking."
66af74e04cd420e3_5,66af74e04cd420e3,5,"I passed the cleaning supplies and detergents, then reached the checkout, where a cashier greeted me with a smile."
66af74e04cd420e3_6,66af74e04cd420e3,6,"I placed my items on the conveyor belt, scanning each one as I went, and waited for the total."
66af74e04cd420e3_7,66af74e04cd420e3,7,"The scene was simple, familiar, and perfectly ordinary."
da01fcab124f6d4c_1,da01fcab124f6d4c,1,"I was walking down the aisle of the supermarket, pushing a shopping cart filled with a few items I had already picked out."
da01fcab124f6d4c_2,da01fcab124f6d4c,2,"The fluorescent lights hummed softly, and the smell of fresh produce and baked goods filled the air."
da01fcab124f6d4c_3,da01fcab124f6d4c,3,"I stopped at the dairy section, grabbed a carton of milk, and placed it in the cart."
da01fcab124f6d4c_4,da01fcab124f6d4c,4,"Then I moved to the snack aisle, where I picked up a bag of chips and a box of cereal."
da01fcab124f6d4c_5,da01fcab124f6d4c,5,"I passed the bakery, where the scent of fresh bread was strong, and the display case caught my eye."
da01fcab124f6d4c_6,da01fcab124f6d4c,6,I grabbed a loaf of whole grain bread and added it to the cart.
da01fcab124f6d4c_7,da01fcab124f6d4c,7,"As I walked toward the checkout, I glanced at the weekly ad on the wall, trying to remember if I had everything on my list."
da01fcab124f6d4c_8,da01fcab124f6d4c,8,"The cart wheels rolled smoothly over the floor, and I felt a sense of calm as I prepared to pay for my groceries."
33517136da0a38ec_1,33517136da0a38ec,1,"I was walking down the aisle of a busy supermarket, the hum of conversation and clinking of carts filling the air."
33517136da0a38ec_2,33517136da0a38ec,2,"The fluorescent lights flickered slightly, casting a soft glow over the neatly arranged shelves."
33517136da0a38ec_3,33517136da0a38ec,3,"I grabbed a cart and moved toward the produce section, where bright colors of fruits and vegetables caught my eye."
33517136da0a38ec_4,33517136da0a38ec,4,"I picked up a few apples and a bundle of spinach, then headed to the dairy aisle."
33517136da0a38ec_5,33517136da0a38ec,5,The smell of cheese and yogurt lingered in the air.
33517136da0a38ec_6,33517136da0a38ec,6,I grabbed a carton of milk and a block of cheddar.
33517136da0a38ec_7,33517136da0a38ec,7,"As I moved toward the checkout, I passed a display of snacks and noticed a promotion for cereal."
33517136da0a38ec_8,33517136da0a38ec,8,"I added a box to my cart, then headed to the register, where the cashier greeted me with a smile."
33517136da0a38ec_9,33517136da0a38ec,9,"The scene was familiar, routine, yet comforting in its predictability."
6b61cff8ae1c1623_1,6b61cff8ae1c1623,1,"I was walking through the aisles of a busy supermarket, the hum of conversation and the clatter of shopping carts creating a familiar background noise."
6b61cff8ae1c1623_2,6b61cff8ae1c1623,2,The air smelled slightly of fresh produce and cleaning products.
6b61cff8ae1c1623_3,6b61cff8ae1c1623,3,"I grabbed a cart and headed toward the dairy section, where the cool temperature contrasted with the warmth of the rest of the store."
6b61cff8ae1c1623_4,6b61cff8ae1c1623,4,"I picked up a carton of milk and a loaf of bread, then moved to the snack aisle, where I paused to check the expiration dates on some cereal boxes."
6b61cff8ae1c1623_5,6b61cff8ae1c1623,5,"I grabbed a few bags of chips and a chocolate bar, making sure to place them in the cart."
6b61cff8ae1c1623_6,6b61cff8ae1c1623,6,"As I walked toward the checkout, I noticed a display of seasonal fruits, and I added a few apples to my list."
6b61cff8ae1c1623_7,6b61cff8ae1c1623,7,"The line was short, and I handed my items to the cashier, who scanned them with a quick, practiced motion."
6b61cff8ae1c1623_8,6b61cff8ae1c1623,8,"I paid and stepped out into the parking lot, the sun shining overhead."
49f1bc3262db7cb2_1,49f1bc3262db7cb2,1,"I was walking through the aisles of a brightly lit supermarket, the hum of conversation and the clink of shopping carts filling the air."
49f1bc3262db7cb2_2,49f1bc3262db7cb2,2,"I passed the produce section, where fresh vegetables and fruits were neatly arranged in colorful displays."
49f1bc3262db7cb2_3,49f1bc3262db7cb2,3,"I grabbed a cart and headed to the dairy aisle, where the cool air smelled of milk and cheese."
49f1bc3262db7cb2_4,49f1bc3262db7cb2,4,"I picked up a carton of yogurt and a block of cheese, then moved to the snack section, where I grabbed a bag of chips."
49f1bc3262db7cb2_5,49f1bc3262db7cb2,5,"I stopped at the checkout counter, where a cashier scanned my items with a barcode scanner."
49f1bc3262db7cb2_6,49f1bc3262db7cb2,6,"I paid with my card and took my receipt, then headed to the exit, where the automatic doors opened as I approached."
49f1bc3262db7cb2_7,49f1bc3262db7cb2,7,"I stepped outside into the warm afternoon sun, the smell of fresh bread and coffee lingering from the nearby bakery."
0bb21389412211c9_1,0bb21389412211c9,1,"I was walking down the aisle of the supermarket, grabbing a few essentials."
0bb21389412211c9_2,0bb21389412211c9,2,"The fluorescent lights hummed softly, and the smell of fresh produce and baked goods filled the air."
0bb21389412211c9_3,0bb21389412211c9,3,"I stopped at the dairy section, picked up a carton of milk, and placed it in my basket."
0bb21389412211c9_4,0bb21389412211c9,4,"Then I moved to the snack aisle, where I grabbed a bag of chips and a candy bar."
0bb21389412211c9_5,0bb21389412211c9,5,"I passed the frozen foods, eyeing a box of pizza, but decided to stick to my list."
0bb21389412211c9_6,0bb21389412211c9,6,"As I walked, I heard the sound of a child laughing and a parent calling out, creating a lively atmosphere."
0bb21389412211c9_7,0bb21389412211c9,7,"I reached the checkout, where the cashier was scanning items."
0bb21389412211c9_8,0bb21389412211c9,8,"I handed over my basket, waited for the total, and paid with my card."
0bb21389412211c9_9,0bb21389412211c9,9,"I grabbed my bag and left, feeling satisfied with my small shopping trip."
c0ec6cf07923d1a4_1,c0ec6cf07923d1a4,1,"I was in a busy supermarket on a weekday afternoon, the hum of conversation and the clatter of shopping carts filling the air."
c0ec6cf07923d1a4_2,c0ec6cf07923d1a4,2,"I moved slowly through the aisles, pushing my cart with a basket of groceries already inside."
c0ec6cf07923d1a4_3,c0ec6cf07923d1a4,3,"The scent of fresh produce and baked goods wafted through the store, mingling with the faint smell of cleaning products."
c0ec6cf07923d1a4_4,c0ec6cf07923d1a4,4,"I stopped at the dairy section, grabbed a carton of milk, and moved on to the bread aisle, where I picked up a loaf of whole grain bread."
c0ec6cf07923d1a4_5,c0ec6cf07923d1a4,5,"I paused by the snack section, considering a bag of chips, but decided against it."
c0ec6cf07923d1a4_6,c0ec6cf07923d1a4,6,"As I approached the checkout, I noticed a line forming, so I stepped back to wait, watching the cashier scan items and the customers behind me."
c0ec6cf07923d1a4_7,c0ec6cf07923d1a4,7,"The scene was familiar, routine, yet comforting in its predictability."
a441bf6e4aac2320_1,a441bf6e4aac2320,1,"I was in a busy supermarket on a weekday afternoon, the hum of conversation and the clatter of carts filling the air."
a441bf6e4aac2320_2,a441bf6e4aac2320,2,"The fluorescent lights buzzed softly, casting a bright glow over the neatly arranged shelves."
a441bf6e4aac2320_3,a441bf6e4aac2320,3,"I pushed my cart slowly through the aisles, stopping at the produce section to pick up a few apples and a head of lettuce."
a441bf6e4aac2320_4,a441bf6e4aac2320,4,"I grabbed a carton of milk and a loaf of bread from the dairy and bakery sections, then moved toward the checkout."
a441bf6e4aac2320_5,a441bf6e4aac2320,5,"A line had formed, and I waited patiently behind a couple with groceries."
a441bf6e4aac2320_6,a441bf6e4aac2320,6,"The cashier scanned my items quickly, and I paid with my debit card."
a441bf6e4aac2320_7,a441bf6e4aac2320,7,"As I left, I took a deep breath, enjoying the familiar routine of a simple shopping trip."
3c3c590f82700da4_1,3c3c590f82700da4,1,"I was in a quiet supermarket in the early afternoon, the fluorescent lights casting a soft glow over the aisles."
3c3c590f82700da4_2,3c3c590f82700da4,2,The hum of the refrigerators and the occasional clatter of shopping carts created a familiar background noise.
3c3c590f82700da4_3,3c3c590f82700da4,3,"I moved slowly, pushing a cart with a basket of groceries I had already picked out."
3c3c590f82700da4_4,3c3c590f82700da4,4,"I stopped at the produce section, eyeing a display of bright red apples and green leafy vegetables."
3c3c590f82700da4_5,3c3c590f82700da4,5,"Nearby, a mother was helping her child pick out a bag of chips."
3c3c590f82700da4_6,3c3c590f82700da4,6,"I grabbed a loaf of whole grain bread and a carton of milk, placing them in the basket."
3c3c590f82700da4_7,3c3c590f82700da4,7,The air smelled faintly of fresh bread and cleaning products.
3c3c590f82700da4_8,3c3c590f82700da4,8,"I checked my list, made sure I had everything, and headed to the checkout, where a cashier with a friendly smile greeted me."
a533a03c3bd4f1d8_1,a533a03c3bd4f1d8,1,"I was walking through the aisles of a busy supermarket, the hum of conversation and the clatter of shopping carts filling the air."
a533a03c3bd4f1d8_2,a533a03c3bd4f1d8,2,"The fluorescent lights buzzed softly, casting a bright glow over the neatly arranged shelves."
a533a03c3bd4f1d8_3,a533a03c3bd4f1d8,3,"I grabbed a cart and headed to the produce section, where fresh fruits and vegetables were displayed in vibrant colors."
a533a03c3bd4f1d8_4,a533a03c3bd4f1d8,4,I picked up a few apples and a bundle of carrots.
a533a03c3bd4f1d8_5,a533a03c3bd4f1d8,5,"Next, I moved to the dairy section, where the smell of cheese and yogurt lingered."
a533a03c3bd4f1d8_6,a533a03c3bd4f1d8,6,I grabbed a carton of milk and a block of cheese.
a533a03c3bd4f1d8_7,a533a03c3bd4f1d8,7,"I then stopped by the snack aisle, where I picked up some crackers and a bag of chips."
a533a03c3bd4f1d8_8,a533a03c3bd4f1d8,8,"As I walked toward the checkout, I passed by the bread section, where loaves of bread were stacked neatly."
a533a03c3bd4f1d8_9,a533a03c3bd4f1d8,9,"I added a baguette to my cart before heading to the register, ready to pay for my groceries."
79bbc29022d940f6_1,79bbc29022d940f6,1,"I was in a busy supermarket, the fluorescent lights buzzing softly overhead."
79bbc29022d940f6_2,79bbc29022d940f6,2,The air smelled faintly of fresh produce and cleaning agents.
79bbc29022d940f6_3,79bbc29022d940f6,3,"I moved slowly through the aisles, pushing a shopping cart with a basket of groceries."
79bbc29022d940f6_4,79bbc29022d940f6,4,"I stopped at the dairy section, grabbed a carton of milk, and placed it in the cart."
79bbc29022d940f6_5,79bbc29022d940f6,5,"Then I headed to the snack aisle, where I picked up a bag of chips and a chocolate bar."
79bbc29022d940f6_6,79bbc29022d940f6,6,"I passed the bakery, where the scent of fresh bread was strong, and the display case had pastries glowing in the light."
79bbc29022d940f6_7,79bbc29022d940f6,7,"I checked my list again, making sure I had everything."
79bbc29022d940f6_8,79bbc29022d940f6,8,"As I approached the checkout, I noticed a line forming, so I stepped back to wait."
79bbc29022d940f6_9,79bbc29022d940f6,9,"The scene was typical, quiet yet filled with the hum of everyday life."
81d20cfba9a33e39_1,81d20cfba9a33e39,1,"I was walking through the aisles of a bright, well-lit supermarket, the hum of conversation and the occasional clatter of shopping carts in the background."
81d20cfba9a33e39_2,81d20cfba9a33e39,2,"I was looking for cereal, so I headed to the grocery section, where shelves were neatly stocked with boxes of different brands and flavors."
81d20cfba9a33e39_3,81d20cfba9a33e39,3,I grabbed a few options and placed them in my cart.
81d20cfba9a33e39_4,81d20cfba9a33e39,4,"As I moved on, I noticed a display of fresh fruits, and I paused to pick up a few apples."
81d20cfba9a33e39_5,81d20cfba9a33e39,5,I also stopped by the dairy section to grab some milk.
81d20cfba9a33e39_6,81d20cfba9a33e39,6,The store smelled slightly of cleaning products and fresh produce.
81d20cfba9a33e39_7,81d20cfba9a33e39,7,"I kept an eye on my cart as I navigated the crowded aisles, making sure not to bump into other shoppers."
81d20cfba9a33e39_8,81d20cfba9a33e39,8,"I was almost done when I realized I had forgotten my wallet, so I made a quick trip to the checkout area to retrieve it before heading to the register."
63681a7355cbc27c_1,63681a7355cbc27c,1,"I was walking down the aisle of a busy supermarket, the fluorescent lights buzzing softly overhead."
63681a7355cbc27c_2,63681a7355cbc27c,2,"The smell of fresh produce and baked goods filled the air, mingling with the faint hum of conversation and the occasional clatter of shopping carts."
63681a7355cbc27c_3,63681a7355cbc27c,3,"I grabbed a cart and headed toward the dairy section, where the milk was chilled and the cheese was stacked neatly."
63681a7355cbc27c_4,63681a7355cbc27c,4,I paused to check the expiration dates before placing a few packages in the cart.
63681a7355cbc27c_5,63681a7355cbc27c,5,"As I moved through the store, I passed rows of canned goods, snacks, and cleaning supplies."
63681a7355cbc27c_6,63681a7355cbc27c,6,"I stopped at the fruit section, where bright oranges and red apples caught my eye."
63681a7355cbc27c_7,63681a7355cbc27c,7,I picked up a few bananas and a small carton of yogurt.
63681a7355cbc27c_8,63681a7355cbc27c,8,"The store felt calm and familiar, a place where routine met necessity."
63681a7355cbc27c_9,63681a7355cbc27c,9,"I made my way to the checkout, ready to pay for my simple, everyday purchases."
7264fcf8b370e3a7_1,7264fcf8b370e3a7,1,"I was walking through the aisles of a bright, well-lit supermarket, the hum of conversation and the clatter of shopping carts filling the air."
7264fcf8b370e3a7_2,7264fcf8b370e3a7,2,"I grabbed a cart and headed toward the produce section, where fresh fruits and vegetables were displayed in neat rows."
7264fcf8b370e3a7_3,7264fcf8b370e3a7,3,"I picked up a few apples and a bunch of bananas before moving on to the dairy case, where I selected a carton of milk and a block of cheese."
7264fcf8b370e3a7_4,7264fcf8b370e3a7,4,"As I passed the snack aisle, I grabbed a bag of chips for later."
7264fcf8b370e3a7_5,7264fcf8b370e3a7,5,"I then headed to the checkout, where a cashier scanned my items with a smile."
7264fcf8b370e3a7_6,7264fcf8b370e3a7,6,"I paid and took my bag, then walked outside to my car, where I placed the groceries in the trunk before driving home."
dbf9fa58106587a7_1,dbf9fa58106587a7,1,"I was in the supermarket, walking down the aisle with a cart, looking for cereal."
dbf9fa58106587a7_2,dbf9fa58106587a7,2,"The fluorescent lights hummed softly, and the smell of fresh produce and baked goods filled the air."
dbf9fa58106587a7_3,dbf9fa58106587a7,3,"I passed rows of canned goods, then stopped at the dairy section, where the milk was stacked neatly on the shelves."
dbf9fa58106587a7_4,dbf9fa58106587a7,4,I grabbed a carton of almond milk and a package of cheese.
dbf9fa58106587a7_5,dbf9fa58106587a7,5,"The store was quiet, with only the occasional clink of a shopping basket and the sound of a customer scanning items at the register."
dbf9fa58106587a7_6,dbf9fa58106587a7,6,"I moved to the snack aisle, grabbed a bag of chips, and then headed to the checkout."
dbf9fa58106587a7_7,dbf9fa58106587a7,7,"The cashier was friendly, and I paid with my card."
dbf9fa58106587a7_8,dbf9fa58106587a7,8,"As I left, I took a deep breath, enjoying the familiar routine of a simple grocery trip."
19b1d7d0d27ea129_1,19b1d7d0d27ea129,1,"I was walking through the aisles of a busy supermarket, the hum of conversation and the clatter of carts filling the air."
19b1d7d0d27ea129_2,19b1d7d0d27ea129,2,"I grabbed a cart and headed to the produce section, where fresh fruits and vegetables were neatly arranged in colorful displays."
19b1d7d0d27ea129_3,19b1d7d0d27ea129,3,"I picked up a few apples and a bundle of spinach, then moved to the dairy case, where the smell of cheese and yogurt lingered."
19b1d7d0d27ea129_4,19b1d7d0d27ea129,4,I grabbed a carton of milk and a block of cheddar.
19b1d7d0d27ea129_5,19b1d7d0d27ea129,5,"Next, I stopped by the snacks aisle, where I grabbed a bag of chips and a candy bar."
19b1d7d0d27ea129_6,19b1d7d0d27ea129,6,"As I pushed the cart toward the checkout, I noticed a line forming, so I waited patiently, glancing at the items in my cart."
19b1d7d0d27ea129_7,19b1d7d0d27ea129,7,"The fluorescent lights buzzed softly overhead, and the sound of the store echoed around me."
19b1d7d0d27ea129_8,19b1d7d0d27ea129,8,I was ready to pay and head home.
7163f2b084889926_1,7163f2b084889926,1,"I was in a bustling supermarket, the hum of conversation and the clatter of shopping carts filling the air."
7163f2b084889926_2,7163f2b084889926,2,"I moved slowly through the aisles, grabbing a carton of milk and a loaf of bread from the refrigerated section."
7163f2b084889926_3,7163f2b084889926,3,"The scent of fresh produce wafted from the fruit display, where I paused to pick up a few apples."
7163f2b084889926_4,7163f2b084889926,4,I checked the expiration dates on the yogurt before adding it to my cart.
7163f2b084889926_5,7163f2b084889926,5,"Near the checkout, I spotted a promotion for cereal, so I grabbed a box."
7163f2b084889926_6,7163f2b084889926,6,"As I waited in line, I watched people scanning items and handing over cards."
7163f2b084889926_7,7163f2b084889926,7,"When I reached the cashier, I paid and took my bag, then headed out to my car, the sun warming my back as I walked."
7163f2b084889926_8,7163f2b084889926,8,"It was a typical, familiar routine, but one I enjoyed."
4b06165225acd9bb_1,4b06165225acd9bb,1,"I was in a busy supermarket, the fluorescent lights buzzing softly overhead."
4b06165225acd9bb_2,4b06165225acd9bb,2,"The aisles were filled with people browsing, some pushing carts, others holding items in their hands."
4b06165225acd9bb_3,4b06165225acd9bb,3,"I moved through the produce section, picking up a few apples and a bundle of carrots."
4b06165225acd9bb_4,4b06165225acd9bb,4,"The smell of fresh bread wafted from the bakery aisle, and I paused to check the clock—had I been there long?"
4b06165225acd9bb_5,4b06165225acd9bb,5,"I grabbed a carton of milk and a loaf of bread, then headed to the checkout."
4b06165225acd9bb_6,4b06165225acd9bb,6,"A line formed behind me, and I waited patiently, scanning the items on the conveyor belt."
4b06165225acd9bb_7,4b06165225acd9bb,7,"The cashier greeted me with a smile, and I paid, then left with my groceries, the bag heavy but satisfying."
4b06165225acd9bb_8,4b06165225acd9bb,8,The store hummed with the usual rhythm of everyday life.
ec363af8842ac3ec_1,ec363af8842ac3ec,1,"I was in a busy supermarket, the fluorescent lights buzzing softly overhead."
ec363af8842ac3ec_2,ec363af8842ac3ec,2,"The aisles were filled with people browsing, some pushing carts, others holding items in their hands."
ec363af8842ac3ec_3,ec363af8842ac3ec,3,"I moved through the produce section, eyeing fresh apples and leafy greens."
ec363af8842ac3ec_4,ec363af8842ac3ec,4,"I stopped at the dairy case, where a woman was selecting cheese."
ec363af8842ac3ec_5,ec363af8842ac3ec,5,"The scent of fresh bread wafted from the bakery aisle, drawing a few customers in."
ec363af8842ac3ec_6,ec363af8842ac3ec,6,"I grabbed a carton of milk and a loaf of bread, then headed to the checkout."
ec363af8842ac3ec_7,ec363af8842ac3ec,7,"The line was short, and the cashier greeted me with a smile."
ec363af8842ac3ec_8,ec363af8842ac3ec,8,"I paid and took my items, then left, the bag of groceries in hand, feeling satisfied with my simple errand."
3ab90a4a5b3b459b_1,3ab90a4a5b3b459b,1,"I was in a busy supermarket, the hum of conversation and the clatter of carts filling the air."
3ab90a4a5b3b459b_2,3ab90a4a5b3b459b,2,"I moved slowly through the aisles, grabbing a carton of milk and a loaf of bread from the shelf."
3ab90a4a5b3b459b_3,3ab90a4a5b3b459b,3,"The fluorescent lights buzzed overhead, and the scent of fresh produce and baked goods lingered in the air."
3ab90a4a5b3b459b_4,3ab90a4a5b3b459b,4,"I paused at the cereal aisle, scanning the boxes before picking one with a cartoon character on the front."
3ab90a4a5b3b459b_5,3ab90a4a5b3b459b,5,"I then headed to the checkout, where a cashier greeted me with a smile."
3ab90a4a5b3b459b_6,3ab90a4a5b3b459b,6,"I paid with my card, and after a quick scan, I took my bag and left, the door swinging shut behind me."
3ab90a4a5b3b459b_7,3ab90a4a5b3b459b,7,"The afternoon sun was warm as I walked back to my car, the groceries in my arms."
ee41baa46ab7f5be_1,ee41baa46ab7f5be,1,"I was in a busy supermarket, the fluorescent lights buzzing softly overhead."
ee41baa46ab7f5be_2,ee41baa46ab7f5be,2,"The aisles were packed with shoppers, some browsing, others pushing carts with groceries."
ee41baa46ab7f5be_3,ee41baa46ab7f5be,3,"I moved through the produce section, picking up a few apples and a head of lettuce."
ee41baa46ab7f5be_4,ee41baa46ab7f5be,4,"The smell of fresh bread wafted from the bakery counter, and I paused to grab a loaf."
ee41baa46ab7f5be_5,ee41baa46ab7f5be,5,"I checked the prices on a carton of milk, then grabbed it and placed it in my cart."
ee41baa46ab7f5be_6,ee41baa46ab7f5be,6,"A child ran past me, laughing, while an elderly man stood by the cereal aisle, looking at the options."
ee41baa46ab7f5be_7,ee41baa46ab7f5be,7,"I grabbed a few items and headed to the checkout, where a cashier greeted me with a smile."
ee41baa46ab7f5be_8,ee41baa46ab7f5be,8,"I paid and left, the bag of groceries heavy but satisfying."
ee41baa46ab7f5be_9,ee41baa46ab7f5be,9,"The parking lot was full, and I found a spot near the entrance."
ee41baa46ab7f5be_10,ee41baa46ab7f5be,10,I don’t know.
98596ace45ba1644_1,98596ace45ba1644,1,"I was in a quiet supermarket during the early afternoon, the hum of refrigerators and the occasional clatter of shopping carts filling the air."
98596ace45ba1644_2,98596ace45ba1644,2,"I moved slowly through the aisles, grabbing a loaf of bread from the bakery section and a carton of milk from the dairy case."
98596ace45ba1644_3,98596ace45ba1644,3,"The fluorescent lights made everything look clean and orderly, though the floor was slightly damp from a spill earlier."
98596ace45ba1644_4,98596ace45ba1644,4,"I paused at the snack aisle, eyeing a bag of chips before deciding against it."
98596ace45ba1644_5,98596ace45ba1644,5,"I grabbed a few apples from the produce section, their skins slightly bruised but still fresh."
98596ace45ba1644_6,98596ace45ba1644,6,"As I approached the checkout, I noticed a line forming, so I stepped back to wait."
98596ace45ba1644_7,98596ace45ba1644,7,"The cashier greeted me with a smile, and I handed her my items, hoping the total would be reasonable."
98596ace45ba1644_8,98596ace45ba1644,8,I didn’t know.
df328a5e5c041cc5_1,df328a5e5c041cc5,1,"I was in a quiet supermarket in the morning, the kind with fluorescent lights and the faint hum of refrigerators."
df328a5e5c041cc5_2,df328a5e5c041cc5,2,"I moved slowly through the aisles, grabbing a carton of milk, a loaf of bread, and a few snacks for later."
df328a5e5c041cc5_3,df328a5e5c041cc5,3,"The smell of fresh produce was strong, and I paused to check the apples, picking out a few that looked ripe."
df328a5e5c041cc5_4,df328a5e5c041cc5,4,"A couple of people were shopping nearby, one with a toddler, another with a basket full of groceries."
df328a5e5c041cc5_5,df328a5e5c041cc5,5,"I grabbed a reusable bag and headed to the checkout, where the cashier was scanning items with a calm, efficient rhythm."
df328a5e5c041cc5_6,df328a5e5c041cc5,6,"I paid, thanked her, and left with my bag, the weight of everyday routine feeling both familiar and comforting."
187baf5ccb217050_1,187baf5ccb217050,1,"I was in a quiet supermarket in the early afternoon, the fluorescent lights casting a soft glow over the aisles."
187baf5ccb217050_2,187baf5ccb217050,2,The hum of conversation and the occasional clatter of carts created a steady background noise.
187baf5ccb217050_3,187baf5ccb217050,3,"I moved slowly, scanning the shelves for cereal, checking expiration dates and comparing prices."
187baf5ccb217050_4,187baf5ccb217050,4,"A young mother pushed a stroller past me, her child reaching for a colorful toy on the floor."
187baf5ccb217050_5,187baf5ccb217050,5,I grabbed a loaf of bread from the bakery section and placed it in my cart.
187baf5ccb217050_6,187baf5ccb217050,6,"I paused at the dairy aisle, considering yogurt flavors before selecting a plain one."
187baf5ccb217050_7,187baf5ccb217050,7,"The cashier greeted me by name, and I handed over my card, waiting for the total."
187baf5ccb217050_8,187baf5ccb217050,8,"As I left, I waved to the store manager, who was restocking shelves nearby."
187baf5ccb217050_9,187baf5ccb217050,9,"The parking lot was nearly empty, and I drove home, thinking about the day’s simple errands."
635315c809b0f27a_1,635315c809b0f27a,1,"I was in a bustling supermarket, the hum of conversation and the clinking of shopping carts filling the air."
635315c809b0f27a_2,635315c809b0f27a,2,"I moved slowly through the aisles, scanning the shelves for items on my list."
635315c809b0f27a_3,635315c809b0f27a,3,"The fluorescent lights buzzed overhead, casting a bright glow on the neatly arranged products."
635315c809b0f27a_4,635315c809b0f27a,4,"I grabbed a carton of milk and a loaf of bread, then stopped at the produce section to pick up some apples."
635315c809b0f27a_5,635315c809b0f27a,5,A family nearby was laughing as they compared the prices of different cereals.
635315c809b0f27a_6,635315c809b0f27a,6,"I checked my phone for the store’s loyalty app, then headed to the checkout, where a cashier efficiently scanned my items."
635315c809b0f27a_7,635315c809b0f27a,7,"I paid and left, the bag of groceries in hand, feeling satisfied with my quick trip."
bd2be24455cc817c_1,bd2be24455cc817c,1,"I was in a quiet supermarket on a weekday morning, the fluorescent lights buzzing softly."
bd2be24455cc817c_2,bd2be24455cc817c,2,"The aisles were moderately crowded, with people browsing shelves and pushing carts."
bd2be24455cc817c_3,bd2be24455cc817c,3,"I walked past the produce section, where fresh fruits and vegetables were displayed in bright colors."
bd2be24455cc817c_4,bd2be24455cc817c,4,"I stopped at the dairy case, grabbed a carton of milk, and moved to the snack aisle, where I picked up a bag of chips."
bd2be24455cc817c_5,bd2be24455cc817c,5,"I then headed to the checkout, where a cashier scanned my items."
bd2be24455cc817c_6,bd2be24455cc817c,6,"I paid and waited for my change, then left with my groceries, the bag slung over my shoulder."
bd2be24455cc817c_7,bd2be24455cc817c,7,The store smelled faintly of cleaning products and fresh bread.
bd2be24455cc817c_8,bd2be24455cc817c,8,I don’t know.
24f4e3beea47029f_1,24f4e3beea47029f,1,"I was in the supermarket, walking down the aisle with a cart."
24f4e3beea47029f_2,24f4e3beea47029f,2,"The fluorescent lights hummed softly, and the smell of fresh produce and baked goods filled the air."
24f4e3beea47029f_3,24f4e3beea47029f,3,"I stopped at the dairy section, grabbed a carton of milk, and moved on to the canned goods."
24f4e3beea47029f_4,24f4e3beea47029f,4,I picked up a few beans and a soup.
24f4e3beea47029f_5,24f4e3beea47029f,5,"The store was quiet, with only a few other shoppers around."
24f4e3beea47029f_6,24f4e3beea47029f,6,"I passed by the snack aisle, where a child was reaching for a bag of chips."
24f4e3beea47029f_7,24f4e3beea47029f,7,I grabbed a loaf of bread from the bakery section and headed to the checkout.
24f4e3beea47029f_8,24f4e3beea47029f,8,"The cashier was fast, and I paid with my card."
24f4e3beea47029f_9,24f4e3beea47029f,9,"As I left, I thought about the meal I would make later."
24f4e3beea47029f_10,24f4e3beea47029f,10,"The parking lot was empty, and the sun was beginning to set."
24f4e3beea47029f_11,24f4e3beea47029f,11,"I don’t know the exact time or the name of the store, but it felt like a typical day."
33ed672f9d40ec98_1,33ed672f9d40ec98,1,"I was in a busy supermarket, browsing the aisles with a shopping list in hand."
33ed672f9d40ec98_2,33ed672f9d40ec98,2,The hum of conversation and the clatter of carts filled the air.
33ed672f9d40ec98_3,33ed672f9d40ec98,3,"I stopped at the produce section, picking up a few apples and a head of lettuce."
33ed672f9d40ec98_4,33ed672f9d40ec98,4,"Next, I moved to the dairy aisle, where I grabbed a carton of milk and a block of cheese."
33ed672f9d40ec98_5,33ed672f9d40ec98,5,"I then headed to the snack section, where I picked up some crackers and a bag of chips."
33ed672f9d40ec98_6,33ed672f9d40ec98,6,"As I walked, I noticed a promotion for a loaf of bread and added that to my cart."
33ed672f9d40ec98_7,33ed672f9d40ec98,7,I made sure to check the expiration dates and compare prices.
33ed672f9d40ec98_8,33ed672f9d40ec98,8,"When I reached the checkout, I paid and grabbed my bag, ready to head home."
33ed672f9d40ec98_9,33ed672f9d40ec98,9,"The store felt familiar, yet always a bit overwhelming with its endless choices."
fdcfe3b16152f1a1_1,fdcfe3b16152f1a1,1,"I was in a busy supermarket, the fluorescent lights buzzing softly overhead."
fdcfe3b16152f1a1_2,fdcfe3b16152f1a1,2,"The aisles were filled with shoppers browsing shelves, some pushing carts, others holding grocery bags."
fdcfe3b16152f1a1_3,fdcfe3b16152f1a1,3,"I moved through the produce section, eyeing fresh apples and leafy greens."
fdcfe3b16152f1a1_4,fdcfe3b16152f1a1,4,"I grabbed a cart and headed to the dairy aisle, where the smell of cheese and yogurt lingered."
fdcfe3b16152f1a1_5,fdcfe3b16152f1a1,5,"I picked up a carton of milk and a block of cheese, then moved to the snack section, where I grabbed a bag of chips."
fdcfe3b16152f1a1_6,fdcfe3b16152f1a1,6,"I stopped at the checkout, scanning items on my phone to ensure I had everything on my list."
fdcfe3b16152f1a1_7,fdcfe3b16152f1a1,7,"The cashier rang up my purchases, and I handed over my card."
fdcfe3b16152f1a1_8,fdcfe3b16152f1a1,8,"As I left, I waved to a familiar face, and the automatic doors opened, letting in the cool evening air."
d74734acf9f88e1f_1,d74734acf9f88e1f,1,"I was in a quiet supermarket in the early afternoon, the hum of conversation and the occasional clink of plastic bags filling the air."
d74734acf9f88e1f_2,d74734acf9f88e1f,2,"I moved slowly through the aisles, grabbing a carton of milk, a loaf of bread, and a few vegetables."
d74734acf9f88e1f_3,d74734acf9f88e1f,3,"The fluorescent lights made everything look a bit brighter than usual, and the scent of fresh produce and baked goods lingered in the air."
d74734acf9f88e1f_4,d74734acf9f88e1f,4,"I paused at the snack aisle, considering a bag of chips, but decided against it."
d74734acf9f88e1f_5,d74734acf9f88e1f,5,"I grabbed a small container of yogurt instead, then headed to the checkout."
d74734acf9f88e1f_6,d74734acf9f88e1f,6,"The cashier was efficient, and I paid with my card."
d74734acf9f88e1f_7,d74734acf9f88e1f,7,"As I left, I waved to the store manager, who was restocking shelves, and stepped into the cool afternoon air, satisfied with my small errand."
ba35286c22ef0e7e_1,ba35286c22ef0e7e,1,"I was in a busy supermarket, the fluorescent lights buzzing softly overhead."
ba35286c22ef0e7e_2,ba35286c22ef0e7e,2,The smell of fresh produce and baked goods filled the air.
ba35286c22ef0e7e_3,ba35286c22ef0e7e,3,"I pushed my cart down the cereal aisle, scanning the boxes for something familiar."
ba35286c22ef0e7e_4,ba35286c22ef0e7e,4,"I grabbed a few items and moved to the dairy section, where I picked up a carton of milk."
ba35286c22ef0e7e_5,ba35286c22ef0e7e,5,"I paused at the bread counter, eyeing the loaves, then chose a whole wheat baguette."
ba35286c22ef0e7e_6,ba35286c22ef0e7e,6,"As I walked through the canned goods, I grabbed a few vegetables and a bottle of juice."
ba35286c22ef0e7e_7,ba35286c22ef0e7e,7,"I checked my list again, making sure I hadn’t missed anything."
ba35286c22ef0e7e_8,ba35286c22ef0e7e,8,"I headed to the checkout, where the cashier greeted me by name."
ba35286c22ef0e7e_9,ba35286c22ef0e7e,9,"I paid and left with my groceries, feeling satisfied with my choices."
73151ea643d99032_1,73151ea643d99032,1,"I was in the supermarket on a weekday afternoon, the aisles filled with the hum of conversation and the clink of shopping carts."
73151ea643d99032_2,73151ea643d99032,2,"I moved slowly, scanning the shelves for my usual items—cereal, milk, and a loaf of bread."
73151ea643d99032_3,73151ea643d99032,3,"The scent of fresh produce wafted from the fruit section, where a vendor was arranging apples and bananas."
73151ea643d99032_4,73151ea643d99032,4,"I grabbed a carton of orange juice and a bag of chips, then headed to the dairy case."
73151ea643d99032_5,73151ea643d99032,5,"The fluorescent lights buzzed softly, and the sound of a nearby radio played a familiar tune."
73151ea643d99032_6,73151ea643d99032,6,"I checked the expiration dates, made sure the milk was cold, and placed everything into my basket."
73151ea643d99032_7,73151ea643d99032,7,"As I waited in line, I noticed a family selecting toys for a child, their laughter echoing through the store."
73151ea643d99032_8,73151ea643d99032,8,"I paid and left, the bag of groceries heavy but manageable."
03a66d2d2ccee309_1,03a66d2d2ccee309,1,"I was walking through the supermarket, pushing a shopping cart slowly along the aisles."
03a66d2d2ccee309_2,03a66d2d2ccee309,2,"The fluorescent lights buzzed softly, and the smell of fresh produce and baked goods filled the air."
03a66d2d2ccee309_3,03a66d2d2ccee309,3,"I stopped at the dairy section, grabbed a carton of milk, and placed it in the cart."
03a66d2d2ccee309_4,03a66d2d2ccee309,4,"Next, I headed to the snack aisle, where I picked up a bag of chips and a candy bar."
03a66d2d2ccee309_5,03a66d2d2ccee309,5,"I then moved to the frozen foods section, where I selected a frozen pizza."
03a66d2d2ccee309_6,03a66d2d2ccee309,6,"As I walked back toward the checkout, I passed by the cleaning supplies and picked up a disinfectant spray."
03a66d2d2ccee309_7,03a66d2d2ccee309,7,I made sure to keep the cart balanced and avoid knocking over any items.
03a66d2d2ccee309_8,03a66d2d2ccee309,8,"The sounds of people talking and the occasional cart wheeling by created a familiar, everyday rhythm."
5ed2b42d02952cd7_1,5ed2b42d02952cd7,1,"I was in a busy supermarket, browsing the aisles with a shopping list in hand."
5ed2b42d02952cd7_2,5ed2b42d02952cd7,2,"The fluorescent lights buzzed softly, and the hum of conversation and the clatter of carts filled the air."
5ed2b42d02952cd7_3,5ed2b42d02952cd7,3,"I stopped at the produce section, picking up a few apples and a bundle of spinach."
5ed2b42d02952cd7_4,5ed2b42d02952cd7,4,"The scent of fresh bread wafted from the bakery counter, and I grabbed a loaf."
5ed2b42d02952cd7_5,5ed2b42d02952cd7,5,"I moved to the dairy section, where the cool air made me shiver slightly, and I picked up a carton of milk."
5ed2b42d02952cd7_6,5ed2b42d02952cd7,6,"I checked my list again, then headed to the checkout, where a cashier greeted me with a smile."
5ed2b42d02952cd7_7,5ed2b42d02952cd7,7,"I paid, grabbed my bag, and stepped outside into the warm afternoon sun, already planning my next trip."
dbdd1a4867ca9932_1,dbdd1a4867ca9932,1,"I was in a busy supermarket, the fluorescent lights buzzing softly overhead."
dbdd1a4867ca9932_2,dbdd1a4867ca9932,2,"The aisles were packed with people browsing shelves, some pushing carts, others holding items in their hands."
dbdd1a4867ca9932_3,dbdd1a4867ca9932,3,"I moved through the produce section, checking the dates on apples and leafy greens."
dbdd1a4867ca9932_4,dbdd1a4867ca9932,4,"I grabbed a cart and headed to the dairy section, where the smell of cheese and yogurt filled the air."
dbdd1a4867ca9932_5,dbdd1a4867ca9932,5,"I picked up a carton of milk and a block of cheese, then moved to the snacks aisle, where I grabbed a bag of chips."
dbdd1a4867ca9932_6,dbdd1a4867ca9932,6,"I stopped at the checkout counter, where a cashier scanned my items."
dbdd1a4867ca9932_7,dbdd1a4867ca9932,7,"I paid and waited for my receipt, then left the store, the bag of groceries heavy in my arms."
dbdd1a4867ca9932_8,dbdd1a4867ca9932,8,"The scene was typical, quiet but full of everyday activity."
c69f8c83fd7f4cc6_1,c69f8c83fd7f4cc6,1,"I was in a bustling supermarket, the hum of conversation and the clatter of shopping carts filling the air."
c69f8c83fd7f4cc6_2,c69f8c83fd7f4cc6,2,"I moved slowly through the aisles, grabbing a carton of milk and a loaf of bread from the refrigerated section."
c69f8c83fd7f4cc6_3,c69f8c83fd7f4cc6,3,"The scent of fresh produce wafted from the fruit and vegetable display, where I paused to pick up a few apples."
c69f8c83fd7f4cc6_4,c69f8c83fd7f4cc6,4,I checked the expiration dates on the yogurt before adding it to my basket.
c69f8c83fd7f4cc6_5,c69f8c83fd7f4cc6,5,"Near the checkout, I noticed a promotional sign for discounted snacks and added a bag of chips."
c69f8c83fd7f4cc6_6,c69f8c83fd7f4cc6,6,"I made sure to keep my items organized, placing heavier items at the bottom of the cart."
c69f8c83fd7f4cc6_7,c69f8c83fd7f4cc6,7,"As I approached the register, I glanced at the clock—time was tight."
c69f8c83fd7f4cc6_8,c69f8c83fd7f4cc6,8,"I handed the cashier my items, waiting patiently as she scanned them."
c69f8c83fd7f4cc6_9,c69f8c83fd7f4cc6,9,"I paid and left, the cart rolling behind me as I stepped back into the bright afternoon sun."
af43910df5ffab34_1,af43910df5ffab34,1,"I was in a quiet supermarket in the early afternoon, the kind with white walls and fluorescent lighting."
af43910df5ffab34_2,af43910df5ffab34,2,The hum of conversation and the occasional clatter of shopping carts filled the air.
af43910df5ffab34_3,af43910df5ffab34,3,"I moved slowly through the aisles, grabbing a carton of milk and a loaf of bread."
af43910df5ffab34_4,af43910df5ffab34,4,"The scent of fresh produce lingered near the fruit section, where a woman was picking apples."
af43910df5ffab34_5,af43910df5ffab34,5,"I paused at the snack aisle, considering a bag of chips, then put it back."
af43910df5ffab34_6,af43910df5ffab34,6,I grabbed a small container of yogurt and headed to the checkout.
af43910df5ffab34_7,af43910df5ffab34,7,"The line was short, and the cashier was efficient."
af43910df5ffab34_8,af43910df5ffab34,8,"I paid and took my bag, then walked outside to the parking lot, where the sun was beginning to set."
af43910df5ffab34_9,af43910df5ffab34,9,"The scene was simple, familiar, and just how most days in a supermarket go."
d114cad7bfe72b23_1,d114cad7bfe72b23,1,"I was in a busy supermarket, browsing the aisles with a shopping list in hand."
d114cad7bfe72b23_2,d114cad7bfe72b23,2,"The fluorescent lights buzzed softly, and the smell of fresh produce and baked goods filled the air."
d114cad7bfe72b23_3,d114cad7bfe72b23,3,"I stopped by the dairy section, grabbed a carton of milk, and moved on to the cereal aisle, where I picked out a box of oatmeal."
d114cad7bfe72b23_4,d114cad7bfe72b23,4,I checked the expiration dates and compared prices.
d114cad7bfe72b23_5,d114cad7bfe72b23,5,"Near the checkout, I noticed a display of seasonal fruits, so I added a few apples to my cart."
d114cad7bfe72b23_6,d114cad7bfe72b23,6,"The line at the register was short, and the cashier greeted me with a smile."
d114cad7bfe72b23_7,d114cad7bfe72b23,7,"I paid, grabbed my bag, and headed outside, where the afternoon sun warmed my face."
d114cad7bfe72b23_8,d114cad7bfe72b23,8,"I felt satisfied with my simple, routine shopping trip."
844ecbf955462354_1,844ecbf955462354,1,"I was in a busy supermarket, the fluorescent lights buzzing softly overhead."
844ecbf955462354_2,844ecbf955462354,2,"The aisles were packed with shoppers, some pushing carts, others browsing shelves."
844ecbf955462354_3,844ecbf955462354,3,"I moved through the produce section, picking up a few apples and a head of lettuce."
844ecbf955462354_4,844ecbf955462354,4,"The smell of fresh bread wafted from the bakery aisle, and I paused to check the price."
844ecbf955462354_5,844ecbf955462354,5,I grabbed a loaf and added it to my cart.
844ecbf955462354_6,844ecbf955462354,6,"Near the dairy section, a man was arguing with a clerk over the price of eggs."
844ecbf955462354_7,844ecbf955462354,7,"I avoided eye contact and continued to the checkout, where a teenager was scanning items."
844ecbf955462354_8,844ecbf955462354,8,"I paid and left, the bag of groceries heavy but manageable, the day’s errands complete."
8de760d3fc4e4ee2_1,8de760d3fc4e4ee2,1,"I was walking through the aisles of a busy supermarket, the hum of conversation and clinking of carts filling the air."
8de760d3fc4e4ee2_2,8de760d3fc4e4ee2,2,"I grabbed a cart and headed to the produce section, where fresh fruits and vegetables were displayed in bright colors."
8de760d3fc4e4ee2_3,8de760d3fc4e4ee2,3,I picked up a few apples and a bundle of spinach.
8de760d3fc4e4ee2_4,8de760d3fc4e4ee2,4,"Next, I moved to the dairy section, where I grabbed a carton of milk and a block of cheese."
8de760d3fc4e4ee2_5,8de760d3fc4e4ee2,5,I stopped by the snack aisle to pick up some granola bars for later.
8de760d3fc4e4ee2_6,8de760d3fc4e4ee2,6,"As I pushed the cart toward the checkout, I noticed a line forming, so I waited patiently."
8de760d3fc4e4ee2_7,8de760d3fc4e4ee2,7,"The cashier scanned my items, and I paid with my debit card."
8de760d3fc4e4ee2_8,8de760d3fc4e4ee2,8,"Afterward, I grabbed my groceries and headed out, the bags heavy but the trip顺利完成."
1a50c0d46366469c_1,1a50c0d46366469c,1,"I was in the supermarket on a weekday afternoon, the fluorescent lights buzzing softly overhead."
1a50c0d46366469c_2,1a50c0d46366469c,2,"The aisles were busy, with people pushing carts and scanning items."
1a50c0d46366469c_3,1a50c0d46366469c,3,"I grabbed a basket and headed to the produce section, where fresh fruits and vegetables were displayed in neat rows."
1a50c0d46366469c_4,1a50c0d46366469c,4,I picked up a few apples and a bundle of carrots.
1a50c0d46366469c_5,1a50c0d46366469c,5,"Then I moved to the dairy section, where the smell of milk and cheese lingered."
1a50c0d46366469c_6,1a50c0d46366469c,6,I grabbed a carton of milk and a block of cheddar.
1a50c0d46366469c_7,1a50c0d46366469c,7,"As I walked toward the checkout, I passed by the snack aisle, where chips and candy were stacked high."
1a50c0d46366469c_8,1a50c0d46366469c,8,I made sure to keep my basket balanced and avoid any spills.
1a50c0d46366469c_9,1a50c0d46366469c,9,"The line at the register was short, and I paid with my card."
1a50c0d46366469c_10,1a50c0d46366469c,10,"I left with my groceries, feeling satisfied with my quick trip."
252b57ebaed7b109_1,252b57ebaed7b109,1,"I was in a busy supermarket, the fluorescent lights buzzing softly overhead."
252b57ebaed7b109_2,252b57ebaed7b109,2,"The aisles were packed with shoppers, some browsing, others pushing carts with determined focus."
252b57ebaed7b109_3,252b57ebaed7b109,3,"I moved slowly, scanning the shelves for my usual items."
252b57ebaed7b109_4,252b57ebaed7b109,4,"The smell of fresh bread wafted from the bakery section, and the sound of a cashier ringing up a purchase echoed in the distance."
252b57ebaed7b109_5,252b57ebaed7b109,5,"I grabbed a carton of milk and a loaf of bread, then headed to the produce section."
252b57ebaed7b109_6,252b57ebaed7b109,6,"The fruits were neatly arranged, vibrant and fresh."
252b57ebaed7b109_7,252b57ebaed7b109,7,I picked up a few apples and a small bunch of bananas.
252b57ebaed7b109_8,252b57ebaed7b109,8,"As I walked, I noticed a teenager helping an elderly customer find a cereal box."
252b57ebaed7b109_9,252b57ebaed7b109,9,"The atmosphere was familiar, routine, and comforting, a place where everyday needs were met with a sense of normalcy."
252b57ebaed7b109_10,252b57ebaed7b109,10,"I paid for my items and left, the bag heavy with essentials."
abca566961b17630_1,abca566961b17630,1,"I was in a busy supermarket, the fluorescent lights buzzing softly overhead."
abca566961b17630_2,abca566961b17630,2,"The aisles were filled with shoppers browsing shelves, some pushing carts, others holding small baskets."
abca566961b17630_3,abca566961b17630,3,The smell of fresh produce and baked goods lingered in the air.
abca566961b17630_4,abca566961b17630,4,"I moved slowly, scanning the labels on cereal boxes and checking the expiration dates."
abca566961b17630_5,abca566961b17630,5,"I grabbed a carton of milk and a loaf of bread, then headed to the dairy section."
abca566961b17630_6,abca566961b17630,6,A man in a green shirt was arguing with a cashier about the price of eggs.
abca566961b17630_7,abca566961b17630,7,I passed a display of colorful fruits and a child pointing at a toy shaped like a banana.
abca566961b17630_8,abca566961b17630,8,"I grabbed a banana and headed to the checkout, where a bored-looking employee scanned my items."
abca566961b17630_9,abca566961b17630,9,"I paid and left, the bag of groceries in my hand, ready for the evening."
4d7499739ad68267_1,4d7499739ad68267,1,"I was walking through the aisles of a familiar supermarket, the hum of fluorescent lights and the occasional clink of bottles in the distance."
4d7499739ad68267_2,4d7499739ad68267,2,"I grabbed a cart and headed to the produce section, where I picked up a few apples and a bundle of fresh herbs."
4d7499739ad68267_3,4d7499739ad68267,3,"Then I moved to the dairy aisle, grabbed a carton of milk and a block of cheese."
4d7499739ad68267_4,4d7499739ad68267,4,I stopped by the snacks section to pick up some crackers and a bag of chips.
4d7499739ad68267_5,4d7499739ad68267,5,"As I walked, I noticed a promotion on the cereal boxes and added a box to my cart."
4d7499739ad68267_6,4d7499739ad68267,6,"I passed the bakery, where the smell of fresh bread was strong, and decided to get a croissant."
4d7499739ad68267_7,4d7499739ad68267,7,"I made my way to the checkout, scanning each item as I went."
4d7499739ad68267_8,4d7499739ad68267,8,"I paid and grabbed my bag, then headed out into the parking lot, the sun shining overhead."
4d7499739ad68267_9,4d7499739ad68267,9,I don’t know.
db09fbd1984461ef_1,db09fbd1984461ef,1,"I was walking through the aisles of a busy supermarket, the hum of conversation and the clink of shopping carts filling the air."
db09fbd1984461ef_2,db09fbd1984461ef,2,"I grabbed a cart and headed to the produce section, where the bright colors of fruits and vegetables caught my eye."
db09fbd1984461ef_3,db09fbd1984461ef,3,"I picked up a few apples and a bunch of bananas, then moved to the dairy aisle, where I grabbed a carton of milk and a block of cheese."
db09fbd1984461ef_4,db09fbd1984461ef,4,I stopped at the snack section to pick up some crackers and a bag of chips.
db09fbd1984461ef_5,db09fbd1984461ef,5,"As I moved through the store, I checked my list and made sure I didn’t miss anything."
db09fbd1984461ef_6,db09fbd1984461ef,6,"I grabbed a few essentials from the pantry aisle and headed to the checkout, where I paid and grabbed my groceries."
db09fbd1984461ef_7,db09fbd1984461ef,7,"It was a typical shopping trip, simple and routine."
86909dcc208525cf_1,86909dcc208525cf,1,"I was in a busy supermarket, walking down the aisle with a cart."
86909dcc208525cf_2,86909dcc208525cf,2,"The fluorescent lights buzzed softly, and the hum of conversation and the clink of shopping bags filled the air."
86909dcc208525cf_3,86909dcc208525cf,3,"I grabbed a loaf of bread from the shelf, then moved to the dairy section, where I picked up a carton of milk."
86909dcc208525cf_4,86909dcc208525cf,4,"I paused at the produce aisle, eyeing the bright red apples and green leafy vegetables."
86909dcc208525cf_5,86909dcc208525cf,5,I grabbed a few oranges and a bag of spinach.
86909dcc208525cf_6,86909dcc208525cf,6,"As I walked, I noticed a man trying to decide between two brands of cereal."
86909dcc208525cf_7,86909dcc208525cf,7,"I reached the checkout, where a cashier scanned my items with a quick beep."
86909dcc208525cf_8,86909dcc208525cf,8,"I paid and grabbed my bag, then stepped outside into the warm afternoon, the smell of fresh bread and coffee from a nearby café lingering in the air."
86909dcc208525cf_9,86909dcc208525cf,9,I don’t know the exact brand of cereal he chose or the name of the café.
86909dcc208525cf_10,86909dcc208525cf,10,I don’t know.
3e150e344fe66ce3_1,3e150e344fe66ce3,1,"I was in a quiet supermarket in the early morning, the fluorescent lights buzzing softly."
3e150e344fe66ce3_2,3e150e344fe66ce3,2,"The aisles were mostly empty except for a few other shoppers, like me, browsing with purpose."
3e150e344fe66ce3_3,3e150e344fe66ce3,3,"I moved slowly, pushing my cart past the cereal shelves, then the dairy section, where the milk was stacked neatly in plastic crates."
3e150e344fe66ce3_4,3e150e344fe66ce3,4,"I grabbed a carton of orange juice and a loaf of bread, then headed to the fruits and vegetables."
3e150e344fe66ce3_5,3e150e344fe66ce3,5,"The apples were shiny and red, and I picked one that looked fresh."
3e150e344fe66ce3_6,3e150e344fe66ce3,6,"I paused at the snack aisle, considering a bag of chips, but decided against it."
3e150e344fe66ce3_7,3e150e344fe66ce3,7,"I put everything in the cart and headed to the checkout, where the cashier greeted me with a nod."
3e150e344fe66ce3_8,3e150e344fe66ce3,8,"I paid and left, the bag of groceries in my arms, feeling satisfied with my simple, routine purchase."
3e150e344fe66ce3_9,3e150e344fe66ce3,9,I don’t know.
b41710571d28bc74_1,b41710571d28bc74,1,"I was in the supermarket, walking down the aisle with a basket full of groceries."
b41710571d28bc74_2,b41710571d28bc74,2,"The fluorescent lights hummed softly, and the smell of fresh produce and baked goods filled the air."
b41710571d28bc74_3,b41710571d28bc74,3,"I paused at the dairy section, grabbed a carton of milk, and moved on."
b41710571d28bc74_4,b41710571d28bc74,4,"The shelves were neatly stocked, and the staff were busy restocking items."
b41710571d28bc74_5,b41710571d28bc74,5,"I passed a display of colorful fruits, then stopped at the bread aisle to pick up some whole grain bread."
b41710571d28bc74_6,b41710571d28bc74,6,The sound of the automatic doors opening and closing echoed as people came and went.
b41710571d28bc74_7,b41710571d28bc74,7,I checked my list again to make sure I hadn’t missed anything.
b41710571d28bc74_8,b41710571d28bc74,8,"I grabbed a few more items, then headed to the checkout, where the cashier was scanning items with a quick, efficient motion."
b41710571d28bc74_9,b41710571d28bc74,9,"I paid and left, feeling satisfied with my shopping."
f36ac02295a3a66a_1,f36ac02295a3a66a,1,"I was in a quiet supermarket in the early morning, the kind that had a soft hum of activity but wasn’t too crowded."
f36ac02295a3a66a_2,f36ac02295a3a66a,2,"I walked past the fruit section, where bright oranges and green apples were neatly stacked."
f36ac02295a3a66a_3,f36ac02295a3a66a,3,The smell of fresh bread wafted from the bakery aisle.
f36ac02295a3a66a_4,f36ac02295a3a66a,4,"I grabbed a cart and headed to the dairy section, where the milk was chilled and the cheese was wrapped in paper."
f36ac02295a3a66a_5,f36ac02295a3a66a,5,I picked up a carton of milk and a loaf of bread.
f36ac02295a3a66a_6,f36ac02295a3a66a,6,"Then I moved to the snacks aisle, where I grabbed a bag of chips and a candy bar."
f36ac02295a3a66a_7,f36ac02295a3a66a,7,I put them in the cart and went to the checkout.
f36ac02295a3a66a_8,f36ac02295a3a66a,8,"The cashier was efficient, and I paid with my card."
f36ac02295a3a66a_9,f36ac02295a3a66a,9,"I took my bag and walked out, the morning air feeling fresh and quiet."
f36ac02295a3a66a_10,f36ac02295a3a66a,10,I don’t know.
c54d421f70ba5ca5_1,c54d421f70ba5ca5,1,"I was in a quiet supermarket in the early afternoon, the hum of fluorescent lights and the soft clink of shopping carts creating a familiar background noise."
c54d421f70ba5ca5_2,c54d421f70ba5ca5,2,"I moved slowly through the aisles, grabbing a carton of milk, a loaf of bread, and a few cans of soup."
c54d421f70ba5ca5_3,c54d421f70ba5ca5,3,"The smell of fresh produce wafted from the fruit section, and I paused to pick up a few apples."
c54d421f70ba5ca5_4,c54d421f70ba5ca5,4,"The store was mostly empty, with only a few other shoppers here and there."
c54d421f70ba5ca5_5,c54d421f70ba5ca5,5,"I checked the expiration dates on the items I picked up, then headed to the checkout."
c54d421f70ba5ca5_6,c54d421f70ba5ca5,6,"The cashier was efficient, and I paid with a debit card."
c54d421f70ba5ca5_7,c54d421f70ba5ca5,7,"I carried my groceries to my car, placing them in the trunk, and drove off, the sun beginning to set behind the store."
c54d421f70ba5ca5_8,c54d421f70ba5ca5,8,I don’t know.
f2725243a6af06bc_1,f2725243a6af06bc,1,"I was in a supermarket, walking down the aisle with a cart, looking for cereal."
f2725243a6af06bc_2,f2725243a6af06bc,2,"The fluorescent lights buzzed softly, and the hum of conversation and the clinking of shopping baskets filled the air."
f2725243a6af06bc_3,f2725243a6af06bc,3,"I passed rows of canned goods, then moved to the fresh produce section, where the scent of ripe berries and leafy greens lingered."
f2725243a6af06bc_4,f2725243a6af06bc,4,"I grabbed a bag of apples and a carton of orange juice, then headed to the dairy aisle."
f2725243a6af06bc_5,f2725243a6af06bc,5,"I picked up a block of cheese and a loaf of bread, checking the expiration dates."
f2725243a6af06bc_6,f2725243a6af06bc,6,"As I moved toward the checkout, I saw a display of candy bars and paused, considering whether to grab one."
f2725243a6af06bc_7,f2725243a6af06bc,7,"I shook my head and continued, pushing my cart toward the exit."
f2725243a6af06bc_8,f2725243a6af06bc,8,I don’t know.
1546ae3424c8d381_1,1546ae3424c8d381,1,"I was walkin’ through the aisles of the supermarket, makin’ my way to the produce section."
1546ae3424c8d381_2,1546ae3424c8d381,2,"The lights hummed softly, and the smell of fresh bread wafted from the bakery counter."
1546ae3424c8d381_3,1546ae3424c8d381,3,"I grabbed a carton of eggs and a loaf of bread, then headed to the dairy section."
1546ae3424c8d381_4,1546ae3424c8d381,4,"The fridge door opened with a soft *thunk*, and I picked up a carton of milk."
1546ae3424c8d381_5,1546ae3424c8d381,5,"I paused at the snack aisle, checkin’ the labels on the cereal boxes before pickin’ up a box of oats."
1546ae3424c8d381_6,1546ae3424c8d381,6,"Then I moved to the canned goods, grabbed a few beans and a soup, and headed to the checkout."
1546ae3424c8d381_7,1546ae3424c8d381,7,"The cashier was friendly, and I paid with my debit card."
1546ae3424c8d381_8,1546ae3424c8d381,8,"As I left, I waved to the store manager, who was moppin’ the floor near the entrance."
1546ae3424c8d381_9,1546ae3424c8d381,9,"It was a quiet, normal day at the supermarket."
0ecbe41a18307025_1,0ecbe41a18307025,1,"I was walking through the aisles of a busy supermarket, the hum of conversation and the clink of shopping carts filling the air."
0ecbe41a18307025_2,0ecbe41a18307025,2,"I grabbed a cart and headed to the produce section, where I picked up a bunch of bananas and a few apples."
0ecbe41a18307025_3,0ecbe41a18307025,3,"Then I moved to the dairy aisle, grabbed a carton of milk and a pack of cheese."
0ecbe41a18307025_4,0ecbe41a18307025,4,I stopped at the snack section to pick up some chips and a bag of nuts.
0ecbe41a18307025_5,0ecbe41a18307025,5,"As I walked, I noticed a display of seasonal fruit and a few items on sale."
0ecbe41a18307025_6,0ecbe41a18307025,6,I added a few of those to my cart before heading to the checkout.
0ecbe41a18307025_7,0ecbe41a18307025,7,"The cashier scanned my items quickly, and I paid with my card."
0ecbe41a18307025_8,0ecbe41a18307025,8,I left the store with a full cart and a sense of accomplishment.
0ecbe41a18307025_9,0ecbe41a18307025,9,I don’t know.
b526db8602d047e0_1,b526db8602d047e0,1,"I was walking through the aisles of a well-lit supermarket, the hum of conversation and the clinking of shopping carts filling the air."
b526db8602d047e0_2,b526db8602d047e0,2,"I grabbed a cart and headed to the produce section, where fresh fruits and vegetables were neatly arranged."
b526db8602d047e0_3,b526db8602d047e0,3,I picked up a basket of apples and a few bananas.
b526db8602d047e0_4,b526db8602d047e0,4,"Then I moved to the dairy aisle, where I grabbed a carton of milk and a block of cheese."
b526db8602d047e0_5,b526db8602d047e0,5,I stopped at the snack section to pick up some crackers and a bag of chips.
b526db8602d047e0_6,b526db8602d047e0,6,"As I walked, I noticed a display of cereal and a coupon for a discount."
b526db8602d047e0_7,b526db8602d047e0,7,I added a box of cereal to my cart.
b526db8602d047e0_8,b526db8602d047e0,8,"I checked the total in my mind, then headed to the checkout, where a cashier scanned my items."
b526db8602d047e0_9,b526db8602d047e0,9,"I paid and took my groceries, ready to go home."
b526db8602d047e0_10,b526db8602d047e0,10,I don’t know.
fe8b444021990a84_1,fe8b444021990a84,1,"I was in a quiet supermarket in the early afternoon, the hum of refrigerators and the occasional clink of bottles in the distance."
fe8b444021990a84_2,fe8b444021990a84,2,"I moved slowly through the aisles, grabbing a carton of milk, a loaf of bread, and a few vegetables."
fe8b444021990a84_3,fe8b444021990a84,3,"The fluorescent lights buzzed softly, and the smell of fresh produce and baked goods filled the air."
fe8b444021990a84_4,fe8b444021990a84,4,I passed a display of colorful candies and a section with neatly arranged canned goods.
fe8b444021990a84_5,fe8b444021990a84,5,"A mother was helping her child pick out a fruit, and a few people were waiting in line at the checkout."
fe8b444021990a84_6,fe8b444021990a84,6,I stopped at the dairy section to check the expiration dates before placing the items in my cart.
fe8b444021990a84_7,fe8b444021990a84,7,I don’t know.
0835eb078a2fa15e_1,0835eb078a2fa15e,1,"I was in the supermarket, walking down the aisles, looking for cereal."
0835eb078a2fa15e_2,0835eb078a2fa15e,2,"The place was quiet, with the usual hum of people talking and the soft clink of shopping carts."
0835eb078a2fa15e_3,0835eb078a2fa15e,3,"I passed the dairy section, then the fruits and vegetables, where a woman was picking apples."
0835eb078a2fa15e_4,0835eb078a2fa15e,4,I grabbed a carton of milk and a loaf of bread from the shelf.
0835eb078a2fa15e_5,0835eb078a2fa15e,5,"I stopped at the cereal aisle, picked up a box, and put it in my cart."
0835eb078a2fa15e_6,0835eb078a2fa15e,6,"I noticed a coupon for a discount on coffee, so I grabbed a bag."
0835eb078a2fa15e_7,0835eb078a2fa15e,7,"I moved to the checkout, where a cashier scanned my items."
0835eb078a2fa15e_8,0835eb078a2fa15e,8,"I paid and left, the bag of cereal in my hand, ready for the evening."
4895af4c0bf521f3_1,4895af4c0bf521f3,1,"I was in a quiet section of the supermarket, browsing the canned goods aisle."
4895af4c0bf521f3_2,4895af4c0bf521f3,2,"The fluorescent lights buzzed softly, and the hum of conversation from nearby aisles blended with the occasional clink of cans."
4895af4c0bf521f3_3,4895af4c0bf521f3,3,"I grabbed a few items from the shelf, checking the expiration dates and comparing prices on the labels."
4895af4c0bf521f3_4,4895af4c0bf521f3,4,The air smelled faintly of baked goods from the nearby bakery section.
4895af4c0bf521f3_5,4895af4c0bf521f3,5,"I moved to the dairy aisle next, where the cool temperature felt refreshing."
4895af4c0bf521f3_6,4895af4c0bf521f3,6,"I picked up a carton of milk and a package of cheese, then headed to the checkout."
4895af4c0bf521f3_7,4895af4c0bf521f3,7,"The cashier scanned each item with a practiced smile, and I paid with my card."
4895af4c0bf521f3_8,4895af4c0bf521f3,8,"As I left, I waved to the store manager, who was restocking shelves nearby."
4895af4c0bf521f3_9,4895af4c0bf521f3,9,I don’t know.
2cf1ee89fb0f8648_1,2cf1ee89fb0f8648,1,"I was in a quiet supermarket in the early afternoon, the fluorescent lights buzzing softly."
2cf1ee89fb0f8648_2,2cf1ee89fb0f8648,2,"The aisles were filled with people browsing, some holding shopping carts, others looking at products on display."
2cf1ee89fb0f8648_3,2cf1ee89fb0f8648,3,"I grabbed a cart and headed to the produce section, where the fruits and vegetables were neatly arranged."
2cf1ee89fb0f8648_4,2cf1ee89fb0f8648,4,I picked up a few apples and a bag of spinach.
2cf1ee89fb0f8648_5,2cf1ee89fb0f8648,5,"Then I moved to the dairy aisle, where I grabbed a carton of milk and a block of cheese."
2cf1ee89fb0f8648_6,2cf1ee89fb0f8648,6,I stopped at the snack section to pick up some cookies and a bag of chips.
2cf1ee89fb0f8648_7,2cf1ee89fb0f8648,7,"As I walked toward the checkout, I saw a couple of people waiting in line, and I joined them, keeping an eye on my cart."
2cf1ee89fb0f8648_8,2cf1ee89fb0f8648,8,I don’t know.
9b0e7c4a3bc187b0_1,9b0e7c4a3bc187b0,1,"I was in a busy supermarket, walking down the aisle with a cart."
9b0e7c4a3bc187b0_2,9b0e7c4a3bc187b0,2,"The fluorescent lights hummed softly, and the smell of fresh produce and baked goods filled the air."
9b0e7c4a3bc187b0_3,9b0e7c4a3bc187b0,3,"I paused at the dairy section, grabbed a carton of milk, and moved on."
9b0e7c4a3bc187b0_4,9b0e7c4a3bc187b0,4,"The shelves were neatly arranged, with products labeled clearly."
9b0e7c4a3bc187b0_5,9b0e7c4a3bc187b0,5,"I picked up a loaf of bread and a pack of cheese, then headed to the snack aisle."
9b0e7c4a3bc187b0_6,9b0e7c4a3bc187b0,6,I grabbed some chips and a bag of pretzels.
9b0e7c4a3bc187b0_7,9b0e7c4a3bc187b0,7,"As I walked, I noticed a display of seasonal fruit—apples, oranges, and grapes."
9b0e7c4a3bc187b0_8,9b0e7c4a3bc187b0,8,I added a few of those to my cart.
9b0e7c4a3bc187b0_9,9b0e7c4a3bc187b0,9,"The checkout line was short, and I paid with a card."
9b0e7c4a3bc187b0_10,9b0e7c4a3bc187b0,10,"I took my bag and left, feeling satisfied with my purchase."
9b0e7c4a3bc187b0_11,9b0e7c4a3bc187b0,11,"It was a typical, quiet morning in a familiar place."
06d3243ea49f003d_1,06d3243ea49f003d,1,"I was in a supermarket, walking down the aisles, looking for cereal."
06d3243ea49f003d_2,06d3243ea49f003d,2,"The fluorescent lights hummed softly, and the smell of fresh produce and baked goods filled the air."
06d3243ea49f003d_3,06d3243ea49f003d,3,"I grabbed a cart and started with the breakfast section, then moved to the dairy aisle, where I picked up a carton of milk."
06d3243ea49f003d_4,06d3243ea49f003d,4,"I paused at the snack section, grabbed a bag of chips, and then headed to the frozen foods, where I found a frozen pizza."
06d3243ea49f003d_5,06d3243ea49f003d,5,"I placed everything in the cart and continued to the checkout, where I paid and grabbed a bag of oranges from the produce section before leaving."
06d3243ea49f003d_6,06d3243ea49f003d,6,"The store felt familiar, and the routine was comforting, even if I wasn’t really there."
6874bddcd286e933_1,6874bddcd286e933,1,"I was in a quiet supermarket in the early afternoon, the kind with fluorescent lights and the faint hum of refrigerators."
6874bddcd286e933_2,6874bddcd286e933,2,"The aisles were lined with neatly arranged shelves, and the smell of fresh produce and baked goods lingered in the air."
6874bddcd286e933_3,6874bddcd286e933,3,"I moved slowly, grabbing a carton of milk, a loaf of bread, and a bag of apples."
6874bddcd286e933_4,6874bddcd286e933,4,"The cashier at the end of the aisle was efficient, scanning items with a quick beep."
6874bddcd286e933_5,6874bddcd286e933,5,"I paid with a card, and as I left, I passed a display of colorful candies that made me pause for a moment."
6874bddcd286e933_6,6874bddcd286e933,6,"The parking lot was mostly empty, and the sun was beginning to set, casting a warm glow through the windows."
6874bddcd286e933_7,6874bddcd286e933,7,"It was a simple, familiar routine, one that felt comforting and routine."
e923a74326b19c11_1,e923a74326b19c11,1,"I was in a supermarket, walking down the aisles, looking for cereal."
e923a74326b19c11_2,e923a74326b19c11,2,"The store was quiet, with the soft hum of the fluorescent lights and the occasional clink of a cart wheel."
e923a74326b19c11_3,e923a74326b19c11,3,"I grabbed a cart and started with the breakfast section, then moved to the dairy aisle, where I picked up a carton of milk."
e923a74326b19c11_4,e923a74326b19c11,4,"I stopped at the produce section, picked up a few apples, and then headed to the snacks."
e923a74326b19c11_5,e923a74326b19c11,5,"I grabbed a bag of chips and a candy bar, then went to the checkout."
e923a74326b19c11_6,e923a74326b19c11,6,"The cashier was friendly, and I paid with my card."
e923a74326b19c11_7,e923a74326b19c11,7,"I put everything in my basket and left, feeling satisfied with my small shopping trip."
e923a74326b19c11_8,e923a74326b19c11,8,I don’t know.
defd4cd3b12a58df_1,defd4cd3b12a58df,1,"I was in a supermarket, walking down the aisle with a cart, looking for cereal."
defd4cd3b12a58df_2,defd4cd3b12a58df,2,"The fluorescent lights buzzed softly, and the hum of conversation and clinking of shopping bags filled the air."
defd4cd3b12a58df_3,defd4cd3b12a58df,3,"I passed rows of canned goods, then moved to the snack section, where I grabbed a bag of chips and put it in my cart."
defd4cd3b12a58df_4,defd4cd3b12a58df,4,"I noticed a promotion on a box of cookies, so I added that too."
defd4cd3b12a58df_5,defd4cd3b12a58df,5,"The smell of fresh bread wafted from the bakery section, and I stopped to look at a loaf."
defd4cd3b12a58df_6,defd4cd3b12a58df,6,I picked up a loaf of whole grain bread and put it in the cart.
defd4cd3b12a58df_7,defd4cd3b12a58df,7,"I kept moving, checking the prices on items, making sure I wasn’t overspending."
defd4cd3b12a58df_8,defd4cd3b12a58df,8,I grabbed a bottle of water and a few fruits before heading to the checkout.
defd4cd3b12a58df_9,defd4cd3b12a58df,9,"The experience felt normal, routine, but familiar."
7ce41d53535f173f_1,7ce41d53535f173f,1,"I was in a supermarket, walking down the aisle with a shopping cart."
7ce41d53535f173f_2,7ce41d53535f173f,2,"The fluorescent lights buzzed softly, and the hum of conversation and the clink of plastic bottles filled the air."
7ce41d53535f173f_3,7ce41d53535f173f,3,"I grabbed a loaf of bread from the shelf, then moved to the dairy section, where I picked up a carton of milk."
7ce41d53535f173f_4,7ce41d53535f173f,4,"The smell of fresh produce wafted from the next aisle, and I paused to look at the ripe tomatoes and green peppers."
7ce41d53535f173f_5,7ce41d53535f173f,5,"I added a few items to my cart before heading to the snack aisle, where I grabbed a bag of chips."
7ce41d53535f173f_6,7ce41d53535f173f,6,"I checked the expiration dates on everything, making sure they were still good."
7ce41d53535f173f_7,7ce41d53535f173f,7,"As I approached the checkout, I realized I had forgotten my wallet, so I turned back to the entrance, hoping I’d remember where I left it."
7ce41d53535f173f_8,7ce41d53535f173f,8,I don’t know.
8294dbafc136dedf_1,8294dbafc136dedf,1,"I was in the grocery store, walking down the aisle with a cart, looking for cereal."
8294dbafc136dedf_2,8294dbafc136dedf,2,"The fluorescent lights hummed softly, and the smell of fresh produce and baked goods lingered in the air."
8294dbafc136dedf_3,8294dbafc136dedf,3,"I passed the dairy section, grabbed a carton of milk, and then moved to the snacks."
8294dbafc136dedf_4,8294dbafc136dedf,4,"I picked up a bag of chips and a candy bar, thinking about later."
8294dbafc136dedf_5,8294dbafc136dedf,5,"The store was quiet, except for the occasional clink of a shopping basket and the hum of the refrigerators."
8294dbafc136dedf_6,8294dbafc136dedf,6,"I stopped at the checkout, where a young woman was scanning items."
8294dbafc136dedf_7,8294dbafc136dedf,7,"I handed her my bag, and she rang it up."
8294dbafc136dedf_8,8294dbafc136dedf,8,"I paid and took my items, then walked out, the bag heavy in my hand."
8294dbafc136dedf_9,8294dbafc136dedf,9,I don’t know.
90d80625018427ae_1,90d80625018427ae,1,"I was walkin’ through the aisles of the supermarket, makin’ my usual rounds."
90d80625018427ae_2,90d80625018427ae,2,"The fluorescent lights hummed overhead, and the smell of fresh produce and baked goods lingered in the air."
90d80625018427ae_3,90d80625018427ae,3,"I grabbed a cart and started with the dairy section—milk, cheese, yogurt, all in neat packages."
90d80625018427ae_4,90d80625018427ae,4,"Then I moved to the frozen foods, checkin’ the labels for expiration dates."
90d80625018427ae_5,90d80625018427ae,5,The sound of the automatic doors opening and closin’ echoed as people came and went.
90d80625018427ae_6,90d80625018427ae,6,"I picked up a loaf of bread and a couple of eggs, then headed to the snacks aisle, lookin’ for my favorite crackers."
90d80625018427ae_7,90d80625018427ae,7,"The shelves were stocked, but I couldn’t find the one I wanted."
90d80625018427ae_8,90d80625018427ae,8,Sigh.
90d80625018427ae_9,90d80625018427ae,9,I figured I’d just grab another brand.
90d80625018427ae_10,90d80625018427ae,10,"I don’t know, maybe I’ll try that one next time."
da685f226197909a_1,da685f226197909a,1,"I was in a busy supermarket, walking down the aisle with a shopping cart."
da685f226197909a_2,da685f226197909a,2,"The fluorescent lights hummed softly, and the smell of fresh produce and baked goods filled the air."
da685f226197909a_3,da685f226197909a,3,"I grabbed a few apples from the fruit display, then moved to the dairy section, where I picked up a carton of milk."
da685f226197909a_4,da685f226197909a,4,"The shelves were neatly stocked, and the aisles were crowded with other shoppers browsing or placing items in their carts."
da685f226197909a_5,da685f226197909a,5,"I paused at the snack aisle, eyeing a bag of chips, but decided to stick to my list."
da685f226197909a_6,da685f226197909a,6,"As I pushed my cart toward the checkout, I noticed a line forming, so I stepped back to wait."
da685f226197909a_7,da685f226197909a,7,"The sounds of the store—cash registers, conversations, and the occasional cart wheeling down an aisle—created a familiar, everyday rhythm."
20cc49e6f2d73b19_1,20cc49e6f2d73b19,1,"I was walking down the aisle of a busy supermarket, the fluorescent lights buzzing softly overhead."
20cc49e6f2d73b19_2,20cc49e6f2d73b19,2,"The smell of fresh produce and baked goods filled the air, mingling with the faint scent of cleaning products."
20cc49e6f2d73b19_3,20cc49e6f2d73b19,3,"I paused at the cereal aisle, scanning the shelves for my favorite brand."
20cc49e6f2d73b19_4,20cc49e6f2d73b19,4,"A mother with a toddler was nearby, helping her child pick out a juice box."
20cc49e6f2d73b19_5,20cc49e6f2d73b19,5,"I grabbed a carton of milk and moved on, passing rows of canned goods and snacks."
20cc49e6f2d73b19_6,20cc49e6f2d73b19,6,The sound of a cart wheeling behind me echoed as another shopper hurried past.
20cc49e6f2d73b19_7,20cc49e6f2d73b19,7,"I reached the checkout, where a cashier greeted me with a smile."
20cc49e6f2d73b19_8,20cc49e6f2d73b19,8,"I paid for my items and headed to the exit, the bag of groceries in hand, the day’s errands complete."
20cc49e6f2d73b19_9,20cc49e6f2d73b19,9,The hum of the supermarket faded as I stepped outside into the cool afternoon air.
56063fb764c75ae0_1,56063fb764c75ae0,1,"I was walking through the aisles of a busy supermarket, the hum of conversation and the clatter of shopping carts filling the air."
56063fb764c75ae0_2,56063fb764c75ae0,2,"The fluorescent lights buzzed softly overhead, casting a bright white glow on the neatly arranged shelves."
56063fb764c75ae0_3,56063fb764c75ae0,3,"I grabbed a cart and headed toward the produce section, where fresh fruits and vegetables were displayed in vibrant colors."
56063fb764c75ae0_4,56063fb764c75ae0,4,"I picked up a few apples and a bundle of spinach, then moved to the dairy section, where the smell of cheese and yogurt lingered."
56063fb764c75ae0_5,56063fb764c75ae0,5,I grabbed a carton of milk and a block of cheese before heading to the checkout.
56063fb764c75ae0_6,56063fb764c75ae0,6,"The line was short, and the cashier scanned my items quickly."
56063fb764c75ae0_7,56063fb764c75ae0,7,"As I paid, I glanced at the snack aisle, tempted by a bag of chips, but decided to stick to my list."
56063fb764c75ae0_8,56063fb764c75ae0,8,"I wheeled my cart out, the bags of groceries in hand, ready to go home."
822e7bc22251b9a2_1,822e7bc22251b9a2,1,"I was walking down the aisle of a busy supermarket, the fluorescent lights buzzing softly overhead."
822e7bc22251b9a2_2,822e7bc22251b9a2,2,"The smell of fresh produce and baked goods filled the air, mixed with the faint scent of cleaning products."
822e7bc22251b9a2_3,822e7bc22251b9a2,3,"I grabbed a cart and started picking up items for my weekly shopping: a loaf of bread, some eggs, a carton of milk, and a few vegetables."
822e7bc22251b9a2_4,822e7bc22251b9a2,4,"I paused at the snack aisle, eyeing a bag of chips before deciding against it."
822e7bc22251b9a2_5,822e7bc22251b9a2,5,"As I moved toward the checkout, I noticed a line forming, so I hurried to get in before it got too long."
822e7bc22251b9a2_6,822e7bc22251b9a2,6,"The cashier greeted me with a smile, and I handed her my items, hoping the total would be under my budget."
822e7bc22251b9a2_7,822e7bc22251b9a2,7,"It was a typical Saturday morning, quiet but full of the usual rhythm of the store."
f7b75d241b4a0253_1,f7b75d241b4a0253,1,"I was walking through the aisles of a brightly lit supermarket, the hum of conversation and the occasional clatter of shopping carts in the background."
f7b75d241b4a0253_2,f7b75d241b4a0253,2,"I was looking for cereal, so I headed to the breakfast section."
f7b75d241b4a0253_3,f7b75d241b4a0253,3,"The shelves were neatly organized, with boxes stacked in rows."
f7b75d241b4a0253_4,f7b75d241b4a0253,4,I grabbed a few options and placed them in my cart.
f7b75d241b4a0253_5,f7b75d241b4a0253,5,"As I moved on, I noticed a display of fresh fruit, so I picked up a few apples and a banana."
f7b75d241b4a0253_6,f7b75d241b4a0253,6,I stopped at the dairy section to grab a carton of milk and a block of cheese.
f7b75d241b4a0253_7,f7b75d241b4a0253,7,"The smell of baked goods wafted from the bakery aisle, making my stomach growl."
f7b75d241b4a0253_8,f7b75d241b4a0253,8,I added a loaf of bread to my cart before heading to the checkout.
f7b75d241b4a0253_9,f7b75d241b4a0253,9,"The cashier was efficient, and I paid with my debit card."
f7b75d241b4a0253_10,f7b75d241b4a0253,10,"As I walked out, I felt satisfied with my purchases, ready to make a simple meal at home."
73a1a166f868eeec_1,73a1a166f868eeec,1,"I was walking down the aisle of a busy supermarket, the fluorescent lights buzzing softly overhead."
73a1a166f868eeec_2,73a1a166f868eeec,2,"The smell of fresh produce and baked goods filled the air, mingling with the faint scent of cleaning products."
73a1a166f868eeec_3,73a1a166f868eeec,3,"Shelves were neatly stocked with rows of canned goods, snacks, and household items."
73a1a166f868eeec_4,73a1a166f868eeec,4,"I paused at the dairy section, grabbed a carton of milk, and placed it in my basket."
73a1a166f868eeec_5,73a1a166f868eeec,5,"As I moved toward the checkout, I passed a display of colorful fruits, their vibrant hues catching my eye."
73a1a166f868eeec_6,73a1a166f868eeec,6,I picked up a small bag of grapes and added it to my basket.
73a1a166f868eeec_7,73a1a166f868eeec,7,"The sound of other shoppers moving around, the occasional beep of a scanner, and the hum of the refrigerators created a familiar, comforting rhythm."
73a1a166f868eeec_8,73a1a166f868eeec,8,"I reached the checkout, handed over my items, and waited patiently as the cashier scanned them."
73a1a166f868eeec_9,73a1a166f868eeec,9,"Simple, routine, and entirely ordinary."
6ab6bdc80101c38e_1,6ab6bdc80101c38e,1,"I was walking through the aisles of a busy supermarket, the hum of conversation and the clatter of shopping carts filling the air."
6ab6bdc80101c38e_2,6ab6bdc80101c38e,2,"The scent of fresh produce and baked goods lingered in the warm, well-lit space."
6ab6bdc80101c38e_3,6ab6bdc80101c38e,3,"I grabbed a cart and headed to the dairy section, where the cool air smelled of milk and cheese."
6ab6bdc80101c38e_4,6ab6bdc80101c38e,4,"I picked up a carton of yogurt and a loaf of bread, then moved to the snack aisle, where I grabbed a bag of chips and a chocolate bar."
6ab6bdc80101c38e_5,6ab6bdc80101c38e,5,"As I walked past the frozen foods, I noticed a display of frozen pizzas and smiled."
6ab6bdc80101c38e_6,6ab6bdc80101c38e,6,"I stopped at the checkout, where a cashier scanned my items with a quick, efficient motion."
6ab6bdc80101c38e_7,6ab6bdc80101c38e,7,"I paid and took my bag, feeling satisfied with my small but complete shopping trip."
34f8ee44074f85af_1,34f8ee44074f85af,1,"I was walking through the aisles of a busy supermarket, the hum of conversation and the clatter of shopping carts creating a familiar background noise."
34f8ee44074f85af_2,34f8ee44074f85af,2,"The fluorescent lights buzzed softly overhead, casting a bright, even light over the neatly arranged shelves."
34f8ee44074f85af_3,34f8ee44074f85af,3,"I grabbed a cart and headed to the produce section, where fresh fruits and vegetables were displayed in vibrant colors."
34f8ee44074f85af_4,34f8ee44074f85af,4,"I picked up a basket and filled it with apples, bananas, and a few leafy greens."
34f8ee44074f85af_5,34f8ee44074f85af,5,"As I moved to the dairy section, I paused to check the expiration dates on the milk cartons."
34f8ee44074f85af_6,34f8ee44074f85af,6,"I grabbed a carton and a loaf of bread, then headed to the checkout, where a cashier scanned my items with a quick and efficient motion."
34f8ee44074f85af_7,34f8ee44074f85af,7,"The entire experience was routine, yet comforting, a small part of daily life that felt both familiar and necessary."
68e36f1138ec058c_1,68e36f1138ec058c,1,"I was walking through the aisles of a well-lit supermarket, the hum of refrigerators and the occasional clatter of shopping carts in the background."
68e36f1138ec058c_2,68e36f1138ec058c,2,"I grabbed a cart and headed to the produce section, where fresh fruits and vegetables were neatly arranged."
68e36f1138ec058c_3,68e36f1138ec058c,3,I picked up a few apples and a bundle of spinach.
68e36f1138ec058c_4,68e36f1138ec058c,4,"Next, I moved to the dairy section, where I selected a carton of milk and a block of cheese."
68e36f1138ec058c_5,68e36f1138ec058c,5,"I then stopped by the snack aisle, grabbed a bag of chips, and added a few candy bars to my cart."
68e36f1138ec058c_6,68e36f1138ec058c,6,"As I walked toward the checkout, I glanced at the weekly flyer on a pole, trying to remember if I had everything on my list."
68e36f1138ec058c_7,68e36f1138ec058c,7,"The store smelled faintly of bread and cleaning products, and the fluorescent lights cast a soft glow over the shelves."
6d5136127f367973_1,6d5136127f367973,1,"I was walking through the aisles of a busy supermarket, the hum of conversation and the clatter of shopping carts filling the air."
6d5136127f367973_2,6d5136127f367973,2,"The fluorescent lights buzzed softly, casting a bright white glow over the neatly arranged shelves."
6d5136127f367973_3,6d5136127f367973,3,"I grabbed a cart and moved toward the produce section, where fresh fruits and vegetables were displayed in vibrant colors."
6d5136127f367973_4,6d5136127f367973,4,"I picked up a few apples and a bundle of spinach, then headed to the dairy aisle, where the cool air smelled of milk and cheese."
6d5136127f367973_5,6d5136127f367973,5,I selected a carton of yogurt and a loaf of bread.
6d5136127f367973_6,6d5136127f367973,6,"As I moved toward the checkout, I passed the snack aisle, where chips and candy caught my eye, but I resisted the urge to buy anything else."
6d5136127f367973_7,6d5136127f367973,7,"The cashier scanned my items, and I handed over my card, waiting patiently as the total was processed."
6d5136127f367973_8,6d5136127f367973,8,"I grabbed my bag and stepped out into the bright afternoon sun, ready to head home."
62ede2259219000f_1,62ede2259219000f,1,"I was in the supermarket, walking down the aisle with a cart, looking at the shelves of canned goods."
62ede2259219000f_2,62ede2259219000f,2,"The fluorescent lights buzzed softly, and the smell of fresh produce and baked goods filled the air."
62ede2259219000f_3,62ede2259219000f,3,"I grabbed a few cans of beans and a box of cereal, then moved to the dairy section."
62ede2259219000f_4,62ede2259219000f,4,"A woman in front of me was picking up milk and eggs, and we both paused when the cart behind us almost hit the display."
62ede2259219000f_5,62ede2259219000f,5,"I grabbed a loaf of bread and a bottle of juice, then headed to the checkout."
62ede2259219000f_6,62ede2259219000f,6,"The line was short, and the cashier smiled as she scanned my items."
62ede2259219000f_7,62ede2259219000f,7,"I paid and took my bag, then walked out into the warm afternoon, the smell of the outside world mixing with the lingering scent of the store."
4c1989454ed28c01_1,4c1989454ed28c01,1,"I was walking through the aisles of a well-lit supermarket, the hum of refrigerators and the occasional shout from a cashier in the checkout line filling the air."
4c1989454ed28c01_2,4c1989454ed28c01,2,"I grabbed a cart and headed to the produce section, where bright colors of fruits and vegetables caught my eye."
4c1989454ed28c01_3,4c1989454ed28c01,3,"I picked up a few apples and a bundle of carrots before moving to the dairy case, where I selected a carton of milk and a block of cheese."
4c1989454ed28c01_4,4c1989454ed28c01,4,"I then stopped at the snack aisle, grabbed a bag of chips, and added it to the cart."
4c1989454ed28c01_5,4c1989454ed28c01,5,"As I walked toward the checkout, I noticed a display of candy, but I decided to stick to my list."
4c1989454ed28c01_6,4c1989454ed28c01,6,"The cart rolled smoothly as I navigated the crowded aisles, making sure not to bump into other shoppers."
4c1989454ed28c01_7,4c1989454ed28c01,7,I was ready to pay and head home with my groceries.
a4dd9cb08d2bb183_1,a4dd9cb08d2bb183,1,"I was in a busy supermarket, the fluorescent lights buzzing softly overhead."
a4dd9cb08d2bb183_2,a4dd9cb08d2bb183,2,"The aisles were lined with shelves packed full of products, from cereal boxes to canned goods."
a4dd9cb08d2bb183_3,a4dd9cb08d2bb183,3,The smell of fresh produce and baked bread filled the air.
a4dd9cb08d2bb183_4,a4dd9cb08d2bb183,4,"I moved slowly, pushing my cart past rows of colorful fruits and vegetables."
a4dd9cb08d2bb183_5,a4dd9cb08d2bb183,5,"I stopped at the dairy section, grabbed a carton of milk, and checked the expiration date."
a4dd9cb08d2bb183_6,a4dd9cb08d2bb183,6,"Then I headed to the snack aisle, where I picked up a bag of chips and a candy bar."
a4dd9cb08d2bb183_7,a4dd9cb08d2bb183,7,"I passed the cleaning supplies and the household items, making sure to avoid any items I didn’t need."
a4dd9cb08d2bb183_8,a4dd9cb08d2bb183,8,"As I approached the checkout, I glanced at the loyalty card display and thought about signing up."
a4dd9cb08d2bb183_9,a4dd9cb08d2bb183,9,"The cashier waved me forward, and I waited in line, watching the other shoppers around me."
238d407b63554ec7_1,238d407b63554ec7,1,"I was walking through the aisles of a busy supermarket, the hum of conversation and the clatter of shopping carts filling the air."
238d407b63554ec7_2,238d407b63554ec7,2,"The fluorescent lights buzzed softly, casting a bright glow over the neatly arranged shelves."
238d407b63554ec7_3,238d407b63554ec7,3,"I grabbed a cart and headed toward the produce section, where fresh fruits and vegetables were displayed in vibrant colors."
238d407b63554ec7_4,238d407b63554ec7,4,"I picked up a few apples and a bundle of spinach, then moved on to the dairy section, where the smell of cheese and yogurt lingered."
238d407b63554ec7_5,238d407b63554ec7,5,I grabbed a carton of milk and a block of cheese before heading to the checkout.
238d407b63554ec7_6,238d407b63554ec7,6,"The line was long, but I waited patiently, scanning the items on the conveyor belt."
238d407b63554ec7_7,238d407b63554ec7,7,"As I paid, I thought about the meal I would make later, savoring the simple pleasure of grocery shopping."
a39f725d34e2d0b5_1,a39f725d34e2d0b5,1,"I was in the supermarket, walking down the aisle with a cart, looking at the shelves."
a39f725d34e2d0b5_2,a39f725d34e2d0b5,2,"The fluorescent lights buzzed softly, and the smell of fresh produce and baked goods filled the air."
a39f725d34e2d0b5_3,a39f725d34e2d0b5,3,"I grabbed a few apples and a loaf of bread, then moved to the dairy section."
a39f725d34e2d0b5_4,a39f725d34e2d0b5,4,"There was a line at the milk cooler, so I waited patiently."
a39f725d34e2d0b5_5,a39f725d34e2d0b5,5,"A couple of people were browsing the snack aisle nearby, checking the expiration dates."
a39f725d34e2d0b5_6,a39f725d34e2d0b5,6,I picked up a carton of yogurt and a pack of cheese.
a39f725d34e2d0b5_7,a39f725d34e2d0b5,7,"As I walked toward the checkout, I noticed a display of candy near the exit."
a39f725d34e2d0b5_8,a39f725d34e2d0b5,8,I decided to grab a small bag of chocolate for later.
a39f725d34e2d0b5_9,a39f725d34e2d0b5,9,"The cart rolled smoothly as I made my way to the register, ready to pay."
a39f725d34e2d0b5_10,a39f725d34e2d0b5,10,"It was a typical Saturday morning, quiet but busy."
ca843b09d9b9dae5_1,ca843b09d9b9dae5,1,"I was in a bustling supermarket, the fluorescent lights buzzing softly overhead."
ca843b09d9b9dae5_2,ca843b09d9b9dae5,2,"The aisles were lined with neatly stacked shelves, each filled with rows of products."
ca843b09d9b9dae5_3,ca843b09d9b9dae5,3,"I moved slowly, pushing my cart along, stopping here and there to check labels and prices."
ca843b09d9b9dae5_4,ca843b09d9b9dae5,4,"The scent of fresh produce and baked goods filled the air, mingling with the faint hum of conversation and the occasional clatter of shopping carts."
ca843b09d9b9dae5_5,ca843b09d9b9dae5,5,"I picked up a loaf of bread, then a carton of milk, making sure to check the expiration dates."
ca843b09d9b9dae5_6,ca843b09d9b9dae5,6,"A child's laughter echoed from the toy section, and a cashier waved me toward the checkout."
ca843b09d9b9dae5_7,ca843b09d9b9dae5,7,"I grabbed a few more items, then headed to the front, ready to pay."
ca843b09d9b9dae5_8,ca843b09d9b9dae5,8,"The scene was familiar, routine, yet comforting in its predictability."
131c2dd1844bdfe7_1,131c2dd1844bdfe7,1,"I was walking through the aisles of a well-lit supermarket, the hum of conversation and the clinking of shopping carts filling the air."
131c2dd1844bdfe7_2,131c2dd1844bdfe7,2,"The scent of fresh produce and baked goods mingled in the warm, dry atmosphere."
131c2dd1844bdfe7_3,131c2dd1844bdfe7,3,"I grabbed a cart and headed to the dairy section, where the cool temperature contrasted with the rest of the store."
131c2dd1844bdfe7_4,131c2dd1844bdfe7,4,"I picked up a carton of milk and a loaf of bread, then moved to the snack aisle, where I selected a bag of chips and a candy bar."
131c2dd1844bdfe7_5,131c2dd1844bdfe7,5,"As I walked toward the checkout, I passed a display of colorful fruits and a section with household cleaners."
131c2dd1844bdfe7_6,131c2dd1844bdfe7,6,"The cashier greeted me with a smile, and I handed her my items, waiting patiently for my turn."
131c2dd1844bdfe7_7,131c2dd1844bdfe7,7,"The scene was familiar, routine, and comforting."
cf366409126fb0fb_1,cf366409126fb0fb,1,"I was walking through the aisles of a busy supermarket, the hum of conversation and the clatter of shopping carts filling the air."
cf366409126fb0fb_2,cf366409126fb0fb,2,"The fluorescent lights buzzed softly overhead, casting a bright glow on the neatly arranged shelves."
cf366409126fb0fb_3,cf366409126fb0fb,3,"I grabbed a cart and moved toward the produce section, where fresh fruits and vegetables were displayed in vibrant colors."
cf366409126fb0fb_4,cf366409126fb0fb,4,I picked up a few apples and a bundle of carrots before heading to the dairy aisle.
cf366409126fb0fb_5,cf366409126fb0fb,5,"The smell of fresh bread wafted from the bakery section, and I stopped to check the clock—my grocery list was almost complete."
cf366409126fb0fb_6,cf366409126fb0fb,6,"I grabbed a loaf of bread and a carton of milk, then headed to the checkout."
cf366409126fb0fb_7,cf366409126fb0fb,7,"The cashier scanned my items quickly, and I paid with my card."
cf366409126fb0fb_8,cf366409126fb0fb,8,"As I left, I waved to the store manager, who was restocking shelves nearby."
f77e6444b60f2cba_1,f77e6444b60f2cba,1,"I was walking through the supermarket, the fluorescent lights buzzing softly overhead."
f77e6444b60f2cba_2,f77e6444b60f2cba,2,"The aisles were crowded with people browsing shelves, some pushing carts, others holding items in their hands."
f77e6444b60f2cba_3,f77e6444b60f2cba,3,The smell of fresh produce and baked goods filled the air.
f77e6444b60f2cba_4,f77e6444b60f2cba,4,"I stopped at the dairy section, grabbed a carton of milk, and moved toward the frozen foods."
f77e6444b60f2cba_5,f77e6444b60f2cba,5,"I passed rows of canned goods, then reached the snack aisle, where I picked up a bag of chips."
f77e6444b60f2cba_6,f77e6444b60f2cba,6,"As I walked, I noticed a child chasing a toy car near the checkout."
f77e6444b60f2cba_7,f77e6444b60f2cba,7,"I grabbed a loaf of bread and headed toward the registers, where a cashier waved me forward."
f77e6444b60f2cba_8,f77e6444b60f2cba,8,"The scene was familiar, routine, yet full of small, everyday details that made it feel real."
fa09d281263b793d_1,fa09d281263b793d,1,"I was walking through the aisles of a brightly lit supermarket, the hum of conversation and the occasional cart wheeling down the path creating a familiar background noise."
fa09d281263b793d_2,fa09d281263b793d,2,"The scent of fresh produce and baked goods filled the air, mingling with the faint smell of cleaning products."
fa09d281263b793d_3,fa09d281263b793d,3,"I stopped at the dairy section, grabbed a carton of milk, and moved on to the bread aisle, where I picked up a loaf of whole grain bread."
fa09d281263b793d_4,fa09d281263b793d,4,"I paused at the snack section, considering a bag of chips, but decided against it."
fa09d281263b793d_5,fa09d281263b793d,5,"I then headed to the checkout, where a cashier scanned my items with a quick, efficient motion."
fa09d281263b793d_6,fa09d281263b793d,6,"As I paid, I glanced at the calendar on the wall, noting the date, and stepped outside into the cool, late afternoon air."
d75cab9b6b5bbfc1_1,d75cab9b6b5bbfc1,1,"I was walking through the aisles of a busy supermarket, the hum of conversation and the clinking of shopping carts filling the air."
d75cab9b6b5bbfc1_2,d75cab9b6b5bbfc1,2,"The scent of fresh produce and baked goods wafted from the bakery section, where a display of pastries caught my eye."
d75cab9b6b5bbfc1_3,d75cab9b6b5bbfc1,3,"I grabbed a cart and headed to the dairy section, where the cool air from the refrigerators made the space feel slightly damp."
d75cab9b6b5bbfc1_4,d75cab9b6b5bbfc1,4,"I picked up a carton of milk and a block of cheese, then moved to the snack aisle, where I selected a bag of chips."
d75cab9b6b5bbfc1_5,d75cab9b6b5bbfc1,5,"As I waited in line at the checkout, I glanced at the magazine rack, considering whether to buy a newspaper."
d75cab9b6b5bbfc1_6,d75cab9b6b5bbfc1,6,"The cashier scanned my items, and I handed over my card, waiting for the receipt."
d75cab9b6b5bbfc1_7,d75cab9b6b5bbfc1,7,"The experience was familiar, routine, yet filled with small decisions that made the day feel ordinary."
22e2a194062351da_1,22e2a194062351da,1,"I was in a busy supermarket, walking down the aisle with a cart."
22e2a194062351da_2,22e2a194062351da,2,"The fluorescent lights buzzed softly, and the smell of fresh produce and baked goods filled the air."
22e2a194062351da_3,22e2a194062351da,3,"I paused at the cereal section, grabbed a box of oats, and put it in the cart."
22e2a194062351da_4,22e2a194062351da,4,"Then I moved to the dairy aisle, picked up a carton of milk, and checked the expiration date."
22e2a194062351da_5,22e2a194062351da,5,The store was quiet except for the occasional cart wheeling down the aisle and the soft hum of the refrigerators.
22e2a194062351da_6,22e2a194062351da,6,I grabbed a loaf of bread from the shelf and added it to the cart.
22e2a194062351da_7,22e2a194062351da,7,"As I walked toward the checkout, I passed a display of seasonal fruits, their colors bright and inviting."
22e2a194062351da_8,22e2a194062351da,8,I smiled at the display but didn’t stop.
22e2a194062351da_9,22e2a194062351da,9,"The cashier was already waiting, ready to scan my items."
22e2a194062351da_10,22e2a194062351da,10,I handed her my card and waited for the total.
80f360bb80e9024e_1,80f360bb80e9024e,1,"I was walking through the aisles of a busy supermarket, the hum of conversation and the clatter of shopping carts filling the air."
80f360bb80e9024e_2,80f360bb80e9024e,2,"I grabbed a cart and headed to the produce section, where bright colors of fruits and vegetables caught my eye."
80f360bb80e9024e_3,80f360bb80e9024e,3,"I picked up a few apples and a bundle of spinach, then moved to the dairy aisle, where I grabbed a carton of milk and a block of cheese."
80f360bb80e9024e_4,80f360bb80e9024e,4,I stopped at the snack aisle to pick up a bag of chips and a chocolate bar.
80f360bb80e9024e_5,80f360bb80e9024e,5,"As I moved through the store, I noticed a line forming at the checkout, so I headed toward it, balancing my items carefully."
80f360bb80e9024e_6,80f360bb80e9024e,6,"The cashier greeted me, and I placed my items on the conveyor belt, ready to pay."
80f360bb80e9024e_7,80f360bb80e9024e,7,"The experience was routine but familiar, a typical trip to the supermarket for everyday essentials."
f8ececc0ad90e2d3_1,f8ececc0ad90e2d3,1,"I was walking through the aisles of a busy supermarket, the fluorescent lights buzzing softly overhead."
f8ececc0ad90e2d3_2,f8ececc0ad90e2d3,2,The smell of fresh produce and baked goods filled the air.
f8ececc0ad90e2d3_3,f8ececc0ad90e2d3,3,"I grabbed a cart and headed to the dairy section, where the milk and cheese were neatly stacked."
f8ececc0ad90e2d3_4,f8ececc0ad90e2d3,4,I picked up a carton of milk and a block of cheddar.
f8ececc0ad90e2d3_5,f8ececc0ad90e2d3,5,"Then I moved to the bread aisle, where the loaves were displayed in a warm, golden glow."
f8ececc0ad90e2d3_6,f8ececc0ad90e2d3,6,I chose a baguette and a slice of whole grain bread.
f8ececc0ad90e2d3_7,f8ececc0ad90e2d3,7,"As I walked past the snack aisle, I grabbed a bag of almonds and a pack of dark chocolate."
f8ececc0ad90e2d3_8,f8ececc0ad90e2d3,8,"I stopped at the checkout, where the cashier scanned my items quickly."
f8ececc0ad90e2d3_9,f8ececc0ad90e2d3,9,"I paid and grabbed my bag, then walked out into the parking lot, the sun shining brightly above."
a6b9f2cf0185314d_1,a6b9f2cf0185314d,1,"I was in the grocery store, walking down the aisle with a cart, looking at the shelves."
a6b9f2cf0185314d_2,a6b9f2cf0185314d,2,"The fluorescent lights hummed softly, and the smell of fresh produce and cleaning products filled the air."
a6b9f2cf0185314d_3,a6b9f2cf0185314d,3,"I grabbed a few items from the cereal aisle, then moved to the dairy section, where the milk was chilled and the cheese was stacked neatly."
a6b9f2cf0185314d_4,a6b9f2cf0185314d,4,I picked up a block of cheddar and a carton of yogurt.
a6b9f2cf0185314d_5,a6b9f2cf0185314d,5,"As I walked past the snack aisle, I noticed a display of chips and soda, but I didn’t stop."
a6b9f2cf0185314d_6,a6b9f2cf0185314d,6,"I kept going toward the checkout, where a line was forming."
a6b9f2cf0185314d_7,a6b9f2cf0185314d,7,"I placed my items on the conveyor belt and waited patiently, watching the cashier scan each product."
a6b9f2cf0185314d_8,a6b9f2cf0185314d,8,The beeping sounds and the occasional comment from other customers made the scene feel familiar and routine.
a6b9f2cf0185314d_9,a6b9f2cf0185314d,9,"I paid and left, the bag of groceries in my hand."
19ada4f0cc34597c_1,19ada4f0cc34597c,1,"I was in a supermarket, browsing the aisles, looking for cereal and yogurt."
19ada4f0cc34597c_2,19ada4f0cc34597c,2,"I grabbed a cart and headed to the breakfast section, where I picked up a box of oatmeal and a carton of Greek yogurt."
19ada4f0cc34597c_3,19ada4f0cc34597c,3,"I moved to the dairy section, where I picked up some cheese and bread."
19ada4f0cc34597c_4,19ada4f0cc34597c,4,"I stopped by the produce aisle, grabbed a banana and a few apples."
19ada4f0cc34597c_5,19ada4f0cc34597c,5,"I then headed to the snacks section, where I picked up some chips and a soda."
19ada4f0cc34597c_6,19ada4f0cc34597c,6,"I paid at the checkout, gave the cashier a nod, and left with my groceries."
19ada4f0cc34597c_7,19ada4f0cc34597c,7,I made sure to check the expiration dates and didn’t buy anything I didn’t need.
19ada4f0cc34597c_8,19ada4f0cc34597c,8,I was ready for a quick meal.
475796b2015340ad_1,475796b2015340ad,1,"I'm in the supermarket, browsing the aisles."
475796b2015340ad_2,475796b2015340ad,2,I grab a cart and head to the produce section first.
475796b2015340ad_3,475796b2015340ad,3,I pick up a few apples and some carrots.
475796b2015340ad_4,475796b2015340ad,4,"Then I head to the dairy section, where I grab a yogurt and a loaf of bread."
475796b2015340ad_5,475796b2015340ad,5,I stop by the snacks aisle to pick up some chips.
475796b2015340ad_6,475796b2015340ad,6,I check the prices and compare the sizes.
475796b2015340ad_7,475796b2015340ad,7,I end up buying the bigger bag for better value.
475796b2015340ad_8,475796b2015340ad,8,"I head to the checkout, pay with my card, and grab a coffee from the café."
475796b2015340ad_9,475796b2015340ad,9,"I leave with my groceries, satisfied with my shopping trip."
475796b2015340ad_10,475796b2015340ad,10,I make sure to check the expiration dates and avoid anything that looks suspicious.
475796b2015340ad_11,475796b2015340ad,11,I always try to save money where I can.
475796b2015340ad_12,475796b2015340ad,12,"I used to come here more often, but I try to shop smart."
ddd7278c88b2ae74_1,ddd7278c88b2ae74,1,"I was in a supermarket, browsing the aisles, grabbing a cart."
ddd7278c88b2ae74_2,ddd7278c88b2ae74,2,"I stopped by the fruits section, picked up a banana and a small bottle of juice."
ddd7278c88b2ae74_3,ddd7278c88b2ae74,3,"Then I moved to the snacks, grabbed a granola bar and a bag of chips."
ddd7278c88b2ae74_4,ddd7278c88b2ae74,4,"I checked the dairy section, picked up a yogurt and a carton of milk."
ddd7278c88b2ae74_5,ddd7278c88b2ae74,5,"I grabbed a few items from the frozen foods, like a frozen pizza and some frozen vegetables."
ddd7278c88b2ae74_6,ddd7278c88b2ae74,6,I added a loaf of bread and a bottle of olive oil to my list.
ddd7278c88b2ae74_7,ddd7278c88b2ae74,7,"I paid at the checkout, handed over the items, and left with my groceries, ready for a quick meal."
ddd7278c88b2ae74_8,ddd7278c88b2ae74,8,"I made sure I didn’t forget anything I needed, and I left feeling satisfied with my shopping trip."
5c3ed3c2976d643a_1,5c3ed3c2976d643a,1,I don’t know.
8b63b3987b5c1b34_1,8b63b3987b5c1b34,1,"I’m at the supermarket, browsing the aisles."
8b63b3987b5c1b34_2,8b63b3987b5c1b34,2,"The place is always busy, people rushing, grabbing groceries."
8b63b3987b5c1b34_3,8b63b3987b5c1b34,3,"I head to the produce section first—fresh fruits, veggies, all neatly arranged."
8b63b3987b5c1b34_4,8b63b3987b5c1b34,4,I pick up a carton of milk and some cereal.
8b63b3987b5c1b34_5,8b63b3987b5c1b34,5,"Then I head to the snacks aisle, grab a bag of chips."
8b63b3987b5c1b34_6,8b63b3987b5c1b34,6,I stop by the dairy section to pick up yogurt.
8b63b3987b5c1b34_7,8b63b3987b5c1b34,7,"The cashier is fast, scanning items."
8b63b3987b5c1b34_8,8b63b3987b5c1b34,8,"I pay, get my receipt, and head to the checkout."
8b63b3987b5c1b34_9,8b63b3987b5c1b34,9,"Then I head to the exit, grab a coffee from the café, and head home."
8b63b3987b5c1b34_10,8b63b3987b5c1b34,10,I think that’s it.
8b63b3987b5c1b34_11,8b63b3987b5c1b34,11,"I don’t know if I missed anything, but that’s the scene."
399db244224ad774_1,399db244224ad774,1,"I was in a supermarket, browsing the aisles, looking for cereal."
399db244224ad774_2,399db244224ad774,2,"The store was busy, with people grabbing groceries and chatting."
399db244224ad774_3,399db244224ad774,3,I grabbed a cart and headed to the breakfast section.
399db244224ad774_4,399db244224ad774,4,I picked up a box of oatmeal and a banana.
399db244224ad774_5,399db244224ad774,5,"I noticed a line forming at the checkout, so I headed to the produce section next."
399db244224ad774_6,399db244224ad774,6,I selected a few apples and a loaf of bread.
399db244224ad774_7,399db244224ad774,7,I added those to my cart and headed to the checkout.
399db244224ad774_8,399db244224ad774,8,"The cashier was fast, and I paid and left with my items."
399db244224ad774_9,399db244224ad774,9,"I felt good about my shopping trip, simple but satisfying."
b997855405d06ece_1,b997855405d06ece,1,I don't know.
42b4e850b95810a9_1,42b4e850b95810a9,1,"I was in a supermarket, browsing the aisles, looking for cereal."
42b4e850b95810a9_2,42b4e850b95810a9,2,"The store was busy, with people grabbing groceries and chatting."
42b4e850b95810a9_3,42b4e850b95810a9,3,"I grabbed a cart and headed to the cereal aisle, then noticed a promotion for a new granola."
42b4e850b95810a9_4,42b4e850b95810a9,4,I picked it up and put it in my basket.
42b4e850b95810a9_5,42b4e850b95810a9,5,"I needed milk, so I headed to the dairy section."
42b4e850b95810a9_6,42b4e850b95810a9,6,I grabbed a carton and put it in the basket too.
42b4e850b95810a9_7,42b4e850b95810a9,7,"I then moved to the fruit section, grabbed some apples, and put them in the cart."
42b4e850b95810a9_8,42b4e850b95810a9,8,"I paid at the register, handed over the items, and left with my groceries."
42b4e850b95810a9_9,42b4e850b95810a9,9,I don’t know.
9b735ed5e180d261_1,9b735ed5e180d261,1,"I was in a supermarket, browsing the aisles, grabbing a cart."
9b735ed5e180d261_2,9b735ed5e180d261,2,"I picked up a loaf of bread and a carton of milk, then headed to the produce section."
9b735ed5e180d261_3,9b735ed5e180d261,3,"I examined a few apples, picked one that looked fresh, and tossed it into the cart."
9b735ed5e180d261_4,9b735ed5e180d261,4,I grabbed a bag of chips and a bottle of juice.
9b735ed5e180d261_5,9b735ed5e180d261,5,I stopped by the snack aisle and grabbed a granola bar.
9b735ed5e180d261_6,9b735ed5e180d261,6,"I paid for my items at the register, then headed to the checkout."
9b735ed5e180d261_7,9b735ed5e180d261,7,"I waited in line, then paid and left with my groceries."
9b735ed5e180d261_8,9b735ed5e180d261,8,I made sure I had everything I needed for the week.
9b735ed5e180d261_9,9b735ed5e180d261,9,"I felt good about my shopping trip, ready for the week ahead."
05c996e40516008a_1,05c996e40516008a,1,I don't know.
335667d82e735b5f_1,335667d82e735b5f,1,I don't know.
2ff74865b3f450d2_1,2ff74865b3f450d2,1,"I was at the supermarket, browsing the aisles."
2ff74865b3f450d2_2,2ff74865b3f450d2,2,The hum of conversation and the clink of plastic bags filled the air.
2ff74865b3f450d2_3,2ff74865b3f450d2,3,"I grabbed a cart and headed to the produce section first, eyeing the fresh fruits and veggies."
2ff74865b3f450d2_4,2ff74865b3f450d2,4,"Then I stopped by the snacks aisle, picked up a granola bar, and moved to the dairy section."
2ff74865b3f450d2_5,2ff74865b3f450d2,5,I grabbed a carton of milk and a yogurt.
2ff74865b3f450d2_6,2ff74865b3f450d2,6,I checked the expiration dates and compared prices.
2ff74865b3f450d2_7,2ff74865b3f450d2,7,I grabbed a few items from the frozen foods and grabbed a bag of chips.
2ff74865b3f450d2_8,2ff74865b3f450d2,8,"I headed to the checkout, paid, and left with my groceries."
2ff74865b3f450d2_9,2ff74865b3f450d2,9,"It was a typical trip, just like any other."
a93952b43ce46e04_1,a93952b43ce46e04,1,"I was in a supermarket, browsing the aisles, grabbing a cart and heading to the produce section first."
a93952b43ce46e04_2,a93952b43ce46e04,2,"I picked up a few apples and a banana, then moved to the dairy case, grabbed a yogurt, and grabbed a loaf of bread."
a93952b43ce46e04_3,a93952b43ce46e04,3,"I stopped by the snacks aisle, grabbed a bag of chips, and then headed to the frozen foods, picked up a frozen pizza."
a93952b43ce46e04_4,a93952b43ce46e04,4,"I paid at the checkout, handed over the items, and left with my groceries."
a93952b43ce46e04_5,a93952b43ce46e04,5,I made sure I didn’t miss anything and left feeling I got what I needed.
ebeef2a7f5ab24d2_1,ebeef2a7f5ab24d2,1,I don’t know.
f5fbf51ce59afd29_1,f5fbf51ce59afd29,1,I don't know.
e24f529222c8b8d8_1,e24f529222c8b8d8,1,"I was in the supermarket, browsing the aisles, looking for cereal and milk."
e24f529222c8b8d8_2,e24f529222c8b8d8,2,"The place was always so busy, but it never felt too crowded."
e24f529222c8b8d8_3,e24f529222c8b8d8,3,I grabbed a cart and headed to the breakfast section.
e24f529222c8b8d8_4,e24f529222c8b8d8,4,"The smell of fresh bread wafted through the air, and there were all these bright packages of cereal, each one promising something special."
e24f529222c8b8d8_5,e24f529222c8b8d8,5,"I picked up a box of oatmeal and a carton of milk, then moved to the fruits and vegetables."
e24f529222c8b8d8_6,e24f529222c8b8d8,6,"I hesitated between apples and bananas, finally grabbed a banana."
e24f529222c8b8d8_7,e24f529222c8b8d8,7,"I paid at the checkout, said thanks, and left with my groceries."
328f4aaa16d167dc_1,328f4aaa16d167dc,1,I don't know.
28b5456f71d78296_1,28b5456f71d78296,1,"I was in the supermarket, browsing the aisles."
28b5456f71d78296_2,28b5456f71d78296,2,The hum of conversation and the clink of plastic bags filled the air.
28b5456f71d78296_3,28b5456f71d78296,3,"I grabbed a cart and headed to the fruits section, eyeing the bright colors of the berries and the crisp apples."
28b5456f71d78296_4,28b5456f71d78296,4,"I picked up a carton of milk and a loaf of bread, then moved to the snacks aisle, grabbing a bag of chips."
28b5456f71d78296_5,28b5456f71d78296,5,"I paused at the cereal section, reading labels, and finally selected a box."
28b5456f71d78296_6,28b5456f71d78296,6,"I headed to the checkout, paid, and left with my groceries, feeling satisfied with my choices."
17d7513503f1fdc9_1,17d7513503f1fdc9,1,"I was at the supermarket, browsing the aisles, looking for cereal and yogurt."
17d7513503f1fdc9_2,17d7513503f1fdc9,2,"I grabbed a cart and headed to the breakfast section, where I picked up a box of oatmeal and a carton of yogurt."
17d7513503f1fdc9_3,17d7513503f1fdc9,3,"Then I moved to the fruits and vegetables, grabbing a banana and some carrots."
17d7513503f1fdc9_4,17d7513503f1fdc9,4,I stopped by the snacks aisle to pick up some chips and a soda.
17d7513503f1fdc9_5,17d7513503f1fdc9,5,"While I was there, I saw a line of people waiting for the cashier, so I headed to the checkout."
17d7513503f1fdc9_6,17d7513503f1fdc9,6,"I paid for my items and left with a bag of groceries, feeling satisfied with my trip."
17d7513503f1fdc9_7,17d7513503f1fdc9,7,"It was a typical day at the store, just like any other."
a87621f3192a8d39_1,a87621f3192a8d39,1,"I was in a supermarket, browsing the aisles, looking for cereal for breakfast."
a87621f3192a8d39_2,a87621f3192a8d39,2,"The store was busy, with people grabbing groceries for the week."
a87621f3192a8d39_3,a87621f3192a8d39,3,"I grabbed a cart and headed to the cereal section, scanning the shelves for something I liked."
a87621f3192a8d39_4,a87621f3192a8d39,4,"I picked up a box of oatmeal and a granola bar, then moved to the dairy section."
a87621f3192a8d39_5,a87621f3192a8d39,5,I grabbed a carton of milk and a yogurt.
a87621f3192a8d39_6,a87621f3192a8d39,6,I stopped by the fruits and vegetables to pick up some apples.
a87621f3192a8d39_7,a87621f3192a8d39,7,"I paid for my items at the checkout, then headed to the checkout line."
a87621f3192a8d39_8,a87621f3192a8d39,8,"I paid, grabbed my bag, and headed out."
a87621f3192a8d39_9,a87621f3192a8d39,9,"It was a typical grocery run, but I had everything I needed."
f7b9290883c8c406_1,f7b9290883c8c406,1,I don't know.
96cb95c46c571493_1,96cb95c46c571493,1,"I was at the supermarket, browsing the aisles."
96cb95c46c571493_2,96cb95c46c571493,2,I grabbed a cart and headed for the produce section first.
96cb95c46c571493_3,96cb95c46c571493,3,I picked up a few apples and some carrots.
96cb95c46c571493_4,96cb95c46c571493,4,"Then I moved to the dairy section, grabbed a carton of milk, and checked out the yogurt."
96cb95c46c571493_5,96cb95c46c571493,5,I stopped by the snack aisle and picked up a bag of chips.
96cb95c46c571493_6,96cb95c46c571493,6,I grabbed a few granola bars for a quick snack.
96cb95c46c571493_7,96cb95c46c571493,7,"I then headed to the frozen foods, grabbed a pizza and some frozen vegetables."
96cb95c46c571493_8,96cb95c46c571493,8,"I paid at the register, and I left with my groceries."
96cb95c46c571493_9,96cb95c46c571493,9,"The store was busy, but I managed to get what I needed."
96cb95c46c571493_10,96cb95c46c571493,10,I made sure to check the expiration dates.
96cb95c46c571493_11,96cb95c46c571493,11,I avoided anything that looked suspicious.
96cb95c46c571493_12,96cb95c46c571493,12,I paid with my card and left with my shopping done.
d8f646f101f9d23f_1,d8f646f101f9d23f,1,"I was in a supermarket, browsing the aisles, looking for cereal."
d8f646f101f9d23f_2,d8f646f101f9d23f,2,"The store was busy, with people grabbing groceries and chatting."
d8f646f101f9d23f_3,d8f646f101f9d23f,3,I picked up a cart and headed to the breakfast section.
d8f646f101f9d23f_4,d8f646f101f9d23f,4,I grabbed a box of cereal and put it in my cart.
d8f646f101f9d23f_5,d8f646f101f9d23f,5,"Then I moved to the dairy section, grabbed a carton of milk, and placed it in the cart."
d8f646f101f9d23f_6,d8f646f101f9d23f,6,"I stopped by the fruits and vegetables section, picked up some apples, and added them to the cart."
d8f646f101f9d23f_7,d8f646f101f9d23f,7,"I then moved to the snacks aisle, picked up a bag of chips, and put that in the cart too."
d8f646f101f9d23f_8,d8f646f101f9d23f,8,I made a quick stop at the beverages section and grabbed a soda.
d8f646f101f9d23f_9,d8f646f101f9d23f,9,I paid for my items at the checkout and left with my groceries.
f1b9349ea5c11e45_1,f1b9349ea5c11e45,1,"I'm at the supermarket, the kind of place where the fluorescent lights hum and the smell of fresh produce and hot dogs lingers."
f1b9349ea5c11e45_2,f1b9349ea5c11e45,2,"I grab a cart and head to the cereal aisle, scanning the boxes for something I can eat without guilt."
f1b9349ea5c11e45_3,f1b9349ea5c11e45,3,"I pick up a granola oatmeal, then head to the dairy section, where I pause to grab a yogurt."
f1b9349ea5c11e45_4,f1b9349ea5c11e45,4,"The fridge is cold, and I watch as the cashier rings up my items, scanning each one."
f1b9349ea5c11e45_5,f1b9349ea5c11e45,5,"I pay, then head to the checkout, where I hand her my bag."
f1b9349ea5c11e45_6,f1b9349ea5c11e45,6,"I head outside, the sun is bright, and I head home, my groceries in hand."
c490a8dfed3d06e7_1,c490a8dfed3d06e7,1,"I was at the supermarket, browsing the aisles, grabbing a cart."
c490a8dfed3d06e7_2,c490a8dfed3d06e7,2,"I picked up a carton of milk, then a loaf of bread, and a few veggies."
c490a8dfed3d06e7_3,c490a8dfed3d06e7,3,"The line at the checkout was short, so I waited patiently."
c490a8dfed3d06e7_4,c490a8dfed3d06e7,4,"I compared prices on cereal, then grabbed a few snacks."
c490a8dfed3d06e7_5,c490a8dfed3d06e7,5,"The store smelled familiar, like fresh bread and cold air."
c490a8dfed3d06e7_6,c490a8dfed3d06e7,6,"I grabbed a coffee, then headed to the frozen section for a frozen pizza."
c490a8dfed3d06e7_7,c490a8dfed3d06e7,7,"I hesitated, then put it back."
c490a8dfed3d06e7_8,c490a8dfed3d06e7,8,I left with a bag of chips and a bottle of juice.
c490a8dfed3d06e7_9,c490a8dfed3d06e7,9,"I paid, got my receipt, and headed out, satisfied with my haul."
c490a8dfed3d06e7_10,c490a8dfed3d06e7,10,"It was a typical trip, but I needed something to eat."
b122d6cfce96ca30_1,b122d6cfce96ca30,1,"I was walking down the aisle of a busy supermarket, the fluorescent lights buzzing softly overhead."
b122d6cfce96ca30_2,b122d6cfce96ca30,2,The smell of fresh produce and baked goods filled the air.
b122d6cfce96ca30_3,b122d6cfce96ca30,3,"I grabbed a cart and headed to the dairy section, where the milk and cheese were neatly stacked."
b122d6cfce96ca30_4,b122d6cfce96ca30,4,I picked up a carton of almond milk and a block of cheddar.
b122d6cfce96ca30_5,b122d6cfce96ca30,5,"As I moved to the next aisle, I noticed a line forming at the bread display, so I decided to check the snacks section instead."
b122d6cfce96ca30_6,b122d6cfce96ca30,6,"I grabbed a bag of pretzels and a chocolate bar, then headed to the checkout."
b122d6cfce96ca30_7,b122d6cfce96ca30,7,"The line was short, and the cashier scanned my items quickly."
b122d6cfce96ca30_8,b122d6cfce96ca30,8,"I paid and grabbed my bag, then walked out into the parking lot, where the sun was starting to set."
0bce4efa07bb3d6d_1,0bce4efa07bb3d6d,1,"I was walking down the aisle of a busy supermarket, the hum of conversation and the clatter of shopping carts filling the air."
0bce4efa07bb3d6d_2,0bce4efa07bb3d6d,2,"The fluorescent lights buzzed softly overhead, casting a bright white glow on the neatly arranged shelves."
0bce4efa07bb3d6d_3,0bce4efa07bb3d6d,3,"I grabbed a cart and started picking up items for my grocery list—milk, eggs, bread, and a few snacks."
0bce4efa07bb3d6d_4,0bce4efa07bb3d6d,4,"I passed by the produce section, where fresh fruits and vegetables were displayed in vibrant colors, and the scent of ripe bananas and citrus filled the air."
0bce4efa07bb3d6d_5,0bce4efa07bb3d6d,5,"I paused at the dairy case, scanning the expiration dates on the milk cartons."
0bce4efa07bb3d6d_6,0bce4efa07bb3d6d,6,"A mother with a toddler in a stroller walked past me, laughing as the child reached for a bag of chips."
0bce4efa07bb3d6d_7,0bce4efa07bb3d6d,7,"I grabbed my items and headed to the checkout, where the cashier greeted me with a smile."
0bce4efa07bb3d6d_8,0bce4efa07bb3d6d,8,"The scene was familiar, routine, and comforting."
ff0835b4dbb08b2b_1,ff0835b4dbb08b2b,1,"I was walking through the aisles of a well-lit supermarket, the hum of conversation and the occasional cart wheeling down the path creating a familiar background noise."
ff0835b4dbb08b2b_2,ff0835b4dbb08b2b,2,"I grabbed a basket and headed to the produce section, where fresh fruits and vegetables were neatly displayed in plastic bins."
ff0835b4dbb08b2b_3,ff0835b4dbb08b2b,3,"I picked up a few apples and a bundle of bananas before moving to the dairy case, where I selected a carton of milk and a block of cheese."
ff0835b4dbb08b2b_4,ff0835b4dbb08b2b,4,I then stopped at the snack aisle to grab a bag of chips and a chocolate bar.
ff0835b4dbb08b2b_5,ff0835b4dbb08b2b,5,"As I made my way to the checkout, I passed by the bakery section, where the aroma of fresh bread was enticing."
ff0835b4dbb08b2b_6,ff0835b4dbb08b2b,6,"I added a loaf of whole grain bread to my basket and continued to the register, where I paid for my items and took my shopping bag to the car, ready to head home."
18e02765742df2b6_1,18e02765742df2b6,1,"I was in a quiet corner of the supermarket, browsing the snack aisle."
18e02765742df2b6_2,18e02765742df2b6,2,"The fluorescent lights hummed softly, and the faint sound of a radio played in the background."
18e02765742df2b6_3,18e02765742df2b6,3,"I grabbed a bag of pretzels and a chocolate bar, placing them in my cart."
18e02765742df2b6_4,18e02765742df2b6,4,"A young couple walked by, pushing a stroller, and a man in a suit was scanning the cereal shelves."
18e02765742df2b6_5,18e02765742df2b6,5,"I moved to the dairy section, where the smell of fresh milk and cheese lingered."
18e02765742df2b6_6,18e02765742df2b6,6,I picked up a carton of milk and a block of cheddar.
18e02765742df2b6_7,18e02765742df2b6,7,"As I approached the checkout, I noticed a display of seasonal fruits, and I added a few apples to my basket."
18e02765742df2b6_8,18e02765742df2b6,8,"The line was short, and I paid with my card, watching the receipt printer spit out the slip."
18e02765742df2b6_9,18e02765742df2b6,9,"I grabbed my bags and stepped outside into the mild afternoon air, ready to head home."
4541e597a75d5be2_1,4541e597a75d5be2,1,"I was walking down the aisle of a busy supermarket, the fluorescent lights buzzing softly overhead."
4541e597a75d5be2_2,4541e597a75d5be2,2,"The smell of fresh produce and baked goods filled the air, mixed with the faint scent of cleaning products."
4541e597a75d5be2_3,4541e597a75d5be2,3,"I grabbed a cart and started picking up items for my weekly grocery list—milk, eggs, bread, and a few snacks."
4541e597a75d5be2_4,4541e597a75d5be2,4,"I paused at the cereal aisle, scanning the shelves for a new brand."
4541e597a75d5be2_5,4541e597a75d5be2,5,"A young mother with a toddler was nearby, carefully placing a box of diapers into her basket."
4541e597a75d5be2_6,4541e597a75d5be2,6,"I moved to the dairy section, where the cool air made me shiver slightly."
4541e597a75d5be2_7,4541e597a75d5be2,7,I grabbed a carton of milk and a loaf of whole grain bread.
4541e597a75d5be2_8,4541e597a75d5be2,8,"As I walked toward the checkout, I noticed a line forming, so I adjusted my basket and prepared to wait."
4541e597a75d5be2_9,4541e597a75d5be2,9,"The hum of the store surrounded me, a familiar and comforting part of everyday life."
0689d6220cba35ae_1,0689d6220cba35ae,1,"I was walking through the aisles of a busy supermarket, the hum of conversation and the clinking of shopping carts creating a familiar background noise."
0689d6220cba35ae_2,0689d6220cba35ae,2,"I paused at the produce section, eyeing the fresh apples and leafy greens, before heading to the dairy aisle where the smell of cheese and yogurt filled the air."
0689d6220cba35ae_3,0689d6220cba35ae,3,"I grabbed a carton of milk and a loaf of bread, then moved toward the snack section, where I picked up a bag of chips and a pack of cookies."
0689d6220cba35ae_4,0689d6220cba35ae,4,"As I approached the checkout, I glanced at the weekly flyer on the counter, noting the sale items before placing my items on the conveyor belt."
0689d6220cba35ae_5,0689d6220cba35ae,5,"The cashier greeted me with a smile, and I handed over my card, waiting patiently as the total was processed."
0689d6220cba35ae_6,0689d6220cba35ae,6,"I took my bag and stepped out into the parking lot, the sun shining brightly above."
ef39cccf154cf594_1,ef39cccf154cf594,1,"I was walking through the aisles of a busy supermarket, the hum of conversation and the clatter of shopping carts filling the air."
ef39cccf154cf594_2,ef39cccf154cf594,2,"The scent of fresh produce and baked goods wafted from the bakery section, where a woman was arranging loaves of bread."
ef39cccf154cf594_3,ef39cccf154cf594,3,"I grabbed a cart and headed to the dairy section, where a man was checking the expiration dates on yogurt."
ef39cccf154cf594_4,ef39cccf154cf594,4,"I picked up a carton of milk and a block of cheese, then moved to the snack aisle, where a teenager was browsing chips."
ef39cccf154cf594_5,ef39cccf154cf594,5,I grabbed a bag of pretzels and a pack of cookies before heading to the checkout.
ef39cccf154cf594_6,ef39cccf154cf594,6,"The line was long, but the cashier was efficient, scanning items quickly."
ef39cccf154cf594_7,ef39cccf154cf594,7,"As I waited, I glanced at the magazines on display, flipping through a few before deciding to leave them."
ef39cccf154cf594_8,ef39cccf154cf594,8,"I paid and took my groceries, feeling satisfied with my selections."
0cf495bb246f4da9_1,0cf495bb246f4da9,1,"I was in a quiet supermarket early in the morning, the fluorescent lights buzzing softly."
0cf495bb246f4da9_2,0cf495bb246f4da9,2,"The aisles were mostly empty, with only a few other shoppers browsing."
0cf495bb246f4da9_3,0cf495bb246f4da9,3,"I grabbed a cart and headed to the produce section, where fresh apples and leafy greens were displayed in neat rows."
0cf495bb246f4da9_4,0cf495bb246f4da9,4,"I picked up a few items, then moved to the dairy section, where the scent of milk and cheese lingered."
0cf495bb246f4da9_5,0cf495bb246f4da9,5,"I grabbed a carton of milk and a block of cheese, then headed to the checkout."
0cf495bb246f4da9_6,0cf495bb246f4da9,6,"The cashier was efficient, scanning items quickly."
0cf495bb246f4da9_7,0cf495bb246f4da9,7,"I paid and took my groceries, placing them in my car."
0cf495bb246f4da9_8,0cf495bb246f4da9,8,"The parking lot was nearly empty, and I drove home, thinking about the simple, routine task of shopping."
0cf495bb246f4da9_9,0cf495bb246f4da9,9,"It was a calm, ordinary day."
28f9eab79419bec8_1,28f9eab79419bec8,1,"I was in the supermarket on a quiet afternoon, browsing the aisles with a shopping list in hand."
28f9eab79419bec8_2,28f9eab79419bec8,2,The hum of conversation and the occasional cart wheeling down the aisle filled the space.
28f9eab79419bec8_3,28f9eab79419bec8,3,"I stopped at the produce section, picking up a few apples and a bundle of spinach."
28f9eab79419bec8_4,28f9eab79419bec8,4,The scent of fresh bread wafted from the bakery counter nearby.
28f9eab79419bec8_5,28f9eab79419bec8,5,"I grabbed a loaf and moved to the dairy section, where the cool fluorescent lights made the milk and cheese look almost too perfect."
28f9eab79419bec8_6,28f9eab79419bec8,6,I grabbed a carton of milk and a block of cheddar before heading to the checkout.
28f9eab79419bec8_7,28f9eab79419bec8,7,"The line was short, and the cashier was efficient."
28f9eab79419bec8_8,28f9eab79419bec8,8,"I paid, grabbed my bag, and stepped outside into the mild spring air, feeling satisfied with my small but necessary errand."
879a5817d65ae73f_1,879a5817d65ae73f,1,"I was walking through the supermarket, pushing a shopping cart slowly down the aisle."
879a5817d65ae73f_2,879a5817d65ae73f,2,"The fluorescent lights hummed softly, and the faint sound of conversations and cart wheels echoed around me."
879a5817d65ae73f_3,879a5817d65ae73f,3,"I stopped at the cereal aisle, scanning the shelves for a brand I liked."
879a5817d65ae73f_4,879a5817d65ae73f,4,"A woman with a toddler in a stroller passed me, the child reaching for a colorful box of crackers."
879a5817d65ae73f_5,879a5817d65ae73f,5,"I grabbed a few items from the produce section—apples, bananas, and a head of lettuce—before heading to the dairy case."
879a5817d65ae73f_6,879a5817d65ae73f,6,"I picked up a carton of milk and a block of cheese, then moved toward the checkout."
879a5817d65ae73f_7,879a5817d65ae73f,7,"The line was short, and the cashier greeted me with a smile."
879a5817d65ae73f_8,879a5817d65ae73f,8,"I paid and placed my items in the cart, ready to head home with my groceries."
879a5817d65ae73f_9,879a5817d65ae73f,9,"The store felt familiar, yet every trip was slightly different."
c209640e2c50ae2c_1,c209640e2c50ae2c,1,"I was walking through the aisles of a busy supermarket, the hum of conversation and the clatter of shopping carts filling the air."
c209640e2c50ae2c_2,c209640e2c50ae2c,2,"I grabbed a cart and headed to the produce section, where fresh fruits and vegetables were neatly arranged in bright displays."
c209640e2c50ae2c_3,c209640e2c50ae2c,3,"I picked up a few apples and a bundle of carrots before moving to the dairy section, where the smell of milk and cheese lingered."
c209640e2c50ae2c_4,c209640e2c50ae2c,4,"I grabbed a carton of milk and a block of cheese, then made my way to the snacks aisle, where I picked up a bag of chips."
c209640e2c50ae2c_5,c209640e2c50ae2c,5,"As I pushed the cart toward the checkout, I passed by the bread section, where a woman was selecting a loaf of sourdough."
c209640e2c50ae2c_6,c209640e2c50ae2c,6,"I smiled and continued, my basket full of groceries, ready to pay and head home."
c6f73bbad0ed2fa7_1,c6f73bbad0ed2fa7,1,"I was walking down the aisle of a busy supermarket, the fluorescent lights buzzing softly overhead."
c6f73bbad0ed2fa7_2,c6f73bbad0ed2fa7,2,The smell of fresh produce and baked goods filled the air.
c6f73bbad0ed2fa7_3,c6f73bbad0ed2fa7,3,"I grabbed a cart and headed toward the dairy section, where the milk and cheese were neatly stacked."
c6f73bbad0ed2fa7_4,c6f73bbad0ed2fa7,4,I paused to check the expiration dates before placing a few items in the cart.
c6f73bbad0ed2fa7_5,c6f73bbad0ed2fa7,5,"As I moved to the snack aisle, I noticed a line forming at the cereal display, so I decided to grab a few snacks and head to the checkout."
c6f73bbad0ed2fa7_6,c6f73bbad0ed2fa7,6,"The aisles were crowded with people browsing, some pushing strollers, others scanning barcodes with handheld devices."
c6f73bbad0ed2fa7_7,c6f73bbad0ed2fa7,7,"I made my way to the register, where a cashier greeted me with a smile."
c6f73bbad0ed2fa7_8,c6f73bbad0ed2fa7,8,I handed her my items and waited patiently while she scanned them.
c6f73bbad0ed2fa7_9,c6f73bbad0ed2fa7,9,"After paying, I grabbed my bag and left, feeling satisfied with my quick grocery run."
6fb8227dc3aeab42_1,6fb8227dc3aeab42,1,"I was walking through the aisles of a bright, well-lit supermarket, the hum of conversation and the clinking of shopping carts filling the air."
6fb8227dc3aeab42_2,6fb8227dc3aeab42,2,"I grabbed a basket and headed to the produce section, where fresh fruits and vegetables were neatly arranged in colorful displays."
6fb8227dc3aeab42_3,6fb8227dc3aeab42,3,I picked up a few apples and a bundle of spinach.
6fb8227dc3aeab42_4,6fb8227dc3aeab42,4,"Next, I moved to the dairy aisle, where the cool scent of milk and cheese filled the space."
6fb8227dc3aeab42_5,6fb8227dc3aeab42,5,I grabbed a carton of milk and a block of cheddar.
6fb8227dc3aeab42_6,6fb8227dc3aeab42,6,"As I walked toward the checkout, I passed the snack aisle, where chips and candy were stacked in eye-catching packages."
6fb8227dc3aeab42_7,6fb8227dc3aeab42,7,I stopped briefly to pick up a bag of almonds.
6fb8227dc3aeab42_8,6fb8227dc3aeab42,8,"With my basket full, I approached the register, where a cashier greeted me with a smile."
6fb8227dc3aeab42_9,6fb8227dc3aeab42,9,"I paid and left, the bag of groceries in hand, ready for the evening meal."
359ceaef7e9bdf9c_1,359ceaef7e9bdf9c,1,"I was walking down the aisle of a busy supermarket, the fluorescent lights buzzing softly overhead."
359ceaef7e9bdf9c_2,359ceaef7e9bdf9c,2,"The scent of fresh produce and baked goods filled the air, mingling with the faint hum of conversation and the occasional clatter of shopping carts."
359ceaef7e9bdf9c_3,359ceaef7e9bdf9c,3,"I grabbed a cart and headed toward the dairy section, scanning the shelves for organic milk."
359ceaef7e9bdf9c_4,359ceaef7e9bdf9c,4,"A woman in a blue sweater was reaching for a loaf of bread, and a teenager was checking the expiration dates on canned goods."
359ceaef7e9bdf9c_5,359ceaef7e9bdf9c,5,"I picked up a bag of almonds and a box of cereal, then moved to the checkout, where a cashier with a name tag reading “Lena” was already scanning items."
359ceaef7e9bdf9c_6,359ceaef7e9bdf9c,6,"I placed my items on the conveyor belt and waited patiently, watching as the barcode scanner beeped with each product."
359ceaef7e9bdf9c_7,359ceaef7e9bdf9c,7,"The line moved slowly, but I was content, enjoying the familiar rhythm of the store."
1e010e5ff1803d4d_1,1e010e5ff1803d4d,1,"I was walking through the aisles of a well-lit supermarket, the hum of conversation and the occasional clatter of carts in the background."
1e010e5ff1803d4d_2,1e010e5ff1803d4d,2,"I was looking for eggs and milk, so I headed to the dairy section."
1e010e5ff1803d4d_3,1e010e5ff1803d4d,3,"The shelves were neatly stocked, and the smell of fresh bread wafted from the bakery counter nearby."
1e010e5ff1803d4d_4,1e010e5ff1803d4d,4,"I grabbed a carton of milk and a package of eggs, then moved to the produce section to pick up some apples."
1e010e5ff1803d4d_5,1e010e5ff1803d4d,5,"I paused at the cereal aisle, eyeing a few options before deciding on a box of oats."
1e010e5ff1803d4d_6,1e010e5ff1803d4d,6,"As I walked toward the checkout, I noticed a display of seasonal snacks and thought about buying some for later."
1e010e5ff1803d4d_7,1e010e5ff1803d4d,7,"The cashier was busy, so I waited patiently, glancing at the items in my cart as I considered my next purchase."
4f15f27d2c081d06_1,4f15f27d2c081d06,1,"I was walking through the aisles of a busy supermarket, the hum of conversation and the clatter of carts filling the air."
4f15f27d2c081d06_2,4f15f27d2c081d06,2,"I grabbed a basket and headed to the produce section, where fresh fruits and vegetables were displayed in neat rows."
4f15f27d2c081d06_3,4f15f27d2c081d06,3,I picked up a few apples and a bundle of carrots.
4f15f27d2c081d06_4,4f15f27d2c081d06,4,"Next, I moved to the dairy section, where I selected a carton of milk and a block of cheese."
4f15f27d2c081d06_5,4f15f27d2c081d06,5,I then stopped at the snack aisle to grab a bag of chips and a pack of cookies.
4f15f27d2c081d06_6,4f15f27d2c081d06,6,"As I walked toward the checkout, I passed by the bakery, where the smell of fresh bread wafted through the air."
4f15f27d2c081d06_7,4f15f27d2c081d06,7,I grabbed a loaf of whole grain bread before heading to the register.
4f15f27d2c081d06_8,4f15f27d2c081d06,8,"The cashier greeted me, and I paid for my items."
4f15f27d2c081d06_9,4f15f27d2c081d06,9,"I placed everything in my basket and left the store, feeling satisfied with my shopping trip."
989b83536c021730_1,989b83536c021730,1,"I was in a busy supermarket on a weekday afternoon, the fluorescent lights buzzing softly overhead."
989b83536c021730_2,989b83536c021730,2,"The aisles were packed with people browsing shelves, some holding carts, others scanning items with handheld devices."
989b83536c021730_3,989b83536c021730,3,The scent of fresh produce and baked goods wafted through the air.
989b83536c021730_4,989b83536c021730,4,"I moved slowly, pushing my cart past rows of canned goods and snacks, stopping at the dairy section to grab a carton of milk."
989b83536c021730_5,989b83536c021730,5,"A mother and her toddler were nearby, the child reaching for a colorful cereal box."
989b83536c021730_6,989b83536c021730,6,"I grabbed a loaf of bread from the bakery aisle and headed to the checkout, where a line was forming."
989b83536c021730_7,989b83536c021730,7,"The cashier greeted me with a smile, and I handed over my items, waiting patiently as the machine scanned each product."
989b83536c021730_8,989b83536c021730,8,"The hum of conversation and the occasional beep of the scanner created a familiar, comforting rhythm of everyday life."
ee55122eab899c35_1,ee55122eab899c35,1,"I was walking through the aisles of a busy supermarket, the hum of conversation and the clatter of shopping carts filling the air."
ee55122eab899c35_2,ee55122eab899c35,2,"The fluorescent lights cast a bright glow over the neatly arranged shelves, each labeled with clear, bold letters."
ee55122eab899c35_3,ee55122eab899c35,3,"I stopped at the produce section, where fresh fruits and vegetables were displayed in vibrant colors, some still in their packaging."
ee55122eab899c35_4,ee55122eab899c35,4,"I grabbed a few apples and a bundle of carrots, then moved to the dairy aisle, where the cool air smelled of milk and cheese."
ee55122eab899c35_5,ee55122eab899c35,5,I picked up a carton of yogurt and a block of cheddar.
ee55122eab899c35_6,ee55122eab899c35,6,"As I walked toward the checkout, I passed a display of snacks and candies, though I didn’t stop."
ee55122eab899c35_7,ee55122eab899c35,7,"The cashier was already scanning items, and I placed my purchases on the conveyor belt, ready to pay."
ee55122eab899c35_8,ee55122eab899c35,8,I don’t know.
12c2c10c54973dd4_1,12c2c10c54973dd4,1,"I was in a busy supermarket, browsing the aisles with a shopping list in hand."
12c2c10c54973dd4_2,12c2c10c54973dd4,2,"The fluorescent lights hummed softly, and the scent of fresh produce and baked goods filled the air."
12c2c10c54973dd4_3,12c2c10c54973dd4,3,"I stopped at the dairy section, grabbed a carton of milk, and moved on to the bread aisle, where the smell of fresh bread was irresistible."
12c2c10c54973dd4_4,12c2c10c54973dd4,4,I picked up a loaf of whole grain bread and placed it in my basket.
12c2c10c54973dd4_5,12c2c10c54973dd4,5,"As I walked past the snack section, I grabbed a bag of chips and a chocolate bar for a quick treat."
12c2c10c54973dd4_6,12c2c10c54973dd4,6,"I made my way to the checkout, where the cashier scanned each item with a quick beep."
12c2c10c54973dd4_7,12c2c10c54973dd4,7,"I paid and grabbed my bag, then headed out into the parking lot, where the sun was shining and the breeze was cool."
12c2c10c54973dd4_8,12c2c10c54973dd4,8,"The day felt ordinary but comfortable, just like any other grocery trip."
4bfcb26058d4361f_1,4bfcb26058d4361f,1,"I was in a quiet supermarket on a weekday afternoon, the fluorescent lights buzzing softly overhead."
4bfcb26058d4361f_2,4bfcb26058d4361f,2,The air smelled faintly of fresh produce and cleaning agents.
4bfcb26058d4361f_3,4bfcb26058d4361f,3,"I moved slowly through the aisles, pushing a cart with a worn handle."
4bfcb26058d4361f_4,4bfcb26058d4361f,4,"I stopped at the dairy section, where the milk was displayed in clear plastic bottles, and grabbed a carton of whole milk."
4bfcb26058d4361f_5,4bfcb26058d4361f,5,"Then I headed to the snack aisle, where I picked up a bag of almonds and a box of granola."
4bfcb26058d4361f_6,4bfcb26058d4361f,6,"I paused at the bread counter, eyeing the sourdough loaf before selecting a baguette."
4bfcb26058d4361f_7,4bfcb26058d4361f,7,"As I walked toward the checkout, I passed a display of fresh flowers, their colors bright against the white shelves."
4bfcb26058d4361f_8,4bfcb26058d4361f,8,"The cashier greeted me with a smile, and I handed her my items, waiting patiently as she scanned them."
4bfcb26058d4361f_9,4bfcb26058d4361f,9,"The hum of the store surrounded me, a familiar, comforting rhythm."
b4ebe510f9dd9f51_1,b4ebe510f9dd9f51,1,"I was walking through the supermarket, pushing a shopping cart slowly down the aisle."
b4ebe510f9dd9f51_2,b4ebe510f9dd9f51,2,"The fluorescent lights hummed softly, and the smell of fresh produce and baked goods filled the air."
b4ebe510f9dd9f51_3,b4ebe510f9dd9f51,3,"I stopped at the dairy section, grabbed a carton of milk, and placed it in the cart."
b4ebe510f9dd9f51_4,b4ebe510f9dd9f51,4,"Then I moved to the snack aisle, where I picked up a bag of chips and a chocolate bar."
b4ebe510f9dd9f51_5,b4ebe510f9dd9f51,5,I checked the expiration dates and compared prices on different brands of cereal.
b4ebe510f9dd9f51_6,b4ebe510f9dd9f51,6,"A mother with two young children passed me, laughing as they tried to open a package of juice boxes."
b4ebe510f9dd9f51_7,b4ebe510f9dd9f51,7,"I grabbed a loaf of bread from the bakery section and headed to the checkout, where a cashier scanned my items with a calm, focused expression."
b4ebe510f9dd9f51_8,b4ebe510f9dd9f51,8,"I paid and grabbed my bag, then stepped outside into the cool afternoon air, ready to go home."
c3dcffa1b8f4a99e_1,c3dcffa1b8f4a99e,1,"I was walking through the aisles of a busy supermarket, the hum of conversation and the clinking of shopping carts filling the air."
c3dcffa1b8f4a99e_2,c3dcffa1b8f4a99e,2,"I grabbed a cart and headed toward the produce section, where bright colors and fresh scents greeted me."
c3dcffa1b8f4a99e_3,c3dcffa1b8f4a99e,3,"I picked up a few apples and a bundle of spinach, then moved to the dairy aisle, where I grabbed a carton of milk and a block of cheese."
c3dcffa1b8f4a99e_4,c3dcffa1b8f4a99e,4,"I stopped at the snack section to pick up a bag of chips and a candy bar, then headed to the checkout."
c3dcffa1b8f4a99e_5,c3dcffa1b8f4a99e,5,"The line was long, but I remained patient, scanning my items as I waited."
c3dcffa1b8f4a99e_6,c3dcffa1b8f4a99e,6,"I paid with my card and took my bag, feeling satisfied with my purchases."
c3dcffa1b8f4a99e_7,c3dcffa1b8f4a99e,7,"The store smelled of fresh bread and cleaning products, and the sound of the automatic doors opening and closing echoed around me as I stepped out into the cool afternoon air."
e5c70509118ce67e_1,e5c70509118ce67e,1,"I was walking down the aisle of a busy supermarket, the hum of conversation and the clatter of shopping carts filling the air."
e5c70509118ce67e_2,e5c70509118ce67e,2,"The fluorescent lights buzzed softly overhead, casting a bright glow on the neatly arranged shelves."
e5c70509118ce67e_3,e5c70509118ce67e,3,"I grabbed a cart and started picking up items for my grocery list—milk, bread, eggs, and some fruit."
e5c70509118ce67e_4,e5c70509118ce67e,4,"I passed by the produce section, where fresh apples and oranges were displayed in bright colors, and the scent of ripe bananas lingered in the air."
e5c70509118ce67e_5,e5c70509118ce67e,5,"I stopped at the dairy section, where the cold air from the refrigerators made the glass fog up slightly."
e5c70509118ce67e_6,e5c70509118ce67e,6,"I grabbed a carton of milk and moved on, checking the expiration dates on the packages."
e5c70509118ce67e_7,e5c70509118ce67e,7,"The store felt familiar, yet slightly different each time I visited, always a mix of routine and small surprises."
020e5bdefc35a891_1,020e5bdefc35a891,1,"I was in the grocery store, walking down the aisle with a cart, looking for cereal."
020e5bdefc35a891_2,020e5bdefc35a891,2,"The fluorescent lights buzzed softly, and the smell of fresh produce and baked goods filled the air."
020e5bdefc35a891_3,020e5bdefc35a891,3,"I paused at the dairy section, grabbed a carton of milk, and placed it in my cart."
020e5bdefc35a891_4,020e5bdefc35a891,4,"I noticed a display of seasonal fruit, bright and tempting, and grabbed a few apples for later."
020e5bdefc35a891_5,020e5bdefc35a891,5,"As I moved toward the checkout, I passed a line of people waiting, some holding baskets, others with carts full of items."
020e5bdefc35a891_6,020e5bdefc35a891,6,"I glanced at the prices on the packages, making sure I wasn’t overpaying."
020e5bdefc35a891_7,020e5bdefc35a891,7,"I reached the register, handed the cashier my items, and waited patiently while they scanned them."
020e5bdefc35a891_8,020e5bdefc35a891,8,"The line moved slowly, but I was ready to go once I was done."
485823b171795194_1,485823b171795194,1,"I was walking through the aisles of a well-lit supermarket, the hum of conversation and the clatter of carts in the background."
485823b171795194_2,485823b171795194,2,"I grabbed a basket and started with the dairy section, picking up a carton of milk and a block of cheese."
485823b171795194_3,485823b171795194,3,"Next, I moved to the produce aisle, where I selected a few apples and a head of lettuce."
485823b171795194_4,485823b171795194,4,I stopped by the snack aisle to grab some crackers and a bag of chips.
485823b171795194_5,485823b171795194,5,"As I passed the canned goods, I picked up a can of beans."
485823b171795194_6,485823b171795194,6,"I made my way to the checkout, where I handed the items to the cashier."
485823b171795194_7,485823b171795194,7,"She scanned them quickly, and I paid with my card."
485823b171795194_8,485823b171795194,8,"I took my bag and walked out, the sun shining through the store windows."
485823b171795194_9,485823b171795194,9,"The air smelled like fresh bread and oranges, and the sound of the automatic doors opening and closing echoed around me."
